timestamp,y_true,y_pred
2024-08-29 07:00:00,0.0,0.15790652
2024-08-29 07:15:00,0.0,0.11176825
2024-08-29 07:30:00,0.0,0.14675337
2024-08-29 07:45:00,0.0,-0.0071112323
2024-08-29 08:00:00,0.0,-0.047057647
2024-08-29 08:15:00,0.0,-0.032191094
2024-08-29 08:30:00,0.0,0.018092386
2024-08-29 08:45:00,0.0,0.038051702
2024-08-29 09:00:00,0.0,0.07109857
2024-08-29 09:15:00,0.0,0.036586322
2024-08-29 09:30:00,0.0,-0.03168812
2024-08-29 09:45:00,0.0,-0.02363312
2024-08-29 10:00:00,0.0,0.065626115
2024-08-29 10:15:00,0.0,0.21680053
2024-08-29 10:30:00,0.0,0.08845557
2024-08-29 10:45:00,0.0,0.0068063824
2024-08-29 11:00:00,0.0,-0.13332044
2024-08-29 11:15:00,0.0,0.024095228
2024-08-29 11:30:00,0.0,0.30164346
2024-08-29 11:45:00,0.0,-0.011974135
2024-08-29 12:00:00,0.0,-0.016408531
2024-08-29 12:15:00,0.0,0.006420934
2024-08-29 12:30:00,0.0,0.075670354
2024-08-29 12:45:00,0.0,-0.009141242
2024-08-29 13:00:00,0.2947478954,0.12158732
2024-08-29 13:15:00,0.0,-0.07790561
2024-08-29 13:30:00,0.0,-0.041383382
2024-08-29 13:45:00,0.0,0.04461072
2024-08-29 14:00:00,0.0,-0.012101437
2024-08-29 14:15:00,0.0,-0.030301811
2024-08-29 14:30:00,0.0,-0.025544276
2024-08-29 14:45:00,0.0,-0.010680382
2024-08-29 15:00:00,0.0,0.064800724
2024-08-29 15:15:00,0.06118401419,0.02593524
2024-08-29 15:30:00,0.0,-0.019916173
2024-08-29 15:45:00,0.0,0.07967332
2024-08-29 16:00:00,0.0,0.044528037
2024-08-29 16:15:00,0.0,0.0707131
2024-08-29 16:30:00,0.0,0.0788584
2024-08-29 16:45:00,0.0,-0.015767679
2024-08-29 17:00:00,0.0,0.015826374
2024-08-29 17:15:00,0.0,0.06259532
2024-08-29 17:30:00,0.0,0.03847362
2024-08-29 17:45:00,0.0,-0.030505272
2024-08-29 18:00:00,0.0,0.25640097
2024-08-29 18:15:00,0.0,-0.051554684
2024-08-29 18:30:00,0.0,0.26741618
2024-08-29 18:45:00,0.0,0.18560661
2024-08-29 19:00:00,0.0,-0.05674715
2024-08-29 19:15:00,0.0,0.12302964
2024-08-29 19:30:00,0.0,0.1740945
2024-08-29 19:45:00,0.0,-0.012373046
2024-08-29 20:00:00,0.0,-0.018290883
2024-08-29 20:15:00,0.0,0.08132198
2024-08-29 20:30:00,0.0,-0.033705797
2024-08-29 20:45:00,0.0,-0.03797934
2024-08-29 21:00:00,0.0,0.0070510907
2024-08-29 21:15:00,0.0,0.7454963
2024-08-29 21:30:00,0.0,0.045298107
2024-08-29 21:45:00,0.0,0.0949039
2024-08-29 22:00:00,0.0,0.013371958
2024-08-29 22:15:00,0.0,-0.030745901
2024-08-29 22:30:00,0.0,0.17695458
2024-08-29 22:45:00,0.0,0.03112122
2024-08-29 23:00:00,0.0,0.09359595
2024-08-29 23:15:00,0.0,-0.07566231
2024-08-29 23:30:00,0.0,0.77192295
2024-08-29 23:45:00,0.0,0.012012491
2024-08-30 00:00:00,0.0,0.049993616
2024-08-30 00:15:00,0.0,0.21413569
2024-08-30 00:30:00,0.0,0.010561731
2024-08-30 00:45:00,0.0,-0.0041711032
2024-08-30 01:00:00,0.0,-0.019392636
2024-08-30 01:15:00,0.0,0.04741705
2024-08-30 01:30:00,0.0,-0.019561749
2024-08-30 01:45:00,0.0,0.097445905
2024-08-30 02:00:00,0.0,0.024449361
2024-08-30 02:15:00,0.0,0.00776344
2024-08-30 02:30:00,0.0,-0.005409468
2024-08-30 02:45:00,0.0,0.0205001
2024-08-30 03:00:00,0.0,0.11279872
2024-08-30 03:15:00,0.0,0.036210638
2024-08-30 03:30:00,0.0,0.05076086
2024-08-30 03:45:00,0.0,0.104852
2024-08-30 04:00:00,0.0,-0.016747614
2024-08-30 04:15:00,0.0,0.034372754
2024-08-30 04:30:00,0.0,0.14143664
2024-08-30 04:45:00,0.0,0.32157072
2024-08-30 05:00:00,0.0,0.012604226
2024-08-30 05:15:00,0.0,-0.02027252
2024-08-30 05:30:00,0.0,0.13271457
2024-08-30 05:45:00,0.0,0.25448692
2024-08-30 06:00:00,0.0,-0.042351797
2024-08-30 06:15:00,0.0,0.06520224
2024-08-30 06:30:00,0.0,0.041599058
2024-08-30 06:45:00,0.0,-0.014484409
2024-08-30 07:00:00,0.0,-0.008554232
2024-08-30 07:15:00,0.0,-0.010601879
2024-08-30 07:30:00,0.0,0.0400679
2024-08-30 07:45:00,0.0,0.029081143
2024-08-30 08:00:00,0.0,0.047905017
2024-08-30 08:15:00,0.0,0.0051154136
2024-08-30 08:30:00,0.0,0.19713975
2024-08-30 08:45:00,0.0,0.04269854
2024-08-30 09:00:00,2.482839925,0.1723457
2024-08-30 09:15:00,0.0,-0.013830951
2024-08-30 09:30:00,0.0,0.25146946
2024-08-30 09:45:00,0.0,-0.020502388
2024-08-30 10:00:00,0.0,0.023085888
2024-08-30 10:15:00,0.0,0.02430871
2024-08-30 10:30:00,0.0,0.08316771
2024-08-30 10:45:00,0.0,-0.006610259
2024-08-30 11:00:00,0.0,-0.0037886198
2024-08-30 11:15:00,0.0,0.073111266
2024-08-30 11:30:00,0.0,0.026779896
2024-08-30 11:45:00,0.0,0.075766355
2024-08-30 12:00:00,0.0,0.083376236
2024-08-30 12:15:00,0.0,0.029512206
2024-08-30 12:30:00,0.0,0.027752578
2024-08-30 12:45:00,0.0,-0.0048216917
2024-08-30 13:00:00,0.0,0.1061805
2024-08-30 13:15:00,0.0,0.014782462
2024-08-30 13:30:00,0.0,0.017367063
2024-08-30 13:45:00,0.0,0.03280979
2024-08-30 14:00:00,0.0,0.029014446
2024-08-30 14:15:00,0.0,0.6224806
2024-08-30 14:30:00,0.0,-0.0003239491
2024-08-30 14:45:00,0.0,0.11794949
2024-08-30 15:00:00,0.0,0.079824165
2024-08-30 15:15:00,0.0,-0.0070784297
2024-08-30 15:30:00,0.0,0.01725641
2024-08-30 15:45:00,0.0,0.014628715
2024-08-30 16:00:00,0.0,-0.018960604
2024-08-30 16:15:00,0.0,-0.05346068
2024-08-30 16:30:00,0.0,-0.015641756
2024-08-30 16:45:00,0.0,0.02496514
2024-08-30 17:00:00,0.0,0.07054594
2024-08-30 17:15:00,0.0,0.09365534
2024-08-30 17:30:00,0.0,-0.032764245
2024-08-30 17:45:00,0.0,0.009088043
2024-08-30 18:00:00,0.0,0.15350553
2024-08-30 18:15:00,0.0,0.12456116
2024-08-30 18:30:00,0.0,0.03615615
2024-08-30 18:45:00,0.0,0.26133615
2024-08-30 19:00:00,0.0,-0.008304157
2024-08-30 19:15:00,0.0,-0.028432216
2024-08-30 19:30:00,0.0,0.007039379
2024-08-30 19:45:00,0.398103455,0.0111043565
2024-08-30 20:00:00,0.0,0.069358565
2024-08-30 20:15:00,0.0,0.13844961
2024-08-30 20:30:00,0.0,0.044686653
2024-08-30 20:45:00,0.0,0.00048615964
2024-08-30 21:00:00,0.0,-0.01273845
2024-08-30 21:15:00,0.0,0.06435435
2024-08-30 21:30:00,0.0,0.087232836
2024-08-30 21:45:00,0.0,0.073558815
2024-08-30 22:00:00,0.0,-0.017141256
2024-08-30 22:15:00,0.0,0.016951106
2024-08-30 22:30:00,0.0,0.0129950885
2024-08-30 22:45:00,0.0,-0.013293678
2024-08-30 23:00:00,0.0,-0.05050206
2024-08-30 23:15:00,0.0,0.040539052
2024-08-30 23:30:00,0.0,-0.052109655
2024-08-30 23:45:00,0.0,0.020476835
2024-08-31 00:00:00,0.0,0.00806036
2024-08-31 00:15:00,0.0,0.25294697
2024-08-31 00:30:00,0.0,0.025827838
2024-08-31 00:45:00,0.0,0.036175057
2024-08-31 01:00:00,0.0,0.02554004
2024-08-31 01:15:00,0.0,0.04743743
2024-08-31 01:30:00,0.0,0.018748887
2024-08-31 01:45:00,0.0,0.07727401
2024-08-31 02:00:00,0.0,0.16172245
2024-08-31 02:15:00,0.0,0.15099864
2024-08-31 02:30:00,0.0,0.051831253
2024-08-31 02:45:00,0.0,0.03333157
2024-08-31 03:00:00,0.0,-0.012903351
2024-08-31 03:15:00,0.0,-0.012418903
2024-08-31 03:30:00,0.0,0.021430083
2024-08-31 03:45:00,0.0,0.024747971
2024-08-31 04:00:00,0.0,-0.023617744
2024-08-31 04:15:00,0.0,0.035538163
2024-08-31 04:30:00,0.0,0.014424611
2024-08-31 04:45:00,0.0,0.08391167
2024-08-31 05:00:00,0.0,0.17854318
2024-08-31 05:15:00,0.0,0.026701527
2024-08-31 05:30:00,0.0,0.003080887
2024-08-31 05:45:00,0.0,0.09703239
2024-08-31 06:00:00,0.0,0.29876858
2024-08-31 06:15:00,0.0,0.095606916
2024-08-31 06:30:00,0.0,0.22471856
2024-08-31 06:45:00,0.0,0.10181076
2024-08-31 07:00:00,0.0,0.150763
2024-08-31 07:15:00,0.0,0.009893611
2024-08-31 07:30:00,0.0,-0.06048856
2024-08-31 07:45:00,0.0,0.13151354
2024-08-31 08:00:00,0.0,0.03004539
2024-08-31 08:15:00,0.0,-0.024362924
2024-08-31 08:30:00,0.0,0.08945021
2024-08-31 08:45:00,0.0,-0.04322434
2024-08-31 09:00:00,0.0,0.006711966
2024-08-31 09:15:00,0.0,0.4097425
2024-08-31 09:30:00,0.0,-0.008752664
2024-08-31 09:45:00,0.0,0.007156787
2024-08-31 10:00:00,0.0,0.001167095
2024-08-31 10:15:00,0.0,-0.019476762
2024-08-31 10:30:00,0.0,-0.044195857
2024-08-31 10:45:00,0.0,-0.02244118
2024-08-31 11:00:00,0.0,0.3644476
2024-08-31 11:15:00,0.0,-0.03173328
2024-08-31 11:30:00,0.0,-0.00039052163
2024-08-31 11:45:00,0.0,0.022308564
2024-08-31 12:00:00,0.0,0.3201325
2024-08-31 12:15:00,0.0,0.15669388
2024-08-31 12:30:00,0.0,-0.003788398
2024-08-31 12:45:00,0.0,0.0965042
2024-08-31 13:00:00,0.0,-0.005031116
2024-08-31 13:15:00,0.0,0.04402636
2024-08-31 13:30:00,0.0,-0.037232075
2024-08-31 13:45:00,0.0,-0.066741355
2024-08-31 14:00:00,0.0,-0.00087768666
2024-08-31 14:15:00,0.0,-0.0055193687
2024-08-31 14:30:00,0.0,0.43398216
2024-08-31 14:45:00,0.0,0.09518336
2024-08-31 15:00:00,0.0,0.044266548
2024-08-31 15:15:00,0.0,0.21849842
2024-08-31 15:30:00,0.0,0.056454226
2024-08-31 15:45:00,0.0,0.028051127
2024-08-31 16:00:00,0.0,-0.004728431
2024-08-31 16:15:00,0.0,0.021501977
2024-08-31 16:30:00,0.0,-0.000316832
2024-08-31 16:45:00,0.0,-0.016750585
2024-08-31 17:00:00,0.0,0.036907554
2024-08-31 17:15:00,0.0,-0.004021092
2024-08-31 17:30:00,0.0,0.07464769
2024-08-31 17:45:00,0.0,0.058289897
2024-08-31 18:00:00,0.0,-0.013530561
2024-08-31 18:15:00,0.0,1.2947345
2024-08-31 18:30:00,0.0,0.14585462
2024-08-31 18:45:00,0.0,-0.015808797
2024-08-31 19:00:00,0.0,0.091257684
2024-08-31 19:15:00,0.0,0.12485736
2024-08-31 19:30:00,0.0,0.073749416
2024-08-31 19:45:00,0.0,-0.023003414
2024-08-31 20:00:00,0.0,0.0068822587
2024-08-31 20:15:00,3.999321163,0.012117608
2024-08-31 20:30:00,0.0,1.3344256
2024-08-31 20:45:00,0.0,-0.032262743
2024-08-31 21:00:00,0.0,0.070726864
2024-08-31 21:15:00,0.0,0.0538416
2024-08-31 21:30:00,0.0,0.00036100834
2024-08-31 21:45:00,0.0,0.023347532
2024-08-31 22:00:00,0.0,0.023807442
2024-08-31 22:15:00,0.0,0.2924473
2024-08-31 22:30:00,0.0,-0.02565155
2024-08-31 22:45:00,0.0,-0.035450045
2024-08-31 23:00:00,0.0,0.0374245
2024-08-31 23:15:00,0.0,-0.04315314
2024-08-31 23:30:00,0.0,-0.020332115
2024-08-31 23:45:00,0.0,0.1612806
2024-09-01 00:00:00,0.0,-0.016045958
2024-09-01 00:15:00,0.0,-0.024540326
2024-09-01 00:30:00,0.0,-0.01946236
2024-09-01 00:45:00,0.0,0.16690664
2024-09-01 01:00:00,1.882858876,0.015363463
2024-09-01 01:15:00,0.0,0.012098124
2024-09-01 01:30:00,0.0,0.057314385
2024-09-01 01:45:00,0.0,0.053031158
2024-09-01 02:00:00,0.0,-0.014601022
2024-09-01 02:15:00,0.0,0.11766441
2024-09-01 02:30:00,0.0,-0.014644092
2024-09-01 02:45:00,0.0,0.0110303555
2024-09-01 03:00:00,0.0,0.017019143
2024-09-01 03:15:00,0.0,0.0020032818
2024-09-01 03:30:00,0.0,0.036055297
2024-09-01 03:45:00,0.0,0.031700905
2024-09-01 04:00:00,0.0,0.12432219
2024-09-01 04:15:00,0.0,0.050065726
2024-09-01 04:30:00,0.0,0.114267915
2024-09-01 04:45:00,0.0,0.06779353
2024-09-01 05:00:00,0.0,0.044485018
2024-09-01 05:15:00,0.0,0.14818408
2024-09-01 05:30:00,0.0,0.08316998
2024-09-01 05:45:00,0.0,0.11722484
2024-09-01 06:00:00,0.0,0.049036797
2024-09-01 06:15:00,0.0,0.13490003
2024-09-01 06:30:00,0.0,0.013608689
2024-09-01 06:45:00,0.0,0.16139202
2024-09-01 07:00:00,0.0,0.012933582
2024-09-01 07:15:00,0.0,0.18044297
2024-09-01 07:30:00,0.0,0.021120831
2024-09-01 07:45:00,0.0,0.32705244
2024-09-01 08:00:00,0.0,-0.038897496
2024-09-01 08:15:00,0.0,0.065735176
2024-09-01 08:30:00,0.0,-0.014816398
2024-09-01 08:45:00,0.0,-0.009687816
2024-09-01 09:00:00,0.0,-0.015090429
2024-09-01 09:15:00,0.0,-0.0007105935
2024-09-01 09:30:00,0.0,0.0016525412
2024-09-01 09:45:00,0.0,-0.04486205
2024-09-01 10:00:00,0.0,-0.022709187
2024-09-01 10:15:00,0.0,0.2093521
2024-09-01 10:30:00,0.0,-0.0043515083
2024-09-01 10:45:00,0.0,0.065783486
2024-09-01 11:00:00,0.0,-0.043392837
2024-09-01 11:15:00,0.0,0.020665715
2024-09-01 11:30:00,0.0,-0.02389095
2024-09-01 11:45:00,0.0,0.08568971
2024-09-01 12:00:00,0.0,-0.0058541624
2024-09-01 12:15:00,0.0,0.08762098
2024-09-01 12:30:00,0.0,-0.0036468145
2024-09-01 12:45:00,0.0,0.03088089
2024-09-01 13:00:00,0.0,0.0599227
2024-09-01 13:15:00,0.0,0.12741737
2024-09-01 13:30:00,0.0,0.109920606
2024-09-01 13:45:00,0.0,0.17782372
2024-09-01 14:00:00,0.0,0.02749379
2024-09-01 14:15:00,0.0,-0.023785438
2024-09-01 14:30:00,0.0,-0.032171726
2024-09-01 14:45:00,0.0,0.0029387868
2024-09-01 15:00:00,0.0,-0.028954946
2024-09-01 15:15:00,0.0,-0.00970141
2024-09-01 15:30:00,0.0,0.0073656584
2024-09-01 15:45:00,0.0,-0.020938354
2024-09-01 16:00:00,0.0,0.008237257
2024-09-01 16:15:00,0.0,0.056427233
2024-09-01 16:30:00,0.0,-0.056762926
2024-09-01 16:45:00,0.0,0.38732025
2024-09-01 17:00:00,0.0,0.090539
2024-09-01 17:15:00,0.0,-0.005773024
2024-09-01 17:30:00,0.0,-0.02370562
2024-09-01 17:45:00,0.0,-0.020404471
2024-09-01 18:00:00,0.0,0.021679891
2024-09-01 18:15:00,5.251439841,-0.03619886
2024-09-01 18:30:00,0.0,1.2961174
2024-09-01 18:45:00,0.0,0.046502575
2024-09-01 19:00:00,0.0,0.26372078
2024-09-01 19:15:00,0.0,0.034997977
2024-09-01 19:30:00,0.0,0.44882816
2024-09-01 19:45:00,0.0,0.00492673
2024-09-01 20:00:00,0.0,-0.042154912
2024-09-01 20:15:00,0.0,0.05551656
2024-09-01 20:30:00,0.0,0.055240016
2024-09-01 20:45:00,0.0,0.012835204
2024-09-01 21:00:00,0.0,0.09905534
2024-09-01 21:15:00,0.0,-0.0006310135
2024-09-01 21:30:00,0.0,0.14065179
2024-09-01 21:45:00,0.0,-0.048833888
2024-09-01 22:00:00,0.0,0.28097752
2024-09-01 22:15:00,0.0,-0.00046404652
2024-09-01 22:30:00,0.0,-0.010572311
2024-09-01 22:45:00,0.0,0.012575467
2024-09-01 23:00:00,0.0,-0.046670146
2024-09-01 23:15:00,0.0,0.039508544
2024-09-01 23:30:00,0.0,0.08603222
2024-09-01 23:45:00,0.0,-0.010553831
2024-09-02 00:00:00,0.0,0.0951247
2024-09-02 00:15:00,0.0,-0.022118839
2024-09-02 00:30:00,0.0,0.029098906
2024-09-02 00:45:00,0.0,0.03689895
2024-09-02 01:00:00,0.0,0.085673586
2024-09-02 01:15:00,0.0,0.032363124
2024-09-02 01:30:00,0.0,0.11532614
2024-09-02 01:45:00,0.0,0.41210747
2024-09-02 02:00:00,0.0,-0.025683627
2024-09-02 02:15:00,0.0,-0.027535211
2024-09-02 02:30:00,0.0,0.00031038234
2024-09-02 02:45:00,0.0,-0.0014082167
2024-09-02 03:00:00,0.0,-0.010501999
2024-09-02 03:15:00,0.0,-0.009945025
2024-09-02 03:30:00,0.0,0.022020586
2024-09-02 03:45:00,0.0,0.039923657
2024-09-02 04:00:00,0.0,0.0020852587
2024-09-02 04:15:00,0.0,0.0013454498
2024-09-02 04:30:00,0.0,-0.025333803
2024-09-02 04:45:00,0.0,-0.021379765
2024-09-02 05:00:00,0.0,0.009607272
2024-09-02 05:15:00,0.0,-0.0049379123
2024-09-02 05:30:00,0.0,-0.041718796
2024-09-02 05:45:00,0.0,-0.0041380683
2024-09-02 06:00:00,0.0,0.028806033
2024-09-02 06:15:00,0.0,0.15860228
2024-09-02 06:30:00,0.0,0.021222226
2024-09-02 06:45:00,0.0,0.06900851
2024-09-02 07:00:00,0.0,0.0343359
2024-09-02 07:15:00,0.0,-0.05363327
2024-09-02 07:30:00,0.0,0.0114295
2024-09-02 07:45:00,0.0,0.35765192
2024-09-02 08:00:00,0.0,0.027213
2024-09-02 08:15:00,0.0,-0.03290782
2024-09-02 08:30:00,0.0,0.03078231
2024-09-02 08:45:00,0.0,0.109364636
2024-09-02 09:00:00,0.0,0.009824285
2024-09-02 09:15:00,0.0,-0.003789925
2024-09-02 09:30:00,0.0,0.031641427
2024-09-02 09:45:00,0.0,0.25888312
2024-09-02 10:00:00,0.0,-0.016949117
2024-09-02 10:15:00,0.0,0.04726259
2024-09-02 10:30:00,0.0,0.013119655
2024-09-02 10:45:00,0.0,-0.004150675
2024-09-02 11:00:00,0.0,0.015963694
2024-09-02 11:15:00,0.0,0.101005435
2024-09-02 11:30:00,0.0,-0.019136934
2024-09-02 11:45:00,0.0,0.0866468
2024-09-02 12:00:00,0.0,-0.004327541
2024-09-02 12:15:00,0.0,0.0023427214
2024-09-02 12:30:00,0.0,0.1817622
2024-09-02 12:45:00,0.0,0.09177974
2024-09-02 13:00:00,0.0,0.062501736
2024-09-02 13:15:00,0.0,0.08694299
2024-09-02 13:30:00,0.0,0.024086772
2024-09-02 13:45:00,0.0,0.011273919
2024-09-02 14:00:00,0.0,0.021580515
2024-09-02 14:15:00,0.0,-0.015428996
2024-09-02 14:30:00,0.0,0.08227899
2024-09-02 14:45:00,0.0,-0.00427891
2024-09-02 15:00:00,0.0,0.079393424
2024-09-02 15:15:00,0.0,0.074619666
2024-09-02 15:30:00,0.0,0.009529497
2024-09-02 15:45:00,0.0,0.17542098
2024-09-02 16:00:00,0.0,2.7525799e-05
2024-09-02 16:15:00,0.0,-0.012618695
2024-09-02 16:30:00,0.0,-0.017626649
2024-09-02 16:45:00,0.0,0.12935795
2024-09-02 17:00:00,0.0,0.13493331
2024-09-02 17:15:00,0.0,-0.015833752
2024-09-02 17:30:00,0.0,-0.02439169
2024-09-02 17:45:00,0.0,0.038177226
2024-09-02 18:00:00,0.0,0.039246693
2024-09-02 18:15:00,0.0,0.25097057
2024-09-02 18:30:00,0.0,0.0958829
2024-09-02 18:45:00,0.0,-0.016259277
2024-09-02 19:00:00,0.0,0.07465958
2024-09-02 19:15:00,0.0,0.025555238
2024-09-02 19:30:00,0.0,0.00032050238
2024-09-02 19:45:00,0.0,0.008779866
2024-09-02 20:00:00,0.0,0.067216754
2024-09-02 20:15:00,0.0,0.12399605
2024-09-02 20:30:00,0.0,0.005298182
2024-09-02 20:45:00,0.0,0.2645415
2024-09-02 21:00:00,0.0,0.15259092
2024-09-02 21:15:00,0.0,0.36798197
2024-09-02 21:30:00,0.0,0.5178459
2024-09-02 21:45:00,0.0,0.5542668
2024-09-02 22:00:00,0.0,0.3966084
2024-09-02 22:15:00,0.0,0.50656027
2024-09-02 22:30:00,0.0,0.5487987
2024-09-02 22:45:00,0.0,1.0492657
2024-09-02 23:00:00,0.0,0.61677057
2024-09-02 23:15:00,0.0,0.36839607
2024-09-02 23:30:00,0.0,0.24283484
2024-09-02 23:45:00,0.0,0.54357666
2024-09-03 00:00:00,0.0,0.43756855
2024-09-03 00:15:00,0.0,0.5012971
2024-09-03 00:30:00,0.0,0.4806047
2024-09-03 00:45:00,0.0,0.26919183
2024-09-03 01:00:00,0.0,0.81017274
2024-09-03 01:15:00,0.0,0.4374041
2024-09-03 01:30:00,0.0,0.5908165
2024-09-03 01:45:00,0.0,0.514403
2024-09-03 02:00:00,0.0,0.5573265
2024-09-03 02:15:00,0.0,0.4663928
2024-09-03 02:30:00,0.0,0.34560347
2024-09-03 02:45:00,0.0,0.33351603
2024-09-03 03:00:00,0.0,0.42349562
2024-09-03 03:15:00,0.0,0.4781936
2024-09-03 03:30:00,0.0,0.38470587
2024-09-03 03:45:00,0.0,0.3519296
2024-09-03 04:00:00,0.0,0.53142715
2024-09-03 04:15:00,0.0,0.3660228
2024-09-03 04:30:00,0.0,0.5686019
2024-09-03 04:45:00,0.0,0.30724183
2024-09-03 05:00:00,0.0,0.48120105
2024-09-03 05:15:00,0.0,0.28286523
2024-09-03 05:30:00,0.0,0.43628302
2024-09-03 05:45:00,0.0,0.47194692
2024-09-03 06:00:00,0.0,0.54198974
2024-09-03 06:15:00,0.0,0.3573191
2024-09-03 06:30:00,0.0,0.48143935
2024-09-03 06:45:00,0.0,0.29336962
2024-09-03 07:00:00,0.0,0.48093918
2024-09-03 07:15:00,0.0,0.6489484
2024-09-03 07:30:00,0.0,0.27342445
2024-09-03 07:45:00,0.0,0.5620783
2024-09-03 08:00:00,0.0,0.23342527
2024-09-03 08:15:00,0.0,0.1579128
2024-09-03 08:30:00,0.0,0.38286722
2024-09-03 08:45:00,0.0,0.20342845
2024-09-03 09:00:00,0.0,0.4476071
2024-09-03 09:15:00,0.0,0.4811635
2024-09-03 09:30:00,0.0,0.5619495
2024-09-03 09:45:00,0.0,0.5044802
2024-09-03 10:00:00,0.0,0.39298314
2024-09-03 10:15:00,0.0,0.55596757
2024-09-03 10:30:00,0.0,0.46831417
2024-09-03 10:45:00,0.0,0.30506337
2024-09-03 11:00:00,0.0,0.44049862
2024-09-03 11:15:00,0.0,0.3975107
2024-09-03 11:30:00,0.0,0.4694272
2024-09-03 11:45:00,0.0,0.56625265
2024-09-03 12:00:00,0.0,0.2926227
2024-09-03 12:15:00,0.0,0.36039943
2024-09-03 12:30:00,0.0,0.5706561
2024-09-03 12:45:00,0.0,0.6287286
2024-09-03 13:00:00,0.0,1.2057996
2024-09-03 13:15:00,0.0,0.5340315
2024-09-03 13:30:00,0.0,0.51229906
2024-09-03 13:45:00,0.0,0.29613993
2024-09-03 14:00:00,0.0,0.5601218
2024-09-03 14:15:00,1.34301859,0.55013585
2024-09-03 14:30:00,0.0,0.4788611
2024-09-03 14:45:00,0.0,0.4097359
2024-09-03 15:00:00,0.0,0.66312736
2024-09-03 15:15:00,0.0,0.17269643
2024-09-03 15:30:00,0.0,0.29426223
2024-09-03 15:45:00,0.0,0.52469254
2024-09-03 16:00:00,0.0,0.34769878
2024-09-03 16:15:00,0.0,0.32866687
2024-09-03 16:30:00,0.0,0.73443973
2024-09-03 16:45:00,0.0,0.18474443
2024-09-03 17:00:00,0.0,0.4997313
2024-09-03 17:15:00,0.0,0.73191607
2024-09-03 17:30:00,0.0,0.42374808
2024-09-03 17:45:00,0.0,0.68608105
2024-09-03 18:00:00,0.0,0.5375705
2024-09-03 18:15:00,0.0,0.50347215
2024-09-03 18:30:00,0.0,0.65769005
2024-09-03 18:45:00,0.0,0.40545985
2024-09-03 19:00:00,0.0,0.54563266
2024-09-03 19:15:00,0.0,0.23430504
2024-09-03 19:30:00,0.0,0.45491222
2024-09-03 19:45:00,0.0,0.6154131
2024-09-03 20:00:00,0.0,0.6561799
2024-09-03 20:15:00,0.0,1.079158
2024-09-03 20:30:00,0.0,0.29569703
2024-09-03 20:45:00,0.0,0.43922612
2024-09-03 21:00:00,0.0,0.5288404
2024-09-03 21:15:00,0.0,0.56905794
2024-09-03 21:30:00,0.0,0.40598828
2024-09-03 21:45:00,0.0,0.33548808
2024-09-03 22:00:00,0.0,0.060640473
2024-09-03 22:15:00,0.0,0.47302148
2024-09-03 22:30:00,0.0,0.6852946
2024-09-03 22:45:00,0.0,0.6356766
2024-09-03 23:00:00,0.0,0.5712106
2024-09-03 23:15:00,0.0,0.60127217
2024-09-03 23:30:00,0.0,0.27819073
2024-09-03 23:45:00,0.0,0.4297667
2024-09-04 00:00:00,0.0,0.6581822
2024-09-04 00:15:00,0.0,0.5098349
2024-09-04 00:30:00,0.0,1.6793227
2024-09-04 00:45:00,0.0,0.4729258
2024-09-04 01:00:00,0.0,0.5711388
2024-09-04 01:15:00,0.0,0.62119335
2024-09-04 01:30:00,0.0,0.46536478
2024-09-04 01:45:00,0.0,0.4223809
2024-09-04 02:00:00,0.0,0.4854393
2024-09-04 02:15:00,0.0,0.48973405
2024-09-04 02:30:00,0.0,0.398021
2024-09-04 02:45:00,0.0,0.54356056
2024-09-04 03:00:00,0.0,0.21714754
2024-09-04 03:15:00,0.0,0.45279565
2024-09-04 03:30:00,0.0,0.48164856
2024-09-04 03:45:00,0.0,0.5144745
2024-09-04 04:00:00,0.0,0.6227862
2024-09-04 04:15:00,0.0,0.53316075
2024-09-04 04:30:00,0.0,0.45532823
2024-09-04 04:45:00,0.0,0.46522257
2024-09-04 05:00:00,0.0,0.23753515
2024-09-04 05:15:00,0.0,0.37438843
2024-09-04 05:30:00,0.0,0.5936355
2024-09-04 05:45:00,0.0,0.5445286
2024-09-04 06:00:00,0.0,0.3955927
2024-09-04 06:15:00,0.0,0.33569944
2024-09-04 06:30:00,0.0,0.7192621
2024-09-04 06:45:00,0.0,0.5833948
2024-09-04 07:00:00,0.0,0.9164616
2024-09-04 07:15:00,0.0,0.5390883
2024-09-04 07:30:00,0.0,0.5838701
2024-09-04 07:45:00,0.0,0.3499097
2024-09-04 08:00:00,0.0,0.19696459
2024-09-04 08:15:00,0.3595696486,0.6656833
2024-09-04 08:30:00,0.0,0.48887473
2024-09-04 08:45:00,0.0,0.597653
2024-09-04 09:00:00,0.0,0.44619253
2024-09-04 09:15:00,0.0,0.387641
2024-09-04 09:30:00,0.0,0.25455466
2024-09-04 09:45:00,0.0,0.6608064
2024-09-04 10:00:00,0.0,0.6560773
2024-09-04 10:15:00,0.0,0.19348145
2024-09-04 10:30:00,0.0,0.6091895
2024-09-04 10:45:00,0.0,0.2249084
2024-09-04 11:00:00,0.0,0.8504761
2024-09-04 11:15:00,0.0,0.36450377
2024-09-04 11:30:00,0.0,0.72563785
2024-09-04 11:45:00,0.0,0.71713454
2024-09-04 12:00:00,0.0,0.12907955
2024-09-04 12:15:00,0.0,0.5731706
2024-09-04 12:30:00,0.0,0.51540375
2024-09-04 12:45:00,0.0,0.18372963
2024-09-04 13:00:00,0.0,0.48795855
2024-09-04 13:15:00,0.0,0.5916878
2024-09-04 13:30:00,2.296623583,0.60602164
2024-09-04 13:45:00,0.0,0.5235866
2024-09-04 14:00:00,0.0,0.7032738
2024-09-04 14:15:00,0.0,0.33526012
2024-09-04 14:30:00,0.0,0.36859018
2024-09-04 14:45:00,0.0,0.74785215
2024-09-04 15:00:00,0.0,0.21261124
2024-09-04 15:15:00,0.0,0.6456162
2024-09-04 15:30:00,0.0,0.90434515
2024-09-04 15:45:00,0.0,0.3816409
2024-09-04 16:00:00,0.0,0.72965634
2024-09-04 16:15:00,0.0,0.26133734
2024-09-04 16:30:00,0.0,0.30108637
2024-09-04 16:45:00,0.0,0.36743793
2024-09-04 17:00:00,0.0,0.42854002
2024-09-04 17:15:00,0.0,0.45941883
2024-09-04 17:30:00,0.0,0.34941593
2024-09-04 17:45:00,0.0,0.3314376
2024-09-04 18:00:00,0.0,0.3016341
2024-09-04 18:15:00,0.0,0.42260122
2024-09-04 18:30:00,0.0,0.586689
2024-09-04 18:45:00,0.0,0.08264422
2024-09-04 19:00:00,0.0,0.5535321
2024-09-04 19:15:00,0.0,0.49951786
2024-09-04 19:30:00,0.0,0.5631265
2024-09-04 19:45:00,0.0,0.49926353
2024-09-04 20:00:00,0.0,0.64502215
2024-09-04 20:15:00,0.0,0.7193696
2024-09-04 20:30:00,0.0,0.5036895
2024-09-04 20:45:00,0.0,0.25548366
2024-09-04 21:00:00,0.0,0.271633
2024-09-04 21:15:00,0.0,0.42667982
2024-09-04 21:30:00,0.0,0.50988096
2024-09-04 21:45:00,0.0,0.30561593
2024-09-04 22:00:00,0.0,0.46335065
2024-09-04 22:15:00,0.0,0.4126412
2024-09-04 22:30:00,0.0,0.36935312
2024-09-04 22:45:00,0.0,0.6394854
2024-09-04 23:00:00,0.0,0.496752
2024-09-04 23:15:00,0.0,0.1807675
2024-09-04 23:30:00,0.0,0.57583255
2024-09-04 23:45:00,0.0,0.6381578
2024-09-05 00:00:00,0.0,0.2892324
2024-09-05 00:15:00,0.0,0.46022746
2024-09-05 00:30:00,0.0,0.7100395
2024-09-05 00:45:00,0.0,0.23549227
2024-09-05 01:00:00,0.0,0.2802555
2024-09-05 01:15:00,0.0,0.5588162
2024-09-05 01:30:00,0.0,0.39986297
2024-09-05 01:45:00,0.0,0.50249714
2024-09-05 02:00:00,0.0,0.48188454
2024-09-05 02:15:00,0.0,0.3604452
2024-09-05 02:30:00,0.0,0.25952706
2024-09-05 02:45:00,0.0,0.9306544
2024-09-05 03:00:00,0.0,0.20190822
2024-09-05 03:15:00,0.0,0.46924552
2024-09-05 03:30:00,0.0,0.64584786
2024-09-05 03:45:00,0.0,0.194119
2024-09-05 04:00:00,0.0,0.5565646
2024-09-05 04:15:00,0.0,0.50025845
2024-09-05 04:30:00,0.0,0.31221667
2024-09-05 04:45:00,0.0,0.47855806
2024-09-05 05:00:00,0.0,0.49207538
2024-09-05 05:15:00,0.0,0.52942556
2024-09-05 05:30:00,0.0,0.334937
2024-09-05 05:45:00,0.0,0.19751559
2024-09-05 06:00:00,0.0,0.3863252
2024-09-05 06:15:00,0.0,0.3927394
2024-09-05 06:30:00,0.0,0.47669283
2024-09-05 06:45:00,0.0,0.8443901
2024-09-05 07:00:00,0.0,0.49958074
2024-09-05 07:15:00,0.0,0.34223157
2024-09-05 07:30:00,0.0,0.40422848
2024-09-05 07:45:00,0.0,0.3808409
2024-09-05 08:00:00,0.0,0.55470914
2024-09-05 08:15:00,0.0,0.3714041
2024-09-05 08:30:00,1.780200303,0.45414546
2024-09-05 08:45:00,0.0,0.6059968
2024-09-05 09:00:00,0.0,0.8257614
2024-09-05 09:15:00,0.0,0.6211442
2024-09-05 09:30:00,0.0,0.50212944
2024-09-05 09:45:00,0.0,0.621938
2024-09-05 10:00:00,0.0,0.53555876
2024-09-05 10:15:00,0.0,0.45507428
2024-09-05 10:30:00,0.0,0.6185807
2024-09-05 10:45:00,0.0,0.61406386
2024-09-05 11:00:00,0.0,0.60383874
2024-09-05 11:15:00,0.0,0.6169977
2024-09-05 11:30:00,0.0,0.6774734
2024-09-05 11:45:00,0.0,0.5289012
2024-09-05 12:00:00,0.0,0.49148655
2024-09-05 12:15:00,0.0,0.19891529
2024-09-05 12:30:00,0.0,0.51277256
2024-09-05 12:45:00,0.0,0.95641553
2024-09-05 13:00:00,0.0,0.5762112
2024-09-05 13:15:00,0.0,0.84344876
2024-09-05 13:30:00,0.0,0.29354748
2024-09-05 13:45:00,0.0,0.49081996
2024-09-05 14:00:00,0.0,0.6668895
2024-09-05 14:15:00,0.0,0.49997732
2024-09-05 14:30:00,0.0,0.24945413
2024-09-05 14:45:00,0.0,0.46361598
2024-09-05 15:00:00,0.0,0.5128256
2024-09-05 15:15:00,0.0,0.4487276
2024-09-05 15:30:00,0.0,0.45541337
2024-09-05 15:45:00,0.0,0.7633093
2024-09-05 16:00:00,0.0,0.3570689
2024-09-05 16:15:00,0.0,0.35784096
2024-09-05 16:30:00,0.0,0.45013767
2024-09-05 16:45:00,0.0,0.52136666
2024-09-05 17:00:00,0.0,0.5617943
2024-09-05 17:15:00,0.0,0.46899796
2024-09-05 17:30:00,0.0,0.5676897
2024-09-05 17:45:00,0.0,0.61196876
2024-09-05 18:00:00,0.0,0.7408764
2024-09-05 18:15:00,0.0,0.30613706
2024-09-05 18:30:00,0.0,0.45788056
2024-09-05 18:45:00,0.0,0.5206715
2024-09-05 19:00:00,0.0,0.6564757
2024-09-05 19:15:00,0.0,0.5849444
2024-09-05 19:30:00,0.0,0.694671
2024-09-05 19:45:00,0.0,0.492722
2024-09-05 20:00:00,0.0,0.6533205
2024-09-05 20:15:00,0.0,0.52079755
2024-09-05 20:30:00,0.0,0.83522105
2024-09-05 20:45:00,0.0,0.44672948
2024-09-05 21:00:00,0.0,0.33946392
2024-09-05 21:15:00,0.0,0.66209704
2024-09-05 21:30:00,0.0,0.6403297
2024-09-05 21:45:00,0.0,0.7410909
2024-09-05 22:00:00,0.0,0.5380612
2024-09-05 22:15:00,0.0,0.33098093
2024-09-05 22:30:00,0.0,0.64982754
2024-09-05 22:45:00,0.0,0.6431418
2024-09-05 23:00:00,0.0,0.73102915
2024-09-05 23:15:00,0.0,0.57443017
2024-09-05 23:30:00,0.0,0.4920443
2024-09-05 23:45:00,0.0,0.43357632
2024-09-06 00:00:00,0.0,0.39320156
2024-09-06 00:15:00,0.0,0.6680426
2024-09-06 00:30:00,0.0,0.48111832
2024-09-06 00:45:00,0.0,0.5468355
2024-09-06 01:00:00,0.0,0.27726853
2024-09-06 01:15:00,0.0,0.63298833
2024-09-06 01:30:00,0.0,0.8917972
2024-09-06 01:45:00,0.0,0.18658096
2024-09-06 02:00:00,0.0,0.29545072
2024-09-06 02:15:00,0.0,0.3684656
2024-09-06 02:30:00,0.0,0.35119596
2024-09-06 02:45:00,0.0,0.1402959
2024-09-06 03:00:00,0.0,0.6561884
2024-09-06 03:15:00,0.0,0.66131175
2024-09-06 03:30:00,0.0,0.5159864
2024-09-06 03:45:00,0.0,0.90228933
2024-09-06 04:00:00,0.0,0.5175187
2024-09-06 04:15:00,0.0,0.74377114
2024-09-06 04:30:00,0.0,0.7286051
2024-09-06 04:45:00,0.0,0.6710164
2024-09-06 05:00:00,0.0,0.6143957
2024-09-06 05:15:00,0.0,0.55256337
2024-09-06 05:30:00,0.0,0.65283227
2024-09-06 05:45:00,0.0,0.6678621
2024-09-06 06:00:00,0.667249211,0.38637397
2024-09-06 06:15:00,0.0,0.45238242
2024-09-06 06:30:00,0.0,0.5291101
2024-09-06 06:45:00,0.0,0.62479156
2024-09-06 07:00:00,0.0,0.61492836
2024-09-06 07:15:00,0.0,0.3530281
2024-09-06 07:30:00,0.0,0.6093358
2024-09-06 07:45:00,0.0,0.3143126
2024-09-06 08:00:00,0.0,0.5375943
2024-09-06 08:15:00,0.0,0.4743747
2024-09-06 08:30:00,0.0,0.34651718
2024-09-06 08:45:00,0.0,0.5603445
2024-09-06 09:00:00,0.0,0.4921155
2024-09-06 09:15:00,0.0,1.1394029
2024-09-06 09:30:00,0.0,0.6083235
2024-09-06 09:45:00,0.0,0.5827456
2024-09-06 10:00:00,0.0,0.75229955
2024-09-06 10:15:00,0.0,0.59806496
2024-09-06 10:30:00,0.0,0.5473994
2024-09-06 10:45:00,0.0,0.47291657
2024-09-06 11:00:00,0.0,0.631834
2024-09-06 11:15:00,0.0,0.4891497
2024-09-06 11:30:00,0.0,0.54563594
2024-09-06 11:45:00,0.0,0.4944252
2024-09-06 12:00:00,0.0,0.6670735
2024-09-06 12:15:00,0.0,0.22356835
2024-09-06 12:30:00,0.0,0.61738765
2024-09-06 12:45:00,0.0,0.43582994
2024-09-06 13:00:00,0.0,0.2746726
2024-09-06 13:15:00,0.0,0.6403462
2024-09-06 13:30:00,0.0,0.35109636
2024-09-06 13:45:00,0.0,0.22146602
2024-09-06 14:00:00,0.0,0.23724778
2024-09-06 14:15:00,0.0,0.9378559
2024-09-06 14:30:00,0.0,0.747803
2024-09-06 14:45:00,0.0,0.19553393
2024-09-06 15:00:00,0.0,0.35459542
2024-09-06 15:15:00,0.0,0.44294995
2024-09-06 15:30:00,0.0,0.6854828
2024-09-06 15:45:00,0.0,0.41515234
2024-09-06 16:00:00,0.0,0.6607254
2024-09-06 16:15:00,0.0,0.2982974
2024-09-06 16:30:00,0.0,0.77299094
2024-09-06 16:45:00,0.0,0.5903161
2024-09-06 17:00:00,0.0,0.41080716
2024-09-06 17:15:00,0.0,0.90472627
2024-09-06 17:30:00,0.0,1.5717397
2024-09-06 17:45:00,0.0,0.21760115
2024-09-06 18:00:00,0.0,0.37503713
2024-09-06 18:15:00,0.0,0.32761744
2024-09-06 18:30:00,0.0,0.18859842
2024-09-06 18:45:00,0.0,0.3239378
2024-09-06 19:00:00,0.0,0.21712694
2024-09-06 19:15:00,0.0,0.5739345
2024-09-06 19:30:00,0.0,0.33160773
2024-09-06 19:45:00,0.0,0.7288368
2024-09-06 20:00:00,0.0,0.41959417
2024-09-06 20:15:00,0.0,0.54558283
2024-09-06 20:30:00,0.0,0.322048
2024-09-06 20:45:00,0.0,0.5365728
2024-09-06 21:00:00,0.0,0.8078435
2024-09-06 21:15:00,0.0,0.7394334
2024-09-06 21:30:00,0.0,0.2521614
2024-09-06 21:45:00,0.0,0.3767317
2024-09-06 22:00:00,0.0,0.28827828
2024-09-06 22:15:00,0.0,0.85120434
2024-09-06 22:30:00,0.0,0.24095082
2024-09-06 22:45:00,0.0,0.41545144
2024-09-06 23:00:00,0.0,0.37317806
2024-09-06 23:15:00,0.0,0.6160433
2024-09-06 23:30:00,0.0,0.40183428
2024-09-06 23:45:00,0.0,0.32381073
2024-09-07 00:00:00,0.0,0.8937067
2024-09-07 00:15:00,0.0,0.7743898
2024-09-07 00:30:00,0.0,0.58534765
2024-09-07 00:45:00,0.0,0.58039105
2024-09-07 01:00:00,0.0,0.4533917
2024-09-07 01:15:00,0.0,0.50917673
2024-09-07 01:30:00,0.0,1.4954658
2024-09-07 01:45:00,0.0,0.8389997
2024-09-07 02:00:00,0.0,0.66976094
2024-09-07 02:15:00,0.0,0.69308984
2024-09-07 02:30:00,0.0,0.7293533
2024-09-07 02:45:00,0.0,0.6576174
2024-09-07 03:00:00,0.0,0.30362004
2024-09-07 03:15:00,0.0,0.8099031
2024-09-07 03:30:00,0.0,0.12532984
2024-09-07 03:45:00,0.0,0.31652254
2024-09-07 04:00:00,0.0,0.85110337
2024-09-07 04:15:00,0.0,0.5686631
2024-09-07 04:30:00,0.0,0.5507771
2024-09-07 04:45:00,0.0,0.44919217
2024-09-07 05:00:00,0.0,0.91372204
2024-09-07 05:15:00,0.0,0.31035936
2024-09-07 05:30:00,0.0,0.599636
2024-09-07 05:45:00,0.0,0.7691279
2024-09-07 06:00:00,0.0,0.5858322
2024-09-07 06:15:00,0.0,0.3879509
2024-09-07 06:30:00,0.0,0.45066845
2024-09-07 06:45:00,0.0,0.42266297
2024-09-07 07:00:00,0.0,0.55740774
2024-09-07 07:15:00,0.0,0.52362436
2024-09-07 07:30:00,0.0,0.31005862
2024-09-07 07:45:00,0.0,0.4469717
2024-09-07 08:00:00,0.0,0.54785013
2024-09-07 08:15:00,0.0,0.37708253
2024-09-07 08:30:00,0.0,0.53877944
2024-09-07 08:45:00,0.0,0.42820635
2024-09-07 09:00:00,0.0,0.41955832
2024-09-07 09:15:00,0.0,0.4875014
2024-09-07 09:30:00,0.5043384395,0.34305725
2024-09-07 09:45:00,0.0,0.1862196
2024-09-07 10:00:00,0.0,0.44542453
2024-09-07 10:15:00,0.0,0.4498323
2024-09-07 10:30:00,0.0,0.5348795
2024-09-07 10:45:00,0.0,0.34545028
2024-09-07 11:00:00,0.0,0.32376152
2024-09-07 11:15:00,0.0,0.8813146
2024-09-07 11:30:00,0.0,0.8445545
2024-09-07 11:45:00,0.0,0.63355815
2024-09-07 12:00:00,0.0,0.17477392
2024-09-07 12:15:00,0.0,0.44678444
2024-09-07 12:30:00,0.0,0.3062137
2024-09-07 12:45:00,0.0,0.19769005
2024-09-07 13:00:00,0.0,0.7159593
2024-09-07 13:15:00,0.0,0.5303101
2024-09-07 13:30:00,0.0,0.3870499
2024-09-07 13:45:00,0.0,0.8059731
2024-09-07 14:00:00,0.0,0.46999776
2024-09-07 14:15:00,0.0,0.31845886
2024-09-07 14:30:00,0.0,0.3250694
2024-09-07 14:45:00,0.0,1.2365863
2024-09-07 15:00:00,0.0,0.41673768
2024-09-07 15:15:00,0.0,0.59025055
2024-09-07 15:30:00,0.0,0.505607
2024-09-07 15:45:00,0.0,0.37315688
2024-09-07 16:00:00,0.0,0.41025507
2024-09-07 16:15:00,0.0,0.22467257
2024-09-07 16:30:00,0.0,0.49361774
2024-09-07 16:45:00,0.0,0.3285076
2024-09-07 17:00:00,0.0,0.3657925
2024-09-07 17:15:00,0.0,0.41098613
2024-09-07 17:30:00,0.0,0.66915905
2024-09-07 17:45:00,0.0,0.4438879
2024-09-07 18:00:00,0.0,0.87044656
2024-09-07 18:15:00,0.0,0.7559873
2024-09-07 18:30:00,0.0,0.45583147
2024-09-07 18:45:00,0.0,0.3835254
2024-09-07 19:00:00,0.0,0.4412616
2024-09-07 19:15:00,0.0,0.43108034
2024-09-07 19:30:00,0.0,0.21994378
2024-09-07 19:45:00,0.0,0.08081503
2024-09-07 20:00:00,0.0,0.6057571
2024-09-07 20:15:00,0.0,0.80131704
2024-09-07 20:30:00,0.0,0.6630256
2024-09-07 20:45:00,0.0,0.88862
2024-09-07 21:00:00,0.0,0.4420651
2024-09-07 21:15:00,0.0,0.24014527
2024-09-07 21:30:00,0.0,1.1327267
2024-09-07 21:45:00,0.0,0.7189348
2024-09-07 22:00:00,0.0,0.5586841
2024-09-07 22:15:00,0.0,0.94211334
2024-09-07 22:30:00,0.0,0.25295553
2024-09-07 22:45:00,0.0,0.6393298
2024-09-07 23:00:00,0.0,1.014611
2024-09-07 23:15:00,0.0,0.47583082
2024-09-07 23:30:00,0.0,1.0732098
2024-09-07 23:45:00,0.0,0.5363479
2024-09-08 00:00:00,0.0,0.6968602
2024-09-08 00:15:00,0.0,0.61596423
2024-09-08 00:30:00,0.0,0.5719503
2024-09-08 00:45:00,0.0,0.7606553
2024-09-08 01:00:00,0.0,0.5125138
2024-09-08 01:15:00,0.0,0.39965218
2024-09-08 01:30:00,0.0,0.683363
2024-09-08 01:45:00,0.0,0.4149026
2024-09-08 02:00:00,0.0,0.5600906
2024-09-08 02:15:00,0.0,0.6938046
2024-09-08 02:30:00,0.0,1.4015563
2024-09-08 02:45:00,0.0,0.40936062
2024-09-08 03:00:00,0.0,0.40407607
2024-09-08 03:15:00,0.0,0.50298715
2024-09-08 03:30:00,0.0,0.31163904
2024-09-08 03:45:00,0.0,0.47710583
2024-09-08 04:00:00,0.0,0.44747943
2024-09-08 04:15:00,0.0,0.9766003
2024-09-08 04:30:00,0.0,0.9183273
2024-09-08 04:45:00,0.0,0.59526557
2024-09-08 05:00:00,0.0,0.49412102
2024-09-08 05:15:00,0.0,0.42682981
2024-09-08 05:30:00,0.0,0.49794227
2024-09-08 05:45:00,0.0,0.44861007
2024-09-08 06:00:00,0.0,0.71865195
2024-09-08 06:15:00,2.091658323,0.98593616
2024-09-08 06:30:00,0.0,0.50627136
2024-09-08 06:45:00,0.0,0.8128693
2024-09-08 07:00:00,0.0,0.278578
2024-09-08 07:15:00,0.0,0.48240513
2024-09-08 07:30:00,0.0,0.5122104
2024-09-08 07:45:00,0.0,0.70123667
2024-09-08 08:00:00,0.0,0.5041434
2024-09-08 08:15:00,0.0,0.9529876
2024-09-08 08:30:00,0.0,0.502253
2024-09-08 08:45:00,0.0,0.6090177
2024-09-08 09:00:00,0.0,0.3284657
2024-09-08 09:15:00,0.0,0.584562
2024-09-08 09:30:00,0.0,0.46920592
2024-09-08 09:45:00,0.0,0.36748046
2024-09-08 10:00:00,0.0,0.46571502
2024-09-08 10:15:00,0.0,0.61148214
2024-09-08 10:30:00,0.0,0.2911755
2024-09-08 10:45:00,0.0,0.8117421
2024-09-08 11:00:00,0.0,0.5146788
2024-09-08 11:15:00,0.0,0.824276
2024-09-08 11:30:00,0.0,0.5823065
2024-09-08 11:45:00,0.0,0.32290354
2024-09-08 12:00:00,0.0,0.49113756
2024-09-08 12:15:00,0.0,0.58325565
2024-09-08 12:30:00,0.0,0.14320885
2024-09-08 12:45:00,0.0,0.7463769
2024-09-08 13:00:00,0.0,0.686221
2024-09-08 13:15:00,0.0,0.6665447
2024-09-08 13:30:00,0.0,0.3156695
2024-09-08 13:45:00,0.0,0.44919795
2024-09-08 14:00:00,0.0,0.8026744
2024-09-08 14:15:00,0.0,0.5777768
2024-09-08 14:30:00,0.0,0.41139814
2024-09-08 14:45:00,0.0,0.70814717
2024-09-08 15:00:00,0.0,0.46818185
2024-09-08 15:15:00,0.0,0.6094068
2024-09-08 15:30:00,0.0,1.0509256
2024-09-08 15:45:00,0.0,0.591621
2024-09-08 16:00:00,0.0,0.70790786
2024-09-08 16:15:00,0.0,0.33404037
2024-09-08 16:30:00,0.0,0.17052975
2024-09-08 16:45:00,0.0,0.5028199
2024-09-08 17:00:00,0.0,0.5029983
2024-09-08 17:15:00,0.0,0.89578795
2024-09-08 17:30:00,0.0,0.34107795
2024-09-08 17:45:00,0.0,0.49491164
2024-09-08 18:00:00,0.0,0.4742367
2024-09-08 18:15:00,0.0,0.807769
2024-09-08 18:30:00,0.0,1.0716243
2024-09-08 18:45:00,0.0,0.46370712
2024-09-08 19:00:00,0.0,0.674505
2024-09-08 19:15:00,0.0,1.3791894
2024-09-08 19:30:00,2.753196404,0.42929855
2024-09-08 19:45:00,0.0,0.33046556
2024-09-08 20:00:00,0.0,0.58875924
2024-09-08 20:15:00,0.0,0.70349115
2024-09-08 20:30:00,0.0,0.9383862
2024-09-08 20:45:00,0.0,0.66314375
2024-09-08 21:00:00,0.0,0.7557903
2024-09-08 21:15:00,0.0,0.78079355
2024-09-08 21:30:00,0.0,0.78214157
2024-09-08 21:45:00,0.0,1.0333339
2024-09-08 22:00:00,0.0,0.5811104
2024-09-08 22:15:00,0.0,0.55957216
2024-09-08 22:30:00,0.0,0.77349544
2024-09-08 22:45:00,0.0,0.46175274
2024-09-08 23:00:00,0.0,0.77102244
2024-09-08 23:15:00,0.0,1.0682635
2024-09-08 23:30:00,0.0,0.4340362
2024-09-08 23:45:00,0.0,1.8961484
2024-09-09 00:00:00,0.0,1.2312337
2024-09-09 00:15:00,0.0,0.86325157
2024-09-09 00:30:00,0.0,0.7008312
2024-09-09 00:45:00,0.0,0.5685248
2024-09-09 01:00:00,0.0,0.41856205
2024-09-09 01:15:00,6.954144242,0.51273876
2024-09-09 01:30:00,0.0,0.6352166
2024-09-09 01:45:00,0.0,0.4420526
2024-09-09 02:00:00,0.0,0.10317448
2024-09-09 02:15:00,0.0,0.3352674
2024-09-09 02:30:00,0.0,0.7168098
2024-09-09 02:45:00,0.0,0.018935157
2024-09-09 03:00:00,0.0,0.21698485
2024-09-09 03:15:00,0.0,0.07932157
2024-09-09 03:30:00,0.0,0.1890705
2024-09-09 03:45:00,0.0,0.22691736
2024-09-09 04:00:00,0.0,0.16089448
2024-09-09 04:15:00,0.0,0.111643106
2024-09-09 04:30:00,0.0,0.22950992
2024-09-09 04:45:00,0.0,0.17782126
2024-09-09 05:00:00,0.0,0.14026745
2024-09-09 05:15:00,0.0,0.10818667
2024-09-09 05:30:00,0.0,0.0075374297
2024-09-09 05:45:00,0.0,0.08674667
2024-09-09 06:00:00,0.0,0.26057896
2024-09-09 06:15:00,0.0,0.06402501
2024-09-09 06:30:00,0.0,-0.0021814068
2024-09-09 06:45:00,0.0,0.36628795
2024-09-09 07:00:00,0.0,0.35681906
2024-09-09 07:15:00,0.0,0.3955847
2024-09-09 07:30:00,0.0,0.29290536
2024-09-09 07:45:00,0.0,0.62366354
2024-09-09 08:00:00,0.0,0.1539514
2024-09-09 08:15:00,0.0,0.73923606
2024-09-09 08:30:00,0.0,0.29870656
2024-09-09 08:45:00,0.0,0.4613703
2024-09-09 09:00:00,0.0,0.42331183
2024-09-09 09:15:00,0.0,0.16116334
2024-09-09 09:30:00,0.0,0.19795612
2024-09-09 09:45:00,0.0,0.20222887
2024-09-09 10:00:00,0.0,0.04575078
2024-09-09 10:15:00,0.0,0.029022144
2024-09-09 10:30:00,0.0,0.54576594
2024-09-09 10:45:00,0.0,0.08198742
2024-09-09 11:00:00,0.0,0.43382373
2024-09-09 11:15:00,0.0,0.48816204
2024-09-09 11:30:00,0.0,0.08040694
2024-09-09 11:45:00,0.0,0.16950107
2024-09-09 12:00:00,0.0,0.17223166
2024-09-09 12:15:00,0.0,0.020242382
2024-09-09 12:30:00,0.0,0.4170863
2024-09-09 12:45:00,0.0,0.14352567
2024-09-09 13:00:00,0.0,0.06450272
2024-09-09 13:15:00,0.0,-0.013771563
2024-09-09 13:30:00,0.0,0.42480567
2024-09-09 13:45:00,0.0,0.119647115
2024-09-09 14:00:00,0.0,0.1530275
2024-09-09 14:15:00,0.0,0.39613488
2024-09-09 14:30:00,0.0,0.14419322
2024-09-09 14:45:00,0.0,0.18115696
2024-09-09 15:00:00,0.0,0.5641647
2024-09-09 15:15:00,0.0,0.2377086
2024-09-09 15:30:00,0.0,0.6107031
2024-09-09 15:45:00,0.0,0.00985784
2024-09-09 16:00:00,0.0,0.0008605011
2024-09-09 16:15:00,0.0,0.16383065
2024-09-09 16:30:00,0.0,0.6397855
2024-09-09 16:45:00,0.0,0.4953761
2024-09-09 17:00:00,0.0,0.3976636
2024-09-09 17:15:00,0.0,0.24357834
2024-09-09 17:30:00,0.0,0.5612269
2024-09-09 17:45:00,0.0,0.06662453
2024-09-09 18:00:00,0.0,0.031023366
2024-09-09 18:15:00,0.0,0.14398453
2024-09-09 18:30:00,0.0,0.22952124
2024-09-09 18:45:00,0.0,0.14871036
2024-09-09 19:00:00,0.0,0.08562004
2024-09-09 19:15:00,0.0,0.59418976
2024-09-09 19:30:00,0.0,0.6761789
2024-09-09 19:45:00,0.0,-0.0005049075
2024-09-09 20:00:00,0.0,0.1640263
2024-09-09 20:15:00,0.0,0.47443825
2024-09-09 20:30:00,0.0,0.04507372
2024-09-09 20:45:00,0.0,0.2713243
2024-09-09 21:00:00,0.0,0.34916672
2024-09-09 21:15:00,0.0,0.5632504
2024-09-09 21:30:00,0.0,0.33164206
2024-09-09 21:45:00,0.0,0.6824012
2024-09-09 22:00:00,0.0,0.19154078
2024-09-09 22:15:00,0.0,0.20103052
2024-09-09 22:30:00,0.0,0.23495342
2024-09-09 22:45:00,0.0,0.07612444
2024-09-09 23:00:00,0.0,0.6669226
2024-09-09 23:15:00,0.0,0.33790565
2024-09-09 23:30:00,0.0,0.20375162
2024-09-09 23:45:00,0.0,0.5819765
2024-09-10 00:00:00,0.0,0.5901281
2024-09-10 00:15:00,0.0,0.24245964
2024-09-10 00:30:00,0.0,0.1030629
2024-09-10 00:45:00,0.0,0.10237341
2024-09-10 01:00:00,0.0,0.54187864
2024-09-10 01:15:00,0.0,0.1673976
2024-09-10 01:30:00,0.0,0.16954495
2024-09-10 01:45:00,0.0,0.016330546
2024-09-10 02:00:00,0.0,-0.02725485
2024-09-10 02:15:00,0.0,0.06377224
2024-09-10 02:30:00,0.0,0.23568638
2024-09-10 02:45:00,1.486033162,-0.04641969
2024-09-10 03:00:00,0.0,0.17780693
2024-09-10 03:15:00,0.0,0.16895187
2024-09-10 03:30:00,0.0,0.011151397
2024-09-10 03:45:00,0.0,0.12977007
2024-09-10 04:00:00,0.0,0.05898345
2024-09-10 04:15:00,0.0,0.50720155
2024-09-10 04:30:00,0.0,0.06414431
2024-09-10 04:45:00,0.0,0.10707412
2024-09-10 05:00:00,0.0,0.21735126
2024-09-10 05:15:00,0.0,-0.03444095
2024-09-10 05:30:00,0.0,-0.0484921
2024-09-10 05:45:00,0.0,-0.004416594
2024-09-10 06:00:00,0.0,0.110716715
2024-09-10 06:15:00,0.0,0.11148125
2024-09-10 06:30:00,7.166098641,0.6736765
2024-09-10 06:45:00,0.0,2.0619857
2024-09-10 07:00:00,0.0,0.32090437
2024-09-10 07:15:00,0.0,0.052475363
2024-09-10 07:30:00,0.0,0.065628834
2024-09-10 07:45:00,0.0,0.4204728
2024-09-10 08:00:00,0.0,-0.0036484636
2024-09-10 08:15:00,0.0,0.3383115
2024-09-10 08:30:00,0.0,-0.061353877
2024-09-10 08:45:00,0.0,0.28678185
2024-09-10 09:00:00,0.0,0.064052224
2024-09-10 09:15:00,0.0,-0.035112124
2024-09-10 09:30:00,0.0,0.10097459
2024-09-10 09:45:00,0.0,0.05391102
2024-09-10 10:00:00,0.0,0.029154342
2024-09-10 10:15:00,0.0,0.0748409
2024-09-10 10:30:00,0.0,-0.01965313
2024-09-10 10:45:00,0.0,0.059172496
2024-09-10 11:00:00,0.0,0.1585843
2024-09-10 11:15:00,0.0,0.09831801
2024-09-10 11:30:00,0.0,0.05325402
2024-09-10 11:45:00,0.0,0.05499252
2024-09-10 12:00:00,0.0,0.11578101
2024-09-10 12:15:00,0.0,-0.024956536
2024-09-10 12:30:00,0.0,0.04681741
2024-09-10 12:45:00,0.0,0.132241
2024-09-10 13:00:00,0.0,-0.0046576993
2024-09-10 13:15:00,0.0,-0.01026876
2024-09-10 13:30:00,0.0,-0.0009193057
2024-09-10 13:45:00,0.0,0.017722286
2024-09-10 14:00:00,0.0,0.013371564
2024-09-10 14:15:00,0.0,0.040973753
2024-09-10 14:30:00,0.0,0.04991244
2024-09-10 14:45:00,0.0,0.14838502
2024-09-10 15:00:00,0.0,-0.03101951
2024-09-10 15:15:00,0.0,0.08848391
2024-09-10 15:30:00,0.0,0.009133092
2024-09-10 15:45:00,0.0,0.12046701
2024-09-10 16:00:00,0.0,0.15335718
2024-09-10 16:15:00,0.0,0.028687112
2024-09-10 16:30:00,0.0,-0.0061660917
2024-09-10 16:45:00,0.0,0.052951355
2024-09-10 17:00:00,0.0,0.09600973
2024-09-10 17:15:00,0.0,-0.011659402
2024-09-10 17:30:00,0.0,0.026511673
2024-09-10 17:45:00,0.0,0.27460945
2024-09-10 18:00:00,0.0,0.046738833
2024-09-10 18:15:00,0.0,0.0002943694
2024-09-10 18:30:00,0.0,0.063863024
2024-09-10 18:45:00,0.0,1.2063617
2024-09-10 19:00:00,0.0,0.04498949
2024-09-10 19:15:00,0.0,0.44625783
2024-09-10 19:30:00,0.0,0.1506705
2024-09-10 19:45:00,0.0,0.10100347
2024-09-10 20:00:00,0.0,-0.01672156
2024-09-10 20:15:00,0.0,-0.018329928
2024-09-10 20:30:00,0.0,-0.0048802504
2024-09-10 20:45:00,0.0,-0.009781583
2024-09-10 21:00:00,0.0,0.0007906982
2024-09-10 21:15:00,0.0,0.538162
2024-09-10 21:30:00,0.0,0.00649108
2024-09-10 21:45:00,0.0,0.006073843
2024-09-10 22:00:00,0.0,-0.027931007
2024-09-10 22:15:00,0.0,0.05115886
2024-09-10 22:30:00,0.0,-0.026355518
2024-09-10 22:45:00,0.0,0.052254166
2024-09-10 23:00:00,0.0,-0.007813718
2024-09-10 23:15:00,0.0,0.026012711
2024-09-10 23:30:00,0.0,0.05497691
2024-09-10 23:45:00,0.0,0.005124591
2024-09-11 00:00:00,0.0,0.04291325
2024-09-11 00:15:00,0.0,-0.02228155
2024-09-11 00:30:00,0.0,0.043024387
2024-09-11 00:45:00,0.0,-0.012787631
2024-09-11 01:00:00,0.0,-0.014709045
2024-09-11 01:15:00,0.0,0.13031349
2024-09-11 01:30:00,0.0,-0.036482967
2024-09-11 01:45:00,0.0,0.006168404
2024-09-11 02:00:00,0.0,0.24386407
2024-09-11 02:15:00,0.0,-0.012181189
2024-09-11 02:30:00,0.0,-0.0007685812
2024-09-11 02:45:00,0.0,0.5827395
2024-09-11 03:00:00,0.0,0.09275554
2024-09-11 03:15:00,0.0,-0.0031019077
2024-09-11 03:30:00,0.0,-0.01154856
2024-09-11 03:45:00,0.0,0.025224013
2024-09-11 04:00:00,0.0,-0.012544971
2024-09-11 04:15:00,0.0,0.00586433
2024-09-11 04:30:00,0.0,0.003759052
2024-09-11 04:45:00,0.0,0.12693161
2024-09-11 05:00:00,0.0,0.09426969
2024-09-11 05:15:00,0.0,0.028492868
2024-09-11 05:30:00,0.0,0.014423335
2024-09-11 05:45:00,0.0,0.002964584
2024-09-11 06:00:00,0.0,-0.009329282
2024-09-11 06:15:00,0.0,0.18697964
2024-09-11 06:30:00,0.0,0.0055436417
2024-09-11 06:45:00,0.0,-0.009778929
2024-09-11 07:00:00,0.0,0.04956214
2024-09-11 07:15:00,0.0,0.03143394
2024-09-11 07:30:00,0.0,0.050066046
2024-09-11 07:45:00,0.0,0.04767199
2024-09-11 08:00:00,0.0,0.020250885
2024-09-11 08:15:00,0.0,0.10088865
2024-09-11 08:30:00,0.0,0.012540601
2024-09-11 08:45:00,0.0,0.04082553
2024-09-11 09:00:00,0.0,0.12748441
2024-09-11 09:15:00,0.0,0.016607963
2024-09-11 09:30:00,0.0,0.024228761
2024-09-11 09:45:00,0.0,0.062801205
2024-09-11 10:00:00,0.0,0.04554678
2024-09-11 10:15:00,0.0,0.10920202
2024-09-11 10:30:00,0.0,0.28335446
2024-09-11 10:45:00,0.0,0.009460598
2024-09-11 11:00:00,0.0,0.05403111
2024-09-11 11:15:00,0.0,0.03146318
2024-09-11 11:30:00,0.0,0.014649747
2024-09-11 11:45:00,0.0,0.098422766
2024-09-11 12:00:00,0.0,0.7930612
2024-09-11 12:15:00,0.0,0.027940638
2024-09-11 12:30:00,0.0,0.018855216
2024-09-11 12:45:00,0.0,0.025225086
2024-09-11 13:00:00,0.0,0.023910183
2024-09-11 13:15:00,0.0,0.21418339
2024-09-11 13:30:00,0.0,0.06485292
2024-09-11 13:45:00,0.0,-0.021165814
2024-09-11 14:00:00,0.0,0.0066320784
2024-09-11 14:15:00,0.0,0.03143093
2024-09-11 14:30:00,0.0,0.07428561
2024-09-11 14:45:00,0.0,0.12951173
2024-09-11 15:00:00,0.0,0.17229709
2024-09-11 15:15:00,0.0,0.027026506
2024-09-11 15:30:00,0.0,0.055483084
2024-09-11 15:45:00,0.0,0.0018471283
2024-09-11 16:00:00,0.0,0.01566203
2024-09-11 16:15:00,0.0,0.06660525
2024-09-11 16:30:00,0.0,0.083673574
2024-09-11 16:45:00,0.0,0.011978243
2024-09-11 17:00:00,0.0,0.14965566
2024-09-11 17:15:00,0.0,0.09056811
2024-09-11 17:30:00,0.0,0.13134202
2024-09-11 17:45:00,0.0,0.23324944
2024-09-11 18:00:00,0.0,0.019491319
2024-09-11 18:15:00,0.0,0.102901004
2024-09-11 18:30:00,0.0,0.28342268
2024-09-11 18:45:00,0.0,0.0037551015
2024-09-11 19:00:00,0.0,0.031818323
2024-09-11 19:15:00,0.0,0.11843198
2024-09-11 19:30:00,0.0,0.024263684
2024-09-11 19:45:00,0.0,0.0024565174
2024-09-11 20:00:00,0.0,0.0119707165
2024-09-11 20:15:00,0.0,-0.010257019
2024-09-11 20:30:00,0.0,0.042656466
2024-09-11 20:45:00,0.0,0.020463223
2024-09-11 21:00:00,0.0,0.30936044
2024-09-11 21:15:00,0.0,0.21590808
2024-09-11 21:30:00,0.0,0.08606093
2024-09-11 21:45:00,0.0,0.06762696
2024-09-11 22:00:00,0.0,0.1868661
2024-09-11 22:15:00,0.0,0.078761235
2024-09-11 22:30:00,0.0,0.082016826
2024-09-11 22:45:00,0.0,0.16875933
2024-09-11 23:00:00,0.0,0.03718856
2024-09-11 23:15:00,0.0,0.09849128
2024-09-11 23:30:00,0.0,0.08441495
2024-09-11 23:45:00,0.0,0.0313078
2024-09-12 00:00:00,0.0,-4.63075e-05
2024-09-12 00:15:00,0.0,0.108260065
2024-09-12 00:30:00,0.0,0.058145657
2024-09-12 00:45:00,0.0,0.03650797
2024-09-12 01:00:00,0.0,0.11491398
2024-09-12 01:15:00,0.0,0.069804
2024-09-12 01:30:00,0.0,0.07590335
2024-09-12 01:45:00,0.0,0.026259102
2024-09-12 02:00:00,0.0,0.24977855
2024-09-12 02:15:00,0.0,0.024491932
2024-09-12 02:30:00,0.0,0.043030474
2024-09-12 02:45:00,0.0,0.018265218
2024-09-12 03:00:00,0.0,0.12390778
2024-09-12 03:15:00,0.0,0.037652142
2024-09-12 03:30:00,0.0,0.33628386
2024-09-12 03:45:00,0.0,0.13003933
2024-09-12 04:00:00,0.0,0.11216822
2024-09-12 04:15:00,0.0,0.28485265
2024-09-12 04:30:00,0.0,0.055513248
2024-09-12 04:45:00,0.0,0.16081959
2024-09-12 05:00:00,0.0,0.058647312
2024-09-12 05:15:00,0.0,0.09472056
2024-09-12 05:30:00,0.0,-0.05384542
2024-09-12 05:45:00,0.0,0.1222307
2024-09-12 06:00:00,0.0,0.04724122
2024-09-12 06:15:00,0.0,0.045655623
2024-09-12 06:30:00,0.0,0.03618635
2024-09-12 06:45:00,0.0,0.13850987
2024-09-12 07:00:00,0.0,0.015752222
2024-09-12 07:15:00,0.0,0.0046995026
2024-09-12 07:30:00,0.0,0.051648457
2024-09-12 07:45:00,0.0,0.06685667
2024-09-12 08:00:00,0.0,0.010535799
2024-09-12 08:15:00,0.0,0.01737208
2024-09-12 08:30:00,0.0,0.030730918
2024-09-12 08:45:00,0.0,0.03536432
2024-09-12 09:00:00,0.0,0.27883568
2024-09-12 09:15:00,0.0,0.059429374
2024-09-12 09:30:00,0.0,0.07649849
2024-09-12 09:45:00,0.0,0.08138219
2024-09-12 10:00:00,0.0,0.052607514
2024-09-12 10:15:00,0.0,0.47802377
2024-09-12 10:30:00,0.0,0.41118035
2024-09-12 10:45:00,0.0,0.09658308
2024-09-12 11:00:00,0.0,0.06796197
2024-09-12 11:15:00,2.539773318,0.006937607
2024-09-12 11:30:00,0.0,0.10861776
2024-09-12 11:45:00,0.0,0.12508862
2024-09-12 12:00:00,0.0,0.0018887388
2024-09-12 12:15:00,0.0,0.6879898
2024-09-12 12:30:00,0.0,0.014258506
2024-09-12 12:45:00,0.0,0.028486822
2024-09-12 13:00:00,0.0,0.015639655
2024-09-12 13:15:00,0.0,0.031823784
2024-09-12 13:30:00,0.0,0.036827482
2024-09-12 13:45:00,0.0,0.044352338
2024-09-12 14:00:00,0.0,0.29834896
2024-09-12 14:15:00,0.0,0.03169072
2024-09-12 14:30:00,0.0,0.07279212
2024-09-12 14:45:00,0.0,0.027477184
2024-09-12 15:00:00,0.0,0.01686855
2024-09-12 15:15:00,0.0,0.0060987445
2024-09-12 15:30:00,0.0,0.0680753
2024-09-12 15:45:00,2.79974647,0.017472982
2024-09-12 16:00:00,0.0,0.011526328
2024-09-12 16:15:00,0.0,0.053641137
2024-09-12 16:30:00,0.0,0.120495275
2024-09-12 16:45:00,0.0,0.09960924
2024-09-12 17:00:00,0.0,-0.013001041
2024-09-12 17:15:00,0.0,0.00026297456
2024-09-12 17:30:00,0.0,0.05743912
2024-09-12 17:45:00,0.0,0.026542027
2024-09-12 18:00:00,0.0,0.027976949
2024-09-12 18:15:00,0.0,-0.017565798
2024-09-12 18:30:00,0.0,0.012967356
2024-09-12 18:45:00,0.0,0.00543799
2024-09-12 19:00:00,0.0,0.037054803
2024-09-12 19:15:00,0.0,0.037926227
2024-09-12 19:30:00,0.0,0.07766979
2024-09-12 19:45:00,0.0,-0.010996722
2024-09-12 20:00:00,0.0,0.09181306
2024-09-12 20:15:00,0.0,0.009196147
2024-09-12 20:30:00,0.0,0.04077889
2024-09-12 20:45:00,0.0,0.036825214
2024-09-12 21:00:00,0.0,0.01724984
2024-09-12 21:15:00,0.0,-0.019363767
2024-09-12 21:30:00,0.0,-0.022307443
2024-09-12 21:45:00,2.071027979,-0.045179974
2024-09-12 22:00:00,0.0,0.093522266
2024-09-12 22:15:00,0.0,0.0037482749
2024-09-12 22:30:00,0.0,0.11114606
2024-09-12 22:45:00,0.0,0.028287647
2024-09-12 23:00:00,0.0,0.40005127
2024-09-12 23:15:00,0.0,0.15015198
2024-09-12 23:30:00,0.0,0.07702583
2024-09-12 23:45:00,0.0,8.179594e-06
2024-09-13 00:00:00,0.0,0.009599039
2024-09-13 00:15:00,0.0,0.0045633228
2024-09-13 00:30:00,0.0,-0.00336309
2024-09-13 00:45:00,0.0,0.13867953
2024-09-13 01:00:00,0.0,0.10009355
2024-09-13 01:15:00,0.0,-0.0017442399
2024-09-13 01:30:00,0.0,0.095315196
2024-09-13 01:45:00,0.0,0.0012931889
2024-09-13 02:00:00,0.0,0.015116265
2024-09-13 02:15:00,0.0,-0.018659016
2024-09-13 02:30:00,0.0,0.014627834
2024-09-13 02:45:00,0.0,-0.0014929873
2024-09-13 03:00:00,0.0,0.1385909
2024-09-13 03:15:00,0.0,0.0067423084
2024-09-13 03:30:00,0.0,-0.005871679
2024-09-13 03:45:00,0.0,0.047466327
2024-09-13 04:00:00,0.0,0.028381042
2024-09-13 04:15:00,0.0,0.015635205
2024-09-13 04:30:00,0.0,-0.012374185
2024-09-13 04:45:00,0.0,-0.008744
2024-09-13 05:00:00,0.0,0.0066447384
2024-09-13 05:15:00,0.0,0.010435878
2024-09-13 05:30:00,0.0,0.053513788
2024-09-13 05:45:00,0.0,0.10608389
2024-09-13 06:00:00,0.0,-0.006019685
2024-09-13 06:15:00,0.0,0.022018837
2024-09-13 06:30:00,0.0,0.055788763
2024-09-13 06:45:00,0.0,0.021172548
2024-09-13 07:00:00,0.0,0.023913968
2024-09-13 07:15:00,0.0,0.062320016
2024-09-13 07:30:00,0.0,-0.034374256
2024-09-13 07:45:00,0.0,0.0038776833
2024-09-13 08:00:00,0.0,-0.03193016
2024-09-13 08:15:00,0.0,0.33531308
2024-09-13 08:30:00,0.0,0.011138896
2024-09-13 08:45:00,0.0,0.13465309
2024-09-13 09:00:00,0.0,0.04375479
2024-09-13 09:15:00,0.0,0.0025814243
2024-09-13 09:30:00,0.0,0.014411409
2024-09-13 09:45:00,0.0,0.054726973
2024-09-13 10:00:00,0.0,0.06998703
2024-09-13 10:15:00,0.0,0.021278888
2024-09-13 10:30:00,0.0,0.1473998
2024-09-13 10:45:00,0.0,0.0750644
2024-09-13 11:00:00,0.0,0.009036806
2024-09-13 11:15:00,0.0,-0.014735502
2024-09-13 11:30:00,0.0,-0.022546904
2024-09-13 11:45:00,0.0,0.021745438
2024-09-13 12:00:00,0.0,0.020893868
2024-09-13 12:15:00,0.0,0.029307572
2024-09-13 12:30:00,0.0,-0.00048275932
2024-09-13 12:45:00,0.0,0.0077831284
2024-09-13 13:00:00,0.0,0.02659286
2024-09-13 13:15:00,0.0,0.12029154
2024-09-13 13:30:00,0.0,0.0116474405
2024-09-13 13:45:00,0.0,0.006880643
2024-09-13 14:00:00,0.0,0.008999561
2024-09-13 14:15:00,0.0,0.05396087
2024-09-13 14:30:00,0.0,0.03102334
2024-09-13 14:45:00,0.0,0.1890528
2024-09-13 15:00:00,0.0,0.091227606
2024-09-13 15:15:00,0.0,0.10129502
2024-09-13 15:30:00,0.0,0.03673419
2024-09-13 15:45:00,3.242711561,-0.015018356
2024-09-13 16:00:00,0.0,0.0938811
2024-09-13 16:15:00,0.0,0.25962493
2024-09-13 16:30:00,0.0,-0.009992725
2024-09-13 16:45:00,0.0,0.017877381
2024-09-13 17:00:00,0.0,0.06995176
2024-09-13 17:15:00,0.0,-0.0022931532
2024-09-13 17:30:00,0.0,-0.04197738
2024-09-13 17:45:00,0.0,0.13796262
2024-09-13 18:00:00,0.0,0.0052985223
2024-09-13 18:15:00,0.0,0.016393803
2024-09-13 18:30:00,0.0,-0.027656686
2024-09-13 18:45:00,0.0,-0.003118967
2024-09-13 19:00:00,0.0,0.052756023
2024-09-13 19:15:00,0.0,-0.027720613
2024-09-13 19:30:00,0.0,0.09352399
2024-09-13 19:45:00,0.0,0.0015105422
2024-09-13 20:00:00,0.0,0.0383026
2024-09-13 20:15:00,0.0,0.0013025387
2024-09-13 20:30:00,0.0,-0.022844234
2024-09-13 20:45:00,0.0,0.14721744
2024-09-13 21:00:00,0.0,0.007937011
2024-09-13 21:15:00,0.0,-0.01659825
2024-09-13 21:30:00,0.0,-0.0026874447
2024-09-13 21:45:00,0.0,-0.0014082927
2024-09-13 22:00:00,0.0,0.4638624
2024-09-13 22:15:00,0.0,-0.0068427473
2024-09-13 22:30:00,0.0,-0.003052149
2024-09-13 22:45:00,0.0,0.01605767
2024-09-13 23:00:00,0.0,-0.008211221
2024-09-13 23:15:00,0.0,0.139193
2024-09-13 23:30:00,0.0,0.022543222
2024-09-13 23:45:00,0.0,0.025613042
2024-09-14 00:00:00,0.0,-0.004058449
2024-09-14 00:15:00,0.0,0.08631538
2024-09-14 00:30:00,0.0,0.4342465
2024-09-14 00:45:00,0.0,0.07534469
2024-09-14 01:00:00,0.0,0.046659064
2024-09-14 01:15:00,0.0,0.03258832
2024-09-14 01:30:00,0.0,0.045427546
2024-09-14 01:45:00,0.0,-0.0025532548
2024-09-14 02:00:00,0.0,0.029248547
2024-09-14 02:15:00,0.0,0.043271802
2024-09-14 02:30:00,0.0,0.014499403
2024-09-14 02:45:00,0.0,0.17816156
2024-09-14 03:00:00,6.168604401,-0.021426868
2024-09-14 03:15:00,0.0,0.36868244
2024-09-14 03:30:00,0.0,0.07166098
2024-09-14 03:45:00,0.0,-0.054215305
2024-09-14 04:00:00,0.0,0.041621305
2024-09-14 04:15:00,0.0,0.040340424
2024-09-14 04:30:00,0.0,0.06988582
2024-09-14 04:45:00,0.0,0.18792023
2024-09-14 05:00:00,0.0,0.106053695
2024-09-14 05:15:00,0.0,0.042141136
2024-09-14 05:30:00,0.0,0.0058657974
2024-09-14 05:45:00,0.0,-0.004071433
2024-09-14 06:00:00,0.0,0.13713226
2024-09-14 06:15:00,0.0,0.040294487
2024-09-14 06:30:00,0.0,0.019497726
2024-09-14 06:45:00,0.0,0.16530137
2024-09-14 07:00:00,0.0,0.17303455
2024-09-14 07:15:00,0.0,0.22682202
2024-09-14 07:30:00,0.0,0.021987336
2024-09-14 07:45:00,6.460775232,0.013136563
2024-09-14 08:00:00,0.0,0.83343685
2024-09-14 08:15:00,0.0,0.3858262
2024-09-14 08:30:00,0.0,0.15055452
2024-09-14 08:45:00,0.0,0.091127984
2024-09-14 09:00:00,0.0,0.18965675
2024-09-14 09:15:00,0.0,8.655231e-05
2024-09-14 09:30:00,0.0,0.79705006
2024-09-14 09:45:00,0.0,0.77729815
2024-09-14 10:00:00,0.0,0.09020066
2024-09-14 10:15:00,0.0,0.1930493
2024-09-14 10:30:00,0.0,0.08605377
2024-09-14 10:45:00,0.0,0.108247355
2024-09-14 11:00:00,0.0,0.016019458
2024-09-14 11:15:00,0.0,0.105376676
2024-09-14 11:30:00,0.0,0.19556084
2024-09-14 11:45:00,0.0,0.366282
2024-09-14 12:00:00,0.0,0.066751674
2024-09-14 12:15:00,0.0,0.2115965
2024-09-14 12:30:00,0.0,0.0065510124
2024-09-14 12:45:00,0.0,0.13646637
2024-09-14 13:00:00,0.0,0.024328403
2024-09-14 13:15:00,0.0,0.074910425
2024-09-14 13:30:00,0.0,0.52580035
2024-09-14 13:45:00,0.0,0.035544805
2024-09-14 14:00:00,0.0,0.17519015
2024-09-14 14:15:00,0.0,0.18828337
2024-09-14 14:30:00,0.0,-0.004567251
2024-09-14 14:45:00,0.0,0.1084638
2024-09-14 15:00:00,0.0,0.017587394
2024-09-14 15:15:00,0.0,-0.038910963
2024-09-14 15:30:00,0.0,0.0004577766
2024-09-14 15:45:00,0.0,0.13947314
2024-09-14 16:00:00,0.0,-0.02661906
2024-09-14 16:15:00,0.0,0.09361262
2024-09-14 16:30:00,0.0,0.051593583
2024-09-14 16:45:00,0.0,0.022043198
2024-09-14 17:00:00,0.0,0.08019108
2024-09-14 17:15:00,0.0,0.25654158
2024-09-14 17:30:00,0.0,-0.051031902
2024-09-14 17:45:00,0.0,0.0045915795
2024-09-14 18:00:00,0.0,-0.03902243
2024-09-14 18:15:00,0.0,-0.04305713
2024-09-14 18:30:00,0.0,0.02827578
2024-09-14 18:45:00,0.0,-0.005102219
2024-09-14 19:00:00,0.0,0.43713403
2024-09-14 19:15:00,0.0,0.44416833
2024-09-14 19:30:00,0.0,0.04838444
2024-09-14 19:45:00,0.0,0.038897604
2024-09-14 20:00:00,0.0,0.00691174
2024-09-14 20:15:00,0.0,0.00983669
2024-09-14 20:30:00,0.0,-0.03395776
2024-09-14 20:45:00,0.0,-0.008926069
2024-09-14 21:00:00,0.0,-0.0010325641
2024-09-14 21:15:00,0.0,-0.014167485
2024-09-14 21:30:00,0.0,0.04923085
2024-09-14 21:45:00,0.0,0.20032273
2024-09-14 22:00:00,0.0,0.10434929
2024-09-14 22:15:00,0.0,0.17082174
2024-09-14 22:30:00,0.0,0.033531774
2024-09-14 22:45:00,0.0,0.06980258
2024-09-14 23:00:00,0.0,0.0994248
2024-09-14 23:15:00,0.0,0.3365067
2024-09-14 23:30:00,0.0,0.11970286
2024-09-14 23:45:00,0.0,0.3103654
2024-09-15 00:00:00,0.0,0.035772078
2024-09-15 00:15:00,0.0,0.5148712
2024-09-15 00:30:00,0.0,0.035989698
2024-09-15 00:45:00,0.0,0.18929558
2024-09-15 01:00:00,0.0,-0.0074316496
2024-09-15 01:15:00,0.0,0.035152283
2024-09-15 01:30:00,0.0,-0.0013504823
2024-09-15 01:45:00,0.0,-0.00859891
2024-09-15 02:00:00,0.0,0.046989962
2024-09-15 02:15:00,0.0,-0.042893846
2024-09-15 02:30:00,0.0,0.0636641
2024-09-15 02:45:00,0.0,0.15130238
2024-09-15 03:00:00,0.0,0.10698242
2024-09-15 03:15:00,0.0,0.08906496
2024-09-15 03:30:00,0.0,-0.022616938
2024-09-15 03:45:00,0.0,-0.009263487
2024-09-15 04:00:00,0.0,0.0066613266
2024-09-15 04:15:00,0.0,0.0036038691
2024-09-15 04:30:00,0.0,-0.01620309
2024-09-15 04:45:00,0.0,0.011908393
2024-09-15 05:00:00,0.0,-0.0017696746
2024-09-15 05:15:00,0.0,0.112386875
2024-09-15 05:30:00,0.0,0.059309877
2024-09-15 05:45:00,0.0,0.19926666
2024-09-15 06:00:00,0.0,-0.021360885
2024-09-15 06:15:00,0.0,0.005883192
2024-09-15 06:30:00,0.0,-0.03337273
2024-09-15 06:45:00,0.0,-0.03208841
2024-09-15 07:00:00,0.0,-0.0014964773
2024-09-15 07:15:00,0.0,0.11049742
2024-09-15 07:30:00,0.0,0.0058500688
2024-09-15 07:45:00,0.0,0.08656701
2024-09-15 08:00:00,0.0,0.062072434
2024-09-15 08:15:00,0.0,0.004858455
2024-09-15 08:30:00,0.0,0.13269268
2024-09-15 08:45:00,0.0,0.038895205
2024-09-15 09:00:00,0.0,0.028736116
2024-09-15 09:15:00,0.0,0.047400672
2024-09-15 09:30:00,0.0,0.018319461
2024-09-15 09:45:00,0.0,0.09086856
2024-09-15 10:00:00,0.0,0.17850307
2024-09-15 10:15:00,0.0,0.029568663
2024-09-15 10:30:00,0.0,-0.023944395
2024-09-15 10:45:00,0.0,0.03193699
2024-09-15 11:00:00,0.0,0.03017724
2024-09-15 11:15:00,0.0,0.2563337
2024-09-15 11:30:00,0.0,0.024344202
2024-09-15 11:45:00,0.0,-0.0031097226
2024-09-15 12:00:00,0.0,0.16388457
2024-09-15 12:15:00,0.0,0.05377405
2024-09-15 12:30:00,0.0,-0.019871473
2024-09-15 12:45:00,0.0,0.035352685
2024-09-15 13:00:00,0.0,0.006473588
2024-09-15 13:15:00,0.0,-0.038621336
2024-09-15 13:30:00,0.0,0.07239337
2024-09-15 13:45:00,0.0,0.036275294
2024-09-15 14:00:00,0.0,0.14112206
2024-09-15 14:15:00,0.0,0.03357154
2024-09-15 14:30:00,0.0,0.2732795
2024-09-15 14:45:00,0.0,0.03809548
2024-09-15 15:00:00,0.0,-0.008747109
2024-09-15 15:15:00,0.0,0.14320858
2024-09-15 15:30:00,0.0,0.2571206
2024-09-15 15:45:00,0.0,0.033985108
2024-09-15 16:00:00,0.0,0.10399357
2024-09-15 16:15:00,0.0,0.21585439
2024-09-15 16:30:00,0.0,0.09303444
2024-09-15 16:45:00,0.0,0.12792699
2024-09-15 17:00:00,0.0,0.41586554
2024-09-15 17:15:00,0.0,0.051031433
2024-09-15 17:30:00,0.0,-0.016854525
2024-09-15 17:45:00,0.0,0.074175276
2024-09-15 18:00:00,0.0,-0.016371299
2024-09-15 18:15:00,0.0,0.24323142
2024-09-15 18:30:00,0.0,0.020371525
2024-09-15 18:45:00,0.0,0.44015417
2024-09-15 19:00:00,0.0,0.15385461
2024-09-15 19:15:00,0.0,0.030709408
2024-09-15 19:30:00,0.0,0.023743851
2024-09-15 19:45:00,0.0,0.15517467
2024-09-15 20:00:00,0.0,0.17624608
2024-09-15 20:15:00,0.0,-0.009632308
2024-09-15 20:30:00,0.0,0.08665667
2024-09-15 20:45:00,0.0,-0.030760882
2024-09-15 21:00:00,0.0,0.110067725
2024-09-15 21:15:00,0.0,0.006415022
2024-09-15 21:30:00,0.0,-0.019762252
2024-09-15 21:45:00,0.0,-0.016939567
2024-09-15 22:00:00,0.0,0.4193977
2024-09-15 22:15:00,0.0,0.740965
2024-09-15 22:30:00,0.0,0.021898573
2024-09-15 22:45:00,0.0,-0.03006331
2024-09-15 23:00:00,0.0,0.10097184
2024-09-15 23:15:00,0.0,-0.04584921
2024-09-15 23:30:00,0.0,0.04958471
2024-09-15 23:45:00,0.0,0.14120148
2024-09-16 00:00:00,0.0,-0.053726636
2024-09-16 00:15:00,0.0,-0.0026649558
2024-09-16 00:30:00,0.0,0.12509117
2024-09-16 00:45:00,0.0,-0.008833065
2024-09-16 01:00:00,0.0,0.036307566
2024-09-16 01:15:00,0.0,-0.009953373
2024-09-16 01:30:00,0.0,0.07660332
2024-09-16 01:45:00,0.0,0.40620723
2024-09-16 02:00:00,0.0,0.07188581
2024-09-16 02:15:00,0.0,0.03706442
2024-09-16 02:30:00,0.0,-0.011086172
2024-09-16 02:45:00,0.0,0.12556508
2024-09-16 03:00:00,0.0,0.036938764
2024-09-16 03:15:00,0.0,-0.00032880728
2024-09-16 03:30:00,0.0,0.2948606
2024-09-16 03:45:00,0.0,-0.013884394
2024-09-16 04:00:00,0.0,-0.00230246
2024-09-16 04:15:00,0.0,-0.017705198
2024-09-16 04:30:00,0.0,-0.008563385
2024-09-16 04:45:00,0.0,0.0030424797
2024-09-16 05:00:00,0.0,0.015083249
2024-09-16 05:15:00,0.0,-0.005233025
2024-09-16 05:30:00,1.729073292,-0.032037925
2024-09-16 05:45:00,0.0,-0.0071366513
2024-09-16 06:00:00,0.0,0.14851664
2024-09-16 06:15:00,0.0,0.028306026
2024-09-16 06:30:00,0.0,0.016943617
2024-09-16 06:45:00,0.0,0.04158702
2024-09-16 07:00:00,0.0,0.05155903
2024-09-16 07:15:00,0.0,0.0015019105
2024-09-16 07:30:00,0.0,0.050386593
2024-09-16 07:45:00,0.0,-0.028260274
2024-09-16 08:00:00,0.0,-0.0057550054
2024-09-16 08:15:00,0.0,-0.0106201675
2024-09-16 08:30:00,0.0,0.013379513
2024-09-16 08:45:00,0.0,0.10359156
2024-09-16 09:00:00,0.0,0.037324965
2024-09-16 09:15:00,0.0,0.09207611
2024-09-16 09:30:00,0.0,-0.027763456
2024-09-16 09:45:00,0.0,-0.016259233
2024-09-16 10:00:00,0.0,0.10436518
2024-09-16 10:15:00,0.0,-0.03082303
2024-09-16 10:30:00,0.0,-0.0020059056
2024-09-16 10:45:00,0.0,0.021182166
2024-09-16 11:00:00,0.0,0.08647146
2024-09-16 11:15:00,0.0,0.26266804
2024-09-16 11:30:00,0.0,0.076541685
2024-09-16 11:45:00,0.0,0.003856262
2024-09-16 12:00:00,0.0,0.015672611
2024-09-16 12:15:00,0.0,0.3183966
2024-09-16 12:30:00,0.0,0.022486134
2024-09-16 12:45:00,0.0,-0.02561367
2024-09-16 13:00:00,0.0,0.005572132
2024-09-16 13:15:00,0.0,0.20217775
2024-09-16 13:30:00,0.0,0.012218106
2024-09-16 13:45:00,0.0,-0.019457486
2024-09-16 14:00:00,0.0,0.015957683
2024-09-16 14:15:00,0.0,0.6719118
2024-09-16 14:30:00,0.0,0.016450485
2024-09-16 14:45:00,0.0,-0.019717526
2024-09-16 15:00:00,0.0,0.061647333
2024-09-16 15:15:00,0.0,-0.012233715
2024-09-16 15:30:00,0.0,-0.01371043
2024-09-16 15:45:00,0.0,0.1686364
2024-09-16 16:00:00,0.0,-0.011249236
2024-09-16 16:15:00,0.0,-0.008330643
2024-09-16 16:30:00,0.0,0.2712008
2024-09-16 16:45:00,0.0,-0.015372139
2024-09-16 17:00:00,0.0,0.07408954
2024-09-16 17:15:00,0.0,0.055829458
2024-09-16 17:30:00,0.0,-0.019731417
2024-09-16 17:45:00,0.0,0.13146763
2024-09-16 18:00:00,0.0,-0.028933084
2024-09-16 18:15:00,0.0,-0.022134095
2024-09-16 18:30:00,0.0,0.053612813
2024-09-16 18:45:00,0.0,0.077420935
2024-09-16 19:00:00,0.0,-0.014496172
2024-09-16 19:15:00,0.0,0.103324994
2024-09-16 19:30:00,0.0,-0.01353621
2024-09-16 19:45:00,0.0,-0.037255302
2024-09-16 20:00:00,0.0,0.0012521818
2024-09-16 20:15:00,0.0,-0.016319385
2024-09-16 20:30:00,0.0,-0.002800473
2024-09-16 20:45:00,0.0,0.032284833
2024-09-16 21:00:00,0.0,0.045282453
2024-09-16 21:15:00,0.0,0.044197872
2024-09-16 21:30:00,0.0,0.042147413
2024-09-16 21:45:00,0.0,0.02622151
2024-09-16 22:00:00,0.0,0.029827146
2024-09-16 22:15:00,0.0,-0.029929338
2024-09-16 22:30:00,0.0,0.13646236
2024-09-16 22:45:00,0.0,0.298021
2024-09-16 23:00:00,0.0,0.9962333
2024-09-16 23:15:00,0.0,0.05112962
2024-09-16 23:30:00,0.0,0.057819355
2024-09-16 23:45:00,0.0,0.3994228
2024-09-17 00:00:00,0.0,0.013333815
2024-09-17 00:15:00,0.0,0.12698193
2024-09-17 00:30:00,1.798660258,0.04134569
2024-09-17 00:45:00,0.0,-0.0073497645
2024-09-17 01:00:00,0.0,0.5389155
2024-09-17 01:15:00,0.0,0.099059954
2024-09-17 01:30:00,0.0,0.009527665
2024-09-17 01:45:00,0.0,-0.010240571
2024-09-17 02:00:00,0.0,-0.0151374275
2024-09-17 02:15:00,0.0,-0.012582333
2024-09-17 02:30:00,0.0,-0.03376737
2024-09-17 02:45:00,0.0,0.012542259
2024-09-17 03:00:00,0.0,-0.043808952
2024-09-17 03:15:00,0.0,0.0074891215
2024-09-17 03:30:00,0.0,0.03160289
2024-09-17 03:45:00,0.0,-0.010398594
2024-09-17 04:00:00,0.0,0.0665625
2024-09-17 04:15:00,0.0,0.015176783
2024-09-17 04:30:00,0.0,-0.016181108
2024-09-17 04:45:00,0.0,-0.019304663
2024-09-17 05:00:00,0.0,0.0028274958
2024-09-17 05:15:00,0.0,0.1486616
2024-09-17 05:30:00,0.0,0.013795619
2024-09-17 05:45:00,0.0,0.04252189
2024-09-17 06:00:00,0.0,0.019038092
2024-09-17 06:15:00,0.0,0.10672436
2024-09-17 06:30:00,0.0,-0.020735463
2024-09-17 06:45:00,0.0,-0.024488913
2024-09-17 07:00:00,0.0,-0.0026348254
2024-09-17 07:15:00,0.0,-0.05461278
2024-09-17 07:30:00,0.0,0.004155246
2024-09-17 07:45:00,0.0,-0.009380275
2024-09-17 08:00:00,0.0,-0.0072827954
2024-09-17 08:15:00,0.0,-0.00071466714
2024-09-17 08:30:00,0.0,0.14950947
2024-09-17 08:45:00,0.0,0.014469523
2024-09-17 09:00:00,0.0,-0.0030996152
2024-09-17 09:15:00,0.0,-0.014027676
2024-09-17 09:30:00,0.0,-0.03196282
2024-09-17 09:45:00,0.0,-0.026753385
2024-09-17 10:00:00,0.0,0.026392924
2024-09-17 10:15:00,0.0,0.0038544957
2024-09-17 10:30:00,0.0,0.047157943
2024-09-17 10:45:00,0.0,-0.01580206
2024-09-17 11:00:00,0.0,0.024009993
2024-09-17 11:15:00,0.0,-0.016041493
2024-09-17 11:30:00,0.0,0.06280547
2024-09-17 11:45:00,0.0,-0.017255196
2024-09-17 12:00:00,0.0,0.116114445
2024-09-17 12:15:00,0.0,-0.0010677086
2024-09-17 12:30:00,0.0,0.009359461
2024-09-17 12:45:00,0.0,0.0032679453
2024-09-17 13:00:00,0.0,-0.0014877026
2024-09-17 13:15:00,0.0,-0.013303324
2024-09-17 13:30:00,0.0,-0.050938115
2024-09-17 13:45:00,0.0,0.5333994
2024-09-17 14:00:00,0.0,-0.037889086
2024-09-17 14:15:00,0.0,0.012945523
2024-09-17 14:30:00,0.0,-0.04478976
2024-09-17 14:45:00,0.0,-0.012279577
2024-09-17 15:00:00,0.0,0.020931708
2024-09-17 15:15:00,0.0,-0.015546408
2024-09-17 15:30:00,0.0,0.13780345
2024-09-17 15:45:00,0.0,0.0026814146
2024-09-17 16:00:00,0.0,-0.040064704
2024-09-17 16:15:00,0.0,0.044734035
2024-09-17 16:30:00,0.0,-0.03813972
2024-09-17 16:45:00,0.02181748016,-0.023396859
2024-09-17 17:00:00,0.0,-0.018225485
2024-09-17 17:15:00,0.0,-0.036312606
2024-09-17 17:30:00,3.162155756,0.29107594
2024-09-17 17:45:00,0.0,-0.025918007
2024-09-17 18:00:00,0.0,-0.012315794
2024-09-17 18:15:00,0.0,-0.0065927478
2024-09-17 18:30:00,0.0,0.17025274
2024-09-17 18:45:00,0.0,0.003154778
2024-09-17 19:00:00,0.0,0.07225533
2024-09-17 19:15:00,0.0,0.015932024
2024-09-17 19:30:00,0.0,0.13925411
2024-09-17 19:45:00,0.0,0.011056476
2024-09-17 20:00:00,0.0,0.16586833
2024-09-17 20:15:00,2.576884677,0.103718385
2024-09-17 20:30:00,0.0,-0.021212105
2024-09-17 20:45:00,0.0,0.117819615
2024-09-17 21:00:00,0.0,0.16541223
2024-09-17 21:15:00,0.0,0.026554935
2024-09-17 21:30:00,0.0,-0.010756861
2024-09-17 21:45:00,0.0,0.14192763
2024-09-17 22:00:00,0.0,-0.034872636
2024-09-17 22:15:00,0.0,0.060906272
2024-09-17 22:30:00,0.0,-0.019891748
2024-09-17 22:45:00,0.0,0.0068772133
2024-09-17 23:00:00,0.0,-0.011101565
2024-09-17 23:15:00,0.0,-0.05325515
2024-09-17 23:30:00,0.0,-0.033074334
2024-09-17 23:45:00,0.0,0.015508855
2024-09-18 00:00:00,0.0,0.014663427
2024-09-18 00:15:00,0.0,0.043561276
2024-09-18 00:30:00,0.0,0.03417812
2024-09-18 00:45:00,0.0,0.067392714
2024-09-18 01:00:00,0.0,0.0036766832
2024-09-18 01:15:00,0.0,-0.013160547
2024-09-18 01:30:00,0.0,-0.004487473
2024-09-18 01:45:00,0.0,-0.022247586
2024-09-18 02:00:00,0.0,-0.01791175
2024-09-18 02:15:00,0.0,0.013795962
2024-09-18 02:30:00,0.0,0.03310114
2024-09-18 02:45:00,0.0,0.032542277
2024-09-18 03:00:00,0.0,-0.0042125788
2024-09-18 03:15:00,0.0,-0.028119367
2024-09-18 03:30:00,0.0,0.0055309106
2024-09-18 03:45:00,0.0,-0.0065293745
2024-09-18 04:00:00,0.0,0.004609361
2024-09-18 04:15:00,0.0,-0.004143143
2024-09-18 04:30:00,0.0,-0.041331656
2024-09-18 04:45:00,0.0,0.020026857
2024-09-18 05:00:00,0.0,0.02361995
2024-09-18 05:15:00,0.0,-0.024829904
2024-09-18 05:30:00,0.0,0.09908803
2024-09-18 05:45:00,0.0,0.00052576
2024-09-18 06:00:00,0.0,-0.017786508
2024-09-18 06:15:00,0.0,-0.017392475
2024-09-18 06:30:00,0.0,0.008805387
2024-09-18 06:45:00,0.0,0.3455012
2024-09-18 07:00:00,0.0,-0.02344686
2024-09-18 07:15:00,0.0,0.1455469
2024-09-18 07:30:00,0.0,-0.008046241
2024-09-18 07:45:00,0.0,-0.030565746
2024-09-18 08:00:00,0.0,0.036034003
2024-09-18 08:15:00,0.0,0.065012395
2024-09-18 08:30:00,0.0,0.09286275
2024-09-18 08:45:00,0.0,-0.005707986
2024-09-18 09:00:00,0.0,-0.011916017
2024-09-18 09:15:00,0.0,0.023330616
2024-09-18 09:30:00,0.0,0.04026927
2024-09-18 09:45:00,0.0,-0.007451196
2024-09-18 10:00:00,0.0,-0.013231756
2024-09-18 10:15:00,0.0,-0.041881096
2024-09-18 10:30:00,0.0,-0.013846259
2024-09-18 10:45:00,0.0,0.03017184
2024-09-18 11:00:00,0.0,0.06549709
2024-09-18 11:15:00,0.0,-0.008399538
2024-09-18 11:30:00,0.0,-0.000701436
2024-09-18 11:45:00,0.0,0.061821036
2024-09-18 12:00:00,0.0,-0.02275466
2024-09-18 12:15:00,0.0,-0.0036785975
2024-09-18 12:30:00,0.0,0.5457013
2024-09-18 12:45:00,0.0,0.28785664
2024-09-18 13:00:00,0.0,-0.0493775
2024-09-18 13:15:00,0.0,0.002151469
2024-09-18 13:30:00,0.0,0.44990325
2024-09-18 13:45:00,0.0,0.013533723
2024-09-18 14:00:00,0.0,0.1635997
2024-09-18 14:15:00,0.0,0.6758257
2024-09-18 14:30:00,0.0,0.036827076
2024-09-18 14:45:00,0.0,0.010521718
2024-09-18 15:00:00,0.0,0.011936613
2024-09-18 15:15:00,0.0,0.0047952347
2024-09-18 15:30:00,0.0,0.21567519
2024-09-18 15:45:00,0.0,0.0386129
2024-09-18 16:00:00,0.0,0.04348818
2024-09-18 16:15:00,0.0,0.015586192
2024-09-18 16:30:00,0.0,-0.01776231
2024-09-18 16:45:00,0.0,0.0069662095
2024-09-18 17:00:00,0.0,0.03544693
2024-09-18 17:15:00,0.0,0.13646224
2024-09-18 17:30:00,0.0,0.059169937
2024-09-18 17:45:00,0.0,0.024495738
2024-09-18 18:00:00,0.0,0.006211649
2024-09-18 18:15:00,0.0,0.068558306
2024-09-18 18:30:00,0.0,0.036546078
2024-09-18 18:45:00,0.0,0.09149409
2024-09-18 19:00:00,0.0,-0.0013727591
2024-09-18 19:15:00,0.0,0.07879226
2024-09-18 19:30:00,0.0,0.020082237
2024-09-18 19:45:00,0.0,-0.0130652
2024-09-18 20:00:00,0.0,0.0068763155
2024-09-18 20:15:00,0.0,0.045282543
2024-09-18 20:30:00,0.0,-0.025949014
2024-09-18 20:45:00,0.0,-0.00997845
2024-09-18 21:00:00,0.0,0.03207619
2024-09-18 21:15:00,0.0,0.016142728
2024-09-18 21:30:00,0.0,0.14875111
2024-09-18 21:45:00,0.0,0.13999166
2024-09-18 22:00:00,0.0,-0.0065700486
2024-09-18 22:15:00,0.0,0.02567303
2024-09-18 22:30:00,0.0,0.14975375
2024-09-18 22:45:00,0.0,0.027471956
2024-09-18 23:00:00,0.0,0.26281825
2024-09-18 23:15:00,0.0,0.030978851
2024-09-18 23:30:00,0.0,-0.0025014242
2024-09-18 23:45:00,0.0,0.33353683
2024-09-19 00:00:00,0.0,-0.02848034
2024-09-19 00:15:00,0.0,-0.02871764
2024-09-19 00:30:00,0.0,-0.0027296809
2024-09-19 00:45:00,0.0,-0.04531342
2024-09-19 01:00:00,0.0,0.040994637
2024-09-19 01:15:00,0.0,0.07691506
2024-09-19 01:30:00,0.0,0.04897061
2024-09-19 01:45:00,0.0,0.75773466
2024-09-19 02:00:00,0.0,0.035980243
2024-09-19 02:15:00,0.0,0.06026912
2024-09-19 02:30:00,0.0,0.0029257133
2024-09-19 02:45:00,0.0,-1.3254296e-05
2024-09-19 03:00:00,0.0,0.0054035266
2024-09-19 03:15:00,0.0,-0.035306755
2024-09-19 03:30:00,0.0,0.034625113
2024-09-19 03:45:00,0.0,0.07233499
2024-09-19 04:00:00,0.0,0.15529357
2024-09-19 04:15:00,0.0,0.021474741
2024-09-19 04:30:00,0.0,0.0019006989
2024-09-19 04:45:00,0.0,0.031127578
2024-09-19 05:00:00,0.0,0.054720756
2024-09-19 05:15:00,0.0,0.22321491
2024-09-19 05:30:00,0.0,0.011144454
2024-09-19 05:45:00,0.0,0.19895773
2024-09-19 06:00:00,0.0,0.061262596
2024-09-19 06:15:00,0.0,0.032174453
2024-09-19 06:30:00,0.0,0.19808902
2024-09-19 06:45:00,0.0,0.3130159
2024-09-19 07:00:00,0.0,0.06773672
2024-09-19 07:15:00,0.0,0.38683164
2024-09-19 07:30:00,0.0,0.027527146
2024-09-19 07:45:00,0.0,-0.002229751
2024-09-19 08:00:00,0.0,0.07121655
2024-09-19 08:15:00,0.0,-0.012890332
2024-09-19 08:30:00,0.0,-0.015174643
2024-09-19 08:45:00,0.0,0.12966624
2024-09-19 09:00:00,0.0,-0.021966007
2024-09-19 09:15:00,0.0,0.0043584146
2024-09-19 09:30:00,0.0,0.10240119
2024-09-19 09:45:00,0.0,-0.0011714678
2024-09-19 10:00:00,0.0,0.06645503
2024-09-19 10:15:00,0.0,0.009497603
2024-09-19 10:30:00,0.0,-0.022886813
2024-09-19 10:45:00,0.0,0.035050374
2024-09-19 11:00:00,0.0,0.012981504
2024-09-19 11:15:00,0.0,0.08458091
2024-09-19 11:30:00,0.0,-0.018483177
2024-09-19 11:45:00,0.0,0.023717308
2024-09-19 12:00:00,0.0,-0.0244171
2024-09-19 12:15:00,0.0,0.034022942
2024-09-19 12:30:00,0.0,-0.014363589
2024-09-19 12:45:00,0.0,0.0020321582
2024-09-19 13:00:00,0.0,-0.025239432
2024-09-19 13:15:00,0.0,0.04226196
2024-09-19 13:30:00,0.0,0.06369089
2024-09-19 13:45:00,0.0,0.025103288
2024-09-19 14:00:00,0.0,0.1389708
2024-09-19 14:15:00,0.0,0.045170963
2024-09-19 14:30:00,0.0,-0.018462291
2024-09-19 14:45:00,0.0,0.04010104
2024-09-19 15:00:00,0.0,0.018118825
2024-09-19 15:15:00,0.0,0.030390138
2024-09-19 15:30:00,0.0,0.013036965
2024-09-19 15:45:00,0.0,0.01266469
2024-09-19 16:00:00,0.0,0.0850849
2024-09-19 16:15:00,0.0,0.15161122
2024-09-19 16:30:00,0.0,0.1125078
2024-09-19 16:45:00,0.0,0.23029032
2024-09-19 17:00:00,0.0,0.10335682
2024-09-19 17:15:00,1.652250623,0.18021925
2024-09-19 17:30:00,0.0,0.2953416
2024-09-19 17:45:00,0.0,0.100306526
2024-09-19 18:00:00,0.0,0.03100827
2024-09-19 18:15:00,0.0,0.0495414
2024-09-19 18:30:00,0.0,0.23050947
2024-09-19 18:45:00,0.0,0.064823784
2024-09-19 19:00:00,0.0,0.035950042
2024-09-19 19:15:00,0.0,0.1089888
2024-09-19 19:30:00,0.0,0.0020409503
2024-09-19 19:45:00,0.0,0.0022364724
2024-09-19 20:00:00,0.0,0.0057084793
2024-09-19 20:15:00,0.0,-0.027150681
2024-09-19 20:30:00,0.0,0.01861312
2024-09-19 20:45:00,0.0,-0.000863053
2024-09-19 21:00:00,0.0,0.093520775
2024-09-19 21:15:00,0.0,0.15597142
2024-09-19 21:30:00,0.0,0.10723873
2024-09-19 21:45:00,0.0,0.0027253698
2024-09-19 22:00:00,0.0,-0.019445017
2024-09-19 22:15:00,0.0,0.025505383
2024-09-19 22:30:00,0.0,0.52723646
2024-09-19 22:45:00,0.0,0.05593464
2024-09-19 23:00:00,0.0,0.01147498
2024-09-19 23:15:00,0.0,0.15576033
2024-09-19 23:30:00,0.0,-0.049033858
2024-09-19 23:45:00,0.0,0.014465619
2024-09-20 00:00:00,0.0,-0.020541674
2024-09-20 00:15:00,0.0,-0.024418501
2024-09-20 00:30:00,0.0,-0.024040194
2024-09-20 00:45:00,0.0,0.044886965
2024-09-20 01:00:00,0.0,0.032378796
2024-09-20 01:15:00,0.0,0.09631329
2024-09-20 01:30:00,0.0,-0.0022336077
2024-09-20 01:45:00,0.0,-0.008451822
2024-09-20 02:00:00,0.0,0.10469618
2024-09-20 02:15:00,0.0,-0.022308307
2024-09-20 02:30:00,0.0,0.011831222
2024-09-20 02:45:00,0.0,0.052757762
2024-09-20 03:00:00,0.0,0.13821882
2024-09-20 03:15:00,0.0,0.010190715
2024-09-20 03:30:00,0.0,-0.032859463
2024-09-20 03:45:00,0.0,-0.014730755
2024-09-20 04:00:00,0.0,0.26656783
2024-09-20 04:15:00,0.0,-0.035005245
2024-09-20 04:30:00,0.0,0.01065495
2024-09-20 04:45:00,0.0,0.0366047
2024-09-20 05:00:00,0.0,-0.04912356
2024-09-20 05:15:00,0.0,0.052017592
2024-09-20 05:30:00,0.0,0.03879916
2024-09-20 05:45:00,0.0,0.053515315
2024-09-20 06:00:00,0.0,-0.0076491567
2024-09-20 06:15:00,0.0,0.4617387
2024-09-20 06:30:00,0.0,0.08536302
2024-09-20 06:45:00,0.0,-0.016729234
2024-09-20 07:00:00,0.0,-0.02099814
2024-09-20 07:15:00,0.0,0.0641708
2024-09-20 07:30:00,0.0,-0.023794
2024-09-20 07:45:00,0.0,0.06354215
2024-09-20 08:00:00,0.0,0.19418111
2024-09-20 08:15:00,0.0,0.029607516
2024-09-20 08:30:00,0.0,0.042412523
2024-09-20 08:45:00,0.0,0.23866098
2024-09-20 09:00:00,0.0,0.018360311
2024-09-20 09:15:00,0.0,-0.049796678
2024-09-20 09:30:00,0.0,0.018111276
2024-09-20 09:45:00,0.0,-0.0045920457
2024-09-20 10:00:00,0.0,0.033294793
2024-09-20 10:15:00,0.0,-0.00075147726
2024-09-20 10:30:00,0.0,0.010435923
2024-09-20 10:45:00,0.0,0.017243175
2024-09-20 11:00:00,9.592660722,-0.053949997
2024-09-20 11:15:00,0.0,2.7626119
2024-09-20 11:30:00,0.0,0.27068797
2024-09-20 11:45:00,0.0,0.3535844
2024-09-20 12:00:00,0.0,0.04969097
2024-09-20 12:15:00,0.0,0.47554713
2024-09-20 12:30:00,0.0,0.011507841
2024-09-20 12:45:00,0.0,-0.011594399
2024-09-20 13:00:00,0.0,0.22461563
2024-09-20 13:15:00,0.0,0.20465915
2024-09-20 13:30:00,0.0,-0.0028165027
2024-09-20 13:45:00,0.0,0.18634312
2024-09-20 14:00:00,0.0,0.16456623
2024-09-20 14:15:00,0.0,0.06001823
2024-09-20 14:30:00,0.0,0.01311233
2024-09-20 14:45:00,0.0,-0.07051043
2024-09-20 15:00:00,0.0,0.048234586
2024-09-20 15:15:00,0.0,-0.00015295521
2024-09-20 15:30:00,0.0,0.055967595
2024-09-20 15:45:00,0.0,-0.0258509
2024-09-20 16:00:00,0.0,-0.015904536
2024-09-20 16:15:00,0.0,-0.03473106
2024-09-20 16:30:00,0.0,0.027725121
2024-09-20 16:45:00,0.0,0.032184925
2024-09-20 17:00:00,0.0,0.0059887553
2024-09-20 17:15:00,0.0,1.5289652
2024-09-20 17:30:00,0.0,-0.03756865
2024-09-20 17:45:00,0.0,0.03570385
2024-09-20 18:00:00,0.0,0.1313728
2024-09-20 18:15:00,0.0,0.07550801
2024-09-20 18:30:00,0.0,0.05964917
2024-09-20 18:45:00,0.0,0.07289983
2024-09-20 19:00:00,0.0,0.033981953
2024-09-20 19:15:00,6.192490068,0.00405066
2024-09-20 19:30:00,0.0,-0.06251537
2024-09-20 19:45:00,0.0,0.14679947
2024-09-20 20:00:00,0.0,0.277433
2024-09-20 20:15:00,0.0,0.28771478
2024-09-20 20:30:00,0.0,0.07050255
2024-09-20 20:45:00,0.0,0.40377262
2024-09-20 21:00:00,0.0,0.032756988
2024-09-20 21:15:00,0.0,0.047177624
2024-09-20 21:30:00,0.0,0.2085154
2024-09-20 21:45:00,0.0,0.17686577
2024-09-20 22:00:00,0.0,0.13435496
2024-09-20 22:15:00,0.0,0.18272898
2024-09-20 22:30:00,0.0,0.22082104
2024-09-20 22:45:00,0.0,0.90255266
2024-09-20 23:00:00,0.0,0.023089059
2024-09-20 23:15:00,0.0,-0.011878364
2024-09-20 23:30:00,0.0,0.005134644
2024-09-20 23:45:00,0.0,0.27611667
2024-09-21 00:00:00,0.0,0.11526739
2024-09-21 00:15:00,0.0,0.28326267
2024-09-21 00:30:00,0.0,0.08132895
2024-09-21 00:45:00,0.0,0.4456503
2024-09-21 01:00:00,0.0,0.18526441
2024-09-21 01:15:00,0.0,0.0662965
2024-09-21 01:30:00,0.0,0.005413692
2024-09-21 01:45:00,0.0,0.023835333
2024-09-21 02:00:00,0.0,0.014840023
2024-09-21 02:15:00,0.0,-0.051745284
2024-09-21 02:30:00,0.0,0.055453356
2024-09-21 02:45:00,0.0,0.038493738
2024-09-21 03:00:00,0.0,0.24294572
2024-09-21 03:15:00,0.0,0.28536713
2024-09-21 03:30:00,0.0,0.114674166
2024-09-21 03:45:00,0.0,0.25394437
2024-09-21 04:00:00,0.0,0.07190814
2024-09-21 04:15:00,0.0,0.29724282
2024-09-21 04:30:00,0.0,0.043200377
2024-09-21 04:45:00,0.0,0.15612078
2024-09-21 05:00:00,0.0,0.061478637
2024-09-21 05:15:00,0.0,-0.005130922
2024-09-21 05:30:00,0.0,0.019427218
2024-09-21 05:45:00,0.0,0.05505022
2024-09-21 06:00:00,0.0,0.1967804
2024-09-21 06:15:00,0.0,-0.0061966325
2024-09-21 06:30:00,0.0,-0.0046252827
2024-09-21 06:45:00,0.0,0.30661827
2024-09-21 07:00:00,0.0,0.044899758
2024-09-21 07:15:00,0.0,0.034028687
2024-09-21 07:30:00,0.0,0.20550348
2024-09-21 07:45:00,0.0,-0.013376878
2024-09-21 08:00:00,0.0,0.037540603
2024-09-21 08:15:00,0.0,-0.028797869
2024-09-21 08:30:00,0.0,0.08720601
2024-09-21 08:45:00,0.0,0.0030662522
2024-09-21 09:00:00,0.0,0.07739841
2024-09-21 09:15:00,0.0,-0.0035923792
2024-09-21 09:30:00,0.0,0.022388587
2024-09-21 09:45:00,0.0,0.24653089
2024-09-21 10:00:00,0.0,0.011130555
2024-09-21 10:15:00,0.0,0.18358442
2024-09-21 10:30:00,0.0,0.102956206
2024-09-21 10:45:00,0.0,-0.0054281624
2024-09-21 11:00:00,0.0,0.097937256
2024-09-21 11:15:00,0.0,0.3038674
2024-09-21 11:30:00,0.0,0.015220202
2024-09-21 11:45:00,0.0,0.095283896
2024-09-21 12:00:00,0.0,0.15360829
2024-09-21 12:15:00,0.0,0.34322008
2024-09-21 12:30:00,0.0,-0.011410189
2024-09-21 12:45:00,0.0,0.33100733
2024-09-21 13:00:00,0.0,0.006792454
2024-09-21 13:15:00,0.0,0.01774463
2024-09-21 13:30:00,0.0,0.039010484
2024-09-21 13:45:00,0.0,0.073268466
2024-09-21 14:00:00,0.0,0.00012592202
2024-09-21 14:15:00,0.0,0.040006116
2024-09-21 14:30:00,4.248790462,0.039962124
2024-09-21 14:45:00,0.0,0.041431494
2024-09-21 15:00:00,0.0,0.02075934
2024-09-21 15:15:00,0.0,0.039484713
2024-09-21 15:30:00,0.0,0.07238104
2024-09-21 15:45:00,0.0,0.012339903
2024-09-21 16:00:00,0.0,0.0023711778
2024-09-21 16:15:00,0.0,0.15969987
2024-09-21 16:30:00,0.0,-0.007337971
2024-09-21 16:45:00,0.0,0.054972533
2024-09-21 17:00:00,0.0,-0.034189776
2024-09-21 17:15:00,0.0,0.14776197
2024-09-21 17:30:00,0.0,0.014564381
2024-09-21 17:45:00,0.0,0.03966107
2024-09-21 18:00:00,0.0,0.23447697
2024-09-21 18:15:00,0.0,0.025443045
2024-09-21 18:30:00,0.0,-0.0067226114
2024-09-21 18:45:00,0.0,0.36321792
2024-09-21 19:00:00,0.0,0.13444611
2024-09-21 19:15:00,0.0,0.061344225
2024-09-21 19:30:00,0.0,0.4610102
2024-09-21 19:45:00,0.0,-0.015823113
2024-09-21 20:00:00,0.0,-0.014008152
2024-09-21 20:15:00,0.5534696322,0.11065686
2024-09-21 20:30:00,0.0,8.2382365e-05
2024-09-21 20:45:00,0.0,-0.043541294
2024-09-21 21:00:00,0.0,-0.0052025137
2024-09-21 21:15:00,0.0,0.14620699
2024-09-21 21:30:00,0.0,0.12076986
2024-09-21 21:45:00,0.0,0.06993278
2024-09-21 22:00:00,0.0,0.06125117
2024-09-21 22:15:00,0.0,0.06126837
2024-09-21 22:30:00,0.0,0.24723297
2024-09-21 22:45:00,0.0,0.41853568
2024-09-21 23:00:00,0.0,0.010467208
2024-09-21 23:15:00,0.0,0.07458358
2024-09-21 23:30:00,0.0,0.050131574
2024-09-21 23:45:00,0.0,0.022940489
2024-09-22 00:00:00,0.0,0.052536007
2024-09-22 00:15:00,0.0,0.06936657
2024-09-22 00:30:00,0.0,0.1128818
2024-09-22 00:45:00,0.0,0.051483262
2024-09-22 01:00:00,0.0,-0.007085475
2024-09-22 01:15:00,0.0,0.03294952
2024-09-22 01:30:00,0.0,-0.0046244483
2024-09-22 01:45:00,0.0,0.011581244
2024-09-22 02:00:00,0.0,0.12030035
2024-09-22 02:15:00,0.0,0.07021014
2024-09-22 02:30:00,0.0,-0.019395603
2024-09-22 02:45:00,0.0,-0.010453013
2024-09-22 03:00:00,0.0,0.0020709864
2024-09-22 03:15:00,0.0,-0.011967582
2024-09-22 03:30:00,0.0,0.0005406934
2024-09-22 03:45:00,0.0,-0.0027627721
2024-09-22 04:00:00,0.0,0.18288592
2024-09-22 04:15:00,0.0,-0.012975405
2024-09-22 04:30:00,0.0,0.039117187
2024-09-22 04:45:00,0.0,0.02257333
2024-09-22 05:00:00,0.0,-0.018615058
2024-09-22 05:15:00,0.0,0.0062397863
2024-09-22 05:30:00,0.0,0.07519388
2024-09-22 05:45:00,0.0,-0.00835362
2024-09-22 06:00:00,0.0,0.035045378
2024-09-22 06:15:00,0.0,0.0920951
2024-09-22 06:30:00,0.0,-0.009891851
2024-09-22 06:45:00,0.0,0.035577897
2024-09-22 07:00:00,0.0,-0.011264581
2024-09-22 07:15:00,1.96354511,-0.024254654
2024-09-22 07:30:00,0.0,-0.017894713
2024-09-22 07:45:00,0.0,0.046124317
2024-09-22 08:00:00,0.0,0.009975851
2024-09-22 08:15:00,0.0,0.0068326206
2024-09-22 08:30:00,0.0,0.038913038
2024-09-22 08:45:00,0.0,0.0040335297
2024-09-22 09:00:00,0.0,0.025984634
2024-09-22 09:15:00,0.0,0.11643192
2024-09-22 09:30:00,0.0,0.08225814
2024-09-22 09:45:00,0.0,0.03538479
2024-09-22 10:00:00,0.0,0.13755421
2024-09-22 10:15:00,0.0,0.011723119
2024-09-22 10:30:00,0.0,0.04969344
2024-09-22 10:45:00,0.0,0.115977645
2024-09-22 11:00:00,0.0,0.014683131
2024-09-22 11:15:00,0.0,-0.020354602
2024-09-22 11:30:00,0.0,0.06150514
2024-09-22 11:45:00,0.0,0.010751697
2024-09-22 12:00:00,0.0,0.21329829
2024-09-22 12:15:00,0.0,0.052665092
2024-09-22 12:30:00,0.0,-0.026837181
2024-09-22 12:45:00,0.0,0.13789691
2024-09-22 13:00:00,0.0,0.023795685
2024-09-22 13:15:00,0.0,-0.019260269
2024-09-22 13:30:00,0.0,0.023727799
2024-09-22 13:45:00,0.0,0.020969832
2024-09-22 14:00:00,0.0,0.04226703
2024-09-22 14:15:00,0.0,0.04358969
2024-09-22 14:30:00,0.0,0.043106582
2024-09-22 14:45:00,0.0,0.027527643
2024-09-22 15:00:00,0.0,-0.011033059
2024-09-22 15:15:00,0.0,0.12844993
2024-09-22 15:30:00,0.0,-0.03337469
2024-09-22 15:45:00,0.0,-0.010970366
2024-09-22 16:00:00,0.0,0.010860097
2024-09-22 16:15:00,0.0,0.16723144
2024-09-22 16:30:00,0.0,-0.033391915
2024-09-22 16:45:00,0.0,0.04696104
2024-09-22 17:00:00,0.0,0.23899844
2024-09-22 17:15:00,0.0,0.038899112
2024-09-22 17:30:00,0.0,0.021816367
2024-09-22 17:45:00,0.0,0.102674514
2024-09-22 18:00:00,0.0,-0.0026738027
2024-09-22 18:15:00,0.0,-0.016256021
2024-09-22 18:30:00,0.0,-0.018628394
2024-09-22 18:45:00,0.0,-0.0017672747
2024-09-22 19:00:00,0.0,0.0030920228
2024-09-22 19:15:00,0.0,0.14596073
2024-09-22 19:30:00,0.0,0.08226858
2024-09-22 19:45:00,0.0,0.05387291
2024-09-22 20:00:00,0.0,0.006287114
2024-09-22 20:15:00,0.0,-0.0034038795
2024-09-22 20:30:00,0.0,-0.025473252
2024-09-22 20:45:00,0.0,0.013956763
2024-09-22 21:00:00,0.0,-0.033437967
2024-09-22 21:15:00,0.0,-0.003245373
2024-09-22 21:30:00,0.0,0.114376
2024-09-22 21:45:00,0.6703831711,-0.012463963
2024-09-22 22:00:00,0.0,0.23127006
2024-09-22 22:15:00,0.0,0.103411235
2024-09-22 22:30:00,0.0,0.18710288
2024-09-22 22:45:00,0.0,0.04906258
2024-09-22 23:00:00,0.0,0.38475835
2024-09-22 23:15:00,0.0,-0.005738249
2024-09-22 23:30:00,0.0,-0.0065267785
2024-09-22 23:45:00,0.0,0.20372964
2024-09-23 00:00:00,0.0,0.24428856
2024-09-23 00:15:00,0.0,0.023739234
2024-09-23 00:30:00,0.0,-0.026428586
2024-09-23 00:45:00,0.0,0.021322962
2024-09-23 01:00:00,0.0,0.029830033
2024-09-23 01:15:00,0.0,0.00700608
2024-09-23 01:30:00,0.0,-0.0043734848
2024-09-23 01:45:00,0.0,0.11201157
2024-09-23 02:00:00,0.0,0.20522873
2024-09-23 02:15:00,0.0,0.055979453
2024-09-23 02:30:00,0.0,0.010128084
2024-09-23 02:45:00,0.0,0.023753248
2024-09-23 03:00:00,0.0,0.069511585
2024-09-23 03:15:00,0.0,0.5805994
2024-09-23 03:30:00,0.0,0.0027761466
2024-09-23 03:45:00,0.0,0.10267695
2024-09-23 04:00:00,0.0,-0.035795968
2024-09-23 04:15:00,0.0,0.0059146183
2024-09-23 04:30:00,0.0,0.0015957014
2024-09-23 04:45:00,0.0,0.03700772
2024-09-23 05:00:00,0.0,-0.013476153
2024-09-23 05:15:00,0.0,-0.006879076
2024-09-23 05:30:00,0.0,0.0070692794
2024-09-23 05:45:00,0.0,0.46050492
2024-09-23 06:00:00,0.0,-0.010420331
2024-09-23 06:15:00,0.0,0.0523438
2024-09-23 06:30:00,0.0,0.012328228
2024-09-23 06:45:00,0.0,-0.023597462
2024-09-23 07:00:00,0.0,0.005810573
2024-09-23 07:15:00,0.0,-0.01812656
2024-09-23 07:30:00,0.0,0.002366128
2024-09-23 07:45:00,0.0,0.3554326
2024-09-23 08:00:00,0.0,0.15107158
2024-09-23 08:15:00,0.0,0.12788613
2024-09-23 08:30:00,0.0,0.0008822335
2024-09-23 08:45:00,0.0,0.035264574
2024-09-23 09:00:00,0.0,0.3787464
2024-09-23 09:15:00,0.0,0.026670372
2024-09-23 09:30:00,0.0,-0.0036521328
2024-09-23 09:45:00,0.0,0.066083945
2024-09-23 10:00:00,0.0,0.04076681
2024-09-23 10:15:00,0.0,0.051724378
2024-09-23 10:30:00,0.0,0.15043613
2024-09-23 10:45:00,0.0,0.027393015
2024-09-23 11:00:00,0.0,0.041659616
2024-09-23 11:15:00,0.0,0.012093039
2024-09-23 11:30:00,0.0,0.07699893
2024-09-23 11:45:00,0.0,-0.03503465
2024-09-23 12:00:00,0.0,0.1423238
2024-09-23 12:15:00,0.0,0.16672893
2024-09-23 12:30:00,0.0,0.09727904
2024-09-23 12:45:00,0.0,0.14565761
2024-09-23 13:00:00,0.0,0.045443077
2024-09-23 13:15:00,0.0,0.03355785
2024-09-23 13:30:00,0.0,0.039034825
2024-09-23 13:45:00,0.0,0.030987661
2024-09-23 14:00:00,0.0,0.069690995
2024-09-23 14:15:00,0.0,0.0013322249
2024-09-23 14:30:00,0.0,0.081092775
2024-09-23 14:45:00,0.0,0.008920944
2024-09-23 15:00:00,0.0,0.2733792
2024-09-23 15:15:00,0.0,0.024390733
2024-09-23 15:30:00,0.0,0.007168309
2024-09-23 15:45:00,0.0,-0.023280025
2024-09-23 16:00:00,0.0,0.00186212
2024-09-23 16:15:00,0.0,0.05615551
2024-09-23 16:30:00,0.0,-0.007391649
2024-09-23 16:45:00,0.0,0.31582853
2024-09-23 17:00:00,0.0,0.07376437
2024-09-23 17:15:00,0.0,0.04765302
2024-09-23 17:30:00,0.0,0.06280372
2024-09-23 17:45:00,0.0,0.17437486
2024-09-23 18:00:00,0.0,0.03332908
2024-09-23 18:15:00,0.0,-0.01188895
2024-09-23 18:30:00,0.0,-0.045874942
2024-09-23 18:45:00,3.31283382,0.020693922
2024-09-23 19:00:00,0.0,0.13928707
2024-09-23 19:15:00,0.0,0.06470322
2024-09-23 19:30:00,0.0,-0.038269076
2024-09-23 19:45:00,0.0,0.052659646
2024-09-23 20:00:00,0.0,0.026513683
2024-09-23 20:15:00,0.0,-0.004785556
2024-09-23 20:30:00,0.0,0.19092445
2024-09-23 20:45:00,0.0,0.047357034
2024-09-23 21:00:00,0.0,0.12588629
2024-09-23 21:15:00,0.0,0.007378084
2024-09-23 21:30:00,0.0,0.26250336
2024-09-23 21:45:00,0.0,-0.019220252
2024-09-23 22:00:00,0.0,0.024963824
2024-09-23 22:15:00,0.0,-0.023672624
2024-09-23 22:30:00,0.0,0.0034222116
2024-09-23 22:45:00,0.0,-0.074930765
2024-09-23 23:00:00,0.0,0.26688057
2024-09-23 23:15:00,0.0,0.09284927
2024-09-23 23:30:00,0.0,0.047508482
2024-09-23 23:45:00,0.0,0.0066036237
2024-09-24 00:00:00,0.0,-0.041428447
2024-09-24 00:15:00,0.0,-0.041168284
2024-09-24 00:30:00,0.0,0.050471842
2024-09-24 00:45:00,0.0,-0.021152833
2024-09-24 01:00:00,0.0,-0.034696233
2024-09-24 01:15:00,0.0,-0.027364844
2024-09-24 01:30:00,0.0,0.009156212
2024-09-24 01:45:00,0.0,0.009441855
2024-09-24 02:00:00,0.0,0.024788475
2024-09-24 02:15:00,0.0,0.03133933
2024-09-24 02:30:00,0.0,0.011038939
2024-09-24 02:45:00,0.0,0.07350455
2024-09-24 03:00:00,0.0,0.018555848
2024-09-24 03:15:00,0.0,0.24610674
2024-09-24 03:30:00,0.0,0.024356106
2024-09-24 03:45:00,0.0,0.003509906
2024-09-24 04:00:00,0.0,0.025046242
2024-09-24 04:15:00,0.0,-0.008335313
2024-09-24 04:30:00,0.0,0.03775947
2024-09-24 04:45:00,0.0,0.0067455634
2024-09-24 05:00:00,0.0,0.027298342
2024-09-24 05:15:00,0.0,0.06083669
2024-09-24 05:30:00,0.0,0.0045872293
2024-09-24 05:45:00,0.0,0.063029155
2024-09-24 06:00:00,0.0,0.0067402334
2024-09-24 06:15:00,0.0,0.14864422
2024-09-24 06:30:00,0.0,0.13402902
2024-09-24 06:45:00,0.0,0.15416524
2024-09-24 07:00:00,0.0,0.056926005
2024-09-24 07:15:00,0.0,0.08575968
2024-09-24 07:30:00,0.0,0.03466207
2024-09-24 07:45:00,0.0,0.004707947
2024-09-24 08:00:00,2.177582245,0.86417437
2024-09-24 08:15:00,0.0,0.12827018
2024-09-24 08:30:00,0.0,0.03852366
2024-09-24 08:45:00,0.0,0.19214632
2024-09-24 09:00:00,0.0,-0.0007146792
2024-09-24 09:15:00,0.0,0.06078321
2024-09-24 09:30:00,0.0,-0.017669782
2024-09-24 09:45:00,0.0,0.17283304
2024-09-24 10:00:00,0.0,-0.0068096584
2024-09-24 10:15:00,0.01615535053,-0.0173736
2024-09-24 10:30:00,0.0,0.008165561
2024-09-24 10:45:00,0.0,0.13893417
2024-09-24 11:00:00,0.0,0.20756301
2024-09-24 11:15:00,0.0,0.10712101
2024-09-24 11:30:00,0.0,-0.012116883
2024-09-24 11:45:00,0.0,-0.049766615
2024-09-24 12:00:00,0.0,0.13799587
2024-09-24 12:15:00,0.0,0.02659853
2024-09-24 12:30:00,0.0,-0.03585493
2024-09-24 12:45:00,0.0,-0.038520623
2024-09-24 13:00:00,0.0,0.039352313
2024-09-24 13:15:00,0.0,0.018673547
2024-09-24 13:30:00,0.0,0.09048084
2024-09-24 13:45:00,0.0,0.009294453
2024-09-24 14:00:00,0.0,0.023423836
2024-09-24 14:15:00,0.0,0.0074769175
2024-09-24 14:30:00,0.0,-0.020617837
2024-09-24 14:45:00,0.0,-0.056836993
2024-09-24 15:00:00,0.0,0.0015014174
2024-09-24 15:15:00,0.0,-0.006013023
2024-09-24 15:30:00,0.0,0.0018563786
2024-09-24 15:45:00,0.0,-0.025593715
2024-09-24 16:00:00,0.0,0.0041575306
2024-09-24 16:15:00,0.0,-0.018902207
2024-09-24 16:30:00,0.0,-0.007532591
2024-09-24 16:45:00,0.0,0.059106592
2024-09-24 17:00:00,0.0,0.02706175
2024-09-24 17:15:00,0.0,0.002489001
2024-09-24 17:30:00,0.0,0.009636376
2024-09-24 17:45:00,0.0,0.009226904
2024-09-24 18:00:00,0.0,0.02202985
2024-09-24 18:15:00,0.0,0.011884717
2024-09-24 18:30:00,0.0,0.19516052
2024-09-24 18:45:00,0.0,0.031226246
2024-09-24 19:00:00,0.0,0.008245093
2024-09-24 19:15:00,0.0,0.064484976
2024-09-24 19:30:00,0.0,0.06776308
2024-09-24 19:45:00,0.0,0.012554946
2024-09-24 20:00:00,0.0,0.047456816
2024-09-24 20:15:00,0.0,0.015155219
2024-09-24 20:30:00,0.0,0.08410757
2024-09-24 20:45:00,0.0,-0.0025962016
2024-09-24 21:00:00,0.0,-0.017193532
2024-09-24 21:15:00,0.0,0.0031420444
2024-09-24 21:30:00,0.0,0.05638969
2024-09-24 21:45:00,0.0,0.039996546
2024-09-24 22:00:00,0.0,0.070417106
2024-09-24 22:15:00,0.0,0.050366372
2024-09-24 22:30:00,0.0,-0.0055891587
2024-09-24 22:45:00,0.4910390298,0.07016634
2024-09-24 23:00:00,0.0,-0.020947149
2024-09-24 23:15:00,0.0,-0.033672046
2024-09-24 23:30:00,0.0,0.08794485
2024-09-24 23:45:00,0.0,0.038578134
2024-09-25 00:00:00,0.0,0.12130175
2024-09-25 00:15:00,0.0,-0.040255103
2024-09-25 00:30:00,0.0,0.061720654
2024-09-25 00:45:00,0.0,0.061379787
2024-09-25 01:00:00,0.0,0.12426067
2024-09-25 01:15:00,0.0,0.1976755
2024-09-25 01:30:00,0.0,0.107279606
2024-09-25 01:45:00,0.0,0.13603812
2024-09-25 02:00:00,0.0,0.0139887
2024-09-25 02:15:00,0.0,0.006134025
2024-09-25 02:30:00,0.0,0.011040949
2024-09-25 02:45:00,0.0,0.04925306
2024-09-25 03:00:00,0.0,0.05454786
2024-09-25 03:15:00,0.0,-0.022781068
2024-09-25 03:30:00,0.0,0.015713928
2024-09-25 03:45:00,0.0,0.018281598
2024-09-25 04:00:00,0.0,0.03611396
2024-09-25 04:15:00,0.0,-0.002426784
2024-09-25 04:30:00,0.0,0.07800673
2024-09-25 04:45:00,1.371657669,-0.01138884
2024-09-25 05:00:00,0.0,-0.022427885
2024-09-25 05:15:00,0.0,-0.017607123
2024-09-25 05:30:00,0.0,0.041208334
2024-09-25 05:45:00,0.0,0.007168891
2024-09-25 06:00:00,0.8363533859,0.23920175
2024-09-25 06:15:00,0.0,0.057669967
2024-09-25 06:30:00,0.0,0.002201933
2024-09-25 06:45:00,0.0,0.05841869
2024-09-25 07:00:00,0.0,0.05764594
2024-09-25 07:15:00,0.0,0.013243595
2024-09-25 07:30:00,0.0,0.020433342
2024-09-25 07:45:00,0.0,0.018840605
2024-09-25 08:00:00,0.0,0.04843428
2024-09-25 08:15:00,0.0,0.05819503
2024-09-25 08:30:00,0.0,0.047157843
2024-09-25 08:45:00,0.0,-0.003891972
2024-09-25 09:00:00,0.0,0.043063633
2024-09-25 09:15:00,0.0,-0.0044087423
2024-09-25 09:30:00,0.0,0.013269127
2024-09-25 09:45:00,0.0,0.00700499
2024-09-25 10:00:00,0.0,0.0331134
2024-09-25 10:15:00,0.0,0.00027720488
2024-09-25 10:30:00,0.0,0.011944681
2024-09-25 10:45:00,0.0,0.005437161
2024-09-25 11:00:00,0.0,0.10453943
2024-09-25 11:15:00,0.0,0.005325539
2024-09-25 11:30:00,0.0,0.029992877
2024-09-25 11:45:00,0.0,0.017446268
2024-09-25 12:00:00,0.0,-0.011733075
2024-09-25 12:15:00,0.0,-0.028228069
2024-09-25 12:30:00,0.0,0.30586064
2024-09-25 12:45:00,0.0,0.06582234
2024-09-25 13:00:00,0.0,-0.013534049
2024-09-25 13:15:00,0.0,0.008745332
2024-09-25 13:30:00,0.0,-0.0092057325
2024-09-25 13:45:00,0.0,0.013808069
2024-09-25 14:00:00,0.0,0.056372393
2024-09-25 14:15:00,0.0,0.04017842
2024-09-25 14:30:00,0.0,0.050080135
2024-09-25 14:45:00,4.087552321,0.44521287
2024-09-25 15:00:00,0.0,0.098177455
2024-09-25 15:15:00,0.0,0.0041456325
2024-09-25 15:30:00,0.0,-4.7255544e-05
2024-09-25 15:45:00,0.0,0.0068736416
2024-09-25 16:00:00,0.0,0.06299813
2024-09-25 16:15:00,0.0,-0.037038296
2024-09-25 16:30:00,0.0,0.067741014
2024-09-25 16:45:00,0.0,0.050984547
2024-09-25 17:00:00,0.0,-0.032918468
2024-09-25 17:15:00,0.0,0.086129196
2024-09-25 17:30:00,0.0,0.053483374
2024-09-25 17:45:00,0.0,-0.069347076
2024-09-25 18:00:00,0.0,0.038779482
2024-09-25 18:15:00,0.0,0.084443726
2024-09-25 18:30:00,4.097532396,-0.0016916313
2024-09-25 18:45:00,0.0,0.008918373
2024-09-25 19:00:00,0.0,0.07290683
2024-09-25 19:15:00,0.0,-0.025732405
2024-09-25 19:30:00,0.0,-0.030733004
2024-09-25 19:45:00,0.0,-0.01884965
2024-09-25 20:00:00,0.0,-0.04869014
2024-09-25 20:15:00,0.0,-0.010967368
2024-09-25 20:30:00,0.0,-0.020345325
2024-09-25 20:45:00,0.0,0.043378994
2024-09-25 21:00:00,0.0,-0.0037069833
2024-09-25 21:15:00,0.0,-0.034012713
2024-09-25 21:30:00,0.0,0.19488056
2024-09-25 21:45:00,0.0,-0.032206655
2024-09-25 22:00:00,0.0,0.049327273
2024-09-25 22:15:00,0.0,-0.05081214
2024-09-25 22:30:00,0.0,0.006875183
2024-09-25 22:45:00,0.0,0.08602782
2024-09-25 23:00:00,0.0,0.55200374
2024-09-25 23:15:00,0.0,0.37361515
2024-09-25 23:30:00,0.0,0.018623667
2024-09-25 23:45:00,0.0,-0.01235414
2024-09-26 00:00:00,0.0,0.015143117
2024-09-26 00:15:00,0.0,0.1892294
2024-09-26 00:30:00,0.0,0.009060078
2024-09-26 00:45:00,0.0,0.0035302336
2024-09-26 01:00:00,0.0,0.064018756
2024-09-26 01:15:00,0.0,0.065939
2024-09-26 01:30:00,0.0,0.9051217
2024-09-26 01:45:00,0.0,0.16368848
2024-09-26 02:00:00,0.0,0.036447372
2024-09-26 02:15:00,0.0,0.08374863
2024-09-26 02:30:00,0.0,0.109896846
2024-09-26 02:45:00,0.0,0.023079513
2024-09-26 03:00:00,0.0,0.10294398
2024-09-26 03:15:00,0.0,0.18574014
2024-09-26 03:30:00,0.0,0.009684358
2024-09-26 03:45:00,0.0,0.014178357
2024-09-26 04:00:00,0.0,0.32954255
2024-09-26 04:15:00,0.0,0.028391842
2024-09-26 04:30:00,0.0,0.12194752
2024-09-26 04:45:00,0.0,0.121365085
2024-09-26 05:00:00,0.0,0.0085280305
2024-09-26 05:15:00,0.0,0.14500761
2024-09-26 05:30:00,0.0,-0.0036196946
2024-09-26 05:45:00,0.0,-0.013949087
2024-09-26 06:00:00,0.0,0.055870023
2024-09-26 06:15:00,0.0,0.1135843
2024-09-26 06:30:00,0.0,0.020425059
2024-09-26 06:45:00,0.0,0.0050662267
2024-09-26 07:00:00,0.0,0.09790167
2024-09-26 07:15:00,0.0,0.21074086
2024-09-26 07:30:00,0.0,0.09696567
2024-09-26 07:45:00,0.0,0.14097767
2024-09-26 08:00:00,0.0,0.13854583
2024-09-26 08:15:00,0.0,0.10485671
2024-09-26 08:30:00,0.0,0.3678521
2024-09-26 08:45:00,0.0,0.15598996
2024-09-26 09:00:00,0.0,-0.036027424
2024-09-26 09:15:00,0.0,-0.03142739
2024-09-26 09:30:00,0.0,0.018238638
2024-09-26 09:45:00,0.0,0.09177143
2024-09-26 10:00:00,0.0,0.02361594
2024-09-26 10:15:00,0.0,0.11390932
2024-09-26 10:30:00,0.0,0.06919546
2024-09-26 10:45:00,0.0,0.052718814
2024-09-26 11:00:00,0.0,-0.014463028
2024-09-26 11:15:00,0.0,0.054534074
2024-09-26 11:30:00,0.0,0.039719574
2024-09-26 11:45:00,0.0,0.1420561
2024-09-26 12:00:00,0.0,-0.0043854397
2024-09-26 12:15:00,0.0,-0.0026681651
2024-09-26 12:30:00,0.4521466805,0.040722355
2024-09-26 12:45:00,0.0,-0.02467366
2024-09-26 13:00:00,0.0,-0.017694863
2024-09-26 13:15:00,0.0,0.074629426
2024-09-26 13:30:00,0.0,0.022164034
2024-09-26 13:45:00,0.0,-0.0032649713
2024-09-26 14:00:00,0.0,0.03614707
2024-09-26 14:15:00,0.0,0.0093950825
2024-09-26 14:30:00,0.0,0.2530545
2024-09-26 14:45:00,0.0,0.008578153
2024-09-26 15:00:00,0.0,-0.014660842
2024-09-26 15:15:00,0.0,-0.024172243
2024-09-26 15:30:00,0.0,0.24156363
2024-09-26 15:45:00,0.0,0.00045107646
2024-09-26 16:00:00,0.0,-0.023187978
2024-09-26 16:15:00,0.0,0.06709178
2024-09-26 16:30:00,0.0,0.03926803
2024-09-26 16:45:00,0.0,-0.016510757
2024-09-26 17:00:00,0.0,0.0016484921
2024-09-26 17:15:00,0.0,0.05798368
2024-09-26 17:30:00,0.0,-0.010093927
2024-09-26 17:45:00,0.0,0.009035441
2024-09-26 18:00:00,0.0,0.026582586
2024-09-26 18:15:00,0.0,0.37188482
2024-09-26 18:30:00,0.0,0.049404226
2024-09-26 18:45:00,0.0,0.23601153
2024-09-26 19:00:00,0.0,0.040240023
2024-09-26 19:15:00,0.0,-0.02017942
2024-09-26 19:30:00,0.0,0.039132275
2024-09-26 19:45:00,0.0,0.017302383
2024-09-26 20:00:00,0.0,0.046112712
2024-09-26 20:15:00,0.0,0.17768303
2024-09-26 20:30:00,0.0,0.07564466
2024-09-26 20:45:00,0.0,0.0600766
2024-09-26 21:00:00,0.0,0.112857595
2024-09-26 21:15:00,0.0,0.091005936
2024-09-26 21:30:00,0.0,0.082544036
2024-09-26 21:45:00,0.0,0.03754764
2024-09-26 22:00:00,0.0,0.08087202
2024-09-26 22:15:00,0.0,0.06557528
2024-09-26 22:30:00,0.0,0.032527804
2024-09-26 22:45:00,0.0,0.14048485
2024-09-26 23:00:00,0.0,0.06702191
2024-09-26 23:15:00,0.0,0.009908825
2024-09-26 23:30:00,0.0,0.045356616
2024-09-26 23:45:00,0.0,0.035180148
2024-09-27 00:00:00,0.0,0.054526687
2024-09-27 00:15:00,0.0,0.005594027
2024-09-27 00:30:00,0.0,0.5499393
2024-09-27 00:45:00,0.0,0.08362046
2024-09-27 01:00:00,0.0,0.0072795833
2024-09-27 01:15:00,0.0,0.25888354
2024-09-27 01:30:00,0.0,-0.019349337
2024-09-27 01:45:00,0.0,0.07940292
2024-09-27 02:00:00,0.0,-0.0017215246
2024-09-27 02:15:00,0.0,0.05532804
2024-09-27 02:30:00,0.0,0.04870914
2024-09-27 02:45:00,0.0,0.06225397
2024-09-27 03:00:00,0.0,0.01539879
2024-09-27 03:15:00,0.0,0.08685496
2024-09-27 03:30:00,0.0,0.057055067
2024-09-27 03:45:00,0.0,0.00035298814
2024-09-27 04:00:00,0.0,0.02128037
2024-09-27 04:15:00,0.0,-0.02199015
2024-09-27 04:30:00,0.0,0.0075896736
2024-09-27 04:45:00,0.0,0.020196859
2024-09-27 05:00:00,0.0,0.04945788
2024-09-27 05:15:00,0.0,0.04213974
2024-09-27 05:30:00,0.0,-0.015381412
2024-09-27 05:45:00,0.0,0.1753988
2024-09-27 06:00:00,0.0,0.10207935
2024-09-27 06:15:00,0.0,0.10715968
2024-09-27 06:30:00,0.0,0.06933367
2024-09-27 06:45:00,0.0,0.4339654
2024-09-27 07:00:00,0.0,0.1486497
2024-09-27 07:15:00,0.0,0.031916168
2024-09-27 07:30:00,0.0,0.51670146
2024-09-27 07:45:00,0.0,0.008838403
2024-09-27 08:00:00,0.0,-0.0010482469
2024-09-27 08:15:00,0.0,0.079091445
2024-09-27 08:30:00,0.0,0.11839105
2024-09-27 08:45:00,0.0,-0.006416081
2024-09-27 09:00:00,0.0,0.03818533
2024-09-27 09:15:00,0.0,0.011132722
2024-09-27 09:30:00,0.0,0.021620829
2024-09-27 09:45:00,0.0,0.053601913
2024-09-27 10:00:00,0.0,0.15699232
2024-09-27 10:15:00,0.0,0.12088526
2024-09-27 10:30:00,0.0,0.059809588
2024-09-27 10:45:00,0.0,0.037497755
2024-09-27 11:00:00,0.0,0.072300844
2024-09-27 11:15:00,0.0,0.36748365
2024-09-27 11:30:00,0.0,-0.003957324
2024-09-27 11:45:00,0.0,-0.018019037
2024-09-27 12:00:00,0.0,0.43908045
2024-09-27 12:15:00,0.0,-0.058751065
2024-09-27 12:30:00,0.0,0.03077609
2024-09-27 12:45:00,0.0,0.64219207
2024-09-27 13:00:00,0.0,-0.05318109
2024-09-27 13:15:00,0.0,0.05336932
2024-09-27 13:30:00,0.0,0.0016091642
2024-09-27 13:45:00,0.0,0.06452011
2024-09-27 14:00:00,0.0,0.042094987
2024-09-27 14:15:00,0.0,0.04377738
2024-09-27 14:30:00,0.0,0.052179195
2024-09-27 14:45:00,0.0,0.0102549065
2024-09-27 15:00:00,0.0,-0.010672005
2024-09-27 15:15:00,0.0,0.0006546448
2024-09-27 15:30:00,0.0,0.057288907
2024-09-27 15:45:00,0.0,0.07923387
2024-09-27 16:00:00,0.0,-0.026722236
2024-09-27 16:15:00,0.0,0.004885882
2024-09-27 16:30:00,0.0,-0.0072327247
2024-09-27 16:45:00,0.0,0.0035701632
2024-09-27 17:00:00,0.0,-0.0055222656
2024-09-27 17:15:00,0.0,0.009277179
2024-09-27 17:30:00,0.0,0.09994461
2024-09-27 17:45:00,0.0,-0.01344287
2024-09-27 18:00:00,0.0,0.083052225
2024-09-27 18:15:00,0.0,0.07651616
2024-09-27 18:30:00,0.0,0.027295249
2024-09-27 18:45:00,0.0,0.06093707
2024-09-27 19:00:00,0.0,0.034998633
2024-09-27 19:15:00,0.0,0.0070567094
2024-09-27 19:30:00,0.0,0.09072557
2024-09-27 19:45:00,0.0,-0.006708779
2024-09-27 20:00:00,0.0,0.064587176
2024-09-27 20:15:00,0.0,0.015719473
2024-09-27 20:30:00,0.0,-0.020921053
2024-09-27 20:45:00,0.0,0.024248552
2024-09-27 21:00:00,0.0,-0.0033639073
2024-09-27 21:15:00,0.0,-0.005627664
2024-09-27 21:30:00,0.0,0.0460809
2024-09-27 21:45:00,0.0,0.07435226
2024-09-27 22:00:00,0.0,0.04717386
2024-09-27 22:15:00,0.0,0.20659858
2024-09-27 22:30:00,0.0,0.22654523
2024-09-27 22:45:00,0.0,0.018623699
2024-09-27 23:00:00,0.0,0.09858399
2024-09-27 23:15:00,0.0,-0.017635068
2024-09-27 23:30:00,0.0,0.0021363087
2024-09-27 23:45:00,0.0,0.43349507
2024-09-28 00:00:00,0.0,0.0722615
2024-09-28 00:15:00,0.0,0.2735801
2024-09-28 00:30:00,0.0,0.14690812
2024-09-28 00:45:00,0.0,0.014430583
2024-09-28 01:00:00,0.0,0.07658307
2024-09-28 01:15:00,0.0,0.4875797
2024-09-28 01:30:00,0.0,0.18028179
2024-09-28 01:45:00,0.0,0.054419808
2024-09-28 02:00:00,0.0,0.2376284
2024-09-28 02:15:00,0.0,0.25539297
2024-09-28 02:30:00,0.0,0.020302763
2024-09-28 02:45:00,0.0,0.0010047586
2024-09-28 03:00:00,0.0,0.09229047
2024-09-28 03:15:00,0.0,0.13348131
2024-09-28 03:30:00,0.0,-0.023736315
2024-09-28 03:45:00,0.0,0.24251969
2024-09-28 04:00:00,0.0,0.11781665
2024-09-28 04:15:00,0.0,-0.001754004
2024-09-28 04:30:00,0.0,-0.005134376
2024-09-28 04:45:00,0.0,0.31916654
2024-09-28 05:00:00,0.0,-0.021435063
2024-09-28 05:15:00,0.0,0.12378098
2024-09-28 05:30:00,0.0,-0.016952263
2024-09-28 05:45:00,0.0,-0.014714848
2024-09-28 06:00:00,0.0,-0.005574687
2024-09-28 06:15:00,0.0,0.062353875
2024-09-28 06:30:00,0.0,0.0020455883
2024-09-28 06:45:00,0.0,0.17565177
2024-09-28 07:00:00,0.0,0.11985271
2024-09-28 07:15:00,0.0,0.0014234306
2024-09-28 07:30:00,0.0,0.108922705
2024-09-28 07:45:00,0.0,0.0062552504
2024-09-28 08:00:00,0.0,0.26588145
2024-09-28 08:15:00,0.0,0.41931644
2024-09-28 08:30:00,0.0,0.0057913945
2024-09-28 08:45:00,0.0,0.07761524
2024-09-28 09:00:00,0.0,-0.008070623
2024-09-28 09:15:00,0.0,0.15120815
2024-09-28 09:30:00,0.0,0.255482
2024-09-28 09:45:00,0.0,0.04019452
2024-09-28 10:00:00,0.0,-0.0116296
2024-09-28 10:15:00,0.0,0.015225038
2024-09-28 10:30:00,0.0,-0.006719221
2024-09-28 10:45:00,0.0,0.2515729
2024-09-28 11:00:00,0.0,0.18568681
2024-09-28 11:15:00,0.0,0.011076218
2024-09-28 11:30:00,0.0,0.03844518
2024-09-28 11:45:00,3.657430263,0.20037892
2024-09-28 12:00:00,0.0,0.13515608
2024-09-28 12:15:00,0.0,0.3984672
2024-09-28 12:30:00,0.0,0.16296604
2024-09-28 12:45:00,0.0,0.081410766
2024-09-28 13:00:00,0.0,0.5608749
2024-09-28 13:15:00,0.0,0.04384689
2024-09-28 13:30:00,0.0,0.021887908
2024-09-28 13:45:00,0.0,0.07464142
2024-09-28 14:00:00,0.0,0.7059619
2024-09-28 14:15:00,0.0,0.33609924
2024-09-28 14:30:00,0.0,0.010269803
2024-09-28 14:45:00,0.0,0.012359765
2024-09-28 15:00:00,0.0,0.14812501
2024-09-28 15:15:00,0.0,0.3895178
2024-09-28 15:30:00,0.0,0.23529822
2024-09-28 15:45:00,0.0,0.2898128
2024-09-28 16:00:00,0.0,0.12930897
2024-09-28 16:15:00,0.0,0.063115135
2024-09-28 16:30:00,0.0,0.5269053
2024-09-28 16:45:00,0.0,0.12958175
2024-09-28 17:00:00,0.0,0.0761316
2024-09-28 17:15:00,0.0,0.025851905
2024-09-28 17:30:00,0.0,0.30063763
2024-09-28 17:45:00,0.0,0.35720247
2024-09-28 18:00:00,0.0,0.012572659
2024-09-28 18:15:00,0.0,0.14504015
2024-09-28 18:30:00,0.0,0.051488377
2024-09-28 18:45:00,0.0,0.19974433
2024-09-28 19:00:00,0.0,0.033512324
2024-09-28 19:15:00,0.0,0.2767765
2024-09-28 19:30:00,0.0,0.2775667
2024-09-28 19:45:00,0.0,0.0343652
2024-09-28 20:00:00,0.0,0.14043882
2024-09-28 20:15:00,0.0,0.010246782
2024-09-28 20:30:00,0.0,0.013186212
2024-09-28 20:45:00,0.0,0.05243525
2024-09-28 21:00:00,0.0,0.08842015
2024-09-28 21:15:00,0.0,-0.017776525
2024-09-28 21:30:00,0.0,0.22945689
2024-09-28 21:45:00,0.0,0.16795409
2024-09-28 22:00:00,0.0,0.03722276
2024-09-28 22:15:00,0.0,0.14617004
2024-09-28 22:30:00,0.0,0.15425526
2024-09-28 22:45:00,0.0,0.11176497
2024-09-28 23:00:00,0.0,0.056964844
2024-09-28 23:15:00,0.0,0.13637137
2024-09-28 23:30:00,0.0,0.14760895
2024-09-28 23:45:00,0.0,0.26877344
2024-09-29 00:00:00,0.0,0.4805456
2024-09-29 00:15:00,0.0,0.15839538
2024-09-29 00:30:00,0.0,0.38253126
2024-09-29 00:45:00,0.0,0.085818045
2024-09-29 01:00:00,0.0,0.08113585
2024-09-29 01:15:00,0.0,0.23067044
2024-09-29 01:30:00,0.0,0.52015823
2024-09-29 01:45:00,0.0,0.09023401
2024-09-29 02:00:00,0.0,-0.010416408
2024-09-29 02:15:00,0.0,0.16669993
2024-09-29 02:30:00,0.0,0.32157993
2024-09-29 02:45:00,0.0,0.18399732
2024-09-29 03:00:00,0.0,0.067175165
2024-09-29 03:15:00,0.0,0.08950407
2024-09-29 03:30:00,0.0,0.8505543
2024-09-29 03:45:00,0.0,0.21779378
2024-09-29 04:00:00,0.0,0.2594859
2024-09-29 04:15:00,0.0,0.23446795
2024-09-29 04:30:00,0.0,0.07971454
2024-09-29 04:45:00,0.0,0.03974819
2024-09-29 05:00:00,0.0,0.0019243199
2024-09-29 05:15:00,0.0,0.09531832
2024-09-29 05:30:00,0.0,0.06807839
2024-09-29 05:45:00,0.0,0.08847537
2024-09-29 06:00:00,0.0,0.20219867
2024-09-29 06:15:00,0.0,0.072580725
2024-09-29 06:30:00,0.0,0.04582389
2024-09-29 06:45:00,0.0,0.18216199
2024-09-29 07:00:00,0.0,0.22313091
2024-09-29 07:15:00,0.0,0.12757008
2024-09-29 07:30:00,0.0,0.21917933
2024-09-29 07:45:00,0.0,0.2918487
2024-09-29 08:00:00,0.0,0.5295671
2024-09-29 08:15:00,0.0,0.74427897
2024-09-29 08:30:00,0.0,0.7466963
2024-09-29 08:45:00,0.0,0.5566673
2024-09-29 09:00:00,0.0,1.0178325
2024-09-29 09:15:00,0.0,0.27904513
2024-09-29 09:30:00,0.0,0.8723889
2024-09-29 09:45:00,0.0,0.62552965
2024-09-29 10:00:00,0.0,0.4178219
2024-09-29 10:15:00,0.0,0.4933457
2024-09-29 10:30:00,0.0,0.98751336
2024-09-29 10:45:00,0.0,0.3612909
2024-09-29 11:00:00,0.7368792368,0.4970435
2024-09-29 11:15:00,0.0,0.501589
2024-09-29 11:30:00,2.926246002,0.08214687
2024-09-29 11:45:00,0.0,-0.003054733
2024-09-29 12:00:00,0.0,0.098866336
2024-09-29 12:15:00,0.0,-0.017016938
2024-09-29 12:30:00,0.0,0.08724117
2024-09-29 12:45:00,1.599927923,0.095164664
2024-09-29 13:00:00,0.0,0.007100569
2024-09-29 13:15:00,0.0,0.022651346
2024-09-29 13:30:00,0.0,0.10302993
2024-09-29 13:45:00,0.0,0.17808293
2024-09-29 14:00:00,0.0,0.007120487
2024-09-29 14:15:00,0.0,0.04219634
2024-09-29 14:30:00,0.0,0.0078654
2024-09-29 14:45:00,0.0,-0.0034381433
2024-09-29 15:00:00,1.359830981,0.05357087
2024-09-29 15:15:00,0.0,0.06142731
2024-09-29 15:30:00,0.0,1.0872085
2024-09-29 15:45:00,0.0,0.11605768
2024-09-29 16:00:00,0.0,0.321779
2024-09-29 16:15:00,0.0,0.118458584
2024-09-29 16:30:00,0.0,0.21721312
2024-09-29 16:45:00,2.982981432,0.062108226
2024-09-29 17:00:00,0.0,0.19518103
2024-09-29 17:15:00,0.0,0.46772853
2024-09-29 17:30:00,0.0,0.1206344
2024-09-29 17:45:00,0.0,0.91501784
2024-09-29 18:00:00,0.0,0.24493277
2024-09-29 18:15:00,0.0,0.4525693
2024-09-29 18:30:00,0.0,1.7237797
2024-09-29 18:45:00,0.0,0.45104146
2024-09-29 19:00:00,0.0,0.16602534
2024-09-29 19:15:00,0.0,0.2764691
2024-09-29 19:30:00,0.0,0.22451036
2024-09-29 19:45:00,0.0,0.31062588
2024-09-29 20:00:00,0.0,0.4443213
2024-09-29 20:15:00,0.0,0.41335708
2024-09-29 20:30:00,0.0,0.075007424
2024-09-29 20:45:00,0.0,0.8238748
2024-09-29 21:00:00,0.0,0.117279515
2024-09-29 21:15:00,1.21716704,0.08534992
2024-09-29 21:30:00,0.0,0.1483806
2024-09-29 21:45:00,0.0,0.3171828
2024-09-29 22:00:00,0.0,0.25474834
2024-09-29 22:15:00,0.0,0.26347163
2024-09-29 22:30:00,0.0,0.20525055
2024-09-29 22:45:00,0.0,0.21005371
2024-09-29 23:00:00,0.0,0.7607564
2024-09-29 23:15:00,0.0,0.18165906
2024-09-29 23:30:00,0.0,0.2048531
2024-09-29 23:45:00,0.0,0.4080476
2024-09-30 00:00:00,0.0,0.29037988
2024-09-30 00:15:00,0.0,0.052170794
2024-09-30 00:30:00,0.0,0.17903702
2024-09-30 00:45:00,0.0,0.4483727
2024-09-30 01:00:00,0.0,0.6316711
2024-09-30 01:15:00,0.0,0.3958104
2024-09-30 01:30:00,0.0,0.11962477
2024-09-30 01:45:00,0.0,0.16263445
2024-09-30 02:00:00,0.0,0.80337656
2024-09-30 02:15:00,0.0,0.10019338
2024-09-30 02:30:00,0.0,0.16901436
2024-09-30 02:45:00,0.0,0.08380473
2024-09-30 03:00:00,0.0,0.12593973
2024-09-30 03:15:00,0.0,0.30310073
2024-09-30 03:30:00,0.0,0.17600282
2024-09-30 03:45:00,0.0,0.3421924
2024-09-30 04:00:00,0.0,0.16405083
2024-09-30 04:15:00,0.0,0.5682733
2024-09-30 04:30:00,0.0,0.19097637
2024-09-30 04:45:00,0.0,0.88040596
2024-09-30 05:00:00,0.0,0.8620592
2024-09-30 05:15:00,0.0,0.737771
2024-09-30 05:30:00,0.0,0.11470286
2024-09-30 05:45:00,0.0,0.04716883
2024-09-30 06:00:00,0.0,0.3177484
2024-09-30 06:15:00,0.0,0.74578726
2024-09-30 06:30:00,0.0,0.41407016
2024-09-30 06:45:00,0.0,0.42090884
2024-09-30 07:00:00,0.0,0.22569403
2024-09-30 07:15:00,0.0,0.54468626
2024-09-30 07:30:00,0.0,0.26160714
2024-09-30 07:45:00,0.0,0.1915896
2024-09-30 08:00:00,0.0,0.18992308
2024-09-30 08:15:00,0.0,0.00017877533
2024-09-30 08:30:00,0.0,0.26115045
2024-09-30 08:45:00,0.0,0.24353671
2024-09-30 09:00:00,0.0,0.31331506
2024-09-30 09:15:00,0.0,0.14448893
2024-09-30 09:30:00,0.0,0.33388937
2024-09-30 09:45:00,0.0,0.15876453
2024-09-30 10:00:00,0.0,0.06297545
2024-09-30 10:15:00,0.0,0.2281949
2024-09-30 10:30:00,0.0,0.35422754
2024-09-30 10:45:00,0.0,0.22251223
2024-09-30 11:00:00,0.0,0.25159466
2024-09-30 11:15:00,0.0,0.31736022
2024-09-30 11:30:00,0.0,0.97310674
2024-09-30 11:45:00,0.0,0.3784123
2024-09-30 12:00:00,0.0,0.025805568
2024-09-30 12:15:00,0.0,0.100566454
2024-09-30 12:30:00,0.0,0.071585596
2024-09-30 12:45:00,0.0,0.061953925
2024-09-30 13:00:00,0.0,0.06711843
2024-09-30 13:15:00,0.0,0.008247069
2024-09-30 13:30:00,0.0,0.28074595
2024-09-30 13:45:00,0.0,0.013543119
2024-09-30 14:00:00,0.0,0.061264507
2024-09-30 14:15:00,0.0,0.22198442
2024-09-30 14:30:00,0.0,0.10425216
2024-09-30 14:45:00,0.0,0.12828842
2024-09-30 15:00:00,0.0,0.11035049
2024-09-30 15:15:00,0.6268903787,0.044821758
2024-09-30 15:30:00,0.0,0.23007606
2024-09-30 15:45:00,0.0,0.049835034
2024-09-30 16:00:00,0.0,-0.009582158
2024-09-30 16:15:00,0.0,0.5347983
2024-09-30 16:30:00,0.0,0.24929336
2024-09-30 16:45:00,0.0,0.012991451
2024-09-30 17:00:00,0.0,0.20606719
2024-09-30 17:15:00,0.0,0.086955175
2024-09-30 17:30:00,0.0,0.09540014
2024-09-30 17:45:00,0.0,0.23320577
2024-09-30 18:00:00,0.0,-0.0050440356
2024-09-30 18:15:00,0.0,-0.00083040074
2024-09-30 18:30:00,0.0,0.46741796
2024-09-30 18:45:00,0.0,0.38555562
2024-09-30 19:00:00,0.0,0.014874376
2024-09-30 19:15:00,0.0,0.09872033
2024-09-30 19:30:00,0.0,0.044419196
2024-09-30 19:45:00,0.0,0.0076967706
2024-09-30 20:00:00,0.0,0.029148832
2024-09-30 20:15:00,0.0,0.12978765
2024-09-30 20:30:00,0.0,0.19702792
2024-09-30 20:45:00,0.0,0.3550978
2024-09-30 21:00:00,0.0,0.08548686
2024-09-30 21:15:00,0.0,-0.017011562
2024-09-30 21:30:00,0.0,0.036499694
2024-09-30 21:45:00,0.0,0.13377549
2024-09-30 22:00:00,0.0,0.24325594
2024-09-30 22:15:00,0.0,0.44186044
2024-09-30 22:30:00,0.0,0.02387905
2024-09-30 22:45:00,0.0,0.4380729
2024-09-30 23:00:00,0.0,0.042259764
2024-09-30 23:15:00,0.0,0.033138704
2024-09-30 23:30:00,0.0,-0.07121406
2024-09-30 23:45:00,0.0,0.5385507
2024-10-01 00:00:00,3.145201548,0.039903667
2024-10-01 00:15:00,0.0,0.3087554
2024-10-01 00:30:00,0.0,-0.009008224
2024-10-01 00:45:00,0.0,0.10349244
2024-10-01 01:00:00,0.0,0.093305685
2024-10-01 01:15:00,0.0,0.111186005
2024-10-01 01:30:00,4.767615022,0.08822646
2024-10-01 01:45:00,0.0,0.09780456
2024-10-01 02:00:00,0.0,0.055124454
2024-10-01 02:15:00,0.0,-0.043813948
2024-10-01 02:30:00,0.0,0.053146653
2024-10-01 02:45:00,0.0,0.5627716
2024-10-01 03:00:00,0.0,0.10790827
2024-10-01 03:15:00,0.0,-0.009650267
2024-10-01 03:30:00,0.0,-0.029306715
2024-10-01 03:45:00,0.0,0.36735505
2024-10-01 04:00:00,4.269087892,-0.027315332
2024-10-01 04:15:00,0.0,0.13261412
2024-10-01 04:30:00,0.0,0.12812053
2024-10-01 04:45:00,0.0,0.46293736
2024-10-01 05:00:00,0.0,0.000577136
2024-10-01 05:15:00,0.0,0.29627368
2024-10-01 05:30:00,0.0,0.020375496
2024-10-01 05:45:00,0.0,0.061861914
2024-10-01 06:00:00,8.42359036,0.1255815
2024-10-01 06:15:00,0.0,2.452528
2024-10-01 06:30:00,0.0,0.552216
2024-10-01 06:45:00,0.0,-0.039253227
2024-10-01 07:00:00,0.0,0.13246013
2024-10-01 07:15:00,0.0,1.7595998
2024-10-01 07:30:00,0.0,0.0066663516
2024-10-01 07:45:00,0.0,0.05584096
2024-10-01 08:00:00,0.0,-0.0008255568
2024-10-01 08:15:00,0.0,0.5008424
2024-10-01 08:30:00,0.0,0.4335916
2024-10-01 08:45:00,0.0,0.1331277
2024-10-01 09:00:00,0.0,0.44632933
2024-10-01 09:15:00,0.0,0.13464843
2024-10-01 09:30:00,0.0,0.06067058
2024-10-01 09:45:00,0.0,0.037436422
2024-10-01 10:00:00,0.0,0.97486115
2024-10-01 10:15:00,0.0,0.0906896
2024-10-01 10:30:00,0.0,0.18060626
2024-10-01 10:45:00,0.0,0.09780019
2024-10-01 11:00:00,0.0,0.19517174
2024-10-01 11:15:00,0.0,0.0937557
2024-10-01 11:30:00,0.0,0.7503827
2024-10-01 11:45:00,0.0,0.7487293
2024-10-01 12:00:00,0.0,0.3298935
2024-10-01 12:15:00,0.0,0.2673935
2024-10-01 12:30:00,0.0,1.0354406
2024-10-01 12:45:00,0.0,0.23949991
2024-10-01 13:00:00,0.0,0.0072823884
2024-10-01 13:15:00,0.0,0.02802734
2024-10-01 13:30:00,0.0,0.219411
2024-10-01 13:45:00,0.0,0.9297738
2024-10-01 14:00:00,0.0,0.04291615
2024-10-01 14:15:00,0.0,0.04718396
2024-10-01 14:30:00,0.0,0.5756748
2024-10-01 14:45:00,0.0,0.09334381
2024-10-01 15:00:00,0.0,0.29031318
2024-10-01 15:15:00,0.0,0.16167739
2024-10-01 15:30:00,0.0,0.023113437
2024-10-01 15:45:00,0.0,0.045308743
2024-10-01 16:00:00,0.0,0.4214282
2024-10-01 16:15:00,0.0,0.00060511933
2024-10-01 16:30:00,0.0,0.23363249
2024-10-01 16:45:00,0.9192876118,0.27935132
2024-10-01 17:00:00,0.0,0.16344027
2024-10-01 17:15:00,0.0,-0.007927869
2024-10-01 17:30:00,0.0,0.13663131
2024-10-01 17:45:00,0.0,0.06471795
2024-10-01 18:00:00,0.0,0.6248457
2024-10-01 18:15:00,0.0,0.25633606
2024-10-01 18:30:00,0.0,0.23491937
2024-10-01 18:45:00,0.0,0.05838999
2024-10-01 19:00:00,0.0,0.14334996
2024-10-01 19:15:00,0.0,1.0218486
2024-10-01 19:30:00,0.0,0.39017835
2024-10-01 19:45:00,0.0,0.21045774
2024-10-01 20:00:00,0.0,0.43577385
2024-10-01 20:15:00,0.0,0.47963914
2024-10-01 20:30:00,0.0,0.18937136
2024-10-01 20:45:00,0.0,1.2842791
2024-10-01 21:00:00,0.0,-0.006602419
2024-10-01 21:15:00,0.0,-0.034777887
2024-10-01 21:30:00,0.0,0.48181233
2024-10-01 21:45:00,0.0,0.19369091
2024-10-01 22:00:00,0.0,0.06766168
2024-10-01 22:15:00,0.0,0.44767788
2024-10-01 22:30:00,0.0,0.15724823
2024-10-01 22:45:00,0.0,0.016364124
2024-10-01 23:00:00,0.0,0.50068665
2024-10-01 23:15:00,0.0,0.26746422
2024-10-01 23:30:00,0.0,0.015415377
2024-10-01 23:45:00,0.0,0.39142385
2024-10-02 00:00:00,0.0,0.14350747
2024-10-02 00:15:00,0.0,0.024805313
2024-10-02 00:30:00,0.0,0.2459046
2024-10-02 00:45:00,0.0,-0.008944519
2024-10-02 01:00:00,0.0,-0.028617583
2024-10-02 01:15:00,0.0,-0.0065895347
2024-10-02 01:30:00,0.0,0.78974074
2024-10-02 01:45:00,0.0,-0.04794773
2024-10-02 02:00:00,0.0,0.33509034
2024-10-02 02:15:00,0.0,0.0048488122
2024-10-02 02:30:00,0.0,0.037879325
2024-10-02 02:45:00,0.0,-0.037331585
2024-10-02 03:00:00,0.0,0.023186553
2024-10-02 03:15:00,0.0,0.062654175
2024-10-02 03:30:00,0.0,0.019302336
2024-10-02 03:45:00,0.0,0.04624545
2024-10-02 04:00:00,0.0,-0.023952672
2024-10-02 04:15:00,0.0,-0.003484879
2024-10-02 04:30:00,0.0,-0.011092331
2024-10-02 04:45:00,0.0,0.1114891
2024-10-02 05:00:00,0.0,-0.04400844
2024-10-02 05:15:00,0.0,-0.0020823614
2024-10-02 05:30:00,0.0,-0.01699346
2024-10-02 05:45:00,0.0,-0.024895355
2024-10-02 06:00:00,0.0,0.048496433
2024-10-02 06:15:00,0.0,0.17178787
2024-10-02 06:30:00,0.0,0.16621275
2024-10-02 06:45:00,0.0,0.05482923
2024-10-02 07:00:00,0.0,0.03552764
2024-10-02 07:15:00,0.0,0.10915458
2024-10-02 07:30:00,0.0,0.18325971
2024-10-02 07:45:00,0.0,0.13754845
2024-10-02 08:00:00,0.0,0.06466106
2024-10-02 08:15:00,0.0,0.048095506
2024-10-02 08:30:00,0.0,0.0022167997
2024-10-02 08:45:00,0.0,0.033677448
2024-10-02 09:00:00,0.0,0.04141786
2024-10-02 09:15:00,0.0,0.05989561
2024-10-02 09:30:00,0.0,0.020056702
2024-10-02 09:45:00,0.0,0.10579948
2024-10-02 10:00:00,0.0,0.0854295
2024-10-02 10:15:00,0.0,0.06110153
2024-10-02 10:30:00,0.0,0.04943473
2024-10-02 10:45:00,0.0,0.14078744
2024-10-02 11:00:00,0.0,0.16527642
2024-10-02 11:15:00,0.0,0.11090946
2024-10-02 11:30:00,0.0,0.054727305
2024-10-02 11:45:00,0.0,0.03452059
2024-10-02 12:00:00,0.0,0.053394526
2024-10-02 12:15:00,0.0,0.13295715
2024-10-02 12:30:00,0.0,0.22432935
2024-10-02 12:45:00,0.0,0.033376433
2024-10-02 13:00:00,0.0,0.31303754
2024-10-02 13:15:00,0.0,0.29568684
2024-10-02 13:30:00,0.0,0.06917489
2024-10-02 13:45:00,3.200293604,0.00490045
2024-10-02 14:00:00,4.141473508,0.064788096
2024-10-02 14:15:00,0.0,0.6254948
2024-10-02 14:30:00,0.0,1.0729316
2024-10-02 14:45:00,0.0,0.032086346
2024-10-02 15:00:00,0.0,0.19461153
2024-10-02 15:15:00,0.0,0.45268735
2024-10-02 15:30:00,0.0,0.16738027
2024-10-02 15:45:00,0.0,0.08806782
2024-10-02 16:00:00,0.0,0.18931028
2024-10-02 16:15:00,0.0,0.005933979
2024-10-02 16:30:00,0.0,0.05412561
2024-10-02 16:45:00,0.0,0.2829828
2024-10-02 17:00:00,0.0,0.32908523
2024-10-02 17:15:00,0.0,-0.018037492
2024-10-02 17:30:00,0.0,0.06100929
2024-10-02 17:45:00,0.0,0.711878
2024-10-02 18:00:00,0.0,-0.020115534
2024-10-02 18:15:00,0.0,0.18121354
2024-10-02 18:30:00,0.0,-0.0241522
2024-10-02 18:45:00,0.0,-0.03336178
2024-10-02 19:00:00,0.0,0.0070481817
2024-10-02 19:15:00,0.0,-0.032500047
2024-10-02 19:30:00,0.0,-0.018427262
2024-10-02 19:45:00,0.0,-0.013592597
2024-10-02 20:00:00,0.0,0.2971071
2024-10-02 20:15:00,0.0,0.011957861
2024-10-02 20:30:00,0.0,0.0067083994
2024-10-02 20:45:00,0.0,0.1490317
2024-10-02 21:00:00,0.0,-0.0047203056
2024-10-02 21:15:00,0.0,0.03267178
2024-10-02 21:30:00,0.0,0.021969734
2024-10-02 21:45:00,0.0,0.10451275
2024-10-02 22:00:00,0.0,0.059757285
2024-10-02 22:15:00,0.0,0.1096643
2024-10-02 22:30:00,0.0,-0.04311786
2024-10-02 22:45:00,0.0,0.40078357
2024-10-02 23:00:00,0.0,0.06463382
2024-10-02 23:15:00,0.0,0.008791104
2024-10-02 23:30:00,0.0,-0.002473888
2024-10-02 23:45:00,0.0,0.08552379
2024-10-03 00:00:00,0.0,-0.0087046735
2024-10-03 00:15:00,0.0,-0.016747307
2024-10-03 00:30:00,0.0,0.15376203
2024-10-03 00:45:00,0.0,-0.020461546
2024-10-03 01:00:00,0.0,-0.010833435
2024-10-03 01:15:00,0.0,0.039364178
2024-10-03 01:30:00,0.0,-0.012130084
2024-10-03 01:45:00,0.0,0.09384984
2024-10-03 02:00:00,0.0,0.048733078
2024-10-03 02:15:00,0.0,-0.018926295
2024-10-03 02:30:00,0.0,0.03084389
2024-10-03 02:45:00,0.0,0.16110402
2024-10-03 03:00:00,0.0,0.13380283
2024-10-03 03:15:00,0.0,-0.018179556
2024-10-03 03:30:00,0.0,0.013795042
2024-10-03 03:45:00,0.0,-0.008409355
2024-10-03 04:00:00,0.0,0.037031736
2024-10-03 04:15:00,0.0,0.02585603
2024-10-03 04:30:00,0.0,0.0045835176
2024-10-03 04:45:00,0.0,0.051365633
2024-10-03 05:00:00,0.0,-0.010750157
2024-10-03 05:15:00,0.0,0.009735984
2024-10-03 05:30:00,0.0,0.005474026
2024-10-03 05:45:00,0.0,0.119167894
2024-10-03 06:00:00,0.0,-0.012909183
2024-10-03 06:15:00,0.0,0.28321823
2024-10-03 06:30:00,0.0,-0.0070209615
2024-10-03 06:45:00,9.08502048,-0.0043981937
2024-10-03 07:00:00,0.0,1.6916474
2024-10-03 07:15:00,0.0,0.4748167
2024-10-03 07:30:00,0.0,0.09711434
2024-10-03 07:45:00,0.0,0.1927807
2024-10-03 08:00:00,0.0,0.12657647
2024-10-03 08:15:00,0.0,1.0403732
2024-10-03 08:30:00,0.0,0.24057283
2024-10-03 08:45:00,0.0,0.07294864
2024-10-03 09:00:00,0.0,0.4109108
2024-10-03 09:15:00,0.0,-0.06487025
2024-10-03 09:30:00,0.0,0.08139198
2024-10-03 09:45:00,0.0,0.00848325
2024-10-03 10:00:00,0.0,0.00766115
2024-10-03 10:15:00,0.0,0.14396459
2024-10-03 10:30:00,0.0,-0.037567023
2024-10-03 10:45:00,0.0,-0.034557384
2024-10-03 11:00:00,0.0,0.013277841
2024-10-03 11:15:00,0.0,0.025960779
2024-10-03 11:30:00,0.0,0.35413355
2024-10-03 11:45:00,0.0,-0.02686221
2024-10-03 12:00:00,0.0,0.035944674
2024-10-03 12:15:00,0.0,0.0025413171
2024-10-03 12:30:00,0.0,0.0013745871
2024-10-03 12:45:00,0.0,0.10265369
2024-10-03 13:00:00,0.0,0.22961226
2024-10-03 13:15:00,0.0,-0.019108482
2024-10-03 13:30:00,0.0,-0.018912418
2024-10-03 13:45:00,0.0,0.2665203
2024-10-03 14:00:00,0.0,0.07321385
2024-10-03 14:15:00,0.0,-0.021089131
2024-10-03 14:30:00,0.0,0.034624644
2024-10-03 14:45:00,0.0,0.043843303
2024-10-03 15:00:00,0.0,-0.03249009
2024-10-03 15:15:00,0.0,0.06552836
2024-10-03 15:30:00,0.0,-0.0131593095
2024-10-03 15:45:00,0.0,0.041797746
2024-10-03 16:00:00,0.0,-0.015862705
2024-10-03 16:15:00,0.0,-0.030965716
2024-10-03 16:30:00,0.0,0.37927762
2024-10-03 16:45:00,0.0,-0.009486647
2024-10-03 17:00:00,0.0,0.06564897
2024-10-03 17:15:00,0.0,-0.023531057
2024-10-03 17:30:00,0.0,-0.019710561
2024-10-03 17:45:00,4.808038099,0.6400835
2024-10-03 18:00:00,0.0,0.10675624
2024-10-03 18:15:00,0.0,-0.0124004595
2024-10-03 18:30:00,0.0,0.03966465
2024-10-03 18:45:00,0.0,0.35836145
2024-10-03 19:00:00,0.0,0.10286286
2024-10-03 19:15:00,0.0,0.04520871
2024-10-03 19:30:00,0.0,0.20473427
2024-10-03 19:45:00,0.0,-0.043323144
2024-10-03 20:00:00,0.0,0.051552735
2024-10-03 20:15:00,0.0,0.0083512785
2024-10-03 20:30:00,0.0,0.09645479
2024-10-03 20:45:00,0.0,0.24969524
2024-10-03 21:00:00,0.0,-0.0130454125
2024-10-03 21:15:00,0.0,0.08899324
2024-10-03 21:30:00,0.0,0.24134204
2024-10-03 21:45:00,0.0,0.17092787
2024-10-03 22:00:00,0.0,0.08922544
2024-10-03 22:15:00,0.0,0.059656996
2024-10-03 22:30:00,0.0,0.5018332
2024-10-03 22:45:00,0.0,0.0910782
2024-10-03 23:00:00,0.0,0.22696523
2024-10-03 23:15:00,0.0,0.39469904
2024-10-03 23:30:00,0.0,0.20671715
2024-10-03 23:45:00,0.0,0.044193577
2024-10-04 00:00:00,0.0,0.40086526
2024-10-04 00:15:00,0.0,-0.031387158
2024-10-04 00:30:00,0.0,-0.022850636
2024-10-04 00:45:00,0.0,0.022103287
2024-10-04 01:00:00,0.0,0.061069608
2024-10-04 01:15:00,0.0,0.07506069
2024-10-04 01:30:00,0.0,0.0082079545
2024-10-04 01:45:00,0.0,0.41409123
2024-10-04 02:00:00,0.0,-0.007416226
2024-10-04 02:15:00,0.0,0.047853056
2024-10-04 02:30:00,0.0,0.19371027
2024-10-04 02:45:00,0.0,-0.033777945
2024-10-04 03:00:00,0.0,-0.010896918
2024-10-04 03:15:00,0.0,0.017764604
2024-10-04 03:30:00,0.0,0.04066781
2024-10-04 03:45:00,0.0,0.3334674
2024-10-04 04:00:00,0.0,-0.008244921
2024-10-04 04:15:00,0.0,0.040946074
2024-10-04 04:30:00,0.0,0.30219778
2024-10-04 04:45:00,0.0,-0.02323339
2024-10-04 05:00:00,0.0,0.018642752
2024-10-04 05:15:00,0.0,0.20871527
2024-10-04 05:30:00,0.0,0.07467304
2024-10-04 05:45:00,0.0,-0.014813423
2024-10-04 06:00:00,0.0,0.075854994
2024-10-04 06:15:00,0.0,-0.0034188048
2024-10-04 06:30:00,0.0,-0.028128326
2024-10-04 06:45:00,0.0,0.09621043
2024-10-04 07:00:00,0.0,0.017672095
2024-10-04 07:15:00,0.0,0.029266255
2024-10-04 07:30:00,0.0,0.1258774
2024-10-04 07:45:00,0.0,-0.026468188
2024-10-04 08:00:00,0.0,0.021760296
2024-10-04 08:15:00,0.0,-0.009277194
2024-10-04 08:30:00,0.0,0.04491352
2024-10-04 08:45:00,0.0,0.08675016
2024-10-04 09:00:00,0.0,-0.035196166
2024-10-04 09:15:00,0.0,0.223163
2024-10-04 09:30:00,0.0,0.108889155
2024-10-04 09:45:00,0.0,0.05530934
2024-10-04 10:00:00,0.0,0.060015664
2024-10-04 10:15:00,0.0,0.055529866
2024-10-04 10:30:00,0.0,0.015066228
2024-10-04 10:45:00,0.0,0.04219939
2024-10-04 11:00:00,0.0,0.029060017
2024-10-04 11:15:00,0.0,0.024362227
2024-10-04 11:30:00,0.0,0.06094091
2024-10-04 11:45:00,0.0,0.14166234
2024-10-04 12:00:00,0.0,0.030514142
2024-10-04 12:15:00,0.0,0.35041055
2024-10-04 12:30:00,0.0,-0.042764835
2024-10-04 12:45:00,0.0,-0.02816139
2024-10-04 13:00:00,0.0,-0.006392134
2024-10-04 13:15:00,0.0,0.033065464
2024-10-04 13:30:00,0.0,-0.020003041
2024-10-04 13:45:00,0.0,0.26790953
2024-10-04 14:00:00,0.0,0.3403849
2024-10-04 14:15:00,0.0,-0.016370812
2024-10-04 14:30:00,0.0,0.09185184
2024-10-04 14:45:00,0.0,0.055482626
2024-10-04 15:00:00,0.0,0.052069996
2024-10-04 15:15:00,0.0,0.08053937
2024-10-04 15:30:00,0.0,0.26298347
2024-10-04 15:45:00,0.0,0.21457048
2024-10-04 16:00:00,0.0,0.007818982
2024-10-04 16:15:00,0.0,-0.005309587
2024-10-04 16:30:00,0.0,0.07467627
2024-10-04 16:45:00,0.0,0.08264834
2024-10-04 17:00:00,0.0,-0.004900724
2024-10-04 17:15:00,0.0,0.052450527
2024-10-04 17:30:00,0.0,0.07454005
2024-10-04 17:45:00,0.0,0.02027377
2024-10-04 18:00:00,0.0,0.1158141
2024-10-04 18:15:00,0.0,0.0072855297
2024-10-04 18:30:00,0.0,-0.018635154
2024-10-04 18:45:00,0.0,-0.023858432
2024-10-04 19:00:00,0.0,0.02495623
2024-10-04 19:15:00,0.0,0.1253474
2024-10-04 19:30:00,0.0,0.021754697
2024-10-04 19:45:00,0.0,0.058207124
2024-10-04 20:00:00,0.0,0.23178715
2024-10-04 20:15:00,0.0,0.05641894
2024-10-04 20:30:00,0.0,-0.093084544
2024-10-04 20:45:00,0.0,0.04600654
2024-10-04 21:00:00,0.0,0.05211515
2024-10-04 21:15:00,0.0,0.033803284
2024-10-04 21:30:00,0.0,-0.025227329
2024-10-04 21:45:00,0.0,0.03463866
2024-10-04 22:00:00,0.0,-0.0107481675
2024-10-04 22:15:00,0.0,0.038356006
2024-10-04 22:30:00,0.0,-0.0058565135
2024-10-04 22:45:00,0.0,0.032478787
2024-10-04 23:00:00,0.0,0.124482304
2024-10-04 23:15:00,0.0,0.36363444
2024-10-04 23:30:00,0.0,-0.021332433
2024-10-04 23:45:00,0.0,0.9463056
2024-10-05 00:00:00,0.0,0.024032788
2024-10-05 00:15:00,0.0,-0.032503378
2024-10-05 00:30:00,0.0,0.07429041
2024-10-05 00:45:00,0.0,-0.02219819
2024-10-05 01:00:00,0.0,0.2223389
2024-10-05 01:15:00,0.0,0.024019916
2024-10-05 01:30:00,0.0,0.12857886
2024-10-05 01:45:00,0.0,0.00836067
2024-10-05 02:00:00,0.0,0.01793478
2024-10-05 02:15:00,0.0,0.3738048
2024-10-05 02:30:00,0.0,-0.019583434
2024-10-05 02:45:00,0.0,-0.046333604
2024-10-05 03:00:00,0.0,-0.035588607
2024-10-05 03:15:00,0.0,-0.007297576
2024-10-05 03:30:00,0.0,0.039229974
2024-10-05 03:45:00,0.0,0.047656078
2024-10-05 04:00:00,0.0,-0.0059805172
2024-10-05 04:15:00,0.0,-0.019211924
2024-10-05 04:30:00,0.0,0.2732306
2024-10-05 04:45:00,0.0,0.14234294
2024-10-05 05:00:00,0.0,0.062664576
2024-10-05 05:15:00,0.0,0.07028186
2024-10-05 05:30:00,0.0,-0.018180095
2024-10-05 05:45:00,0.0,0.0035703976
2024-10-05 06:00:00,1.477662006,-0.016675321
2024-10-05 06:15:00,0.0,0.014339544
2024-10-05 06:30:00,0.0,-0.026981195
2024-10-05 06:45:00,0.0,-0.0032240856
2024-10-05 07:00:00,0.0,-0.006976448
2024-10-05 07:15:00,0.0,-0.0061678104
2024-10-05 07:30:00,0.0,0.051123902
2024-10-05 07:45:00,0.0,0.117339335
2024-10-05 08:00:00,0.0,0.10910159
2024-10-05 08:15:00,0.0,0.010253866
2024-10-05 08:30:00,0.0,0.02765134
2024-10-05 08:45:00,0.0,0.028923934
2024-10-05 09:00:00,0.0,-0.025087839
2024-10-05 09:15:00,0.0,0.041192643
2024-10-05 09:30:00,0.0,-0.020992259
2024-10-05 09:45:00,0.0,0.0036375893
2024-10-05 10:00:00,0.0,-0.019681865
2024-10-05 10:15:00,0.0,0.008845201
2024-10-05 10:30:00,0.0,-0.03416688
2024-10-05 10:45:00,0.0,-0.041112583
2024-10-05 11:00:00,0.0,0.08087823
2024-10-05 11:15:00,0.0,-0.016096687
2024-10-05 11:30:00,0.0,-0.0033666862
2024-10-05 11:45:00,0.0,-0.023352342
2024-10-05 12:00:00,0.0,-0.009784581
2024-10-05 12:15:00,0.0,0.12540044
2024-10-05 12:30:00,0.0,-0.029436573
2024-10-05 12:45:00,0.0,0.1368332
2024-10-05 13:00:00,0.0,0.021257887
2024-10-05 13:15:00,0.0,0.04512456
2024-10-05 13:30:00,0.0,0.19406982
2024-10-05 13:45:00,0.0,0.046408743
2024-10-05 14:00:00,0.0,-0.008291726
2024-10-05 14:15:00,0.0,0.16475695
2024-10-05 14:30:00,0.0,-0.013772629
2024-10-05 14:45:00,0.0,-0.029168123
2024-10-05 15:00:00,0.0,0.12216699
2024-10-05 15:15:00,0.0,-0.031115148
2024-10-05 15:30:00,0.0,-0.026855072
2024-10-05 15:45:00,0.0,-0.017517347
2024-10-05 16:00:00,0.0,-0.02432956
2024-10-05 16:15:00,0.0,0.0021239745
2024-10-05 16:30:00,0.0,-0.015245185
2024-10-05 16:45:00,0.0,0.34944093
2024-10-05 17:00:00,0.0,-0.026261335
2024-10-05 17:15:00,0.0,0.030650826
2024-10-05 17:30:00,0.0,0.25397253
2024-10-05 17:45:00,0.0,-0.009621857
2024-10-05 18:00:00,0.0,-0.044497926
2024-10-05 18:15:00,0.0,0.042550627
2024-10-05 18:30:00,0.0,-0.039355416
2024-10-05 18:45:00,0.0,0.009702805
2024-10-05 19:00:00,0.0,0.26528674
2024-10-05 19:15:00,0.0,0.023641026
2024-10-05 19:30:00,0.0,-0.031197535
2024-10-05 19:45:00,0.0,0.15476537
2024-10-05 20:00:00,1.890912438,0.07369899
2024-10-05 20:15:00,0.0,0.031093057
2024-10-05 20:30:00,0.0,0.008590687
2024-10-05 20:45:00,0.0,-0.008140034
2024-10-05 21:00:00,0.0,-0.0057098563
2024-10-05 21:15:00,0.0,-0.004245591
2024-10-05 21:30:00,0.0,0.12515591
2024-10-05 21:45:00,0.0,0.08632831
2024-10-05 22:00:00,0.0,0.18154311
2024-10-05 22:15:00,0.0,-0.010667912
2024-10-05 22:30:00,0.0,-0.028886545
2024-10-05 22:45:00,0.0,0.0056387563
2024-10-05 23:00:00,0.0,0.14276291
2024-10-05 23:15:00,0.0,-0.0448966
2024-10-05 23:30:00,0.0,0.032094207
2024-10-05 23:45:00,0.0,-0.012682637
2024-10-06 00:00:00,0.0,0.0157343
2024-10-06 00:15:00,0.0,-0.014143422
2024-10-06 00:30:00,0.0,0.03194364
2024-10-06 00:45:00,0.0,0.039361447
2024-10-06 01:00:00,0.0,0.007036983
2024-10-06 01:15:00,0.0,0.25343308
2024-10-06 01:30:00,0.0,0.09595112
2024-10-06 01:45:00,0.0,-0.014328063
2024-10-06 02:00:00,0.0,0.07748822
2024-10-06 02:15:00,0.0,0.24471577
2024-10-06 02:30:00,0.0,0.06754226
2024-10-06 02:45:00,0.0,0.16328585
2024-10-06 03:00:00,0.0,-0.0027569653
2024-10-06 03:15:00,0.0,-0.013211121
2024-10-06 03:30:00,0.0,0.20836025
2024-10-06 03:45:00,0.0,0.13303661
2024-10-06 04:00:00,0.0,0.021503022
2024-10-06 04:15:00,0.0,0.027816428
2024-10-06 04:30:00,0.0,0.09766999
2024-10-06 04:45:00,0.0,0.04321119
2024-10-06 05:00:00,0.0,-0.015032046
2024-10-06 05:15:00,0.0,0.082239434
2024-10-06 05:30:00,0.0,-0.033855323
2024-10-06 05:45:00,0.0,0.2938949
2024-10-06 06:00:00,0.0,0.47277525
2024-10-06 06:15:00,0.0,0.031294644
2024-10-06 06:30:00,0.0,-0.015653335
2024-10-06 06:45:00,0.0,0.09214477
2024-10-06 07:00:00,0.0,0.008390949
2024-10-06 07:15:00,0.0,0.057197135
2024-10-06 07:30:00,0.0,0.022714484
2024-10-06 07:45:00,0.0,0.026926665
2024-10-06 08:00:00,0.0,0.018660251
2024-10-06 08:15:00,0.0,-0.0006711335
2024-10-06 08:30:00,0.0,-0.0030139096
2024-10-06 08:45:00,0.0,0.091508284
2024-10-06 09:00:00,2.331542961,0.20739536
2024-10-06 09:15:00,0.0,-0.03272811
2024-10-06 09:30:00,0.0,0.23231237
2024-10-06 09:45:00,0.0,0.018965745
2024-10-06 10:00:00,0.0,0.17419852
2024-10-06 10:15:00,0.0,0.17245734
2024-10-06 10:30:00,0.0,0.06259953
2024-10-06 10:45:00,0.0,0.0989831
2024-10-06 11:00:00,0.0,0.22140221
2024-10-06 11:15:00,0.0,1.5465679
2024-10-06 11:30:00,0.0,0.147967
2024-10-06 11:45:00,0.0,-0.02729095
2024-10-06 12:00:00,0.0,0.15126479
2024-10-06 12:15:00,0.0,0.08217943
2024-10-06 12:30:00,0.0,0.13031799
2024-10-06 12:45:00,0.0,0.13641062
2024-10-06 13:00:00,0.0,0.045164764
2024-10-06 13:15:00,0.0,0.10074366
2024-10-06 13:30:00,0.0,0.10965262
2024-10-06 13:45:00,0.0,0.013548206
2024-10-06 14:00:00,0.0,-0.05271334
2024-10-06 14:15:00,0.0,-0.0081820395
2024-10-06 14:30:00,0.0,0.10195446
2024-10-06 14:45:00,0.0,0.36285037
2024-10-06 15:00:00,0.5398295458,0.49317715
2024-10-06 15:15:00,0.0,0.12917382
2024-10-06 15:30:00,0.0,0.06949756
2024-10-06 15:45:00,0.0,0.04459888
2024-10-06 16:00:00,0.0,0.02370907
2024-10-06 16:15:00,0.0,0.031098189
2024-10-06 16:30:00,0.0,0.050549224
2024-10-06 16:45:00,0.0,0.029883822
2024-10-06 17:00:00,0.0,0.22753435
2024-10-06 17:15:00,0.0,0.2846343
2024-10-06 17:30:00,0.0,0.14705662
2024-10-06 17:45:00,0.0,0.058580622
2024-10-06 18:00:00,0.0,-0.007338046
2024-10-06 18:15:00,0.0,0.61543065
2024-10-06 18:30:00,0.0,0.17045067
2024-10-06 18:45:00,0.0,-0.015480738
2024-10-06 19:00:00,0.0,0.036831815
2024-10-06 19:15:00,0.0,0.06225399
2024-10-06 19:30:00,0.0,-0.017138336
2024-10-06 19:45:00,0.0,0.022835871
2024-10-06 20:00:00,0.0,0.1675817
2024-10-06 20:15:00,0.0,0.009974467
2024-10-06 20:30:00,0.0,0.058760867
2024-10-06 20:45:00,0.0,-0.034598175
2024-10-06 21:00:00,0.0,0.038221657
2024-10-06 21:15:00,0.0,0.11812167
2024-10-06 21:30:00,0.0,0.16876516
2024-10-06 21:45:00,0.0,-0.037242677
2024-10-06 22:00:00,0.0,0.0064041563
2024-10-06 22:15:00,0.0,0.0062749772
2024-10-06 22:30:00,0.0,0.010606143
2024-10-06 22:45:00,0.0,0.0665914
2024-10-06 23:00:00,0.0,-0.043397333
2024-10-06 23:15:00,0.0,-0.011850954
2024-10-06 23:30:00,0.0,0.18718101
2024-10-06 23:45:00,0.0,-0.0018702423
2024-10-07 00:00:00,0.0,0.05079549
2024-10-07 00:15:00,0.0,0.01803444
2024-10-07 00:30:00,0.0,-0.03590128
2024-10-07 00:45:00,0.0,0.08314586
2024-10-07 01:00:00,0.0,0.013017911
2024-10-07 01:15:00,0.0,0.030778961
2024-10-07 01:30:00,0.0,0.14638369
2024-10-07 01:45:00,0.0,-0.0097323
2024-10-07 02:00:00,0.0,0.02948234
2024-10-07 02:15:00,0.0,0.0057992046
2024-10-07 02:30:00,0.0,0.6186664
2024-10-07 02:45:00,0.0,0.11188007
2024-10-07 03:00:00,0.0,-0.006492245
2024-10-07 03:15:00,0.0,0.12346257
2024-10-07 03:30:00,0.0,0.44557807
2024-10-07 03:45:00,0.0,-0.01741247
2024-10-07 04:00:00,0.0,1.0018328
2024-10-07 04:15:00,0.0,-0.003951227
2024-10-07 04:30:00,0.0,-0.027763026
2024-10-07 04:45:00,0.0,-0.025222978
2024-10-07 05:00:00,0.0,-0.013417648
2024-10-07 05:15:00,0.0,-0.008139477
2024-10-07 05:30:00,0.0,0.009707508
2024-10-07 05:45:00,0.0,-0.014285032
2024-10-07 06:00:00,0.0,-0.008725792
2024-10-07 06:15:00,0.0,-0.0081882775
2024-10-07 06:30:00,0.0,0.016224552
2024-10-07 06:45:00,0.0,0.06751254
2024-10-07 07:00:00,0.0,0.013496631
2024-10-07 07:15:00,0.0,-0.019459512
2024-10-07 07:30:00,0.0,0.3221281
2024-10-07 07:45:00,0.0,0.24867511
2024-10-07 08:00:00,0.0,0.0077877603
2024-10-07 08:15:00,0.0,-0.01211625
2024-10-07 08:30:00,0.0,-0.04106826
2024-10-07 08:45:00,0.0,-0.008253236
2024-10-07 09:00:00,0.0,-0.024957756
2024-10-07 09:15:00,0.0,0.015959509
2024-10-07 09:30:00,0.0,0.19634004
2024-10-07 09:45:00,0.0,0.16873367
2024-10-07 10:00:00,0.0,0.484684
2024-10-07 10:15:00,0.0,0.007187754
2024-10-07 10:30:00,0.0,-0.007349431
2024-10-07 10:45:00,0.0,0.14036448
2024-10-07 11:00:00,0.0,0.085526586
2024-10-07 11:15:00,0.0,0.0053046076
2024-10-07 11:30:00,0.0,0.061017215
2024-10-07 11:45:00,0.0,0.077963315
2024-10-07 12:00:00,0.0,0.1197461
2024-10-07 12:15:00,0.0,0.27218598
2024-10-07 12:30:00,0.0,0.24189913
2024-10-07 12:45:00,0.0,-0.05819784
2024-10-07 13:00:00,0.0,0.07353728
2024-10-07 13:15:00,0.0,0.037245553
2024-10-07 13:30:00,0.0,0.27451542
2024-10-07 13:45:00,0.0,0.05218119
2024-10-07 14:00:00,0.0,-0.028183965
2024-10-07 14:15:00,0.0,0.4505413
2024-10-07 14:30:00,0.0,0.3712644
2024-10-07 14:45:00,0.0,-0.034589633
2024-10-07 15:00:00,0.0,0.051336046
2024-10-07 15:15:00,0.0,-0.020600019
2024-10-07 15:30:00,0.0,0.17840458
2024-10-07 15:45:00,0.0,-0.0119317705
2024-10-07 16:00:00,0.0,-0.014269608
2024-10-07 16:15:00,0.0,0.16146752
2024-10-07 16:30:00,0.0,-0.023641761
2024-10-07 16:45:00,0.0,-0.029638398
2024-10-07 17:00:00,0.0,0.03413776
2024-10-07 17:15:00,0.0,-0.042300753
2024-10-07 17:30:00,0.0,-0.022850195
2024-10-07 17:45:00,0.0,0.10563275
2024-10-07 18:00:00,0.0,-0.002567481
2024-10-07 18:15:00,0.0,0.1354589
2024-10-07 18:30:00,0.0,-0.025095368
2024-10-07 18:45:00,0.0,0.08957939
2024-10-07 19:00:00,0.0,0.057141602
2024-10-07 19:15:00,0.0,0.05753286
2024-10-07 19:30:00,0.0,0.058581874
2024-10-07 19:45:00,0.0,0.041171454
2024-10-07 20:00:00,0.0,-0.017817264
2024-10-07 20:15:00,0.0,0.01532304
2024-10-07 20:30:00,0.0,-0.06315152
2024-10-07 20:45:00,0.0,-0.004300146
2024-10-07 21:00:00,0.0,0.032845147
2024-10-07 21:15:00,0.0,0.011584056
2024-10-07 21:30:00,0.0,0.054599103
2024-10-07 21:45:00,0.0,-0.018731674
2024-10-07 22:00:00,0.0,-0.015148856
2024-10-07 22:15:00,0.0,0.03315128
2024-10-07 22:30:00,0.0,0.0581827
2024-10-07 22:45:00,0.0,0.061656445
2024-10-07 23:00:00,0.0,0.0918263
2024-10-07 23:15:00,0.0,0.3974338
2024-10-07 23:30:00,0.0,0.017935185
2024-10-07 23:45:00,0.0,0.12328922
2024-10-08 00:00:00,0.0,0.07219519
2024-10-08 00:15:00,0.0,0.44371817
2024-10-08 00:30:00,0.0,0.07303726
2024-10-08 00:45:00,0.0,0.05870517
2024-10-08 01:00:00,0.0,0.019158766
2024-10-08 01:15:00,0.0,0.16377003
2024-10-08 01:30:00,0.0,0.04937707
2024-10-08 01:45:00,0.0,0.05147754
2024-10-08 02:00:00,0.0,0.0019966015
2024-10-08 02:15:00,0.0,0.08941454
2024-10-08 02:30:00,0.0,-0.053106684
2024-10-08 02:45:00,0.0,0.27550918
2024-10-08 03:00:00,0.0,0.0033650345
2024-10-08 03:15:00,0.0,-0.0072672367
2024-10-08 03:30:00,0.0,-0.0048777494
2024-10-08 03:45:00,0.0,-0.00785489
2024-10-08 04:00:00,0.0,0.055393178
2024-10-08 04:15:00,0.0,-0.046701606
2024-10-08 04:30:00,0.0,0.020375451
2024-10-08 04:45:00,0.0,0.116302565
2024-10-08 05:00:00,0.0,0.18689121
2024-10-08 05:15:00,0.0,-0.001453481
2024-10-08 05:30:00,0.0,0.2574127
2024-10-08 05:45:00,0.0,-0.0014585094
2024-10-08 06:00:00,0.0,0.22352135
2024-10-08 06:15:00,0.0,0.13076991
2024-10-08 06:30:00,0.0,0.016397761
2024-10-08 06:45:00,0.0,-0.02327078
2024-10-08 07:00:00,0.0,0.02592413
2024-10-08 07:15:00,0.0,0.086162716
2024-10-08 07:30:00,0.0,0.029398326
2024-10-08 07:45:00,0.0,0.035777893
2024-10-08 08:00:00,0.0,0.15010221
2024-10-08 08:15:00,0.0,-0.019742759
2024-10-08 08:30:00,0.0,0.031596534
2024-10-08 08:45:00,0.0,0.8097461
2024-10-08 09:00:00,0.0,0.10412668
2024-10-08 09:15:00,0.0,0.0031452233
2024-10-08 09:30:00,0.0,0.006937594
2024-10-08 09:45:00,0.0,0.023777978
2024-10-08 10:00:00,0.0,-0.007205447
2024-10-08 10:15:00,0.0,0.001135862
2024-10-08 10:30:00,0.0,0.0645051
2024-10-08 10:45:00,0.0,0.00016113986
2024-10-08 11:00:00,0.0,0.12713592
2024-10-08 11:15:00,0.0,0.0666918
2024-10-08 11:30:00,0.0,0.063975655
2024-10-08 11:45:00,0.0,0.039424594
2024-10-08 12:00:00,0.0,0.13062568
2024-10-08 12:15:00,0.0,0.048264295
2024-10-08 12:30:00,0.0,0.039818507
2024-10-08 12:45:00,0.0,0.0952836
2024-10-08 13:00:00,0.0,0.2959752
2024-10-08 13:15:00,0.0,0.043148518
2024-10-08 13:30:00,0.0,-0.012459095
2024-10-08 13:45:00,0.0,0.08331185
2024-10-08 14:00:00,0.0,0.15560372
2024-10-08 14:15:00,0.0,0.0710852
2024-10-08 14:30:00,0.0,0.076235555
2024-10-08 14:45:00,0.0,0.13481076
2024-10-08 15:00:00,0.0,0.0074477796
2024-10-08 15:15:00,0.0,0.030285774
2024-10-08 15:30:00,0.0,0.09034028
2024-10-08 15:45:00,0.0,-0.021086445
2024-10-08 16:00:00,0.0,0.07058121
2024-10-08 16:15:00,0.0,0.02881668
2024-10-08 16:30:00,0.0,0.018220898
2024-10-08 16:45:00,0.0,0.04257186
2024-10-08 17:00:00,0.0,0.023947254
2024-10-08 17:15:00,6.55452895,0.1475518
2024-10-08 17:30:00,0.0,0.22770779
2024-10-08 17:45:00,0.0,0.20113061
2024-10-08 18:00:00,0.0,0.61927015
2024-10-08 18:15:00,0.0,0.009190051
2024-10-08 18:30:00,0.0,0.22972365
2024-10-08 18:45:00,0.0,1.0153952
2024-10-08 19:00:00,0.0,0.054279238
2024-10-08 19:15:00,0.0,0.13887745
2024-10-08 19:30:00,0.0,0.67004436
2024-10-08 19:45:00,0.0,0.070667505
2024-10-08 20:00:00,0.0,0.045496263
2024-10-08 20:15:00,0.0,-0.005983954
2024-10-08 20:30:00,0.0,0.28666627
2024-10-08 20:45:00,0.0,0.3101792
2024-10-08 21:00:00,0.0,0.030555347
2024-10-08 21:15:00,0.0,0.20458493
2024-10-08 21:30:00,0.0,-0.006865757
2024-10-08 21:45:00,4.138423818,0.2947903
2024-10-08 22:00:00,0.0,0.30927077
2024-10-08 22:15:00,0.0,0.7612654
2024-10-08 22:30:00,0.0,0.14172524
2024-10-08 22:45:00,0.0,0.011339355
2024-10-08 23:00:00,0.0,0.15718499
2024-10-08 23:15:00,0.0,0.10636767
2024-10-08 23:30:00,0.0,0.33324197
2024-10-08 23:45:00,0.0,0.01218909
2024-10-09 00:00:00,0.0,0.016039373
2024-10-09 00:15:00,0.0,-0.0064579514
2024-10-09 00:30:00,0.0,0.5509378
2024-10-09 00:45:00,0.0,0.14474106
2024-10-09 01:00:00,0.0,0.10128426
2024-10-09 01:15:00,0.0,0.08581487
2024-10-09 01:30:00,0.0,-0.0117985075
2024-10-09 01:45:00,0.0,0.028104912
2024-10-09 02:00:00,0.0,-0.0022225836
2024-10-09 02:15:00,0.0,0.23899958
2024-10-09 02:30:00,0.0,-0.00971273
2024-10-09 02:45:00,0.0,0.08222401
2024-10-09 03:00:00,0.0,-0.0041394723
2024-10-09 03:15:00,0.0,0.0030197776
2024-10-09 03:30:00,0.0,-0.0497139
2024-10-09 03:45:00,0.0,0.010230183
2024-10-09 04:00:00,0.0,0.49242413
2024-10-09 04:15:00,0.0,0.057473682
2024-10-09 04:30:00,0.0,0.04245248
2024-10-09 04:45:00,0.0,-0.03228242
2024-10-09 05:00:00,0.0,-0.0015407198
2024-10-09 05:15:00,0.0,0.07206577
2024-10-09 05:30:00,0.0,0.22233549
2024-10-09 05:45:00,0.0,0.07847439
2024-10-09 06:00:00,0.0,-0.016022498
2024-10-09 06:15:00,0.0,-0.0148668615
2024-10-09 06:30:00,0.0,0.059131596
2024-10-09 06:45:00,0.0,0.026656507
2024-10-09 07:00:00,0.0,0.15624267
2024-10-09 07:15:00,0.0,0.017706512
2024-10-09 07:30:00,0.0,0.112491615
2024-10-09 07:45:00,0.0,0.003397393
2024-10-09 08:00:00,0.0,0.007353863
2024-10-09 08:15:00,0.0,0.0047026803
2024-10-09 08:30:00,0.0,-0.025512526
2024-10-09 08:45:00,0.0,0.12021133
2024-10-09 09:00:00,0.0,0.21787044
2024-10-09 09:15:00,0.0,-0.024427282
2024-10-09 09:30:00,0.0,-0.021115577
2024-10-09 09:45:00,0.0,0.017571835
2024-10-09 10:00:00,0.0,0.00072111527
2024-10-09 10:15:00,0.0,-0.002365077
2024-10-09 10:30:00,0.0,0.093026765
2024-10-09 10:45:00,0.0,0.12296626
2024-10-09 11:00:00,0.0,0.041653812
2024-10-09 11:15:00,0.0,-0.0110049825
2024-10-09 11:30:00,0.0,0.13351712
2024-10-09 11:45:00,0.0,0.05522566
2024-10-09 12:00:00,0.0,0.05672188
2024-10-09 12:15:00,0.0,0.08265493
2024-10-09 12:30:00,0.0,0.019541994
2024-10-09 12:45:00,0.0,0.19874318
2024-10-09 13:00:00,0.0,0.013840928
2024-10-09 13:15:00,0.0,0.022545801
2024-10-09 13:30:00,0.0,0.085974194
2024-10-09 13:45:00,0.0,0.00025890034
2024-10-09 14:00:00,0.0,0.027614351
2024-10-09 14:15:00,0.0,-0.026917739
2024-10-09 14:30:00,0.0,-0.011594776
2024-10-09 14:45:00,0.0,-0.0014824058
2024-10-09 15:00:00,0.0,0.04156692
2024-10-09 15:15:00,0.0,-0.00491117
2024-10-09 15:30:00,0.0,-0.00913356
2024-10-09 15:45:00,0.0,0.061697777
2024-10-09 16:00:00,0.0,0.00077104766
2024-10-09 16:15:00,3.399598979,-0.011263409
2024-10-09 16:30:00,0.0,0.0704662
2024-10-09 16:45:00,0.0,-0.006885061
2024-10-09 17:00:00,0.0,0.37770292
2024-10-09 17:15:00,0.0,0.014534924
2024-10-09 17:30:00,0.0,0.47010556
2024-10-09 17:45:00,0.0,0.0012782846
2024-10-09 18:00:00,0.0,-0.018814327
2024-10-09 18:15:00,0.0,-0.04457079
2024-10-09 18:30:00,0.0,1.9952903
2024-10-09 18:45:00,0.0,0.15602303
2024-10-09 19:00:00,0.0,0.08109987
2024-10-09 19:15:00,0.0,0.023357416
2024-10-09 19:30:00,0.0,0.0069772005
2024-10-09 19:45:00,0.0,0.17290433
2024-10-09 20:00:00,0.0,-0.0061778445
2024-10-09 20:15:00,0.0,0.01606853
2024-10-09 20:30:00,0.0,0.010123995
2024-10-09 20:45:00,0.0,-0.019090971
2024-10-09 21:00:00,0.0,0.0066168453
2024-10-09 21:15:00,0.0,-0.013230206
2024-10-09 21:30:00,0.0,-0.011416184
2024-10-09 21:45:00,0.0,0.07825849
2024-10-09 22:00:00,0.0,0.008880106
2024-10-09 22:15:00,0.0,0.07397322
2024-10-09 22:30:00,0.0,0.2063762
2024-10-09 22:45:00,0.0,0.01329242
2024-10-09 23:00:00,0.0,0.022434847
2024-10-09 23:15:00,0.0,0.010031014
2024-10-09 23:30:00,0.0,0.057587232
2024-10-09 23:45:00,0.0,0.006870952
2024-10-10 00:00:00,0.0,0.0074013956
2024-10-10 00:15:00,0.0,-0.0019326818
2024-10-10 00:30:00,0.0,0.010502674
2024-10-10 00:45:00,0.0,-0.008697863
2024-10-10 01:00:00,0.0,0.5360849
2024-10-10 01:15:00,0.0,0.0367299
2024-10-10 01:30:00,0.0,0.02926207
2024-10-10 01:45:00,0.0,0.14000894
2024-10-10 02:00:00,0.0,-0.023069656
2024-10-10 02:15:00,0.0,0.065370455
2024-10-10 02:30:00,0.0,0.007666093
2024-10-10 02:45:00,0.0,0.0385558
2024-10-10 03:00:00,0.0,0.016046213
2024-10-10 03:15:00,0.0,0.07707327
2024-10-10 03:30:00,0.0,-0.028571423
2024-10-10 03:45:00,0.0,0.011965838
2024-10-10 04:00:00,0.0,0.016042793
2024-10-10 04:15:00,0.0,0.015124011
2024-10-10 04:30:00,0.0,0.0054612686
2024-10-10 04:45:00,0.0,-0.0080571305
2024-10-10 05:00:00,0.0,-0.007729066
2024-10-10 05:15:00,0.0,-0.044153728
2024-10-10 05:30:00,0.0,0.029373048
2024-10-10 05:45:00,0.0,0.0038120167
2024-10-10 06:00:00,0.0,0.068463095
2024-10-10 06:15:00,2.688978387,0.007109329
2024-10-10 06:30:00,0.0,0.4512716
2024-10-10 06:45:00,0.0,0.067355186
2024-10-10 07:00:00,0.415279722,0.36598366
2024-10-10 07:15:00,0.0,0.10976123
2024-10-10 07:30:00,0.0,0.09369625
2024-10-10 07:45:00,0.0,0.10330406
2024-10-10 08:00:00,0.0,0.013490714
2024-10-10 08:15:00,0.0,0.116849974
2024-10-10 08:30:00,0.0,0.14019616
2024-10-10 08:45:00,0.0,0.024278779
2024-10-10 09:00:00,0.0,0.03859676
2024-10-10 09:15:00,0.0,0.09062627
2024-10-10 09:30:00,0.0,0.11363061
2024-10-10 09:45:00,0.0,0.008403582
2024-10-10 10:00:00,0.0,0.019520925
2024-10-10 10:15:00,0.0,0.019850885
2024-10-10 10:30:00,0.0,0.09493259
2024-10-10 10:45:00,0.0,0.02023033
2024-10-10 11:00:00,0.0,0.07743491
2024-10-10 11:15:00,0.0,0.051817268
2024-10-10 11:30:00,0.0,0.01313914
2024-10-10 11:45:00,0.0,0.009967336
2024-10-10 12:00:00,0.0,0.07464595
2024-10-10 12:15:00,0.0,0.033492535
2024-10-10 12:30:00,0.0,-0.0024679166
2024-10-10 12:45:00,0.0,0.04579777
2024-10-10 13:00:00,0.0,0.015911032
2024-10-10 13:15:00,0.0,-0.00977482
2024-10-10 13:30:00,0.0,0.008299674
2024-10-10 13:45:00,0.0,0.020858686
2024-10-10 14:00:00,0.0,0.014133513
2024-10-10 14:15:00,0.0,0.0061730873
2024-10-10 14:30:00,0.0,-0.0027558065
2024-10-10 14:45:00,0.0,0.017268267
2024-10-10 15:00:00,0.0,0.05177607
2024-10-10 15:15:00,3.557739295,0.10747338
2024-10-10 15:30:00,0.0,-0.014350599
2024-10-10 15:45:00,0.0,0.21662772
2024-10-10 16:00:00,0.0,0.062603146
2024-10-10 16:15:00,1.484898593,-0.021775518
2024-10-10 16:30:00,0.0,-0.037634194
2024-10-10 16:45:00,0.0,0.115200415
2024-10-10 17:00:00,0.0,-0.0438381
2024-10-10 17:15:00,0.0,0.070152104
2024-10-10 17:30:00,0.0,0.82055706
2024-10-10 17:45:00,0.0,0.073353216
2024-10-10 18:00:00,0.0,0.0969435
2024-10-10 18:15:00,0.0,0.060410757
2024-10-10 18:30:00,0.0,0.19486657
2024-10-10 18:45:00,0.0,0.068503805
2024-10-10 19:00:00,0.0,0.31621313
2024-10-10 19:15:00,0.0,0.0038417263
2024-10-10 19:30:00,0.0,0.06595136
2024-10-10 19:45:00,0.0,0.32361135
2024-10-10 20:00:00,0.0,0.3220533
2024-10-10 20:15:00,0.0,-0.029424248
2024-10-10 20:30:00,0.0,0.18541886
2024-10-10 20:45:00,0.0,0.01595468
2024-10-10 21:00:00,0.0,0.05405522
2024-10-10 21:15:00,0.0,0.009692352
2024-10-10 21:30:00,0.0,0.26052186
2024-10-10 21:45:00,0.0,0.03175505
2024-10-10 22:00:00,0.0,0.0069423234
2024-10-10 22:15:00,0.0,0.040650137
2024-10-10 22:30:00,0.0,0.07175543
2024-10-10 22:45:00,0.0,0.22773154
2024-10-10 23:00:00,0.0,0.0012484539
2024-10-10 23:15:00,0.0,0.22091049
2024-10-10 23:30:00,0.0,0.43479902
2024-10-10 23:45:00,0.0,0.33856553
2024-10-11 00:00:00,0.0,0.15001039
2024-10-11 00:15:00,0.0,0.045108255
2024-10-11 00:30:00,0.0,0.45177495
2024-10-11 00:45:00,0.0,0.31827947
2024-10-11 01:00:00,0.0,0.047936376
2024-10-11 01:15:00,0.0,-0.0014843693
2024-10-11 01:30:00,0.0,0.5149966
2024-10-11 01:45:00,0.0,0.40532988
2024-10-11 02:00:00,1.756694916,0.3775689
2024-10-11 02:15:00,0.0,0.59746903
2024-10-11 02:30:00,0.0,0.57786894
2024-10-11 02:45:00,0.0,0.17676029
2024-10-11 03:00:00,0.0,0.21995291
2024-10-11 03:15:00,0.0,0.63105327
2024-10-11 03:30:00,0.0,0.31439143
2024-10-11 03:45:00,0.0,0.57923436
2024-10-11 04:00:00,0.0,0.48260096
2024-10-11 04:15:00,0.0,0.20884635
2024-10-11 04:30:00,0.0,0.5073909
2024-10-11 04:45:00,0.0,0.13878873
2024-10-11 05:00:00,0.0,0.5107846
2024-10-11 05:15:00,0.0,0.04944176
2024-10-11 05:30:00,0.0,0.06867087
2024-10-11 05:45:00,0.0,0.093341686
2024-10-11 06:00:00,0.0,0.15342619
2024-10-11 06:15:00,0.0,0.17793223
2024-10-11 06:30:00,0.09116834762,0.66631496
2024-10-11 06:45:00,0.0,-0.014457508
2024-10-11 07:00:00,0.0,0.03029215
2024-10-11 07:15:00,0.0,-0.033622675
2024-10-11 07:30:00,0.0,0.0060612033
2024-10-11 07:45:00,0.0,0.13186719
2024-10-11 08:00:00,0.0,0.008551143
2024-10-11 08:15:00,0.0,0.0030443394
2024-10-11 08:30:00,0.0,-0.021132348
2024-10-11 08:45:00,0.0,-0.06848856
2024-10-11 09:00:00,0.0,0.026436064
2024-10-11 09:15:00,0.0,-0.018077996
2024-10-11 09:30:00,0.0,0.0017061605
2024-10-11 09:45:00,0.0,-0.033777602
2024-10-11 10:00:00,0.0,0.10848091
2024-10-11 10:15:00,0.0,0.014247769
2024-10-11 10:30:00,0.0,0.003985985
2024-10-11 10:45:00,0.0,0.04950133
2024-10-11 11:00:00,0.0,0.08705744
2024-10-11 11:15:00,0.0,0.030398566
2024-10-11 11:30:00,0.0,0.10031815
2024-10-11 11:45:00,0.0,0.011099399
2024-10-11 12:00:00,0.0,-0.0180195
2024-10-11 12:15:00,0.0,-0.009196129
2024-10-11 12:30:00,0.0,0.008792527
2024-10-11 12:45:00,0.0,0.04723315
2024-10-11 13:00:00,0.0,-0.003800367
2024-10-11 13:15:00,0.0,0.035646606
2024-10-11 13:30:00,0.0,0.008650383
2024-10-11 13:45:00,0.0,-0.021543978
2024-10-11 14:00:00,0.0,0.021493489
2024-10-11 14:15:00,0.0,-0.018664267
2024-10-11 14:30:00,0.0,0.013597991
2024-10-11 14:45:00,0.0,0.0069965725
2024-10-11 15:00:00,0.0,-0.016586764
2024-10-11 15:15:00,0.0,-0.0075826757
2024-10-11 15:30:00,0.0,-0.0015956324
2024-10-11 15:45:00,0.0,0.13584773
2024-10-11 16:00:00,0.0,0.09031025
2024-10-11 16:15:00,0.0,0.019963808
2024-10-11 16:30:00,0.0,-0.01977102
2024-10-11 16:45:00,0.0,0.13078596
2024-10-11 17:00:00,0.0,-0.01643726
2024-10-11 17:15:00,0.0,0.084374756
2024-10-11 17:30:00,0.0,0.016228832
2024-10-11 17:45:00,0.7560106147,0.054517098
2024-10-11 18:00:00,0.0,-0.017895475
2024-10-11 18:15:00,0.0,-0.0073778387
2024-10-11 18:30:00,0.0,-0.026591236
2024-10-11 18:45:00,0.0,-0.012320311
2024-10-11 19:00:00,0.0,-0.01785036
2024-10-11 19:15:00,0.0,0.015594834
2024-10-11 19:30:00,0.0,-0.014691634
2024-10-11 19:45:00,0.0,0.11745428
2024-10-11 20:00:00,0.0,-0.0030699968
2024-10-11 20:15:00,0.0,-0.025933478
2024-10-11 20:30:00,0.0,-0.016309801
2024-10-11 20:45:00,0.0,0.01001885
2024-10-11 21:00:00,0.0,0.011956312
2024-10-11 21:15:00,0.0,-0.009145092
2024-10-11 21:30:00,0.0,0.01765901
2024-10-11 21:45:00,0.0,0.104253136
2024-10-11 22:00:00,0.0,0.065333195
2024-10-11 22:15:00,0.0,0.2323822
2024-10-11 22:30:00,0.0,0.18400143
2024-10-11 22:45:00,0.0,0.028833058
2024-10-11 23:00:00,0.0,0.022427877
2024-10-11 23:15:00,0.0,0.080258794
2024-10-11 23:30:00,0.0,0.04649777
2024-10-11 23:45:00,0.0,0.0045203906
2024-10-12 00:00:00,0.0,0.10822081
2024-10-12 00:15:00,0.0,0.01709109
2024-10-12 00:30:00,0.0,0.10471196
2024-10-12 00:45:00,0.0,0.035125725
2024-10-12 01:00:00,0.0,0.10145561
2024-10-12 01:15:00,0.0,0.19808677
2024-10-12 01:30:00,0.0,0.10076054
2024-10-12 01:45:00,0.0,0.060839906
2024-10-12 02:00:00,0.0,0.06737902
2024-10-12 02:15:00,0.0,0.09356765
2024-10-12 02:30:00,0.0,0.07825839
2024-10-12 02:45:00,0.0,0.04761262
2024-10-12 03:00:00,0.0,0.16551836
2024-10-12 03:15:00,0.0,0.1432184
2024-10-12 03:30:00,0.0,0.07932924
2024-10-12 03:45:00,0.0,0.19015427
2024-10-12 04:00:00,0.0,0.12310245
2024-10-12 04:15:00,0.0,0.06568097
2024-10-12 04:30:00,0.0,0.011153183
2024-10-12 04:45:00,0.0,0.09210646
2024-10-12 05:00:00,0.0,0.07030154
2024-10-12 05:15:00,0.0,0.24501713
2024-10-12 05:30:00,0.0,0.15962693
2024-10-12 05:45:00,0.0,0.13588311
2024-10-12 06:00:00,0.0,0.12487017
2024-10-12 06:15:00,0.0,0.054167576
2024-10-12 06:30:00,0.0,0.015937507
2024-10-12 06:45:00,0.0,0.004934238
2024-10-12 07:00:00,0.0,-0.008578085
2024-10-12 07:15:00,0.0,0.013249647
2024-10-12 07:30:00,0.0,0.004241281
2024-10-12 07:45:00,0.0,0.02482055
2024-10-12 08:00:00,0.0,0.060211647
2024-10-12 08:15:00,0.0,0.0014391441
2024-10-12 08:30:00,0.0,0.053143058
2024-10-12 08:45:00,0.0,0.025614029
2024-10-12 09:00:00,0.0,0.036824945
2024-10-12 09:15:00,0.0,0.3805756
2024-10-12 09:30:00,0.0,0.32176244
2024-10-12 09:45:00,0.0,0.03521516
2024-10-12 10:00:00,0.0,0.031868055
2024-10-12 10:15:00,0.0,0.12478353
2024-10-12 10:30:00,0.0,0.004860349
2024-10-12 10:45:00,0.0,-0.0014684907
2024-10-12 11:00:00,0.0,-0.017942458
2024-10-12 11:15:00,0.0,0.07654155
2024-10-12 11:30:00,0.0,0.038153548
2024-10-12 11:45:00,0.0,0.17464812
2024-10-12 12:00:00,0.0,0.004242995
2024-10-12 12:15:00,0.0,0.09427301
2024-10-12 12:30:00,0.0,0.16011344
2024-10-12 12:45:00,0.2086090116,0.0036712033
2024-10-12 13:00:00,0.0,-0.02710015
2024-10-12 13:15:00,0.0,0.122656554
2024-10-12 13:30:00,0.0,0.08325196
2024-10-12 13:45:00,0.0,0.055138666
2024-10-12 14:00:00,0.0,0.05973349
2024-10-12 14:15:00,5.589477384,0.0034713717
2024-10-12 14:30:00,0.0,1.3508083
2024-10-12 14:45:00,0.0,-0.0066707833
2024-10-12 15:00:00,0.0,0.28658718
2024-10-12 15:15:00,0.0,0.050007246
2024-10-12 15:30:00,0.0,0.040497847
2024-10-12 15:45:00,0.0,-0.02520132
2024-10-12 16:00:00,0.0,-0.013552459
2024-10-12 16:15:00,0.0,0.016637363
2024-10-12 16:30:00,0.0,0.072074935
2024-10-12 16:45:00,0.0,0.079339094
2024-10-12 17:00:00,0.0,0.044942103
2024-10-12 17:15:00,0.0,0.019772124
2024-10-12 17:30:00,0.0,0.027316216
2024-10-12 17:45:00,0.0,-0.0034357272
2024-10-12 18:00:00,0.0,-0.042530145
2024-10-12 18:15:00,0.0,-0.039833903
2024-10-12 18:30:00,0.0,-0.034183968
2024-10-12 18:45:00,0.0,-0.020911247
2024-10-12 19:00:00,0.0,0.018196236
2024-10-12 19:15:00,0.0,0.06223916
2024-10-12 19:30:00,0.0,-0.02803303
2024-10-12 19:45:00,0.0,-0.02188996
2024-10-12 20:00:00,0.0,0.07077753
2024-10-12 20:15:00,0.0,-0.013195561
2024-10-12 20:30:00,0.0,0.002072535
2024-10-12 20:45:00,0.0,0.01199406
2024-10-12 21:00:00,0.0,0.07781644
2024-10-12 21:15:00,0.0,-0.013082742
2024-10-12 21:30:00,0.0,0.060852785
2024-10-12 21:45:00,0.0,0.99104166
2024-10-12 22:00:00,0.0,-0.02366971
2024-10-12 22:15:00,0.0,0.099194005
2024-10-12 22:30:00,0.0,0.13742074
2024-10-12 22:45:00,0.0,0.33184913
2024-10-12 23:00:00,0.0,0.53183794
2024-10-12 23:15:00,0.0,0.19576636
2024-10-12 23:30:00,0.0,0.006205885
2024-10-12 23:45:00,0.0,0.40254277
2024-10-13 00:00:00,0.0,0.1904518
2024-10-13 00:15:00,0.0,-0.020279584
2024-10-13 00:30:00,0.0,0.24064283
2024-10-13 00:45:00,0.0,0.054478087
2024-10-13 01:00:00,0.0,0.08028361
2024-10-13 01:15:00,0.0,0.08413819
2024-10-13 01:30:00,0.0,0.0702949
2024-10-13 01:45:00,0.0,0.025818953
2024-10-13 02:00:00,0.0,0.5570738
2024-10-13 02:15:00,0.0,0.44507092
2024-10-13 02:30:00,0.0,0.004642925
2024-10-13 02:45:00,0.0,0.024753869
2024-10-13 03:00:00,0.0,0.022424787
2024-10-13 03:15:00,0.0,0.04550847
2024-10-13 03:30:00,0.0,0.10344376
2024-10-13 03:45:00,0.0,0.022669759
2024-10-13 04:00:00,0.0,-0.0062420443
2024-10-13 04:15:00,0.0,0.012436399
2024-10-13 04:30:00,0.0,7.953094e-05
2024-10-13 04:45:00,0.0,0.34340706
2024-10-13 05:00:00,0.0,0.0015514849
2024-10-13 05:15:00,0.0,0.008240112
2024-10-13 05:30:00,0.0,0.40105897
2024-10-13 05:45:00,0.0,-0.018241037
2024-10-13 06:00:00,2.823552558,0.0826244
2024-10-13 06:15:00,0.0,-0.016069567
2024-10-13 06:30:00,0.0,1.0008366
2024-10-13 06:45:00,0.0,0.42996442
2024-10-13 07:00:00,0.0,0.018048123
2024-10-13 07:15:00,0.0,-0.008696972
2024-10-13 07:30:00,0.0,0.02743385
2024-10-13 07:45:00,0.0,0.15662293
2024-10-13 08:00:00,0.0,-0.021615956
2024-10-13 08:15:00,0.0,0.030450968
2024-10-13 08:30:00,0.0,0.049025007
2024-10-13 08:45:00,0.0,0.10073821
2024-10-13 09:00:00,0.0,-0.008414217
2024-10-13 09:15:00,0.0,-0.05083483
2024-10-13 09:30:00,0.0,-0.012024554
2024-10-13 09:45:00,0.0,-0.024181563
2024-10-13 10:00:00,0.0,0.011913952
2024-10-13 10:15:00,0.0,0.14266907
2024-10-13 10:30:00,0.0,0.14613746
2024-10-13 10:45:00,0.0,-0.014765491
2024-10-13 11:00:00,0.0,0.044828966
2024-10-13 11:15:00,0.0,0.10559759
2024-10-13 11:30:00,0.0,0.007610343
2024-10-13 11:45:00,0.0,0.33342585
2024-10-13 12:00:00,0.0,0.47309047
2024-10-13 12:15:00,0.0,-0.03577774
2024-10-13 12:30:00,0.0,0.13270435
2024-10-13 12:45:00,0.0,-0.00823909
2024-10-13 13:00:00,0.0,0.13371564
2024-10-13 13:15:00,0.0,0.050901387
2024-10-13 13:30:00,0.0,-0.02609546
2024-10-13 13:45:00,0.0,-0.0060746903
2024-10-13 14:00:00,0.0,0.7229318
2024-10-13 14:15:00,0.0,0.015518585
2024-10-13 14:30:00,0.0,0.12665543
2024-10-13 14:45:00,2.231358021,0.08065611
2024-10-13 15:00:00,0.0,0.076357305
2024-10-13 15:15:00,0.0,0.027153688
2024-10-13 15:30:00,0.0,0.030264374
2024-10-13 15:45:00,0.0,0.062310454
2024-10-13 16:00:00,0.0,0.009183934
2024-10-13 16:15:00,0.0,-0.02195063
2024-10-13 16:30:00,0.0,0.10563348
2024-10-13 16:45:00,0.0,-0.05880035
2024-10-13 17:00:00,0.0,0.020401688
2024-10-13 17:15:00,0.0,0.02004238
2024-10-13 17:30:00,0.0,0.16309637
2024-10-13 17:45:00,0.0,0.0044526635
2024-10-13 18:00:00,0.0,0.06698453
2024-10-13 18:15:00,0.0,-0.041724656
2024-10-13 18:30:00,0.0,0.28930914
2024-10-13 18:45:00,0.0,0.35507718
2024-10-13 19:00:00,0.0,-0.0022372683
2024-10-13 19:15:00,0.0,0.15474772
2024-10-13 19:30:00,0.0,-0.016960058
2024-10-13 19:45:00,0.0,0.04639627
2024-10-13 20:00:00,0.0,0.005416722
2024-10-13 20:15:00,0.0,0.005121955
2024-10-13 20:30:00,0.0,0.04846059
2024-10-13 20:45:00,0.0,0.09360875
2024-10-13 21:00:00,0.0,-0.0145715615
2024-10-13 21:15:00,0.0,0.7609201
2024-10-13 21:30:00,0.0,0.28983158
2024-10-13 21:45:00,0.0,0.007327404
2024-10-13 22:00:00,0.0,0.18438107
2024-10-13 22:15:00,0.0,-0.022927934
2024-10-13 22:30:00,0.0,0.115701675
2024-10-13 22:45:00,0.0,0.06082849
2024-10-13 23:00:00,0.0,0.24589472
2024-10-13 23:15:00,0.0,0.17001204
2024-10-13 23:30:00,0.0,0.049569607
2024-10-13 23:45:00,0.0,0.037389874
2024-10-14 00:00:00,0.0,0.26025712
2024-10-14 00:15:00,0.0,0.113801666
2024-10-14 00:30:00,0.0,0.036596827
2024-10-14 00:45:00,0.0,0.09295358
2024-10-14 01:00:00,0.0,-0.025477432
2024-10-14 01:15:00,0.0,0.046978958
2024-10-14 01:30:00,0.0,0.10601809
2024-10-14 01:45:00,0.0,0.028598312
2024-10-14 02:00:00,0.0,0.011398772
2024-10-14 02:15:00,0.0,-0.008302735
2024-10-14 02:30:00,0.0,0.030926794
2024-10-14 02:45:00,0.0,0.009864737
2024-10-14 03:00:00,0.0,0.021151867
2024-10-14 03:15:00,0.0,0.022545004
2024-10-14 03:30:00,0.0,0.017286481
2024-10-14 03:45:00,0.0,0.052856557
2024-10-14 04:00:00,0.0,0.08726183
2024-10-14 04:15:00,0.0,0.03674496
2024-10-14 04:30:00,4.804759,-0.008433794
2024-10-14 04:45:00,0.0,0.19298276
2024-10-14 05:00:00,0.0,0.028500682
2024-10-14 05:15:00,0.0,-0.019669281
2024-10-14 05:30:00,0.0,0.13457127
2024-10-14 05:45:00,0.0,0.030765627
2024-10-14 06:00:00,0.0,0.087355494
2024-10-14 06:15:00,0.0,-0.014038777
2024-10-14 06:30:00,0.0,0.07088196
2024-10-14 06:45:00,0.0,0.51768655
2024-10-14 07:00:00,0.0,0.011228285
2024-10-14 07:15:00,0.0,0.11397384
2024-10-14 07:30:00,0.0,0.0037573911
2024-10-14 07:45:00,0.0,0.1601323
2024-10-14 08:00:00,0.0,0.01664652
2024-10-14 08:15:00,0.0,0.017751409
2024-10-14 08:30:00,0.0,0.08757732
2024-10-14 08:45:00,0.0,0.018757546
2024-10-14 09:00:00,0.0,-0.023471348
2024-10-14 09:15:00,0.0,-0.018005896
2024-10-14 09:30:00,0.0,0.007285521
2024-10-14 09:45:00,0.0,-0.023453882
2024-10-14 10:00:00,0.0,0.017493105
2024-10-14 10:15:00,0.0,0.004642184
2024-10-14 10:30:00,0.0,-0.023262143
2024-10-14 10:45:00,0.0,0.015754666
2024-10-14 11:00:00,0.0,0.0777453
2024-10-14 11:15:00,0.0,0.27952918
2024-10-14 11:30:00,0.0,0.25594503
2024-10-14 11:45:00,0.0,0.1370292
2024-10-14 12:00:00,0.0,0.10956196
2024-10-14 12:15:00,0.0,0.08242622
2024-10-14 12:30:00,0.0,0.07923004
2024-10-14 12:45:00,0.0,0.036082044
2024-10-14 13:00:00,0.0,0.1189124
2024-10-14 13:15:00,0.0,0.21051526
2024-10-14 13:30:00,0.0,0.04596144
2024-10-14 13:45:00,0.0,0.03844443
2024-10-14 14:00:00,0.0,0.005307119
2024-10-14 14:15:00,0.0,0.014448126
2024-10-14 14:30:00,0.0,0.04617692
2024-10-14 14:45:00,0.0,0.14973645
2024-10-14 15:00:00,0.0,0.02109815
2024-10-14 15:15:00,0.0,0.44909027
2024-10-14 15:30:00,0.0,0.13248764
2024-10-14 15:45:00,0.0,0.024540883
2024-10-14 16:00:00,0.0,0.05501688
2024-10-14 16:15:00,0.0,0.024642656
2024-10-14 16:30:00,0.0,0.167371
2024-10-14 16:45:00,0.0,0.11274558
2024-10-14 17:00:00,0.0,0.1194683
2024-10-14 17:15:00,0.0,0.14530297
2024-10-14 17:30:00,0.0,0.04937548
2024-10-14 17:45:00,0.0,0.006612366
2024-10-14 18:00:00,0.0,0.26965025
2024-10-14 18:15:00,0.0,0.09629079
2024-10-14 18:30:00,0.0,0.08666102
2024-10-14 18:45:00,0.0,0.13606872
2024-10-14 19:00:00,0.0,0.08724036
2024-10-14 19:15:00,0.0,0.14334136
2024-10-14 19:30:00,0.0,0.07198739
2024-10-14 19:45:00,0.0,0.10402809
2024-10-14 20:00:00,0.0,0.08974656
2024-10-14 20:15:00,0.0,0.088316634
2024-10-14 20:30:00,0.0,0.14706813
2024-10-14 20:45:00,0.0,0.14776278
2024-10-14 21:00:00,0.0,0.16218823
2024-10-14 21:15:00,0.0,0.05766579
2024-10-14 21:30:00,0.0,0.1643345
2024-10-14 21:45:00,0.0,0.27286896
2024-10-14 22:00:00,0.0,-0.025521275
2024-10-14 22:15:00,0.0,0.16978905
2024-10-14 22:30:00,0.0,0.15702051
2024-10-14 22:45:00,0.0,0.056893084
2024-10-14 23:00:00,0.0,-0.01714564
2024-10-14 23:15:00,0.0,0.15229823
2024-10-14 23:30:00,0.0,0.019263308
2024-10-14 23:45:00,0.0,0.19530316
2024-10-15 00:00:00,0.0,0.06483186
2024-10-15 00:15:00,0.0,0.02819296
2024-10-15 00:30:00,0.0,0.05341363
2024-10-15 00:45:00,0.0,0.030591657
2024-10-15 01:00:00,0.0,0.120316155
2024-10-15 01:15:00,0.0,0.051451195
2024-10-15 01:30:00,0.0,0.04715143
2024-10-15 01:45:00,0.0,0.09322606
2024-10-15 02:00:00,0.0,0.20941229
2024-10-15 02:15:00,0.0,0.096343294
2024-10-15 02:30:00,0.0,0.04396916
2024-10-15 02:45:00,0.0,0.0019544624
2024-10-15 03:00:00,0.0,0.05046527
2024-10-15 03:15:00,0.0,0.041400004
2024-10-15 03:30:00,0.0,0.062121607
2024-10-15 03:45:00,0.0,0.107995234
2024-10-15 04:00:00,0.0,0.040365957
2024-10-15 04:15:00,0.0,0.08639828
2024-10-15 04:30:00,0.0,0.16339998
2024-10-15 04:45:00,0.0,0.13142622
2024-10-15 05:00:00,0.0,0.032131966
2024-10-15 05:15:00,0.0,0.03784705
2024-10-15 05:30:00,0.0,0.096221656
2024-10-15 05:45:00,0.0,-0.0022552991
2024-10-15 06:00:00,0.0,-0.010753651
2024-10-15 06:15:00,0.0,0.0051736753
2024-10-15 06:30:00,0.0,0.08383125
2024-10-15 06:45:00,0.0,-0.016873138
2024-10-15 07:00:00,0.0,-0.01184301
2024-10-15 07:15:00,0.0,0.029668804
2024-10-15 07:30:00,1.08168674,-0.014921456
2024-10-15 07:45:00,0.0,0.09366399
2024-10-15 08:00:00,0.0,0.021435108
2024-10-15 08:15:00,0.0,0.018047482
2024-10-15 08:30:00,0.0,0.03486055
2024-10-15 08:45:00,0.0,0.11208333
2024-10-15 09:00:00,0.0,-0.009445183
2024-10-15 09:15:00,0.0,-0.0019056775
2024-10-15 09:30:00,0.0,-0.066291995
2024-10-15 09:45:00,0.0,0.689147
2024-10-15 10:00:00,0.0,0.01824553
2024-10-15 10:15:00,0.0,-0.0057558087
2024-10-15 10:30:00,0.0,0.052025948
2024-10-15 10:45:00,0.0,0.011694318
2024-10-15 11:00:00,0.0,0.008595335
2024-10-15 11:15:00,0.0,0.04638921
2024-10-15 11:30:00,0.0,0.05581934
2024-10-15 11:45:00,0.0,0.034007896
2024-10-15 12:00:00,0.0,-0.017651264
2024-10-15 12:15:00,0.0,0.099809654
2024-10-15 12:30:00,0.0,-0.028717455
2024-10-15 12:45:00,0.0,0.31216538
2024-10-15 13:00:00,0.0,-0.008292018
2024-10-15 13:15:00,0.0,0.09395423
2024-10-15 13:30:00,0.0,0.042145036
2024-10-15 13:45:00,0.0,0.021848049
2024-10-15 14:00:00,0.0,0.044746313
2024-10-15 14:15:00,0.0,0.07242568
2024-10-15 14:30:00,0.0,0.024114057
2024-10-15 14:45:00,0.0,0.017960768
2024-10-15 15:00:00,0.0,0.12787673
2024-10-15 15:15:00,0.0,0.0011505806
2024-10-15 15:30:00,0.0,-0.03828858
2024-10-15 15:45:00,0.0,0.012565524
2024-10-15 16:00:00,0.0,0.00088799314
2024-10-15 16:15:00,0.0,0.25008732
2024-10-15 16:30:00,0.0,0.005266051
2024-10-15 16:45:00,0.0,0.050818067
2024-10-15 17:00:00,0.0,0.030601596
2024-10-15 17:15:00,0.0,-0.023546612
2024-10-15 17:30:00,0.0,0.44541246
2024-10-15 17:45:00,0.0,-0.025056629
2024-10-15 18:00:00,0.0,-0.019254355
2024-10-15 18:15:00,0.0,-0.028056111
2024-10-15 18:30:00,0.0,0.021316938
2024-10-15 18:45:00,0.0,0.01860727
2024-10-15 19:00:00,0.0,0.39149943
2024-10-15 19:15:00,0.0,0.3057952
2024-10-15 19:30:00,0.0,0.032448
2024-10-15 19:45:00,0.0,-0.009732254
2024-10-15 20:00:00,0.0,0.010172332
2024-10-15 20:15:00,0.0,0.047687903
2024-10-15 20:30:00,0.0,-0.006141294
2024-10-15 20:45:00,0.0,0.029411672
2024-10-15 21:00:00,0.0,0.0057302415
2024-10-15 21:15:00,0.0,0.01810035
2024-10-15 21:30:00,0.0,0.11032822
2024-10-15 21:45:00,0.0,0.0015901495
2024-10-15 22:00:00,0.0,0.03347509
2024-10-15 22:15:00,0.0,-0.020745732
2024-10-15 22:30:00,0.0,0.004487944
2024-10-15 22:45:00,0.0,0.044711646
2024-10-15 23:00:00,0.0,0.081108354
2024-10-15 23:15:00,0.0,0.011916996
2024-10-15 23:30:00,0.0,0.007243189
2024-10-15 23:45:00,0.0,-0.044556763
2024-10-16 00:00:00,0.0,0.0015796697
2024-10-16 00:15:00,0.0,0.004670456
2024-10-16 00:30:00,0.0,-0.016596321
2024-10-16 00:45:00,0.0,0.1470443
2024-10-16 01:00:00,0.0,-0.010652306
2024-10-16 01:15:00,0.0,-0.0055139763
2024-10-16 01:30:00,0.0,0.28258875
2024-10-16 01:45:00,0.0,0.24698906
2024-10-16 02:00:00,0.0,-0.0016535945
2024-10-16 02:15:00,0.0,0.008154696
2024-10-16 02:30:00,0.0,0.04306827
2024-10-16 02:45:00,0.0,-0.035498023
2024-10-16 03:00:00,0.0,0.16889016
2024-10-16 03:15:00,0.0,0.01813409
2024-10-16 03:30:00,0.0,0.031370953
2024-10-16 03:45:00,0.0,0.017915906
2024-10-16 04:00:00,0.0,0.008589449
2024-10-16 04:15:00,0.0,0.040788908
2024-10-16 04:30:00,0.0,0.23078488
2024-10-16 04:45:00,0.0,-0.0027495497
2024-10-16 05:00:00,0.0,0.04219261
2024-10-16 05:15:00,0.0,-0.026490849
2024-10-16 05:30:00,0.0,0.08279144
2024-10-16 05:45:00,0.0,0.08158101
2024-10-16 06:00:00,0.0,0.0001866475
2024-10-16 06:15:00,0.0,0.034237873
2024-10-16 06:30:00,0.0,0.27311105
2024-10-16 06:45:00,0.0,0.10582829
2024-10-16 07:00:00,0.0,0.14894627
2024-10-16 07:15:00,0.0,-0.023404012
2024-10-16 07:30:00,0.0,-0.013949842
2024-10-16 07:45:00,0.0,0.04307619
2024-10-16 08:00:00,0.0,-0.037395235
2024-10-16 08:15:00,0.0,0.055005837
2024-10-16 08:30:00,0.0,-0.046363797
2024-10-16 08:45:00,0.0,-0.002489727
2024-10-16 09:00:00,0.0,0.006653725
2024-10-16 09:15:00,0.0,-0.00032814793
2024-10-16 09:30:00,0.0,0.0057705645
2024-10-16 09:45:00,0.0,0.022241393
2024-10-16 10:00:00,0.0,-0.003961837
2024-10-16 10:15:00,0.0,-0.005089034
2024-10-16 10:30:00,0.0,0.038898066
2024-10-16 10:45:00,0.0,0.05620547
2024-10-16 11:00:00,0.0,0.14423858
2024-10-16 11:15:00,0.0,0.28027698
2024-10-16 11:30:00,0.0,0.07523773
2024-10-16 11:45:00,0.0,-0.0032695832
2024-10-16 12:00:00,0.0,0.2244439
2024-10-16 12:15:00,0.0,0.04149438
2024-10-16 12:30:00,0.0,0.010218969
2024-10-16 12:45:00,0.0,-0.028597733
2024-10-16 13:00:00,0.0,0.097060226
2024-10-16 13:15:00,0.0,0.076356106
2024-10-16 13:30:00,0.0,0.07544943
2024-10-16 13:45:00,0.0,0.100103475
2024-10-16 14:00:00,0.0,-0.0048718587
2024-10-16 14:15:00,0.0,0.053908285
2024-10-16 14:30:00,0.0,0.07677541
2024-10-16 14:45:00,0.0,0.005171692
2024-10-16 15:00:00,0.0,0.020133464
2024-10-16 15:15:00,0.0,0.07294659
2024-10-16 15:30:00,0.0,0.0277744
2024-10-16 15:45:00,0.0,0.018224623
2024-10-16 16:00:00,0.0,-0.034463014
2024-10-16 16:15:00,0.0,0.051316407
2024-10-16 16:30:00,3.791445095,0.05041703
2024-10-16 16:45:00,0.0,0.0044936514
2024-10-16 17:00:00,0.0,0.22550835
2024-10-16 17:15:00,0.0,0.5169829
2024-10-16 17:30:00,0.0,-0.00704862
2024-10-16 17:45:00,0.0,-0.018873248
2024-10-16 18:00:00,0.0,-0.013397956
2024-10-16 18:15:00,0.0,0.25214994
2024-10-16 18:30:00,0.0,-0.0243237
2024-10-16 18:45:00,0.0,0.10529076
2024-10-16 19:00:00,0.0,-0.0007702423
2024-10-16 19:15:00,0.0,0.06159574
2024-10-16 19:30:00,0.0,-0.025262918
2024-10-16 19:45:00,0.0,-0.013508277
2024-10-16 20:00:00,0.0,0.031044286
2024-10-16 20:15:00,0.0,0.34808758
2024-10-16 20:30:00,0.0,-0.020529464
2024-10-16 20:45:00,0.0,0.036045503
2024-10-16 21:00:00,0.0,0.03465737
2024-10-16 21:15:00,0.0,-0.019042237
2024-10-16 21:30:00,0.0,0.0707155
2024-10-16 21:45:00,0.0,-0.005714146
2024-10-16 22:00:00,0.0,0.004737027
2024-10-16 22:15:00,0.0,-0.020949658
2024-10-16 22:30:00,0.0,-0.010458428
2024-10-16 22:45:00,0.0,0.005506625
2024-10-16 23:00:00,0.0,-0.017495219
2024-10-16 23:15:00,0.0,0.62600577
2024-10-16 23:30:00,0.0,0.006579724
2024-10-16 23:45:00,0.0,-0.04580151
2024-10-17 00:00:00,0.0,0.071468905
2024-10-17 00:15:00,0.0,0.043571454
2024-10-17 00:30:00,0.0,-0.011276929
2024-10-17 00:45:00,0.0,-0.02500894
2024-10-17 01:00:00,0.0,0.016618773
2024-10-17 01:15:00,0.0,0.088694535
2024-10-17 01:30:00,0.0,0.02428391
2024-10-17 01:45:00,0.0,-0.029021876
2024-10-17 02:00:00,0.0,-0.032278366
2024-10-17 02:15:00,0.0,0.007538008
2024-10-17 02:30:00,0.0,-0.05558863
2024-10-17 02:45:00,0.0,0.15581703
2024-10-17 03:00:00,0.0,0.041553225
2024-10-17 03:15:00,0.0,0.007030784
2024-10-17 03:30:00,0.0,0.0023392758
2024-10-17 03:45:00,0.0,0.068724476
2024-10-17 04:00:00,0.0,0.027188659
2024-10-17 04:15:00,0.0,-0.043310117
2024-10-17 04:30:00,0.0,0.0055687465
2024-10-17 04:45:00,0.0,-0.012388286
2024-10-17 05:00:00,0.0,-0.028657176
2024-10-17 05:15:00,0.0,0.05088335
2024-10-17 05:30:00,0.0,0.06276166
2024-10-17 05:45:00,0.0,-0.014132435
2024-10-17 06:00:00,0.0,-0.0055932957
2024-10-17 06:15:00,0.0,0.07222319
2024-10-17 06:30:00,0.0,0.01230258
2024-10-17 06:45:00,0.0,0.005136139
2024-10-17 07:00:00,0.0,0.011601698
2024-10-17 07:15:00,0.0,-0.021004245
2024-10-17 07:30:00,0.0,-0.012432643
2024-10-17 07:45:00,0.0,0.028466465
2024-10-17 08:00:00,0.0,-0.045609836
2024-10-17 08:15:00,0.0,0.072511755
2024-10-17 08:30:00,0.0,0.0044961567
2024-10-17 08:45:00,0.0,-0.036823194
2024-10-17 09:00:00,0.0,-0.0026065616
2024-10-17 09:15:00,0.0,0.0003268372
2024-10-17 09:30:00,0.0,0.026518617
2024-10-17 09:45:00,0.0,0.030189276
2024-10-17 10:00:00,0.0,0.051328626
2024-10-17 10:15:00,0.0,0.0132627925
2024-10-17 10:30:00,0.0,-0.00029359662
2024-10-17 10:45:00,0.0,0.028510973
2024-10-17 11:00:00,0.0,0.057861544
2024-10-17 11:15:00,0.0,0.10454069
2024-10-17 11:30:00,0.0,0.08319537
2024-10-17 11:45:00,0.0,0.043865822
2024-10-17 12:00:00,0.0,0.007425817
2024-10-17 12:15:00,0.0,0.028432108
2024-10-17 12:30:00,0.0,0.01691185
2024-10-17 12:45:00,0.0,0.030751187
2024-10-17 13:00:00,0.0,0.016401704
2024-10-17 13:15:00,0.0,0.01684987
2024-10-17 13:30:00,0.0,-0.0067647323
2024-10-17 13:45:00,0.0,0.0007352936
2024-10-17 14:00:00,0.0,0.011745758
2024-10-17 14:15:00,0.0,0.12590571
2024-10-17 14:30:00,0.0,0.017371485
2024-10-17 14:45:00,0.0,-0.0095138755
2024-10-17 15:00:00,0.0,0.006818328
2024-10-17 15:15:00,0.0,0.031171916
2024-10-17 15:30:00,0.0,0.04461354
2024-10-17 15:45:00,0.0,-0.037023008
2024-10-17 16:00:00,9.875689103,-0.018131807
2024-10-17 16:15:00,0.0,3.9539392
2024-10-17 16:30:00,0.0,0.4361932
2024-10-17 16:45:00,0.0,0.5197841
2024-10-17 17:00:00,0.0,0.36564702
2024-10-17 17:15:00,0.0,0.2986404
2024-10-17 17:30:00,0.0,0.7404815
2024-10-17 17:45:00,0.0,0.20465809
2024-10-17 18:00:00,0.0,0.11976369
2024-10-17 18:15:00,0.0,0.13925308
2024-10-17 18:30:00,0.0,0.020620635
2024-10-17 18:45:00,0.0,-0.0152756255
2024-10-17 19:00:00,0.0,0.11734942
2024-10-17 19:15:00,0.0,0.018259495
2024-10-17 19:30:00,0.0,-0.022853203
2024-10-17 19:45:00,0.0,0.07094837
2024-10-17 20:00:00,0.0,0.25587526
2024-10-17 20:15:00,0.0,0.042397387
2024-10-17 20:30:00,0.0,0.040016703
2024-10-17 20:45:00,0.0,0.11077572
2024-10-17 21:00:00,0.0,0.014041987
2024-10-17 21:15:00,0.0,0.37844872
2024-10-17 21:30:00,0.0,-0.02948337
2024-10-17 21:45:00,0.0,0.24622318
2024-10-17 22:00:00,0.0,0.206267
2024-10-17 22:15:00,0.0,1.9245421
2024-10-17 22:30:00,0.0,0.08993122
2024-10-17 22:45:00,0.0,0.51524276
2024-10-17 23:00:00,0.0,0.09874942
2024-10-17 23:15:00,0.0,0.05423393
2024-10-17 23:30:00,0.0,0.11658069
2024-10-17 23:45:00,0.0,-0.039220903
2024-10-18 00:00:00,0.0,0.17809033
2024-10-18 00:15:00,0.0,-0.036654733
2024-10-18 00:30:00,0.0,-0.0075558173
2024-10-18 00:45:00,0.0,0.04565691
2024-10-18 01:00:00,0.0,0.044170443
2024-10-18 01:15:00,0.0,0.056224074
2024-10-18 01:30:00,0.0,0.09908717
2024-10-18 01:45:00,0.0,5.3742693e-05
2024-10-18 02:00:00,0.0,0.10085542
2024-10-18 02:15:00,0.3871218122,-0.010457988
2024-10-18 02:30:00,0.0,0.023668136
2024-10-18 02:45:00,0.0,0.022609591
2024-10-18 03:00:00,0.0,0.36699745
2024-10-18 03:15:00,0.0,0.33122748
2024-10-18 03:30:00,0.0,0.019951567
2024-10-18 03:45:00,0.0,-0.014440006
2024-10-18 04:00:00,0.0,-0.051031623
2024-10-18 04:15:00,0.0,0.12662928
2024-10-18 04:30:00,0.0,0.03348191
2024-10-18 04:45:00,0.0,0.034836393
2024-10-18 05:00:00,0.0,-0.023704037
2024-10-18 05:15:00,0.0,-0.0053768894
2024-10-18 05:30:00,0.0,0.0064069345
2024-10-18 05:45:00,0.0,0.03653492
2024-10-18 06:00:00,0.0,0.031692132
2024-10-18 06:15:00,0.0,0.0006066301
2024-10-18 06:30:00,0.0,-0.01053876
2024-10-18 06:45:00,0.0,0.029079994
2024-10-18 07:00:00,0.0,0.09928186
2024-10-18 07:15:00,0.0,0.273591
2024-10-18 07:30:00,0.0,-0.0024450847
2024-10-18 07:45:00,0.0,-0.033477932
2024-10-18 08:00:00,0.0,0.06556725
2024-10-18 08:15:00,0.0,-0.031173289
2024-10-18 08:30:00,0.0,0.032216303
2024-10-18 08:45:00,0.0,0.012909644
2024-10-18 09:00:00,0.0,0.050326593
2024-10-18 09:15:00,0.0,-0.01504324
2024-10-18 09:30:00,5.39214704,0.015141948
2024-10-18 09:45:00,0.0,0.014266245
2024-10-18 10:00:00,0.0,0.022541545
2024-10-18 10:15:00,0.0,0.13094342
2024-10-18 10:30:00,0.0,-0.023101676
2024-10-18 10:45:00,0.0,-0.029094316
2024-10-18 11:00:00,0.0,0.08872913
2024-10-18 11:15:00,0.0,0.10366034
2024-10-18 11:30:00,0.0,0.0070472816
2024-10-18 11:45:00,0.0,0.1670668
2024-10-18 12:00:00,0.0,-0.036152877
2024-10-18 12:15:00,0.0,0.15618366
2024-10-18 12:30:00,0.0,0.03928379
2024-10-18 12:45:00,0.0,0.21504198
2024-10-18 13:00:00,0.0,0.048929363
2024-10-18 13:15:00,0.0,0.004925996
2024-10-18 13:30:00,0.0,-0.026683051
2024-10-18 13:45:00,0.0,-0.02717523
2024-10-18 14:00:00,0.0,-0.018267214
2024-10-18 14:15:00,0.0,-0.011492855
2024-10-18 14:30:00,0.0,0.009106759
2024-10-18 14:45:00,0.0,-0.018897073
2024-10-18 15:00:00,0.0,-0.016944958
2024-10-18 15:15:00,0.0,-0.015049929
2024-10-18 15:30:00,0.0,-0.008036973
2024-10-18 15:45:00,0.0,-0.015708154
2024-10-18 16:00:00,0.0,-0.045128424
2024-10-18 16:15:00,0.0,0.021959616
2024-10-18 16:30:00,0.0,-0.010256506
2024-10-18 16:45:00,0.0,0.19215238
2024-10-18 17:00:00,0.0,0.40777978
2024-10-18 17:15:00,0.0,0.013490357
2024-10-18 17:30:00,0.0,-0.022501674
2024-10-18 17:45:00,0.0,0.04355951
2024-10-18 18:00:00,0.0,0.09910286
2024-10-18 18:15:00,0.0,0.11721364
2024-10-18 18:30:00,0.0,0.011879149
2024-10-18 18:45:00,0.0,0.05548399
2024-10-18 19:00:00,0.0,-0.01013085
2024-10-18 19:15:00,0.0,-0.057369318
2024-10-18 19:30:00,0.0,0.0023489632
2024-10-18 19:45:00,0.0,-0.033087753
2024-10-18 20:00:00,0.0,-0.020936884
2024-10-18 20:15:00,0.0,-0.009966218
2024-10-18 20:30:00,0.0,0.0036222953
2024-10-18 20:45:00,0.0,-0.0015677098
2024-10-18 21:00:00,0.0,0.018411038
2024-10-18 21:15:00,0.0,0.048792586
2024-10-18 21:30:00,0.0,-0.012616981
2024-10-18 21:45:00,0.0,0.14379242
2024-10-18 22:00:00,0.0,-0.018652402
2024-10-18 22:15:00,0.0,-0.0040692836
2024-10-18 22:30:00,0.0,-0.00011488017
2024-10-18 22:45:00,0.0,0.046735734
2024-10-18 23:00:00,0.0,0.023702811
2024-10-18 23:15:00,0.0,-0.011863563
2024-10-18 23:30:00,0.0,0.017514834
2024-10-18 23:45:00,0.0,-0.022566201
2024-10-19 00:00:00,0.0,-0.010848565
2024-10-19 00:15:00,0.0,0.01367119
2024-10-19 00:30:00,0.0,-0.0086416025
2024-10-19 00:45:00,0.0,-0.0001926882
2024-10-19 01:00:00,0.0,0.051362474
2024-10-19 01:15:00,0.0,0.0037199385
2024-10-19 01:30:00,3.754525962,-0.00898654
2024-10-19 01:45:00,0.0,-0.010957489
2024-10-19 02:00:00,0.0,0.06405882
2024-10-19 02:15:00,0.0,1.1288661
2024-10-19 02:30:00,0.0,0.32867813
2024-10-19 02:45:00,0.0,-0.038002055
2024-10-19 03:00:00,0.0,-0.012927349
2024-10-19 03:15:00,0.0,-0.014506747
2024-10-19 03:30:00,0.0,-0.025830097
2024-10-19 03:45:00,0.0,0.4030825
2024-10-19 04:00:00,0.0,-0.009942572
2024-10-19 04:15:00,0.0,0.008258429
2024-10-19 04:30:00,0.0,0.0497848
2024-10-19 04:45:00,0.0,0.059310414
2024-10-19 05:00:00,0.0,-0.02103474
2024-10-19 05:15:00,0.0,0.22247383
2024-10-19 05:30:00,0.0,0.13852333
2024-10-19 05:45:00,0.0,0.001411248
2024-10-19 06:00:00,0.0,-0.0046917326
2024-10-19 06:15:00,0.0,-0.011764263
2024-10-19 06:30:00,0.0,0.06436134
2024-10-19 06:45:00,0.0,0.026675062
2024-10-19 07:00:00,0.0,0.051317275
2024-10-19 07:15:00,0.0,-0.019883733
2024-10-19 07:30:00,0.0,-0.014519825
2024-10-19 07:45:00,0.0,0.107422255
2024-10-19 08:00:00,1.454052979,0.33346626
2024-10-19 08:15:00,0.0,0.14635672
2024-10-19 08:30:00,0.0,0.080881156
2024-10-19 08:45:00,0.0,0.17619522
2024-10-19 09:00:00,0.0,0.2240602
2024-10-19 09:15:00,0.0,0.110634804
2024-10-19 09:30:00,0.0,0.099598266
2024-10-19 09:45:00,0.0,0.69766873
2024-10-19 10:00:00,0.0,0.12715383
2024-10-19 10:15:00,0.0,0.24744289
2024-10-19 10:30:00,0.0,0.0033278503
2024-10-19 10:45:00,0.0,0.36921832
2024-10-19 11:00:00,0.0,-0.010945977
2024-10-19 11:15:00,0.0,0.011252544
2024-10-19 11:30:00,0.0,0.10142198
2024-10-19 11:45:00,0.0,-0.06196724
2024-10-19 12:00:00,0.0,0.08133673
2024-10-19 12:15:00,0.0,-0.025560144
2024-10-19 12:30:00,0.0,0.010416421
2024-10-19 12:45:00,0.0,0.06726201
2024-10-19 13:00:00,0.0,0.122116566
2024-10-19 13:15:00,0.0,0.06068696
2024-10-19 13:30:00,0.0,-0.031102033
2024-10-19 13:45:00,0.0,0.0013837247
2024-10-19 14:00:00,0.0,0.08007431
2024-10-19 14:15:00,0.0,0.045253605
2024-10-19 14:30:00,0.0,0.34378275
2024-10-19 14:45:00,0.0,-0.012055176
2024-10-19 15:00:00,0.0,-0.013846758
2024-10-19 15:15:00,0.0,-0.0027737601
2024-10-19 15:30:00,0.0,0.029248094
2024-10-19 15:45:00,0.0,0.097234294
2024-10-19 16:00:00,0.0,-0.006060311
2024-10-19 16:15:00,0.0,-0.02781137
2024-10-19 16:30:00,0.0,0.12374632
2024-10-19 16:45:00,4.271309173,0.19714214
2024-10-19 17:00:00,0.0,0.094097205
2024-10-19 17:15:00,0.0,-0.007356799
2024-10-19 17:30:00,0.0,0.0934683
2024-10-19 17:45:00,0.0,0.12311235
2024-10-19 18:00:00,0.0,0.024123356
2024-10-19 18:15:00,0.0,0.02235004
2024-10-19 18:30:00,0.0,0.07055304
2024-10-19 18:45:00,0.0,-0.02012666
2024-10-19 19:00:00,0.0,0.012062337
2024-10-19 19:15:00,0.0,0.034789287
2024-10-19 19:30:00,0.0,-0.03457007
2024-10-19 19:45:00,0.0,-0.018812584
2024-10-19 20:00:00,0.0,0.09502982
2024-10-19 20:15:00,0.0,-0.010930521
2024-10-19 20:30:00,0.0,0.04698385
2024-10-19 20:45:00,0.0,-0.02119941
2024-10-19 21:00:00,0.0,0.024749018
2024-10-19 21:15:00,0.0,0.05905569
2024-10-19 21:30:00,0.0,0.018927248
2024-10-19 21:45:00,0.0,0.10127326
2024-10-19 22:00:00,0.0,0.13993552
2024-10-19 22:15:00,0.0,-0.005962254
2024-10-19 22:30:00,0.0,0.25929493
2024-10-19 22:45:00,0.0,-0.046703212
2024-10-19 23:00:00,0.0,0.397717
2024-10-19 23:15:00,0.0,0.06386225
2024-10-19 23:30:00,0.0,-0.0058741462
2024-10-19 23:45:00,0.0,0.07199689
2024-10-20 00:00:00,0.0,0.058285818
2024-10-20 00:15:00,0.0,0.24395953
2024-10-20 00:30:00,0.0,0.03414348
2024-10-20 00:45:00,0.0,0.036751904
2024-10-20 01:00:00,0.0,0.3635081
2024-10-20 01:15:00,0.0,-0.011316895
2024-10-20 01:30:00,0.0,0.037383877
2024-10-20 01:45:00,0.0,0.18706036
2024-10-20 02:00:00,0.0,-0.02306581
2024-10-20 02:15:00,0.0,0.0041189548
2024-10-20 02:30:00,0.0,-0.026130613
2024-10-20 02:45:00,0.0,0.04517116
2024-10-20 03:00:00,0.0,-0.015972154
2024-10-20 03:15:00,0.0,-0.028944047
2024-10-20 03:30:00,0.0,-0.00520833
2024-10-20 03:45:00,0.0,-0.015483832
2024-10-20 04:00:00,0.0,0.0028401688
2024-10-20 04:15:00,0.0,0.044931214
2024-10-20 04:30:00,0.0,0.15553857
2024-10-20 04:45:00,0.0,0.053023513
2024-10-20 05:00:00,0.0,0.006362435
2024-10-20 05:15:00,0.0,0.06726661
2024-10-20 05:30:00,0.0,0.036309894
2024-10-20 05:45:00,0.0,0.11082841
2024-10-20 06:00:00,0.0,0.43718576
2024-10-20 06:15:00,0.0,-0.019462047
2024-10-20 06:30:00,0.0,-0.0048593627
2024-10-20 06:45:00,0.0,0.029755227
2024-10-20 07:00:00,0.0,0.0330472
2024-10-20 07:15:00,0.0,-0.0024621584
2024-10-20 07:30:00,0.0,0.3841868
2024-10-20 07:45:00,0.0,0.005949217
2024-10-20 08:00:00,0.0,0.05245781
2024-10-20 08:15:00,0.0,0.19571349
2024-10-20 08:30:00,0.0,0.046420045
2024-10-20 08:45:00,0.0,0.044513434
2024-10-20 09:00:00,0.0,0.050314054
2024-10-20 09:15:00,0.0,-0.009062816
2024-10-20 09:30:00,0.0,0.06678677
2024-10-20 09:45:00,4.945145391,0.6005971
2024-10-20 10:00:00,0.0,-0.03259463
2024-10-20 10:15:00,0.0,0.1311629
2024-10-20 10:30:00,0.0,0.41861197
2024-10-20 10:45:00,0.0,0.2191046
2024-10-20 11:00:00,0.0,0.60443807
2024-10-20 11:15:00,0.0,0.7470229
2024-10-20 11:30:00,0.0,0.009533201
2024-10-20 11:45:00,0.0,0.40079573
2024-10-20 12:00:00,0.0,0.12241789
2024-10-20 12:15:00,0.0,0.04205241
2024-10-20 12:30:00,0.0,0.04645641
2024-10-20 12:45:00,0.0,0.013595054
2024-10-20 13:00:00,0.0,0.17018339
2024-10-20 13:15:00,0.0,-0.027747156
2024-10-20 13:30:00,0.0,0.0030553867
2024-10-20 13:45:00,0.0,-0.013723074
2024-10-20 14:00:00,0.0,-0.046492316
2024-10-20 14:15:00,0.0,0.103923716
2024-10-20 14:30:00,0.0,0.037928905
2024-10-20 14:45:00,0.0,-0.0056960513
2024-10-20 15:00:00,0.0,-0.048760243
2024-10-20 15:15:00,0.0,-0.009970795
2024-10-20 15:30:00,0.0,0.115837805
2024-10-20 15:45:00,0.0,-0.0015587431
2024-10-20 16:00:00,0.0,0.0046371385
2024-10-20 16:15:00,0.0,0.031034593
2024-10-20 16:30:00,0.0,-0.01595902
2024-10-20 16:45:00,0.0,0.037102
2024-10-20 17:00:00,0.0,0.1429486
2024-10-20 17:15:00,0.0,0.03804682
2024-10-20 17:30:00,0.0,0.011810982
2024-10-20 17:45:00,0.0,0.07542147
2024-10-20 18:00:00,0.0,0.027068716
2024-10-20 18:15:00,0.0,0.045849573
2024-10-20 18:30:00,0.0,0.021223614
2024-10-20 18:45:00,0.0,0.48987535
2024-10-20 19:00:00,0.0,0.03232297
2024-10-20 19:15:00,0.0,0.013163761
2024-10-20 19:30:00,0.0,0.035700813
2024-10-20 19:45:00,0.0,0.24486206
2024-10-20 20:00:00,0.0,0.10373851
2024-10-20 20:15:00,0.0,-0.0061803926
2024-10-20 20:30:00,0.0,0.023640562
2024-10-20 20:45:00,0.0,0.1166093
2024-10-20 21:00:00,0.0,0.04446944
2024-10-20 21:15:00,0.0,0.10889654
2024-10-20 21:30:00,0.0,0.040504098
2024-10-20 21:45:00,0.0,0.037774425
2024-10-20 22:00:00,0.0,0.06730866
2024-10-20 22:15:00,0.0,0.04216471
2024-10-20 22:30:00,0.0,0.00685371
2024-10-20 22:45:00,0.0,0.5053677
2024-10-20 23:00:00,0.0,0.21271703
2024-10-20 23:15:00,0.0,0.13107954
2024-10-20 23:30:00,0.0,0.28531796
2024-10-20 23:45:00,0.0,0.22064061
2024-10-21 00:00:00,0.0,0.10897647
2024-10-21 00:15:00,0.0,0.082270235
2024-10-21 00:30:00,0.0,0.037552517
2024-10-21 00:45:00,0.0,0.040747084
2024-10-21 01:00:00,0.0,0.023225904
2024-10-21 01:15:00,0.0,-0.029729918
2024-10-21 01:30:00,0.0,-0.004301692
2024-10-21 01:45:00,0.0,0.19136581
2024-10-21 02:00:00,0.0,0.032322537
2024-10-21 02:15:00,0.0,0.09018602
2024-10-21 02:30:00,0.0,0.061213527
2024-10-21 02:45:00,0.0,0.13678879
2024-10-21 03:00:00,0.0,0.08123724
2024-10-21 03:15:00,0.0,0.120013826
2024-10-21 03:30:00,0.0,0.09583214
2024-10-21 03:45:00,0.0,-0.0060823415
2024-10-21 04:00:00,0.0,0.35741666
2024-10-21 04:15:00,0.0,0.14493726
2024-10-21 04:30:00,0.0,0.19455646
2024-10-21 04:45:00,1.066100447,0.012695437
2024-10-21 05:00:00,0.0,-0.0017321717
2024-10-21 05:15:00,0.0,0.1684742
2024-10-21 05:30:00,0.0,-0.013446699
2024-10-21 05:45:00,0.0,0.0978535
2024-10-21 06:00:00,0.0,0.07165879
2024-10-21 06:15:00,0.0,0.06514983
2024-10-21 06:30:00,0.0,0.011700937
2024-10-21 06:45:00,0.0,0.038423356
2024-10-21 07:00:00,0.0,0.19226576
2024-10-21 07:15:00,0.0,-0.006069108
2024-10-21 07:30:00,0.0,-0.003982686
2024-10-21 07:45:00,0.0,0.31081536
2024-10-21 08:00:00,0.0,0.029184218
2024-10-21 08:15:00,0.0,0.19522502
2024-10-21 08:30:00,0.0,0.0154026365
2024-10-21 08:45:00,0.0,0.050655164
2024-10-21 09:00:00,0.0,0.0267335
2024-10-21 09:15:00,0.0,0.012469305
2024-10-21 09:30:00,0.0,0.35269094
2024-10-21 09:45:00,0.0,-0.004421755
2024-10-21 10:00:00,0.0,0.11790878
2024-10-21 10:15:00,0.0,-0.034149546
2024-10-21 10:30:00,0.0,0.07506393
2024-10-21 10:45:00,0.0,0.031447053
2024-10-21 11:00:00,0.0,0.045280408
2024-10-21 11:15:00,0.0,0.0034405298
2024-10-21 11:30:00,0.0,0.4621046
2024-10-21 11:45:00,0.0,0.0059833867
2024-10-21 12:00:00,0.0,-0.0015675717
2024-10-21 12:15:00,0.0,0.024823204
2024-10-21 12:30:00,0.0,0.017817022
2024-10-21 12:45:00,0.0,0.046387646
2024-10-21 13:00:00,0.0,0.22187346
2024-10-21 13:15:00,5.175462673,0.009566371
2024-10-21 13:30:00,0.0,0.6764708
2024-10-21 13:45:00,0.0,0.0045384034
2024-10-21 14:00:00,0.0,-0.037635636
2024-10-21 14:15:00,0.0,0.07796089
2024-10-21 14:30:00,0.0,0.19716944
2024-10-21 14:45:00,0.0,0.037472285
2024-10-21 15:00:00,0.0,0.18558584
2024-10-21 15:15:00,0.0,0.06108033
2024-10-21 15:30:00,0.0,-0.019781437
2024-10-21 15:45:00,0.0,0.0764308
2024-10-21 16:00:00,0.0,0.10043828
2024-10-21 16:15:00,0.0,-0.020140316
2024-10-21 16:30:00,0.0,0.094907716
2024-10-21 16:45:00,0.0,0.06372306
2024-10-21 17:00:00,0.0,0.04676911
2024-10-21 17:15:00,0.0,-0.036761828
2024-10-21 17:30:00,0.0,-0.0020445604
2024-10-21 17:45:00,0.0,0.06240285
2024-10-21 18:00:00,0.0,-0.02482218
2024-10-21 18:15:00,0.0,0.24300762
2024-10-21 18:30:00,0.0,0.16415416
2024-10-21 18:45:00,0.0,-0.010943286
2024-10-21 19:00:00,0.0,0.09821107
2024-10-21 19:15:00,0.0,0.10785336
2024-10-21 19:30:00,0.0,0.08539573
2024-10-21 19:45:00,0.0,0.07818375
2024-10-21 20:00:00,0.0,0.013866761
2024-10-21 20:15:00,0.0,-0.023229107
2024-10-21 20:30:00,0.0,0.16624428
2024-10-21 20:45:00,0.0,-0.022481287
2024-10-21 21:00:00,0.0,0.044502053
2024-10-21 21:15:00,0.0,-0.006040109
2024-10-21 21:30:00,0.0,0.22676681
2024-10-21 21:45:00,0.0,0.0176983
2024-10-21 22:00:00,0.0,0.006253109
2024-10-21 22:15:00,0.0,-0.01731853
2024-10-21 22:30:00,0.0,-0.037854653
2024-10-21 22:45:00,0.0,0.003819513
2024-10-21 23:00:00,0.0,0.040191703
2024-10-21 23:15:00,0.0,0.015577429
2024-10-21 23:30:00,0.0,0.26488003
2024-10-21 23:45:00,0.0,0.05154068
2024-10-22 00:00:00,0.0,0.0011999537
2024-10-22 00:15:00,0.0,0.016150124
2024-10-22 00:30:00,0.0,-0.0129763745
2024-10-22 00:45:00,0.0,0.047342204
2024-10-22 01:00:00,0.0,-0.011697707
2024-10-22 01:15:00,0.0,0.053758565
2024-10-22 01:30:00,0.0,0.03159504
2024-10-22 01:45:00,0.0,-0.023745807
2024-10-22 02:00:00,0.0,0.092779346
2024-10-22 02:15:00,0.0,-0.035083856
2024-10-22 02:30:00,0.0,0.03423397
2024-10-22 02:45:00,0.0,0.0071058064
2024-10-22 03:00:00,0.0,0.09246406
2024-10-22 03:15:00,0.0,0.013949602
2024-10-22 03:30:00,0.0,0.011546455
2024-10-22 03:45:00,0.0,0.035222378
2024-10-22 04:00:00,0.0,0.030661397
2024-10-22 04:15:00,0.0,0.041703656
2024-10-22 04:30:00,0.0,-0.017313998
2024-10-22 04:45:00,0.0,-0.012888745
2024-10-22 05:00:00,0.0,-0.014135254
2024-10-22 05:15:00,0.0,-0.0006247788
2024-10-22 05:30:00,0.0,-0.0058198734
2024-10-22 05:45:00,0.0,0.10427398
2024-10-22 06:00:00,0.0,0.13114765
2024-10-22 06:15:00,0.0,0.10391365
2024-10-22 06:30:00,0.0,0.0052160984
2024-10-22 06:45:00,0.0,-0.0032308025
2024-10-22 07:00:00,0.0,0.054827638
2024-10-22 07:15:00,0.0,-0.0009885065
2024-10-22 07:30:00,0.0,0.07386214
2024-10-22 07:45:00,0.0,0.11340241
2024-10-22 08:00:00,6.753380009,-0.0026378944
2024-10-22 08:15:00,0.0,2.9244645
2024-10-22 08:30:00,0.0,-0.0044034696
2024-10-22 08:45:00,0.0,-0.007142059
2024-10-22 09:00:00,0.0,0.3735873
2024-10-22 09:15:00,0.0,0.45908707
2024-10-22 09:30:00,0.0,0.09014222
2024-10-22 09:45:00,0.0,-0.07447848
2024-10-22 10:00:00,0.0,0.705097
2024-10-22 10:15:00,0.0,0.08151592
2024-10-22 10:30:00,0.0,0.39865795
2024-10-22 10:45:00,0.0,-0.02445685
2024-10-22 11:00:00,0.0,0.0148343
2024-10-22 11:15:00,0.0,0.016107205
2024-10-22 11:30:00,0.0,-0.008622394
2024-10-22 11:45:00,0.0,-0.026542336
2024-10-22 12:00:00,0.0,-0.0153729785
2024-10-22 12:15:00,0.0,-0.01438521
2024-10-22 12:30:00,0.0,0.04668546
2024-10-22 12:45:00,0.0,0.44604778
2024-10-22 13:00:00,0.0,0.04521458
2024-10-22 13:15:00,0.0,0.064309195
2024-10-22 13:30:00,0.0,0.088972725
2024-10-22 13:45:00,0.0,0.0044539664
2024-10-22 14:00:00,0.0,0.053888258
2024-10-22 14:15:00,0.0,0.5714527
2024-10-22 14:30:00,0.0,-0.009492632
2024-10-22 14:45:00,0.0,0.03161907
2024-10-22 15:00:00,0.0,0.06840794
2024-10-22 15:15:00,0.0,0.20689517
2024-10-22 15:30:00,0.0,0.006980091
2024-10-22 15:45:00,0.9830176899,0.001281385
2024-10-22 16:00:00,0.0,0.030958818
2024-10-22 16:15:00,0.0,-0.042562384
2024-10-22 16:30:00,0.0,0.16409363
2024-10-22 16:45:00,0.0,-0.019852512
2024-10-22 17:00:00,0.0,-0.023570722
2024-10-22 17:15:00,0.0,-0.024120009
2024-10-22 17:30:00,0.0,0.007810033
2024-10-22 17:45:00,0.0,0.021886978
2024-10-22 18:00:00,0.0,0.14065474
2024-10-22 18:15:00,0.0,0.00365964
2024-10-22 18:30:00,0.0,0.0070399083
2024-10-22 18:45:00,0.0,0.11281542
2024-10-22 19:00:00,0.0,0.015208788
2024-10-22 19:15:00,0.0,-0.021104043
2024-10-22 19:30:00,0.0,0.10713663
2024-10-22 19:45:00,0.0,0.0018079141
2024-10-22 20:00:00,0.0,-0.01625507
2024-10-22 20:15:00,0.0,0.023634134
2024-10-22 20:30:00,0.0,-0.01337119
2024-10-22 20:45:00,0.0,0.12552032
2024-10-22 21:00:00,0.0,0.032995313
2024-10-22 21:15:00,0.0,-0.019482737
2024-10-22 21:30:00,0.0,0.022782074
2024-10-22 21:45:00,0.0,0.020321926
2024-10-22 22:00:00,0.0,0.0050865104
2024-10-22 22:15:00,0.0,0.028775834
2024-10-22 22:30:00,0.0,-9.67878e-05
2024-10-22 22:45:00,0.0,-0.032923073
2024-10-22 23:00:00,0.0,-0.0261635
2024-10-22 23:15:00,0.0,0.35414112
2024-10-22 23:30:00,0.0,0.029303059
2024-10-22 23:45:00,0.0,0.04124664
2024-10-23 00:00:00,0.0,-0.0047322507
2024-10-23 00:15:00,0.0,-0.003957303
2024-10-23 00:30:00,0.0,0.17966649
2024-10-23 00:45:00,0.0,0.03108808
2024-10-23 01:00:00,0.0,-0.015658606
2024-10-23 01:15:00,0.0,0.038102288
2024-10-23 01:30:00,0.0,-0.011408974
2024-10-23 01:45:00,0.0,-0.017814187
2024-10-23 02:00:00,0.0,0.31457108
2024-10-23 02:15:00,0.0,-0.027127523
2024-10-23 02:30:00,0.0,-0.03039778
2024-10-23 02:45:00,0.0,0.20709872
2024-10-23 03:00:00,0.0,0.1356408
2024-10-23 03:15:00,0.0,-0.009603567
2024-10-23 03:30:00,0.0,-0.0005727686
2024-10-23 03:45:00,0.0,-0.025208786
2024-10-23 04:00:00,0.0,-0.019837864
2024-10-23 04:15:00,0.0,0.07112802
2024-10-23 04:30:00,0.0,-0.038447794
2024-10-23 04:45:00,0.0,-0.047442377
2024-10-23 05:00:00,0.0,-0.0043653455
2024-10-23 05:15:00,0.0,0.063928194
2024-10-23 05:30:00,0.0,0.05835038
2024-10-23 05:45:00,0.0,-0.03020379
2024-10-23 06:00:00,0.0,0.024317032
2024-10-23 06:15:00,0.0,0.08287929
2024-10-23 06:30:00,0.0,-0.018795313
2024-10-23 06:45:00,0.0,-0.018167231
2024-10-23 07:00:00,0.0,0.006129063
2024-10-23 07:15:00,0.0,0.007112412
2024-10-23 07:30:00,0.0,-0.0060616313
2024-10-23 07:45:00,0.0,-0.0003147475
2024-10-23 08:00:00,0.0,-0.015949873
2024-10-23 08:15:00,0.0,0.24100684
2024-10-23 08:30:00,0.0,0.010920706
2024-10-23 08:45:00,0.0,-0.0068481085
2024-10-23 09:00:00,0.0,0.073411144
2024-10-23 09:15:00,0.0,0.09428252
2024-10-23 09:30:00,0.0,1.1973659
2024-10-23 09:45:00,0.0,0.008830246
2024-10-23 10:00:00,0.0,0.0008927296
2024-10-23 10:15:00,0.0,0.18923682
2024-10-23 10:30:00,0.0,0.19504192
2024-10-23 10:45:00,0.0,0.0068449927
2024-10-23 11:00:00,0.0,0.013115201
2024-10-23 11:15:00,0.0,0.056067932
2024-10-23 11:30:00,0.0,-0.0094078705
2024-10-23 11:45:00,0.0,-0.04407032
2024-10-23 12:00:00,0.0,0.03302198
2024-10-23 12:15:00,0.0,0.0010283686
2024-10-23 12:30:00,0.0,-0.02215719
2024-10-23 12:45:00,0.0,0.01981823
2024-10-23 13:00:00,0.0,0.064652935
2024-10-23 13:15:00,0.0,0.009293639
2024-10-23 13:30:00,0.0,0.035511315
2024-10-23 13:45:00,0.0,0.045245305
2024-10-23 14:00:00,0.0,0.04007949
2024-10-23 14:15:00,0.0,0.093066245
2024-10-23 14:30:00,0.0,0.35513875
2024-10-23 14:45:00,0.0,0.29556865
2024-10-23 15:00:00,0.0,-0.044581767
2024-10-23 15:15:00,0.0,0.06556969
2024-10-23 15:30:00,0.0,0.015832068
2024-10-23 15:45:00,0.0,0.03740213
2024-10-23 16:00:00,0.0,0.07270677
2024-10-23 16:15:00,0.0,0.039005805
2024-10-23 16:30:00,0.0,0.016279282
2024-10-23 16:45:00,0.0,-0.043555472
2024-10-23 17:00:00,0.0,0.029081924
2024-10-23 17:15:00,0.0,0.346694
2024-10-23 17:30:00,0.0,0.02381011
2024-10-23 17:45:00,0.0,-0.025658417
2024-10-23 18:00:00,0.0,0.10143072
2024-10-23 18:15:00,0.0,-0.012987799
2024-10-23 18:30:00,0.0,0.09729057
2024-10-23 18:45:00,0.0,0.003877697
2024-10-23 19:00:00,0.0,-0.028598906
2024-10-23 19:15:00,0.0,0.037888333
2024-10-23 19:30:00,0.0,-0.018596616
2024-10-23 19:45:00,0.0,-0.014934276
2024-10-23 20:00:00,0.0,0.027639037
2024-10-23 20:15:00,0.0,0.043595992
2024-10-23 20:30:00,0.0,-0.028437987
2024-10-23 20:45:00,0.0,-0.030745683
2024-10-23 21:00:00,0.0,0.03449852
2024-10-23 21:15:00,0.0,0.093246244
2024-10-23 21:30:00,0.0,0.054002624
2024-10-23 21:45:00,0.0,-0.029448608
2024-10-23 22:00:00,0.0,0.04973409
2024-10-23 22:15:00,0.0,-0.04960022
2024-10-23 22:30:00,0.0,-0.0036009517
2024-10-23 22:45:00,0.0,0.37448516
2024-10-23 23:00:00,0.0,-0.019603064
2024-10-23 23:15:00,3.542161888,0.06504458
2024-10-23 23:30:00,0.0,-0.0216749
2024-10-23 23:45:00,0.0,0.10102133
2024-10-24 00:00:00,0.0,-0.030227512
2024-10-24 00:15:00,0.0,0.16748966
2024-10-24 00:30:00,0.0,0.14004605
2024-10-24 00:45:00,0.0,0.007690519
2024-10-24 01:00:00,0.0,0.052892476
2024-10-24 01:15:00,0.0,0.036244962
2024-10-24 01:30:00,0.0,-0.009654722
2024-10-24 01:45:00,0.0,0.025446178
2024-10-24 02:00:00,0.0,0.05752226
2024-10-24 02:15:00,0.0,-0.008471819
2024-10-24 02:30:00,0.0,0.0026697593
2024-10-24 02:45:00,0.0,0.071202055
2024-10-24 03:00:00,0.0,0.078662924
2024-10-24 03:15:00,0.0,0.02007746
2024-10-24 03:30:00,0.0,-0.010871853
2024-10-24 03:45:00,0.0,0.09737626
2024-10-24 04:00:00,0.0,0.057608813
2024-10-24 04:15:00,0.0,0.011380478
2024-10-24 04:30:00,0.0,0.025496382
2024-10-24 04:45:00,0.0,0.06059389
2024-10-24 05:00:00,0.0,0.009700847
2024-10-24 05:15:00,0.0,0.025949528
2024-10-24 05:30:00,0.0,0.014838374
2024-10-24 05:45:00,0.0,0.0088370675
2024-10-24 06:00:00,0.0,0.12402947
2024-10-24 06:15:00,0.0,0.05700826
2024-10-24 06:30:00,0.0,0.0019156787
2024-10-24 06:45:00,0.0,0.038051024
2024-10-24 07:00:00,0.0,0.034797013
2024-10-24 07:15:00,0.0,0.0024581568
2024-10-24 07:30:00,0.0,0.005704993
2024-10-24 07:45:00,0.0,-0.020042386
2024-10-24 08:00:00,0.0,0.05645077
2024-10-24 08:15:00,0.0,-0.007944713
2024-10-24 08:30:00,0.0,0.008770037
2024-10-24 08:45:00,0.0,-0.009628921
2024-10-24 09:00:00,0.0,0.145687
2024-10-24 09:15:00,0.0,0.04674978
2024-10-24 09:30:00,0.0,0.011496628
2024-10-24 09:45:00,0.0,0.005245155
2024-10-24 10:00:00,0.0,0.05679198
2024-10-24 10:15:00,0.0,0.004926019
2024-10-24 10:30:00,0.0,0.2123806
2024-10-24 10:45:00,0.0,-0.014920548
2024-10-24 11:00:00,0.0,0.00019047655
2024-10-24 11:15:00,0.0,0.057707522
2024-10-24 11:30:00,0.0,0.18153326
2024-10-24 11:45:00,0.0,0.05763586
2024-10-24 12:00:00,0.0,0.040035706
2024-10-24 12:15:00,0.0,-0.0050497698
2024-10-24 12:30:00,0.0,0.0123170195
2024-10-24 12:45:00,0.0,-0.009013574
2024-10-24 13:00:00,0.0,-0.009254687
2024-10-24 13:15:00,0.0,-0.00816462
2024-10-24 13:30:00,0.0,0.045462973
2024-10-24 13:45:00,0.0,0.04011259
2024-10-24 14:00:00,0.0,0.061656483
2024-10-24 14:15:00,0.0,0.0069441698
2024-10-24 14:30:00,0.0,0.03812901
2024-10-24 14:45:00,0.0,0.060638934
2024-10-24 15:00:00,0.0,-0.00052681344
2024-10-24 15:15:00,0.0,0.107869014
2024-10-24 15:30:00,0.0,0.057415374
2024-10-24 15:45:00,0.0,0.0055434345
2024-10-24 16:00:00,0.0,0.04786613
2024-10-24 16:15:00,0.0,0.20423067
2024-10-24 16:30:00,0.0,-0.018216513
2024-10-24 16:45:00,0.0,0.05696874
2024-10-24 17:00:00,0.0,0.024404747
2024-10-24 17:15:00,0.0,0.070260905
2024-10-24 17:30:00,0.0,0.24693035
2024-10-24 17:45:00,0.0,0.038604975
2024-10-24 18:00:00,0.0,0.04219172
2024-10-24 18:15:00,0.0,0.015964651
2024-10-24 18:30:00,0.0,0.04131296
2024-10-24 18:45:00,0.0,0.030601209
2024-10-24 19:00:00,0.0,-0.014776888
2024-10-24 19:15:00,0.0,0.00038172505
2024-10-24 19:30:00,0.0,0.09630845
2024-10-24 19:45:00,0.0,0.04017259
2024-10-24 20:00:00,0.0,0.023448743
2024-10-24 20:15:00,0.0,0.02051188
2024-10-24 20:30:00,0.0,0.018369347
2024-10-24 20:45:00,0.0,0.121184036
2024-10-24 21:00:00,0.0,-0.014435814
2024-10-24 21:15:00,0.0,0.01644409
2024-10-24 21:30:00,0.0,0.1674782
2024-10-24 21:45:00,0.0,0.045101974
2024-10-24 22:00:00,0.0,0.0016914633
2024-10-24 22:15:00,0.0,0.022026328
2024-10-24 22:30:00,0.0,-0.011169698
2024-10-24 22:45:00,0.0,0.004994671
2024-10-24 23:00:00,0.0,0.1447885
2024-10-24 23:15:00,0.0,0.08768035
2024-10-24 23:30:00,0.0,-0.060994115
2024-10-24 23:45:00,0.0,-0.06461021
2024-10-25 00:00:00,0.0,0.018606141
2024-10-25 00:15:00,0.0,0.0052253283
2024-10-25 00:30:00,0.0,-0.0038315984
2024-10-25 00:45:00,0.0,0.22364546
2024-10-25 01:00:00,0.0,0.058305662
2024-10-25 01:15:00,0.0,0.035267554
2024-10-25 01:30:00,0.0,0.12089956
2024-10-25 01:45:00,0.0,0.061547276
2024-10-25 02:00:00,0.0,0.0016128648
2024-10-25 02:15:00,0.0,0.20421442
2024-10-25 02:30:00,0.0,0.018288683
2024-10-25 02:45:00,0.0,0.02595123
2024-10-25 03:00:00,0.0,-0.0072596697
2024-10-25 03:15:00,0.0,0.0057940776
2024-10-25 03:30:00,0.0,-0.04509931
2024-10-25 03:45:00,0.0,-0.01178655
2024-10-25 04:00:00,0.0,0.16260819
2024-10-25 04:15:00,0.0,0.007187176
2024-10-25 04:30:00,0.0,0.012000335
2024-10-25 04:45:00,0.0,0.005923368
2024-10-25 05:00:00,0.0,0.026912155
2024-10-25 05:15:00,0.0,0.04765058
2024-10-25 05:30:00,0.0,0.04997474
2024-10-25 05:45:00,0.0,0.072463505
2024-10-25 06:00:00,0.0,-0.012518932
2024-10-25 06:15:00,0.0,0.012602026
2024-10-25 06:30:00,0.0,-0.00445135
2024-10-25 06:45:00,0.0,0.024401532
2024-10-25 07:00:00,0.0,0.13745143
2024-10-25 07:15:00,0.0,0.041752677
2024-10-25 07:30:00,0.0,0.06430479
2024-10-25 07:45:00,0.0,0.013212876
2024-10-25 08:00:00,0.0,-0.020261493
2024-10-25 08:15:00,0.0,0.018838877
2024-10-25 08:30:00,0.0,0.17884393
2024-10-25 08:45:00,0.0,-0.019411042
2024-10-25 09:00:00,0.0,-0.032477207
2024-10-25 09:15:00,0.0,0.08200809
2024-10-25 09:30:00,0.0,0.16447255
2024-10-25 09:45:00,0.0,-0.01751339
2024-10-25 10:00:00,0.0,0.1494799
2024-10-25 10:15:00,0.0,0.020148462
2024-10-25 10:30:00,0.0,-0.003514425
2024-10-25 10:45:00,0.0,-0.035062857
2024-10-25 11:00:00,0.0,-0.017737493
2024-10-25 11:15:00,0.0,0.0018466598
2024-10-25 11:30:00,0.0,0.59272707
2024-10-25 11:45:00,0.0,0.056496114
2024-10-25 12:00:00,0.0,-0.002959464
2024-10-25 12:15:00,0.0,0.016224992
2024-10-25 12:30:00,0.0,-0.010248531
2024-10-25 12:45:00,0.0,0.06061833
2024-10-25 13:00:00,0.0,-0.014130806
2024-10-25 13:15:00,0.0,-0.02497152
2024-10-25 13:30:00,0.0,0.014535802
2024-10-25 13:45:00,0.0,0.026531504
2024-10-25 14:00:00,0.0,0.17232077
2024-10-25 14:15:00,0.0,0.15645167
2024-10-25 14:30:00,0.0,-0.014658765
2024-10-25 14:45:00,0.0,0.3003715
2024-10-25 15:00:00,0.0,-0.0017984728
2024-10-25 15:15:00,0.0,-0.005912156
2024-10-25 15:30:00,0.0,0.11504279
2024-10-25 15:45:00,1.731510717,-0.023473646
2024-10-25 16:00:00,0.0,0.08576879
2024-10-25 16:15:00,2.887301726,-0.03592583
2024-10-25 16:30:00,0.0,0.09498154
2024-10-25 16:45:00,0.0,0.03458049
2024-10-25 17:00:00,0.0,0.318459
2024-10-25 17:15:00,0.0,0.1361376
2024-10-25 17:30:00,0.0,0.03361128
2024-10-25 17:45:00,0.0,0.09514981
2024-10-25 18:00:00,0.0,0.027399119
2024-10-25 18:15:00,0.0,0.013420924
2024-10-25 18:30:00,0.0,-0.0015158129
2024-10-25 18:45:00,0.0,0.020922149
2024-10-25 19:00:00,0.0,0.16178432
2024-10-25 19:15:00,0.0,0.07580612
2024-10-25 19:30:00,0.0,0.020561108
2024-10-25 19:45:00,0.0,0.8517314
2024-10-25 20:00:00,0.0,0.0009378469
2024-10-25 20:15:00,0.0,0.02129815
2024-10-25 20:30:00,0.0,0.114069566
2024-10-25 20:45:00,0.0,-0.0012245246
2024-10-25 21:00:00,0.0,0.043282922
2024-10-25 21:15:00,0.0,-0.018260999
2024-10-25 21:30:00,0.0,-0.0023556852
2024-10-25 21:45:00,0.0,0.073993415
2024-10-25 22:00:00,0.0,0.076405376
2024-10-25 22:15:00,0.0,0.018398665
2024-10-25 22:30:00,0.0,-0.011409592
2024-10-25 22:45:00,0.0,0.009596989
2024-10-25 23:00:00,0.0,0.024582352
2024-10-25 23:15:00,0.0,0.19441676
2024-10-25 23:30:00,0.0,-0.019096216
2024-10-25 23:45:00,0.0,0.35540223
2024-10-26 00:00:00,0.0,0.014614129
2024-10-26 00:15:00,0.0,0.11287714
2024-10-26 00:30:00,0.0,0.0129389195
2024-10-26 00:45:00,0.0,-0.039637275
2024-10-26 01:00:00,0.0,0.013927153
2024-10-26 01:15:00,0.0,0.09275227
2024-10-26 01:30:00,0.0,0.022476004
2024-10-26 01:45:00,0.0,0.10084128
2024-10-26 02:00:00,0.0,0.045469172
2024-10-26 02:15:00,0.0,0.11567878
2024-10-26 02:30:00,0.0,0.019928684
2024-10-26 02:45:00,0.0,0.023881411
2024-10-26 03:00:00,0.0,0.027113779
2024-10-26 03:15:00,0.0,-0.02199812
2024-10-26 03:30:00,0.0,0.023713171
2024-10-26 03:45:00,0.0,-0.013237677
2024-10-26 04:00:00,0.0,0.017629195
2024-10-26 04:15:00,0.0,0.2957933
2024-10-26 04:30:00,0.0,0.017639492
2024-10-26 04:45:00,0.0,0.009646746
2024-10-26 05:00:00,0.0,0.09249002
2024-10-26 05:15:00,0.0,0.005441984
2024-10-26 05:30:00,0.0,0.7765386
2024-10-26 05:45:00,0.0,-0.0035984737
2024-10-26 06:00:00,0.0,0.08235842
2024-10-26 06:15:00,0.0,0.047475424
2024-10-26 06:30:00,0.0,0.035353128
2024-10-26 06:45:00,0.0,-0.025008766
2024-10-26 07:00:00,0.0,-0.019286497
2024-10-26 07:15:00,0.0,0.04123018
2024-10-26 07:30:00,0.0,0.025225254
2024-10-26 07:45:00,0.0,0.10459896
2024-10-26 08:00:00,0.0,0.061490357
2024-10-26 08:15:00,0.0,0.022319423
2024-10-26 08:30:00,0.0,0.034433417
2024-10-26 08:45:00,0.0,-0.0087870695
2024-10-26 09:00:00,0.0,0.12851645
2024-10-26 09:15:00,0.0,0.16372158
2024-10-26 09:30:00,0.0,0.13045153
2024-10-26 09:45:00,0.0,0.06474829
2024-10-26 10:00:00,0.0,0.012163455
2024-10-26 10:15:00,0.0,0.013990146
2024-10-26 10:30:00,0.0,0.067920044
2024-10-26 10:45:00,0.0,0.005798247
2024-10-26 11:00:00,0.0,-0.059732664
2024-10-26 11:15:00,0.0,0.016453546
2024-10-26 11:30:00,0.0,0.051937502
2024-10-26 11:45:00,0.0,-0.00061384944
2024-10-26 12:00:00,0.0,0.036253173
2024-10-26 12:15:00,0.0,-0.012038865
2024-10-26 12:30:00,0.0,0.04749921
2024-10-26 12:45:00,0.0,0.05968283
2024-10-26 13:00:00,0.0,0.20392676
2024-10-26 13:15:00,0.0,0.0016432526
2024-10-26 13:30:00,0.0,0.03762887
2024-10-26 13:45:00,0.0,1.2231758
2024-10-26 14:00:00,0.0,0.114344604
2024-10-26 14:15:00,0.0,0.010633773
2024-10-26 14:30:00,0.0,-0.0034339486
2024-10-26 14:45:00,0.0,-0.017927742
2024-10-26 15:00:00,0.0,0.03351423
2024-10-26 15:15:00,0.0,0.016878309
2024-10-26 15:30:00,0.0,0.02787939
2024-10-26 15:45:00,0.0,0.07092108
2024-10-26 16:00:00,0.0,0.03120422
2024-10-26 16:15:00,0.0,0.010394365
2024-10-26 16:30:00,0.0,0.14337894
2024-10-26 16:45:00,0.0,0.024171598
2024-10-26 17:00:00,0.0,0.023698896
2024-10-26 17:15:00,0.0,0.1420683
2024-10-26 17:30:00,0.0,-0.014388936
2024-10-26 17:45:00,0.0,0.10358768
2024-10-26 18:00:00,0.0,-0.0021920267
2024-10-26 18:15:00,0.0,0.05229726
2024-10-26 18:30:00,0.0,0.012564402
2024-10-26 18:45:00,0.0,0.14835565
2024-10-26 19:00:00,0.0,0.086545795
2024-10-26 19:15:00,0.0,0.012542668
2024-10-26 19:30:00,0.0,0.16229595
2024-10-26 19:45:00,0.0,-0.007434593
2024-10-26 20:00:00,0.0,0.28683403
2024-10-26 20:15:00,0.0,0.014883581
2024-10-26 20:30:00,0.0,0.037641488
2024-10-26 20:45:00,0.0,-0.061780017
