timestamp,y_true,y_pred
2024-08-30 07:00:00,0.0,-0.11529736
2024-08-30 07:15:00,0.0,-0.19327894
2024-08-30 07:30:00,0.0,-0.20308138
2024-08-30 07:45:00,0.0,-0.1940766
2024-08-30 08:00:00,0.0,-0.0773322
2024-08-30 08:15:00,0.0,-0.054556068
2024-08-30 08:30:00,0.0,-0.026049448
2024-08-30 08:45:00,0.0,-0.03049893
2024-08-30 09:00:00,0.0,-0.033195764
2024-08-30 09:15:00,0.0,-0.09592453
2024-08-30 09:30:00,0.0,-0.07439417
2024-08-30 09:45:00,0.0,-0.054362852
2024-08-30 10:00:00,0.0,-0.069367304
2024-08-30 10:15:00,0.0,-0.16104193
2024-08-30 10:30:00,0.0,-0.12468892
2024-08-30 10:45:00,0.0,-0.13383777
2024-08-30 11:00:00,0.0,-0.09005081
2024-08-30 11:15:00,0.0,-0.028434329
2024-08-30 11:30:00,0.0,0.00027616174
2024-08-30 11:45:00,0.0,0.08378827
2024-08-30 12:00:00,0.0,0.16973285
2024-08-30 12:15:00,0.0,0.118009865
2024-08-30 12:30:00,0.0,0.10840485
2024-08-30 12:45:00,0.0,0.07397428
2024-08-30 13:00:00,0.2947478954,0.03417879
2024-08-30 13:15:00,0.0,0.045699008
2024-08-30 13:30:00,0.0,-0.027862208
2024-08-30 13:45:00,0.0,-0.10969133
2024-08-30 14:00:00,0.0,-0.09662582
2024-08-30 14:15:00,0.0,-0.08787464
2024-08-30 14:30:00,0.0,-0.115120165
2024-08-30 14:45:00,0.0,0.0047027175
2024-08-30 15:00:00,0.0,0.052642386
2024-08-30 15:15:00,0.06118401419,0.07174759
2024-08-30 15:30:00,0.0,0.12681462
2024-08-30 15:45:00,0.0,0.153913
2024-08-30 16:00:00,0.0,0.1047291
2024-08-30 16:15:00,0.0,0.056397088
2024-08-30 16:30:00,0.0,0.11634695
2024-08-30 16:45:00,0.0,0.15208639
2024-08-30 17:00:00,0.0,0.1461729
2024-08-30 17:15:00,0.0,0.1528004
2024-08-30 17:30:00,0.0,0.12590933
2024-08-30 17:45:00,0.0,0.08838738
2024-08-30 18:00:00,0.0,0.07896736
2024-08-30 18:15:00,0.0,0.048463263
2024-08-30 18:30:00,0.0,0.043724086
2024-08-30 18:45:00,0.0,0.04219498
2024-08-30 19:00:00,0.0,0.05072901
2024-08-30 19:15:00,0.0,0.06375875
2024-08-30 19:30:00,0.0,0.08081773
2024-08-30 19:45:00,0.0,0.028564125
2024-08-30 20:00:00,0.0,-0.035365116
2024-08-30 20:15:00,0.0,-0.05465319
2024-08-30 20:30:00,0.0,-0.017123131
2024-08-30 20:45:00,0.0,-0.002244691
2024-08-30 21:00:00,0.0,0.0074130795
2024-08-30 21:15:00,0.0,-0.008167988
2024-08-30 21:30:00,0.0,0.03711899
2024-08-30 21:45:00,0.0,0.07622275
2024-08-30 22:00:00,0.0,0.07537254
2024-08-30 22:15:00,0.0,0.14357725
2024-08-30 22:30:00,0.0,0.21832816
2024-08-30 22:45:00,0.0,0.23183435
2024-08-30 23:00:00,0.0,0.14925182
2024-08-30 23:15:00,0.0,0.054808166
2024-08-30 23:30:00,0.0,0.055719163
2024-08-30 23:45:00,0.0,-0.0023621311
2024-08-31 00:00:00,0.0,0.008821514
2024-08-31 00:15:00,0.0,0.05938871
2024-08-31 00:30:00,0.0,0.0864787
2024-08-31 00:45:00,0.0,0.08725999
2024-08-31 01:00:00,0.0,0.16962428
2024-08-31 01:15:00,0.0,0.2120422
2024-08-31 01:30:00,0.0,0.31348816
2024-08-31 01:45:00,0.0,0.30206144
2024-08-31 02:00:00,0.0,0.17652398
2024-08-31 02:15:00,0.0,0.14621417
2024-08-31 02:30:00,0.0,0.049426686
2024-08-31 02:45:00,0.0,0.09766766
2024-08-31 03:00:00,0.0,0.08221993
2024-08-31 03:15:00,0.0,0.16594458
2024-08-31 03:30:00,0.0,0.09176498
2024-08-31 03:45:00,0.0,0.14941941
2024-08-31 04:00:00,0.0,0.1119207
2024-08-31 04:15:00,0.0,0.034706406
2024-08-31 04:30:00,0.0,0.03908044
2024-08-31 04:45:00,0.0,0.08674738
2024-08-31 05:00:00,0.0,0.043910086
2024-08-31 05:15:00,0.0,-0.0072042714
2024-08-31 05:30:00,0.0,-0.03913733
2024-08-31 05:45:00,0.0,0.031876307
2024-08-31 06:00:00,0.0,0.007205061
2024-08-31 06:15:00,0.0,-0.018555624
2024-08-31 06:30:00,0.0,-0.016011681
2024-08-31 06:45:00,0.0,0.04578368
2024-08-31 07:00:00,0.0,0.083728425
2024-08-31 07:15:00,0.0,0.09893532
2024-08-31 07:30:00,0.0,0.0785279
2024-08-31 07:45:00,0.0,0.109760925
2024-08-31 08:00:00,0.0,0.091481104
2024-08-31 08:15:00,0.0,0.10277484
2024-08-31 08:30:00,0.0,0.09453869
2024-08-31 08:45:00,0.0,0.03252407
2024-08-31 09:00:00,2.482839925,0.013833775
2024-08-31 09:15:00,0.0,0.05296513
2024-08-31 09:30:00,0.0,-0.0015576227
2024-08-31 09:45:00,0.0,0.04149746
2024-08-31 10:00:00,0.0,0.0018415948
2024-08-31 10:15:00,0.0,0.0058557456
2024-08-31 10:30:00,0.0,-0.10773929
2024-08-31 10:45:00,0.0,-0.061261598
2024-08-31 11:00:00,0.0,-0.013970458
2024-08-31 11:15:00,0.0,-0.004741132
2024-08-31 11:30:00,0.0,-0.02689964
2024-08-31 11:45:00,0.0,-0.06891182
2024-08-31 12:00:00,0.0,-0.04894453
2024-08-31 12:15:00,0.0,-0.031863477
2024-08-31 12:30:00,0.0,-0.031755675
2024-08-31 12:45:00,0.0,-0.030003741
2024-08-31 13:00:00,0.0,-0.026354846
2024-08-31 13:15:00,0.0,-0.017090745
2024-08-31 13:30:00,0.0,-0.00045511124
2024-08-31 13:45:00,0.0,0.0130886175
2024-08-31 14:00:00,0.0,-0.019456055
2024-08-31 14:15:00,0.0,-0.028936667
2024-08-31 14:30:00,0.0,-0.068693236
2024-08-31 14:45:00,0.0,-0.015132047
2024-08-31 15:00:00,0.0,0.009321793
2024-08-31 15:15:00,0.0,0.03808177
2024-08-31 15:30:00,0.0,0.04437306
2024-08-31 15:45:00,0.0,0.024542449
2024-08-31 16:00:00,0.0,-0.020196857
2024-08-31 16:15:00,0.0,0.01815528
2024-08-31 16:30:00,0.0,0.028724331
2024-08-31 16:45:00,0.0,0.022639418
2024-08-31 17:00:00,0.0,-0.0064710323
2024-08-31 17:15:00,0.0,-0.017285876
2024-08-31 17:30:00,0.0,-0.018090421
2024-08-31 17:45:00,0.0,0.0063620443
2024-08-31 18:00:00,0.0,0.013904969
2024-08-31 18:15:00,0.0,0.123094715
2024-08-31 18:30:00,0.0,0.15105714
2024-08-31 18:45:00,0.0,0.11056702
2024-08-31 19:00:00,0.0,0.111814514
2024-08-31 19:15:00,0.0,0.071130954
2024-08-31 19:30:00,0.0,0.03373584
2024-08-31 19:45:00,0.398103455,0.084571324
2024-08-31 20:00:00,0.0,0.15053198
2024-08-31 20:15:00,0.0,0.0568717
2024-08-31 20:30:00,0.0,0.048107978
2024-08-31 20:45:00,0.0,0.008573125
2024-08-31 21:00:00,0.0,0.05514641
2024-08-31 21:15:00,0.0,0.11044084
2024-08-31 21:30:00,0.0,0.06892029
2024-08-31 21:45:00,0.0,0.04814446
2024-08-31 22:00:00,0.0,0.05763796
2024-08-31 22:15:00,0.0,0.067319475
2024-08-31 22:30:00,0.0,0.08248766
2024-08-31 22:45:00,0.0,0.050871454
2024-08-31 23:00:00,0.0,0.009597726
2024-08-31 23:15:00,0.0,0.0043997285
2024-08-31 23:30:00,0.0,0.094623655
2024-08-31 23:45:00,0.0,0.12001342
2024-09-01 00:00:00,0.0,0.2108689
2024-09-01 00:15:00,0.0,0.19445376
2024-09-01 00:30:00,0.0,0.19407754
2024-09-01 00:45:00,0.0,0.18358085
2024-09-01 01:00:00,0.0,0.13430437
2024-09-01 01:15:00,0.0,0.19342643
2024-09-01 01:30:00,0.0,0.18673311
2024-09-01 01:45:00,0.0,0.12517571
2024-09-01 02:00:00,0.0,0.13109434
2024-09-01 02:15:00,0.0,0.14817938
2024-09-01 02:30:00,0.0,0.23342162
2024-09-01 02:45:00,0.0,0.120631106
2024-09-01 03:00:00,0.0,0.04004545
2024-09-01 03:15:00,0.0,0.03716563
2024-09-01 03:30:00,0.0,0.008021484
2024-09-01 03:45:00,0.0,-0.013294528
2024-09-01 04:00:00,0.0,0.0150010465
2024-09-01 04:15:00,0.0,0.07545212
2024-09-01 04:30:00,0.0,0.106484324
2024-09-01 04:45:00,0.0,0.07030079
2024-09-01 05:00:00,0.0,0.07219217
2024-09-01 05:15:00,0.0,0.09175198
2024-09-01 05:30:00,0.0,0.07961287
2024-09-01 05:45:00,0.0,0.05321403
2024-09-01 06:00:00,0.0,-0.052249663
2024-09-01 06:15:00,0.0,0.019971069
2024-09-01 06:30:00,0.0,0.0049430914
2024-09-01 06:45:00,0.0,-0.0052840244
2024-09-01 07:00:00,0.0,0.029922213
2024-09-01 07:15:00,0.0,-0.0018671214
2024-09-01 07:30:00,0.0,-0.042706124
2024-09-01 07:45:00,0.0,-0.08546949
2024-09-01 08:00:00,0.0,-0.020812158
2024-09-01 08:15:00,0.0,0.018667111
2024-09-01 08:30:00,0.0,0.06782203
2024-09-01 08:45:00,0.0,0.074590646
2024-09-01 09:00:00,0.0,0.115551054
2024-09-01 09:15:00,0.0,0.0921957
2024-09-01 09:30:00,0.0,0.041072216
2024-09-01 09:45:00,0.0,0.024641244
2024-09-01 10:00:00,0.0,0.023986688
2024-09-01 10:15:00,0.0,0.016358156
2024-09-01 10:30:00,0.0,0.011258935
2024-09-01 10:45:00,0.0,0.008306881
2024-09-01 11:00:00,0.0,-0.029986518
2024-09-01 11:15:00,0.0,-0.05565651
2024-09-01 11:30:00,0.0,-0.03564447
2024-09-01 11:45:00,0.0,-0.035819035
2024-09-01 12:00:00,0.0,-0.008880644
2024-09-01 12:15:00,0.0,0.020617196
2024-09-01 12:30:00,0.0,0.081918366
2024-09-01 12:45:00,0.0,0.086271554
2024-09-01 13:00:00,0.0,0.13059883
2024-09-01 13:15:00,0.0,0.058571987
2024-09-01 13:30:00,0.0,0.04398598
2024-09-01 13:45:00,0.0,0.014931094
2024-09-01 14:00:00,0.0,-0.046500035
2024-09-01 14:15:00,0.0,-0.012211753
2024-09-01 14:30:00,0.0,-0.0045627984
2024-09-01 14:45:00,0.0,0.078338064
2024-09-01 15:00:00,0.0,0.17832404
2024-09-01 15:15:00,0.0,0.21538727
2024-09-01 15:30:00,0.0,0.10062695
2024-09-01 15:45:00,0.0,0.07411776
2024-09-01 16:00:00,0.0,0.024082942
2024-09-01 16:15:00,0.0,0.049618557
2024-09-01 16:30:00,0.0,0.075698026
2024-09-01 16:45:00,0.0,0.05955515
2024-09-01 17:00:00,0.0,0.037160628
2024-09-01 17:15:00,0.0,0.038025342
2024-09-01 17:30:00,0.0,0.022770874
2024-09-01 17:45:00,0.0,0.019125318
2024-09-01 18:00:00,0.0,0.04142356
2024-09-01 18:15:00,0.0,0.061518274
2024-09-01 18:30:00,0.0,0.11863622
2024-09-01 18:45:00,0.0,0.098526314
2024-09-01 19:00:00,0.0,0.1420663
2024-09-01 19:15:00,0.0,0.12530962
2024-09-01 19:30:00,0.0,0.17615879
2024-09-01 19:45:00,0.0,0.11421957
2024-09-01 20:00:00,0.0,0.16773637
2024-09-01 20:15:00,3.999321163,0.16108218
2024-09-01 20:30:00,0.0,0.17030065
2024-09-01 20:45:00,0.0,0.03900409
2024-09-01 21:00:00,0.0,0.16021515
2024-09-01 21:15:00,0.0,0.088760525
2024-09-01 21:30:00,0.0,0.13391095
2024-09-01 21:45:00,0.0,0.10665681
2024-09-01 22:00:00,0.0,0.022956198
2024-09-01 22:15:00,0.0,0.051303755
2024-09-01 22:30:00,0.0,0.13339537
2024-09-01 22:45:00,0.0,0.114000276
2024-09-01 23:00:00,0.0,0.12850869
2024-09-01 23:15:00,0.0,0.116783604
2024-09-01 23:30:00,0.0,0.09028559
2024-09-01 23:45:00,0.0,0.031408824
2024-09-02 00:00:00,0.0,0.03841817
2024-09-02 00:15:00,0.0,0.09594052
2024-09-02 00:30:00,0.0,0.10372335
2024-09-02 00:45:00,0.0,0.11030382
2024-09-02 01:00:00,1.882858876,0.034699574
2024-09-02 01:15:00,0.0,0.027983502
2024-09-02 01:30:00,0.0,0.008832615
2024-09-02 01:45:00,0.0,0.046453845
2024-09-02 02:00:00,0.0,-0.02410322
2024-09-02 02:15:00,0.0,0.07324456
2024-09-02 02:30:00,0.0,0.06902067
2024-09-02 02:45:00,0.0,0.08673603
2024-09-02 03:00:00,0.0,0.105301335
2024-09-02 03:15:00,0.0,0.06463726
2024-09-02 03:30:00,0.0,0.10793614
2024-09-02 03:45:00,0.0,0.19527222
2024-09-02 04:00:00,0.0,0.10477504
2024-09-02 04:15:00,0.0,0.12460459
2024-09-02 04:30:00,0.0,0.038663924
2024-09-02 04:45:00,0.0,0.038623217
2024-09-02 05:00:00,0.0,0.003637675
2024-09-02 05:15:00,0.0,0.010433956
2024-09-02 05:30:00,0.0,0.0360702
2024-09-02 05:45:00,0.0,0.075383
2024-09-02 06:00:00,0.0,0.14501147
2024-09-02 06:15:00,0.0,0.07232525
2024-09-02 06:30:00,0.0,0.09284873
2024-09-02 06:45:00,0.0,0.046434034
2024-09-02 07:00:00,0.0,0.11055307
2024-09-02 07:15:00,0.0,0.022306966
2024-09-02 07:30:00,0.0,0.019472258
2024-09-02 07:45:00,0.0,0.008654442
2024-09-02 08:00:00,0.0,-0.044663362
2024-09-02 08:15:00,0.0,-0.025501082
2024-09-02 08:30:00,0.0,0.010975099
2024-09-02 08:45:00,0.0,-0.030786246
2024-09-02 09:00:00,0.0,-0.034387935
2024-09-02 09:15:00,0.0,-0.0097759515
2024-09-02 09:30:00,0.0,0.078113005
2024-09-02 09:45:00,0.0,0.048469104
2024-09-02 10:00:00,0.0,-0.056139573
2024-09-02 10:15:00,0.0,-0.11315762
2024-09-02 10:30:00,0.0,-0.06778425
2024-09-02 10:45:00,0.0,0.0029790637
2024-09-02 11:00:00,0.0,0.01380608
2024-09-02 11:15:00,0.0,0.0120638
2024-09-02 11:30:00,0.0,-0.0080730785
2024-09-02 11:45:00,0.0,0.011033273
2024-09-02 12:00:00,0.0,0.0009817717
2024-09-02 12:15:00,0.0,0.013591501
2024-09-02 12:30:00,0.0,0.032909263
2024-09-02 12:45:00,0.0,0.06308444
2024-09-02 13:00:00,0.0,0.08987708
2024-09-02 13:15:00,0.0,0.12140419
2024-09-02 13:30:00,0.0,0.06014883
2024-09-02 13:45:00,0.0,0.06899976
2024-09-02 14:00:00,0.0,0.058301095
2024-09-02 14:15:00,0.0,0.08442981
2024-09-02 14:30:00,0.0,0.07156602
2024-09-02 14:45:00,0.0,0.08952496
2024-09-02 15:00:00,0.0,0.12972426
2024-09-02 15:15:00,0.0,0.17316093
2024-09-02 15:30:00,0.0,0.15543106
2024-09-02 15:45:00,0.0,0.09465035
2024-09-02 16:00:00,0.0,0.0748338
2024-09-02 16:15:00,0.0,0.0694388
2024-09-02 16:30:00,0.0,0.08630576
2024-09-02 16:45:00,0.0,0.13853289
2024-09-02 17:00:00,0.0,0.10686983
2024-09-02 17:15:00,0.0,0.13602133
2024-09-02 17:30:00,0.0,0.17737494
2024-09-02 17:45:00,0.0,0.2356961
2024-09-02 18:00:00,0.0,0.17262843
2024-09-02 18:15:00,5.251439841,0.13639733
2024-09-02 18:30:00,0.0,0.1397961
2024-09-02 18:45:00,0.0,0.14171468
2024-09-02 19:00:00,0.0,0.07496642
2024-09-02 19:15:00,0.0,-0.008796157
2024-09-02 19:30:00,0.0,0.08454183
2024-09-02 19:45:00,0.0,0.07022333
2024-09-02 20:00:00,0.0,0.1266183
2024-09-02 20:15:00,0.0,0.16450097
2024-09-02 20:30:00,0.0,0.11238923
2024-09-02 20:45:00,0.0,-0.025610602
2024-09-02 21:00:00,0.0,0.04827112
2024-09-02 21:15:00,0.0,0.05054248
2024-09-02 21:30:00,0.0,0.09627133
2024-09-02 21:45:00,0.0,0.06768441
2024-09-02 22:00:00,0.0,0.04971217
2024-09-02 22:15:00,0.0,0.04276412
2024-09-02 22:30:00,0.0,0.028389415
2024-09-02 22:45:00,0.0,0.05965576
2024-09-02 23:00:00,0.0,0.07589347
2024-09-02 23:15:00,0.0,0.038498543
2024-09-02 23:30:00,0.0,0.044255894
2024-09-02 23:45:00,0.0,0.017231036
2024-09-03 00:00:00,0.0,0.031580072
2024-09-03 00:15:00,0.0,0.036219884
2024-09-03 00:30:00,0.0,0.056971025
2024-09-03 00:45:00,0.0,0.10311408
2024-09-03 01:00:00,0.0,0.13102804
2024-09-03 01:15:00,0.0,0.15056473
2024-09-03 01:30:00,0.0,0.08374232
2024-09-03 01:45:00,0.0,0.038312733
2024-09-03 02:00:00,0.0,0.027257102
2024-09-03 02:15:00,0.0,0.08121975
2024-09-03 02:30:00,0.0,0.060268626
2024-09-03 02:45:00,0.0,0.11444463
2024-09-03 03:00:00,0.0,0.17033236
2024-09-03 03:15:00,0.0,0.14409001
2024-09-03 03:30:00,0.0,0.18878642
2024-09-03 03:45:00,0.0,0.16992016
2024-09-03 04:00:00,0.0,0.16492687
2024-09-03 04:15:00,0.0,0.21580423
2024-09-03 04:30:00,0.0,0.20427245
2024-09-03 04:45:00,0.0,0.21563013
2024-09-03 05:00:00,0.0,0.14620627
2024-09-03 05:15:00,0.0,0.14845201
2024-09-03 05:30:00,0.0,0.15695542
2024-09-03 05:45:00,0.0,0.1916756
2024-09-03 06:00:00,0.0,0.19550319
2024-09-03 06:15:00,0.0,0.21333139
2024-09-03 06:30:00,0.0,0.19841819
2024-09-03 06:45:00,0.0,0.22856879
2024-09-03 07:00:00,0.0,0.23305282
2024-09-03 07:15:00,0.0,0.20208646
2024-09-03 07:30:00,0.0,0.13426474
2024-09-03 07:45:00,0.0,0.11965117
2024-09-03 08:00:00,0.0,0.061419036
2024-09-03 08:15:00,0.0,-0.0076412945
2024-09-03 08:30:00,0.0,0.00776826
2024-09-03 08:45:00,0.0,0.015290508
2024-09-03 09:00:00,0.0,0.052532736
2024-09-03 09:15:00,0.0,0.09155439
2024-09-03 09:30:00,0.0,0.14109565
2024-09-03 09:45:00,0.0,0.14602864
2024-09-03 10:00:00,0.0,0.1280851
2024-09-03 10:15:00,0.0,0.12796421
2024-09-03 10:30:00,0.0,0.11023769
2024-09-03 10:45:00,0.0,0.1527588
2024-09-03 11:00:00,0.0,0.15393503
2024-09-03 11:15:00,0.0,0.1825163
2024-09-03 11:30:00,0.0,0.18518859
2024-09-03 11:45:00,0.0,0.18259774
2024-09-03 12:00:00,0.0,0.16797431
2024-09-03 12:15:00,0.0,0.14898896
2024-09-03 12:30:00,0.0,0.07761306
2024-09-03 12:45:00,0.0,-0.049543552
2024-09-03 13:00:00,0.0,-0.080274545
2024-09-03 13:15:00,0.0,-0.0702754
2024-09-03 13:30:00,0.0,0.030030886
2024-09-03 13:45:00,0.0,0.10159182
2024-09-03 14:00:00,0.0,0.16330694
2024-09-03 14:15:00,0.0,0.13864745
2024-09-03 14:30:00,0.0,0.14157683
2024-09-03 14:45:00,0.0,0.20143291
2024-09-03 15:00:00,0.0,0.14148593
2024-09-03 15:15:00,0.0,0.08213808
2024-09-03 15:30:00,0.0,0.02459308
2024-09-03 15:45:00,0.0,-0.0037500118
2024-09-03 16:00:00,0.0,0.0067855213
2024-09-03 16:15:00,0.0,0.020685362
2024-09-03 16:30:00,0.0,0.054845
2024-09-03 16:45:00,0.0,0.110529765
2024-09-03 17:00:00,0.0,0.09437054
2024-09-03 17:15:00,0.0,0.07249377
2024-09-03 17:30:00,0.0,0.1472359
2024-09-03 17:45:00,0.0,0.18976335
2024-09-03 18:00:00,0.0,0.19087593
2024-09-03 18:15:00,0.0,0.25260964
2024-09-03 18:30:00,0.0,0.2731169
2024-09-03 18:45:00,0.0,0.20337014
2024-09-03 19:00:00,0.0,0.22751589
2024-09-03 19:15:00,0.0,0.13723616
2024-09-03 19:30:00,0.0,-0.07875866
2024-09-03 19:45:00,0.0,-0.08903913
2024-09-03 20:00:00,0.0,0.034509096
2024-09-03 20:15:00,0.0,0.07693081
2024-09-03 20:30:00,0.0,0.16727342
2024-09-03 20:45:00,0.0,0.258074
2024-09-03 21:00:00,0.0,0.25932664
2024-09-03 21:15:00,0.0,0.08122588
2024-09-03 21:30:00,0.0,-0.041433416
2024-09-03 21:45:00,0.0,-0.052984886
2024-09-03 22:00:00,0.0,-0.057133712
2024-09-03 22:15:00,0.0,-0.07475773
2024-09-03 22:30:00,0.0,-0.0860386
2024-09-03 22:45:00,0.0,-0.044103026
2024-09-03 23:00:00,0.0,0.07055094
2024-09-03 23:15:00,0.0,0.1375136
2024-09-03 23:30:00,0.0,0.20427433
2024-09-03 23:45:00,0.0,0.22948939
2024-09-04 00:00:00,0.0,0.28841707
2024-09-04 00:15:00,0.0,0.278638
2024-09-04 00:30:00,0.0,0.25532815
2024-09-04 00:45:00,0.0,0.23681456
2024-09-04 01:00:00,0.0,0.3087508
2024-09-04 01:15:00,0.0,0.34341952
2024-09-04 01:30:00,0.0,0.35050187
2024-09-04 01:45:00,0.0,0.37967893
2024-09-04 02:00:00,0.0,0.35471177
2024-09-04 02:15:00,0.0,0.48315212
2024-09-04 02:30:00,0.0,0.47392702
2024-09-04 02:45:00,0.0,0.4023502
2024-09-04 03:00:00,0.0,0.38007584
2024-09-04 03:15:00,0.0,0.26877445
2024-09-04 03:30:00,0.0,0.27644777
2024-09-04 03:45:00,0.0,0.22787209
2024-09-04 04:00:00,0.0,0.2570575
2024-09-04 04:15:00,0.0,0.13809425
2024-09-04 04:30:00,0.0,0.16133702
2024-09-04 04:45:00,0.0,0.17269373
2024-09-04 05:00:00,0.0,0.21456492
2024-09-04 05:15:00,0.0,0.26669455
2024-09-04 05:30:00,0.0,0.22308952
2024-09-04 05:45:00,0.0,0.23538488
2024-09-04 06:00:00,0.0,0.2820557
2024-09-04 06:15:00,0.0,0.2341728
2024-09-04 06:30:00,0.0,0.20307983
2024-09-04 06:45:00,0.0,0.2480402
2024-09-04 07:00:00,0.0,0.2880378
2024-09-04 07:15:00,0.0,0.28592905
2024-09-04 07:30:00,0.0,0.29592198
2024-09-04 07:45:00,0.0,0.26096094
2024-09-04 08:00:00,0.0,0.33222625
2024-09-04 08:15:00,0.0,0.21662836
2024-09-04 08:30:00,0.0,0.17357962
2024-09-04 08:45:00,0.0,0.11036907
2024-09-04 09:00:00,0.0,0.14791696
2024-09-04 09:15:00,0.0,0.10763837
2024-09-04 09:30:00,0.0,0.14715344
2024-09-04 09:45:00,0.0,0.16712354
2024-09-04 10:00:00,0.0,0.2090316
2024-09-04 10:15:00,0.0,0.21658067
2024-09-04 10:30:00,0.0,0.16563903
2024-09-04 10:45:00,0.0,0.16269574
2024-09-04 11:00:00,0.0,0.16681197
2024-09-04 11:15:00,0.0,0.14180273
2024-09-04 11:30:00,0.0,0.16999954
2024-09-04 11:45:00,0.0,0.146542
2024-09-04 12:00:00,0.0,0.14599672
2024-09-04 12:15:00,0.0,0.1486487
2024-09-04 12:30:00,0.0,0.17590787
2024-09-04 12:45:00,0.0,0.21840501
2024-09-04 13:00:00,0.0,0.2553535
2024-09-04 13:15:00,0.0,0.27422735
2024-09-04 13:30:00,0.0,0.27708405
2024-09-04 13:45:00,0.0,0.295199
2024-09-04 14:00:00,0.0,0.28653377
2024-09-04 14:15:00,1.34301859,0.24656487
2024-09-04 14:30:00,0.0,0.2680987
2024-09-04 14:45:00,0.0,0.22029063
2024-09-04 15:00:00,0.0,0.20790741
2024-09-04 15:15:00,0.0,0.19240254
2024-09-04 15:30:00,0.0,0.21405317
2024-09-04 15:45:00,0.0,0.19263609
2024-09-04 16:00:00,0.0,0.19171505
2024-09-04 16:15:00,0.0,0.19929838
2024-09-04 16:30:00,0.0,0.1533781
2024-09-04 16:45:00,0.0,0.15896082
2024-09-04 17:00:00,0.0,0.19429457
2024-09-04 17:15:00,0.0,0.2079813
2024-09-04 17:30:00,0.0,0.23762313
2024-09-04 17:45:00,0.0,0.17317662
2024-09-04 18:00:00,0.0,0.118837744
2024-09-04 18:15:00,0.0,0.112320736
2024-09-04 18:30:00,0.0,0.13163285
2024-09-04 18:45:00,0.0,0.13240147
2024-09-04 19:00:00,0.0,0.16444522
2024-09-04 19:15:00,0.0,0.21055743
2024-09-04 19:30:00,0.0,0.24805897
2024-09-04 19:45:00,0.0,0.2230085
2024-09-04 20:00:00,0.0,0.21653591
2024-09-04 20:15:00,0.0,0.2065247
2024-09-04 20:30:00,0.0,0.2186529
2024-09-04 20:45:00,0.0,0.27383548
2024-09-04 21:00:00,0.0,0.31457293
2024-09-04 21:15:00,0.0,0.2788663
2024-09-04 21:30:00,0.0,0.21104674
2024-09-04 21:45:00,0.0,0.14727663
2024-09-04 22:00:00,0.0,0.116521016
2024-09-04 22:15:00,0.0,0.15187791
2024-09-04 22:30:00,0.0,0.13482031
2024-09-04 22:45:00,0.0,0.11595704
2024-09-04 23:00:00,0.0,0.15262352
2024-09-04 23:15:00,0.0,0.2153182
2024-09-04 23:30:00,0.0,0.34803456
2024-09-04 23:45:00,0.0,0.3488147
2024-09-05 00:00:00,0.0,0.3320519
2024-09-05 00:15:00,0.0,0.25390586
2024-09-05 00:30:00,0.0,0.19097337
2024-09-05 00:45:00,0.0,0.24031496
2024-09-05 01:00:00,0.0,0.17544185
2024-09-05 01:15:00,0.0,0.08192179
2024-09-05 01:30:00,0.0,0.012224326
2024-09-05 01:45:00,0.0,0.08954635
2024-09-05 02:00:00,0.0,0.19609757
2024-09-05 02:15:00,0.0,0.20247982
2024-09-05 02:30:00,0.0,0.25197875
2024-09-05 02:45:00,0.0,0.31741735
2024-09-05 03:00:00,0.0,0.31687158
2024-09-05 03:15:00,0.0,0.23958142
2024-09-05 03:30:00,0.0,0.1939951
2024-09-05 03:45:00,0.0,0.20695734
2024-09-05 04:00:00,0.0,0.23719491
2024-09-05 04:15:00,0.0,0.31104866
2024-09-05 04:30:00,0.0,0.25007996
2024-09-05 04:45:00,0.0,0.2380185
2024-09-05 05:00:00,0.0,0.18615954
2024-09-05 05:15:00,0.0,0.20190765
2024-09-05 05:30:00,0.0,0.23721385
2024-09-05 05:45:00,0.0,0.14487746
2024-09-05 06:00:00,0.0,0.1645452
2024-09-05 06:15:00,0.0,0.20768832
2024-09-05 06:30:00,0.0,0.24298124
2024-09-05 06:45:00,0.0,0.3255991
2024-09-05 07:00:00,0.0,0.3149899
2024-09-05 07:15:00,0.0,0.21217732
2024-09-05 07:30:00,0.0,0.21034408
2024-09-05 07:45:00,0.0,0.21482317
2024-09-05 08:00:00,0.0,0.22465168
2024-09-05 08:15:00,0.3595696486,0.21294765
2024-09-05 08:30:00,0.0,0.12559563
2024-09-05 08:45:00,0.0,0.094425425
2024-09-05 09:00:00,0.0,0.17305645
2024-09-05 09:15:00,0.0,0.21859609
2024-09-05 09:30:00,0.0,0.14667785
2024-09-05 09:45:00,0.0,0.1780742
2024-09-05 10:00:00,0.0,0.15773408
2024-09-05 10:15:00,0.0,0.12810957
2024-09-05 10:30:00,0.0,0.09676502
2024-09-05 10:45:00,0.0,0.13215174
2024-09-05 11:00:00,0.0,0.14667778
2024-09-05 11:15:00,0.0,0.0800286
2024-09-05 11:30:00,0.0,0.10106469
2024-09-05 11:45:00,0.0,0.11339185
2024-09-05 12:00:00,0.0,0.12932928
2024-09-05 12:15:00,0.0,0.08986595
2024-09-05 12:30:00,0.0,0.0823511
2024-09-05 12:45:00,0.0,0.11643426
2024-09-05 13:00:00,0.0,0.09717415
2024-09-05 13:15:00,0.0,0.12948157
2024-09-05 13:30:00,2.296623583,0.077884234
2024-09-05 13:45:00,0.0,0.08008544
2024-09-05 14:00:00,0.0,0.010529553
2024-09-05 14:15:00,0.0,0.16383143
2024-09-05 14:30:00,0.0,0.19066824
2024-09-05 14:45:00,0.0,0.17814939
2024-09-05 15:00:00,0.0,0.14387266
2024-09-05 15:15:00,0.0,0.088610575
2024-09-05 15:30:00,0.0,0.12944135
2024-09-05 15:45:00,0.0,0.13102354
2024-09-05 16:00:00,0.0,0.13101141
2024-09-05 16:15:00,0.0,0.15849434
2024-09-05 16:30:00,0.0,0.17418675
2024-09-05 16:45:00,0.0,0.12695478
2024-09-05 17:00:00,0.0,0.120323785
2024-09-05 17:15:00,0.0,0.13708654
2024-09-05 17:30:00,0.0,0.16896726
2024-09-05 17:45:00,0.0,0.16129619
2024-09-05 18:00:00,0.0,0.1526243
2024-09-05 18:15:00,0.0,0.13263111
2024-09-05 18:30:00,0.0,0.08319249
2024-09-05 18:45:00,0.0,0.14083935
2024-09-05 19:00:00,0.0,0.1909435
2024-09-05 19:15:00,0.0,0.17024449
2024-09-05 19:30:00,0.0,0.1544991
2024-09-05 19:45:00,0.0,0.13265343
2024-09-05 20:00:00,0.0,0.0788824
2024-09-05 20:15:00,0.0,0.10007008
2024-09-05 20:30:00,0.0,0.087101415
2024-09-05 20:45:00,0.0,0.13571025
2024-09-05 21:00:00,0.0,0.16427304
2024-09-05 21:15:00,0.0,0.140124
2024-09-05 21:30:00,0.0,0.07133925
2024-09-05 21:45:00,0.0,0.037153177
2024-09-05 22:00:00,0.0,0.031099908
2024-09-05 22:15:00,0.0,0.08882262
2024-09-05 22:30:00,0.0,0.08369004
2024-09-05 22:45:00,0.0,0.11291505
2024-09-05 23:00:00,0.0,0.21397953
2024-09-05 23:15:00,0.0,0.23534252
2024-09-05 23:30:00,0.0,0.16607024
2024-09-05 23:45:00,0.0,0.21762742
2024-09-06 00:00:00,0.0,0.19953229
2024-09-06 00:15:00,0.0,0.28843454
2024-09-06 00:30:00,0.0,0.248678
2024-09-06 00:45:00,0.0,0.24794495
2024-09-06 01:00:00,0.0,0.24467078
2024-09-06 01:15:00,0.0,0.24840894
2024-09-06 01:30:00,0.0,0.32049644
2024-09-06 01:45:00,0.0,0.3142259
2024-09-06 02:00:00,0.0,0.23112684
2024-09-06 02:15:00,0.0,0.2703014
2024-09-06 02:30:00,0.0,0.24374612
2024-09-06 02:45:00,0.0,0.2830965
2024-09-06 03:00:00,0.0,0.23574506
2024-09-06 03:15:00,0.0,0.21013772
2024-09-06 03:30:00,0.0,0.16301937
2024-09-06 03:45:00,0.0,0.092793494
2024-09-06 04:00:00,0.0,0.099520735
2024-09-06 04:15:00,0.0,0.06734691
2024-09-06 04:30:00,0.0,0.103130415
2024-09-06 04:45:00,0.0,0.1685136
2024-09-06 05:00:00,0.0,0.25082967
2024-09-06 05:15:00,0.0,0.18630436
2024-09-06 05:30:00,0.0,0.111276455
2024-09-06 05:45:00,0.0,0.24295571
2024-09-06 06:00:00,0.0,0.18628058
2024-09-06 06:15:00,0.0,0.1900728
2024-09-06 06:30:00,0.0,0.15955943
2024-09-06 06:45:00,0.0,0.2697095
2024-09-06 07:00:00,0.0,0.32599834
2024-09-06 07:15:00,0.0,0.2885896
2024-09-06 07:30:00,0.0,0.23048264
2024-09-06 07:45:00,0.0,0.13582833
2024-09-06 08:00:00,0.0,0.16290683
2024-09-06 08:15:00,0.0,0.1487062
2024-09-06 08:30:00,1.780200303,0.13679051
2024-09-06 08:45:00,0.0,0.108984284
2024-09-06 09:00:00,0.0,0.08391244
2024-09-06 09:15:00,0.0,0.24343927
2024-09-06 09:30:00,0.0,0.23470668
2024-09-06 09:45:00,0.0,0.21688218
2024-09-06 10:00:00,0.0,0.22894178
2024-09-06 10:15:00,0.0,0.23367935
2024-09-06 10:30:00,0.0,0.21620879
2024-09-06 10:45:00,0.0,0.22956231
2024-09-06 11:00:00,0.0,0.21977982
2024-09-06 11:15:00,0.0,0.22727461
2024-09-06 11:30:00,0.0,0.21396154
2024-09-06 11:45:00,0.0,0.22607575
2024-09-06 12:00:00,0.0,0.18891384
2024-09-06 12:15:00,0.0,0.07892039
2024-09-06 12:30:00,0.0,0.03898949
2024-09-06 12:45:00,0.0,0.03640118
2024-09-06 13:00:00,0.0,0.099141374
2024-09-06 13:15:00,0.0,0.08044449
2024-09-06 13:30:00,0.0,0.05844373
2024-09-06 13:45:00,0.0,0.05344176
2024-09-06 14:00:00,0.0,-0.010435136
2024-09-06 14:15:00,0.0,0.02637568
2024-09-06 14:30:00,0.0,0.017087368
2024-09-06 14:45:00,0.0,0.020464461
2024-09-06 15:00:00,0.0,0.08062777
2024-09-06 15:15:00,0.0,0.15909031
2024-09-06 15:30:00,0.0,0.12679501
2024-09-06 15:45:00,0.0,0.08688378
2024-09-06 16:00:00,0.0,0.041521695
2024-09-06 16:15:00,0.0,0.044341426
2024-09-06 16:30:00,0.0,0.1120442
2024-09-06 16:45:00,0.0,0.105576865
2024-09-06 17:00:00,0.0,0.10103568
2024-09-06 17:15:00,0.0,0.09572837
2024-09-06 17:30:00,0.0,0.092407756
2024-09-06 17:45:00,0.0,0.12942459
2024-09-06 18:00:00,0.0,0.15585047
2024-09-06 18:15:00,0.0,0.18940297
2024-09-06 18:30:00,0.0,0.17706336
2024-09-06 18:45:00,0.0,0.19362149
2024-09-06 19:00:00,0.0,0.21037573
2024-09-06 19:15:00,0.0,0.18487397
2024-09-06 19:30:00,0.0,0.21649872
2024-09-06 19:45:00,0.0,0.23753493
2024-09-06 20:00:00,0.0,0.21498615
2024-09-06 20:15:00,0.0,0.22399023
2024-09-06 20:30:00,0.0,0.25344744
2024-09-06 20:45:00,0.0,0.1896422
2024-09-06 21:00:00,0.0,0.09803111
2024-09-06 21:15:00,0.0,0.073874414
2024-09-06 21:30:00,0.0,0.019828605
2024-09-06 21:45:00,0.0,-0.0040500937
2024-09-06 22:00:00,0.0,0.09891133
2024-09-06 22:15:00,0.0,0.117746614
2024-09-06 22:30:00,0.0,0.11589245
2024-09-06 22:45:00,0.0,0.048247356
2024-09-06 23:00:00,0.0,0.0860471
2024-09-06 23:15:00,0.0,0.20848152
2024-09-06 23:30:00,0.0,0.2016624
2024-09-06 23:45:00,0.0,0.25236684
2024-09-07 00:00:00,0.0,0.22894192
2024-09-07 00:15:00,0.0,0.21128531
2024-09-07 00:30:00,0.0,0.16109031
2024-09-07 00:45:00,0.0,0.23999642
2024-09-07 01:00:00,0.0,0.28907493
2024-09-07 01:15:00,0.0,0.36046863
2024-09-07 01:30:00,0.0,0.39250124
2024-09-07 01:45:00,0.0,0.40623093
2024-09-07 02:00:00,0.0,0.4285107
2024-09-07 02:15:00,0.0,0.42915583
2024-09-07 02:30:00,0.0,0.36395693
2024-09-07 02:45:00,0.0,0.3533635
2024-09-07 03:00:00,0.0,0.35453337
2024-09-07 03:15:00,0.0,0.31799954
2024-09-07 03:30:00,0.0,0.31685683
2024-09-07 03:45:00,0.0,0.25006202
2024-09-07 04:00:00,0.0,0.20572053
2024-09-07 04:15:00,0.0,0.259401
2024-09-07 04:30:00,0.0,0.24651407
2024-09-07 04:45:00,0.0,0.28778756
2024-09-07 05:00:00,0.0,0.25857523
2024-09-07 05:15:00,0.0,0.30569372
2024-09-07 05:30:00,0.0,0.40561116
2024-09-07 05:45:00,0.0,0.37178537
2024-09-07 06:00:00,0.667249211,0.31124303
2024-09-07 06:15:00,0.0,0.29826435
2024-09-07 06:30:00,0.0,0.26201272
2024-09-07 06:45:00,0.0,0.26350814
2024-09-07 07:00:00,0.0,0.15750057
2024-09-07 07:15:00,0.0,0.14954709
2024-09-07 07:30:00,0.0,0.123904884
2024-09-07 07:45:00,0.0,0.071180195
2024-09-07 08:00:00,0.0,0.057207003
2024-09-07 08:15:00,0.0,0.094237074
2024-09-07 08:30:00,0.0,0.12930194
2024-09-07 08:45:00,0.0,0.14141092
2024-09-07 09:00:00,0.0,0.09120077
2024-09-07 09:15:00,0.0,0.11827767
2024-09-07 09:30:00,0.0,0.08329548
2024-09-07 09:45:00,0.0,0.04893877
2024-09-07 10:00:00,0.0,0.031561147
2024-09-07 10:15:00,0.0,0.044803474
2024-09-07 10:30:00,0.0,0.08485764
2024-09-07 10:45:00,0.0,0.06734137
2024-09-07 11:00:00,0.0,0.09141385
2024-09-07 11:15:00,0.0,0.08669219
2024-09-07 11:30:00,0.0,0.06818993
2024-09-07 11:45:00,0.0,0.026959615
2024-09-07 12:00:00,0.0,-0.012322345
2024-09-07 12:15:00,0.0,0.0047606663
2024-09-07 12:30:00,0.0,-0.002750331
2024-09-07 12:45:00,0.0,-0.009649762
2024-09-07 13:00:00,0.0,-0.0343512
2024-09-07 13:15:00,0.0,-0.0774592
2024-09-07 13:30:00,0.0,-0.06826003
2024-09-07 13:45:00,0.0,-0.040367898
2024-09-07 14:00:00,0.0,0.019146467
2024-09-07 14:15:00,0.0,0.049739007
2024-09-07 14:30:00,0.0,0.15514173
2024-09-07 14:45:00,0.0,0.16650586
2024-09-07 15:00:00,0.0,0.12715802
2024-09-07 15:15:00,0.0,0.101333365
2024-09-07 15:30:00,0.0,0.1005147
2024-09-07 15:45:00,0.0,0.20990123
2024-09-07 16:00:00,0.0,0.3031512
2024-09-07 16:15:00,0.0,0.21956477
2024-09-07 16:30:00,0.0,0.11461159
2024-09-07 16:45:00,0.0,0.094598636
2024-09-07 17:00:00,0.0,0.063208014
2024-09-07 17:15:00,0.0,0.020366061
2024-09-07 17:30:00,0.0,0.06354641
2024-09-07 17:45:00,0.0,0.100040615
2024-09-07 18:00:00,0.0,0.08148891
2024-09-07 18:15:00,0.0,0.1430787
2024-09-07 18:30:00,0.0,0.15836173
2024-09-07 18:45:00,0.0,0.018703422
2024-09-07 19:00:00,0.0,-0.074484095
2024-09-07 19:15:00,0.0,-0.11079437
2024-09-07 19:30:00,0.0,-0.016552562
2024-09-07 19:45:00,0.0,0.050809704
2024-09-07 20:00:00,0.0,0.036696002
2024-09-07 20:15:00,0.0,0.06416244
2024-09-07 20:30:00,0.0,0.1392542
2024-09-07 20:45:00,0.0,0.16608769
2024-09-07 21:00:00,0.0,0.1780433
2024-09-07 21:15:00,0.0,0.2284287
2024-09-07 21:30:00,0.0,0.28488505
2024-09-07 21:45:00,0.0,0.28558287
2024-09-07 22:00:00,0.0,0.20599204
2024-09-07 22:15:00,0.0,0.1963363
2024-09-07 22:30:00,0.0,0.13488746
2024-09-07 22:45:00,0.0,0.16557367
2024-09-07 23:00:00,0.0,0.14396994
2024-09-07 23:15:00,0.0,0.23661347
2024-09-07 23:30:00,0.0,0.1822541
2024-09-07 23:45:00,0.0,0.15649621
2024-09-08 00:00:00,0.0,0.13296503
2024-09-08 00:15:00,0.0,0.2070641
2024-09-08 00:30:00,0.0,0.17314087
2024-09-08 00:45:00,0.0,0.24431285
2024-09-08 01:00:00,0.0,0.24152116
2024-09-08 01:15:00,0.0,0.18235527
2024-09-08 01:30:00,0.0,0.13421604
2024-09-08 01:45:00,0.0,0.14418177
2024-09-08 02:00:00,0.0,0.20331295
2024-09-08 02:15:00,0.0,0.30544385
2024-09-08 02:30:00,0.0,0.28950936
2024-09-08 02:45:00,0.0,0.29789892
2024-09-08 03:00:00,0.0,0.33417457
2024-09-08 03:15:00,0.0,0.36677143
2024-09-08 03:30:00,0.0,0.27584365
2024-09-08 03:45:00,0.0,0.25153515
2024-09-08 04:00:00,0.0,0.21186166
2024-09-08 04:15:00,0.0,0.19496638
2024-09-08 04:30:00,0.0,0.21799658
2024-09-08 04:45:00,0.0,0.26697856
2024-09-08 05:00:00,0.0,0.2722567
2024-09-08 05:15:00,0.0,0.31821337
2024-09-08 05:30:00,0.0,0.2854381
2024-09-08 05:45:00,0.0,0.24598588
2024-09-08 06:00:00,0.0,0.29731458
2024-09-08 06:15:00,0.0,0.30061284
2024-09-08 06:30:00,0.0,0.27062064
2024-09-08 06:45:00,0.0,0.299644
2024-09-08 07:00:00,0.0,0.30364478
2024-09-08 07:15:00,0.0,0.23249654
2024-09-08 07:30:00,0.0,0.26713943
2024-09-08 07:45:00,0.0,0.21836786
2024-09-08 08:00:00,0.0,0.19540013
2024-09-08 08:15:00,0.0,0.1901315
2024-09-08 08:30:00,0.0,0.24397404
2024-09-08 08:45:00,0.0,0.23511624
2024-09-08 09:00:00,0.0,0.2598003
2024-09-08 09:15:00,0.0,0.2553987
2024-09-08 09:30:00,0.5043384395,0.20969841
2024-09-08 09:45:00,0.0,0.17666668
2024-09-08 10:00:00,0.0,0.11345261
2024-09-08 10:15:00,0.0,0.12689324
2024-09-08 10:30:00,0.0,0.18387948
2024-09-08 10:45:00,0.0,0.20855854
2024-09-08 11:00:00,0.0,0.1788549
2024-09-08 11:15:00,0.0,0.19091628
2024-09-08 11:30:00,0.0,0.2582649
2024-09-08 11:45:00,0.0,0.22859092
2024-09-08 12:00:00,0.0,0.20481965
2024-09-08 12:15:00,0.0,0.18519948
2024-09-08 12:30:00,0.0,0.15372142
2024-09-08 12:45:00,0.0,0.10632056
2024-09-08 13:00:00,0.0,0.11510809
2024-09-08 13:15:00,0.0,0.17777959
2024-09-08 13:30:00,0.0,0.22884165
2024-09-08 13:45:00,0.0,0.2568836
2024-09-08 14:00:00,0.0,0.24781922
2024-09-08 14:15:00,0.0,0.2791663
2024-09-08 14:30:00,0.0,0.2736679
2024-09-08 14:45:00,0.0,0.21229857
2024-09-08 15:00:00,0.0,0.17588454
2024-09-08 15:15:00,0.0,0.1689548
2024-09-08 15:30:00,0.0,0.15525165
2024-09-08 15:45:00,0.0,0.17817819
2024-09-08 16:00:00,0.0,0.22705229
2024-09-08 16:15:00,0.0,0.12751481
2024-09-08 16:30:00,0.0,0.1151184
2024-09-08 16:45:00,0.0,0.17826015
2024-09-08 17:00:00,0.0,0.15883476
2024-09-08 17:15:00,0.0,0.23379709
2024-09-08 17:30:00,0.0,0.25347105
2024-09-08 17:45:00,0.0,0.20305914
2024-09-08 18:00:00,0.0,0.20380828
2024-09-08 18:15:00,0.0,0.16731142
2024-09-08 18:30:00,0.0,0.20416568
2024-09-08 18:45:00,0.0,0.1916692
2024-09-08 19:00:00,0.0,0.28003487
2024-09-08 19:15:00,0.0,0.23857594
2024-09-08 19:30:00,0.0,0.21756268
2024-09-08 19:45:00,0.0,0.23575266
2024-09-08 20:00:00,0.0,0.20959061
2024-09-08 20:15:00,0.0,0.07330217
2024-09-08 20:30:00,0.0,0.025248755
2024-09-08 20:45:00,0.0,0.024385018
2024-09-08 21:00:00,0.0,-0.0056649433
2024-09-08 21:15:00,0.0,0.07167034
2024-09-08 21:30:00,0.0,0.014624606
2024-09-08 21:45:00,0.0,0.05970718
2024-09-08 22:00:00,0.0,0.062185016
2024-09-08 22:15:00,0.0,0.10641416
2024-09-08 22:30:00,0.0,0.1957859
2024-09-08 22:45:00,0.0,0.20830503
2024-09-08 23:00:00,0.0,0.27272454
2024-09-08 23:15:00,0.0,0.3224688
2024-09-08 23:30:00,0.0,0.3442097
2024-09-08 23:45:00,0.0,0.37444642
2024-09-09 00:00:00,0.0,0.3404964
2024-09-09 00:15:00,0.0,0.36551148
2024-09-09 00:30:00,0.0,0.3119086
2024-09-09 00:45:00,0.0,0.28808045
2024-09-09 01:00:00,0.0,0.36831266
2024-09-09 01:15:00,0.0,0.32599685
2024-09-09 01:30:00,0.0,0.32083192
2024-09-09 01:45:00,0.0,0.3965543
2024-09-09 02:00:00,0.0,0.4119639
2024-09-09 02:15:00,0.0,0.3954959
2024-09-09 02:30:00,0.0,0.38317248
2024-09-09 02:45:00,0.0,0.3173561
2024-09-09 03:00:00,0.0,0.30187544
2024-09-09 03:15:00,0.0,0.18369171
2024-09-09 03:30:00,0.0,0.21902402
2024-09-09 03:45:00,0.0,0.21042103
2024-09-09 04:00:00,0.0,0.25409162
2024-09-09 04:15:00,0.0,0.2833089
2024-09-09 04:30:00,0.0,0.2848985
2024-09-09 04:45:00,0.0,0.18772802
2024-09-09 05:00:00,0.0,0.17460972
2024-09-09 05:15:00,0.0,0.20009893
2024-09-09 05:30:00,0.0,0.24856333
2024-09-09 05:45:00,0.0,0.30408
2024-09-09 06:00:00,0.0,0.28634623
2024-09-09 06:15:00,2.091658323,0.35158294
2024-09-09 06:30:00,0.0,0.37171894
2024-09-09 06:45:00,0.0,0.32177347
2024-09-09 07:00:00,0.0,0.44761354
2024-09-09 07:15:00,0.0,0.29785895
2024-09-09 07:30:00,0.0,0.2330765
2024-09-09 07:45:00,0.0,0.21723351
2024-09-09 08:00:00,0.0,0.15105543
2024-09-09 08:15:00,0.0,0.10883179
2024-09-09 08:30:00,0.0,0.14701529
2024-09-09 08:45:00,0.0,0.078276105
2024-09-09 09:00:00,0.0,0.15774725
2024-09-09 09:15:00,0.0,0.22139698
2024-09-09 09:30:00,0.0,0.28711843
2024-09-09 09:45:00,0.0,0.28934515
2024-09-09 10:00:00,0.0,0.17863591
2024-09-09 10:15:00,0.0,0.1679544
2024-09-09 10:30:00,0.0,0.12669902
2024-09-09 10:45:00,0.0,0.13868384
2024-09-09 11:00:00,0.0,0.20271878
2024-09-09 11:15:00,0.0,0.27516192
2024-09-09 11:30:00,0.0,0.22677314
2024-09-09 11:45:00,0.0,0.28597385
2024-09-09 12:00:00,0.0,0.29366374
2024-09-09 12:15:00,0.0,0.22972243
2024-09-09 12:30:00,0.0,0.17689832
2024-09-09 12:45:00,0.0,0.11843629
2024-09-09 13:00:00,0.0,0.15496781
2024-09-09 13:15:00,0.0,0.12163719
2024-09-09 13:30:00,0.0,0.22164105
2024-09-09 13:45:00,0.0,0.24836059
2024-09-09 14:00:00,0.0,0.21180606
2024-09-09 14:15:00,0.0,0.14887485
2024-09-09 14:30:00,0.0,0.15561503
2024-09-09 14:45:00,0.0,0.17989366
2024-09-09 15:00:00,0.0,0.2501209
2024-09-09 15:15:00,0.0,0.26800066
2024-09-09 15:30:00,0.0,0.28467798
2024-09-09 15:45:00,0.0,0.31176046
2024-09-09 16:00:00,0.0,0.25879464
2024-09-09 16:15:00,0.0,0.20551164
2024-09-09 16:30:00,0.0,0.22262736
2024-09-09 16:45:00,0.0,0.19980901
2024-09-09 17:00:00,0.0,0.14338855
2024-09-09 17:15:00,0.0,0.22365813
2024-09-09 17:30:00,0.0,0.21469201
2024-09-09 17:45:00,0.0,0.24713272
2024-09-09 18:00:00,0.0,0.23965517
2024-09-09 18:15:00,0.0,0.19628789
2024-09-09 18:30:00,0.0,0.29002652
2024-09-09 18:45:00,0.0,0.18212461
2024-09-09 19:00:00,0.0,0.07233981
2024-09-09 19:15:00,0.0,0.050764456
2024-09-09 19:30:00,2.753196404,0.13839923
2024-09-09 19:45:00,0.0,0.17722866
2024-09-09 20:00:00,0.0,0.14607836
2024-09-09 20:15:00,0.0,0.2001298
2024-09-09 20:30:00,0.0,0.13035741
2024-09-09 20:45:00,0.0,0.18153949
2024-09-09 21:00:00,0.0,0.14031416
2024-09-09 21:15:00,0.0,0.20571981
2024-09-09 21:30:00,0.0,0.1653396
2024-09-09 21:45:00,0.0,0.19478129
2024-09-09 22:00:00,0.0,0.095949665
2024-09-09 22:15:00,0.0,0.20371364
2024-09-09 22:30:00,0.0,0.29499865
2024-09-09 22:45:00,0.0,0.24932872
2024-09-09 23:00:00,0.0,0.22017913
2024-09-09 23:15:00,0.0,0.2593524
2024-09-09 23:30:00,0.0,0.3363201
2024-09-09 23:45:00,0.0,0.2163709
2024-09-10 00:00:00,0.0,0.24297991
2024-09-10 00:15:00,0.0,0.19294374
2024-09-10 00:30:00,0.0,0.14824234
2024-09-10 00:45:00,0.0,0.14866187
2024-09-10 01:00:00,0.0,0.08322908
2024-09-10 01:15:00,6.954144242,0.08021853
2024-09-10 01:30:00,0.0,0.14589527
2024-09-10 01:45:00,0.0,0.12648295
2024-09-10 02:00:00,0.0,0.1845194
2024-09-10 02:15:00,0.0,0.27311742
2024-09-10 02:30:00,0.0,0.32742628
2024-09-10 02:45:00,0.0,0.12635249
2024-09-10 03:00:00,0.0,0.22173592
2024-09-10 03:15:00,0.0,0.20221454
2024-09-10 03:30:00,0.0,0.2593728
2024-09-10 03:45:00,0.0,0.2117297
2024-09-10 04:00:00,0.0,0.33957162
2024-09-10 04:15:00,0.0,0.37758046
2024-09-10 04:30:00,0.0,0.34263736
2024-09-10 04:45:00,0.0,0.2805505
2024-09-10 05:00:00,0.0,0.21576823
2024-09-10 05:15:00,0.0,0.18006657
2024-09-10 05:30:00,0.0,0.15069354
2024-09-10 05:45:00,0.0,0.119699225
2024-09-10 06:00:00,0.0,0.099768
2024-09-10 06:15:00,0.0,0.06480055
2024-09-10 06:30:00,0.0,0.01872803
2024-09-10 06:45:00,0.0,-0.0073064337
2024-09-10 07:00:00,0.0,0.046199847
2024-09-10 07:15:00,0.0,0.10779321
2024-09-10 07:30:00,0.0,0.12134677
2024-09-10 07:45:00,0.0,0.26831186
2024-09-10 08:00:00,0.0,0.20002297
2024-09-10 08:15:00,0.0,0.17466484
2024-09-10 08:30:00,0.0,0.20669968
2024-09-10 08:45:00,0.0,0.20131108
2024-09-10 09:00:00,0.0,0.22222893
2024-09-10 09:15:00,0.0,0.22683752
2024-09-10 09:30:00,0.0,0.2424294
2024-09-10 09:45:00,0.0,0.25835842
2024-09-10 10:00:00,0.0,0.3054195
2024-09-10 10:15:00,0.0,0.22324334
2024-09-10 10:30:00,0.0,0.22238947
2024-09-10 10:45:00,0.0,0.108163536
2024-09-10 11:00:00,0.0,0.07882788
2024-09-10 11:15:00,0.0,0.05852659
2024-09-10 11:30:00,0.0,0.10675736
2024-09-10 11:45:00,0.0,0.13691555
2024-09-10 12:00:00,0.0,0.054592926
2024-09-10 12:15:00,0.0,0.07792679
2024-09-10 12:30:00,0.0,0.122380815
2024-09-10 12:45:00,0.0,0.13714728
2024-09-10 13:00:00,0.0,0.15040576
2024-09-10 13:15:00,0.0,0.14728987
2024-09-10 13:30:00,0.0,0.1757123
2024-09-10 13:45:00,0.0,0.20458804
2024-09-10 14:00:00,0.0,0.16692483
2024-09-10 14:15:00,0.0,0.16641596
2024-09-10 14:30:00,0.0,0.1473087
2024-09-10 14:45:00,0.0,0.1542588
2024-09-10 15:00:00,0.0,0.19739048
2024-09-10 15:15:00,0.0,0.21176198
2024-09-10 15:30:00,0.0,0.17651094
2024-09-10 15:45:00,0.0,0.14085925
2024-09-10 16:00:00,0.0,0.11816044
2024-09-10 16:15:00,0.0,0.09429979
2024-09-10 16:30:00,0.0,0.08515988
2024-09-10 16:45:00,0.0,0.11106425
2024-09-10 17:00:00,0.0,0.112945564
2024-09-10 17:15:00,0.0,0.094658725
2024-09-10 17:30:00,0.0,0.08109625
2024-09-10 17:45:00,0.0,0.035235357
2024-09-10 18:00:00,0.0,0.023420634
2024-09-10 18:15:00,0.0,0.0793831
2024-09-10 18:30:00,0.0,0.13522637
2024-09-10 18:45:00,0.0,0.08921107
2024-09-10 19:00:00,0.0,0.15388535
2024-09-10 19:15:00,0.0,0.11076705
2024-09-10 19:30:00,0.0,0.17544918
2024-09-10 19:45:00,0.0,0.15250763
2024-09-10 20:00:00,0.0,0.03059327
2024-09-10 20:15:00,0.0,0.063795045
2024-09-10 20:30:00,0.0,0.12375627
2024-09-10 20:45:00,0.0,0.14353164
2024-09-10 21:00:00,0.0,0.14037016
2024-09-10 21:15:00,0.0,0.14015765
2024-09-10 21:30:00,0.0,0.153249
2024-09-10 21:45:00,0.0,0.18280943
2024-09-10 22:00:00,0.0,0.19982263
2024-09-10 22:15:00,0.0,0.2929075
2024-09-10 22:30:00,0.0,0.32468027
2024-09-10 22:45:00,0.0,0.29548925
2024-09-10 23:00:00,0.0,0.32096416
2024-09-10 23:15:00,0.0,0.29211167
2024-09-10 23:30:00,0.0,0.30462426
2024-09-10 23:45:00,0.0,0.3831847
2024-09-11 00:00:00,0.0,0.41565958
2024-09-11 00:15:00,0.0,0.437425
2024-09-11 00:30:00,0.0,0.5536501
2024-09-11 00:45:00,0.0,0.62807405
2024-09-11 01:00:00,0.0,0.5723154
2024-09-11 01:15:00,0.0,0.5297236
2024-09-11 01:30:00,0.0,0.57644665
2024-09-11 01:45:00,0.0,0.30958846
2024-09-11 02:00:00,0.0,0.23111996
2024-09-11 02:15:00,0.0,0.1593236
2024-09-11 02:30:00,0.0,0.20202476
2024-09-11 02:45:00,1.486033162,0.26246715
2024-09-11 03:00:00,0.0,0.27220264
2024-09-11 03:15:00,0.0,0.20588963
2024-09-11 03:30:00,0.0,0.16334058
2024-09-11 03:45:00,0.0,0.19805083
2024-09-11 04:00:00,0.0,0.18723753
2024-09-11 04:15:00,0.0,0.15821709
2024-09-11 04:30:00,0.0,0.17677677
2024-09-11 04:45:00,0.0,0.2371458
2024-09-11 05:00:00,0.0,0.2918085
2024-09-11 05:15:00,0.0,0.3236677
2024-09-11 05:30:00,0.0,0.26308703
2024-09-11 05:45:00,0.0,0.21669796
2024-09-11 06:00:00,0.0,0.15245222
2024-09-11 06:15:00,0.0,0.20913762
2024-09-11 06:30:00,7.166098641,0.18698147
2024-09-11 06:45:00,0.0,0.17078668
2024-09-11 07:00:00,0.0,0.08894517
2024-09-11 07:15:00,0.0,0.16589464
2024-09-11 07:30:00,0.0,0.19198895
2024-09-11 07:45:00,0.0,0.21837881
2024-09-11 08:00:00,0.0,0.08709183
2024-09-11 08:15:00,0.0,0.1305497
2024-09-11 08:30:00,0.0,0.1618892
2024-09-11 08:45:00,0.0,0.14654832
2024-09-11 09:00:00,0.0,0.11821547
2024-09-11 09:15:00,0.0,0.24180461
2024-09-11 09:30:00,0.0,0.29510248
2024-09-11 09:45:00,0.0,0.3013375
2024-09-11 10:00:00,0.0,0.30362433
2024-09-11 10:15:00,0.0,0.20243563
2024-09-11 10:30:00,0.0,0.18546028
2024-09-11 10:45:00,0.0,0.1185025
2024-09-11 11:00:00,0.0,0.08293589
2024-09-11 11:15:00,0.0,0.07855727
2024-09-11 11:30:00,0.0,0.09654554
2024-09-11 11:45:00,0.0,0.09058531
2024-09-11 12:00:00,0.0,0.05705221
2024-09-11 12:15:00,0.0,0.02543198
2024-09-11 12:30:00,0.0,0.045554586
2024-09-11 12:45:00,0.0,0.032519482
2024-09-11 13:00:00,0.0,0.17981589
2024-09-11 13:15:00,0.0,0.20067813
2024-09-11 13:30:00,0.0,0.289688
2024-09-11 13:45:00,0.0,0.25886655
2024-09-11 14:00:00,0.0,0.23686768
2024-09-11 14:15:00,0.0,0.1502451
2024-09-11 14:30:00,0.0,0.13105886
2024-09-11 14:45:00,0.0,0.08690429
2024-09-11 15:00:00,0.0,0.06676234
2024-09-11 15:15:00,0.0,0.032656997
2024-09-11 15:30:00,0.0,0.056088436
2024-09-11 15:45:00,0.0,0.0660843
2024-09-11 16:00:00,0.0,0.10037109
2024-09-11 16:15:00,0.0,0.13565812
2024-09-11 16:30:00,0.0,0.13077083
2024-09-11 16:45:00,0.0,0.13012095
2024-09-11 17:00:00,0.0,0.1138783
2024-09-11 17:15:00,0.0,0.102906756
2024-09-11 17:30:00,0.0,0.06919633
2024-09-11 17:45:00,0.0,0.089292854
2024-09-11 18:00:00,0.0,0.16005772
2024-09-11 18:15:00,0.0,0.14871623
2024-09-11 18:30:00,0.0,0.14103237
2024-09-11 18:45:00,0.0,0.100088365
2024-09-11 19:00:00,0.0,0.14509983
2024-09-11 19:15:00,0.0,0.1327788
2024-09-11 19:30:00,0.0,0.19391525
2024-09-11 19:45:00,0.0,0.21152529
2024-09-11 20:00:00,0.0,0.12301472
2024-09-11 20:15:00,0.0,0.11789822
2024-09-11 20:30:00,0.0,0.11906115
2024-09-11 20:45:00,0.0,0.09056774
2024-09-11 21:00:00,0.0,0.073839605
2024-09-11 21:15:00,0.0,0.0380955
2024-09-11 21:30:00,0.0,0.09517811
2024-09-11 21:45:00,0.0,0.14668816
2024-09-11 22:00:00,0.0,0.16450661
2024-09-11 22:15:00,0.0,0.19276692
2024-09-11 22:30:00,0.0,0.23645179
2024-09-11 22:45:00,0.0,0.21271712
2024-09-11 23:00:00,0.0,0.19756374
2024-09-11 23:15:00,0.0,0.22572671
2024-09-11 23:30:00,0.0,0.26664016
2024-09-11 23:45:00,0.0,0.3231149
2024-09-12 00:00:00,0.0,0.32429487
2024-09-12 00:15:00,0.0,0.32571262
2024-09-12 00:30:00,0.0,0.2569113
2024-09-12 00:45:00,0.0,0.33470058
2024-09-12 01:00:00,0.0,0.21506044
2024-09-12 01:15:00,0.0,0.20029308
2024-09-12 01:30:00,0.0,0.13958526
2024-09-12 01:45:00,0.0,0.06373983
2024-09-12 02:00:00,0.0,-0.020326583
2024-09-12 02:15:00,0.0,-0.035344455
2024-09-12 02:30:00,0.0,0.015921284
2024-09-12 02:45:00,0.0,0.07313587
2024-09-12 03:00:00,0.0,0.104135744
2024-09-12 03:15:00,0.0,0.079692125
2024-09-12 03:30:00,0.0,0.14481997
2024-09-12 03:45:00,0.0,0.1618502
2024-09-12 04:00:00,0.0,0.2340343
2024-09-12 04:15:00,0.0,0.22432648
2024-09-12 04:30:00,0.0,0.27552083
2024-09-12 04:45:00,0.0,0.2624931
2024-09-12 05:00:00,0.0,0.14656632
2024-09-12 05:15:00,0.0,0.007689182
2024-09-12 05:30:00,0.0,0.03265156
2024-09-12 05:45:00,0.0,0.031131074
2024-09-12 06:00:00,0.0,0.023540473
2024-09-12 06:15:00,0.0,0.011137392
2024-09-12 06:30:00,0.0,0.030447496
2024-09-12 06:45:00,0.0,0.03309052
2024-09-12 07:00:00,0.0,-0.029867345
2024-09-12 07:15:00,0.0,-0.0057979054
2024-09-12 07:30:00,0.0,0.033182975
2024-09-12 07:45:00,0.0,0.0155488495
2024-09-12 08:00:00,0.0,0.044118747
2024-09-12 08:15:00,0.0,0.06280542
2024-09-12 08:30:00,0.0,0.08207243
2024-09-12 08:45:00,0.0,0.07880203
2024-09-12 09:00:00,0.0,0.081333116
2024-09-12 09:15:00,0.0,0.06987927
2024-09-12 09:30:00,0.0,0.049299162
2024-09-12 09:45:00,0.0,0.07628717
2024-09-12 10:00:00,0.0,0.037440147
2024-09-12 10:15:00,0.0,0.031215787
2024-09-12 10:30:00,0.0,0.062805645
2024-09-12 10:45:00,0.0,0.12743235
2024-09-12 11:00:00,0.0,0.1364847
2024-09-12 11:15:00,0.0,0.12301387
2024-09-12 11:30:00,0.0,0.064683765
2024-09-12 11:45:00,0.0,-0.013221641
2024-09-12 12:00:00,0.0,0.028131956
2024-09-12 12:15:00,0.0,0.08784539
2024-09-12 12:30:00,0.0,0.14301676
2024-09-12 12:45:00,0.0,0.12958413
2024-09-12 13:00:00,0.0,0.15756692
2024-09-12 13:15:00,0.0,0.15383284
2024-09-12 13:30:00,0.0,0.16402888
2024-09-12 13:45:00,0.0,0.12218706
2024-09-12 14:00:00,0.0,0.08010344
2024-09-12 14:15:00,0.0,-0.055953536
2024-09-12 14:30:00,0.0,-0.07752287
2024-09-12 14:45:00,0.0,-0.041912004
2024-09-12 15:00:00,0.0,-0.032853708
2024-09-12 15:15:00,0.0,0.031855293
2024-09-12 15:30:00,0.0,0.002392954
2024-09-12 15:45:00,0.0,0.031934835
2024-09-12 16:00:00,0.0,0.049864285
2024-09-12 16:15:00,0.0,0.039787486
2024-09-12 16:30:00,0.0,0.07162174
2024-09-12 16:45:00,0.0,0.07195616
2024-09-12 17:00:00,0.0,0.15768892
2024-09-12 17:15:00,0.0,0.12335514
2024-09-12 17:30:00,0.0,0.08460398
2024-09-12 17:45:00,0.0,0.11589118
2024-09-12 18:00:00,0.0,0.16905528
2024-09-12 18:15:00,0.0,0.11070974
2024-09-12 18:30:00,0.0,0.09967744
2024-09-12 18:45:00,0.0,0.113039866
2024-09-12 19:00:00,0.0,0.16865334
2024-09-12 19:15:00,0.0,0.20313692
2024-09-12 19:30:00,0.0,0.21818359
2024-09-12 19:45:00,0.0,0.14649345
2024-09-12 20:00:00,0.0,0.0924624
2024-09-12 20:15:00,0.0,0.067181826
2024-09-12 20:30:00,0.0,0.06761279
2024-09-12 20:45:00,0.0,0.113405846
2024-09-12 21:00:00,0.0,0.08495849
2024-09-12 21:15:00,0.0,0.051994756
2024-09-12 21:30:00,0.0,0.009814319
2024-09-12 21:45:00,0.0,0.007979226
2024-09-12 22:00:00,0.0,0.026407814
2024-09-12 22:15:00,0.0,0.021459673
2024-09-12 22:30:00,0.0,0.051246125
2024-09-12 22:45:00,0.0,0.07736368
2024-09-12 23:00:00,0.0,0.13761778
2024-09-12 23:15:00,0.0,0.11103495
2024-09-12 23:30:00,0.0,0.1695578
2024-09-12 23:45:00,0.0,0.11752106
2024-09-13 00:00:00,0.0,0.18363929
2024-09-13 00:15:00,0.0,0.15976296
2024-09-13 00:30:00,0.0,0.17291814
2024-09-13 00:45:00,0.0,0.122050926
2024-09-13 01:00:00,0.0,0.17353813
2024-09-13 01:15:00,0.0,0.22919488
2024-09-13 01:30:00,0.0,0.2315555
2024-09-13 01:45:00,0.0,0.25445634
2024-09-13 02:00:00,0.0,0.28301927
2024-09-13 02:15:00,0.0,0.16763525
2024-09-13 02:30:00,0.0,0.14351843
2024-09-13 02:45:00,0.0,0.20614327
2024-09-13 03:00:00,0.0,0.20888402
2024-09-13 03:15:00,0.0,0.22193336
2024-09-13 03:30:00,0.0,0.25541466
2024-09-13 03:45:00,0.0,0.2257856
2024-09-13 04:00:00,0.0,0.24176778
2024-09-13 04:15:00,0.0,0.24837449
2024-09-13 04:30:00,0.0,0.2543831
2024-09-13 04:45:00,0.0,0.14949806
2024-09-13 05:00:00,0.0,0.089836925
2024-09-13 05:15:00,0.0,0.115324154
2024-09-13 05:30:00,0.0,0.13659382
2024-09-13 05:45:00,0.0,0.037705794
2024-09-13 06:00:00,0.0,0.098285995
2024-09-13 06:15:00,0.0,0.08534332
2024-09-13 06:30:00,0.0,0.054633472
2024-09-13 06:45:00,0.0,0.04579974
2024-09-13 07:00:00,0.0,0.10005311
2024-09-13 07:15:00,0.0,0.09742265
2024-09-13 07:30:00,0.0,0.07438297
2024-09-13 07:45:00,0.0,0.11555258
2024-09-13 08:00:00,0.0,0.14072156
2024-09-13 08:15:00,0.0,0.12967494
2024-09-13 08:30:00,0.0,0.10333504
2024-09-13 08:45:00,0.0,0.0894242
2024-09-13 09:00:00,0.0,0.007023704
2024-09-13 09:15:00,0.0,-0.037488446
2024-09-13 09:30:00,0.0,-0.04533662
2024-09-13 09:45:00,0.0,-0.08478316
2024-09-13 10:00:00,0.0,-0.16711508
2024-09-13 10:15:00,0.0,-0.20862266
2024-09-13 10:30:00,0.0,-0.1609675
2024-09-13 10:45:00,0.0,-0.14937605
2024-09-13 11:00:00,0.0,-0.079374254
2024-09-13 11:15:00,2.539773318,0.04671168
2024-09-13 11:30:00,0.0,0.061171383
2024-09-13 11:45:00,0.0,0.018013343
2024-09-13 12:00:00,0.0,0.19545004
2024-09-13 12:15:00,0.0,0.10311333
2024-09-13 12:30:00,0.0,0.085686766
2024-09-13 12:45:00,0.0,0.009073065
2024-09-13 13:00:00,0.0,0.033485908
2024-09-13 13:15:00,0.0,0.08135333
2024-09-13 13:30:00,0.0,0.017305579
2024-09-13 13:45:00,0.0,0.014323329
2024-09-13 14:00:00,0.0,0.024425367
2024-09-13 14:15:00,0.0,-0.016686257
2024-09-13 14:30:00,0.0,0.07881736
2024-09-13 14:45:00,0.0,0.053284228
2024-09-13 15:00:00,0.0,0.06227429
2024-09-13 15:15:00,0.0,0.12350878
2024-09-13 15:30:00,0.0,0.1614229
2024-09-13 15:45:00,2.79974647,0.19040623
2024-09-13 16:00:00,0.0,0.16462146
2024-09-13 16:15:00,0.0,0.056723952
2024-09-13 16:30:00,0.0,0.112574145
2024-09-13 16:45:00,0.0,0.08979991
2024-09-13 17:00:00,0.0,0.13837089
2024-09-13 17:15:00,0.0,0.137336
2024-09-13 17:30:00,0.0,0.092021815
2024-09-13 17:45:00,0.0,0.16521677
2024-09-13 18:00:00,0.0,0.1671682
2024-09-13 18:15:00,0.0,0.12582463
2024-09-13 18:30:00,0.0,0.1359927
2024-09-13 18:45:00,0.0,0.085751
2024-09-13 19:00:00,0.0,0.0979054
2024-09-13 19:15:00,0.0,0.0637901
2024-09-13 19:30:00,0.0,0.05735422
2024-09-13 19:45:00,0.0,0.013997989
2024-09-13 20:00:00,0.0,0.011597106
2024-09-13 20:15:00,0.0,0.03574222
2024-09-13 20:30:00,0.0,0.00037500376
2024-09-13 20:45:00,0.0,0.018319493
2024-09-13 21:00:00,0.0,0.067807786
2024-09-13 21:15:00,0.0,0.09898614
2024-09-13 21:30:00,0.0,0.13161652
2024-09-13 21:45:00,2.071027979,0.13580772
2024-09-13 22:00:00,0.0,0.18001768
2024-09-13 22:15:00,0.0,0.29439086
2024-09-13 22:30:00,0.0,0.34582064
2024-09-13 22:45:00,0.0,0.18718153
2024-09-13 23:00:00,0.0,0.110461056
2024-09-13 23:15:00,0.0,0.056080215
2024-09-13 23:30:00,0.0,0.029741632
2024-09-13 23:45:00,0.0,0.08277373
2024-09-14 00:00:00,0.0,0.08168674
2024-09-14 00:15:00,0.0,0.07334185
2024-09-14 00:30:00,0.0,0.11265989
2024-09-14 00:45:00,0.0,0.100437224
2024-09-14 01:00:00,0.0,0.106796496
2024-09-14 01:15:00,0.0,0.15295637
2024-09-14 01:30:00,0.0,0.1542179
2024-09-14 01:45:00,0.0,0.056452278
2024-09-14 02:00:00,0.0,0.042028155
2024-09-14 02:15:00,0.0,0.06111282
2024-09-14 02:30:00,0.0,0.14014265
2024-09-14 02:45:00,0.0,0.12294049
2024-09-14 03:00:00,0.0,0.13642861
2024-09-14 03:15:00,0.0,0.1354717
2024-09-14 03:30:00,0.0,0.116419084
2024-09-14 03:45:00,0.0,0.12011973
2024-09-14 04:00:00,0.0,0.08047868
2024-09-14 04:15:00,0.0,0.11598136
2024-09-14 04:30:00,0.0,0.133569
2024-09-14 04:45:00,0.0,0.14797813
2024-09-14 05:00:00,0.0,0.12438069
2024-09-14 05:15:00,0.0,0.06961672
2024-09-14 05:30:00,0.0,0.11868107
2024-09-14 05:45:00,0.0,0.06276798
2024-09-14 06:00:00,0.0,0.14684542
2024-09-14 06:15:00,0.0,0.058044627
2024-09-14 06:30:00,0.0,-0.008187828
2024-09-14 06:45:00,0.0,0.025158567
2024-09-14 07:00:00,0.0,0.05286372
2024-09-14 07:15:00,0.0,0.057636943
2024-09-14 07:30:00,0.0,0.03764713
2024-09-14 07:45:00,0.0,-0.043825835
2024-09-14 08:00:00,0.0,-0.07283717
2024-09-14 08:15:00,0.0,-0.14323145
2024-09-14 08:30:00,0.0,-0.12587138
2024-09-14 08:45:00,0.0,0.013408798
2024-09-14 09:00:00,0.0,0.083696865
2024-09-14 09:15:00,0.0,0.09145879
2024-09-14 09:30:00,0.0,0.12799945
2024-09-14 09:45:00,0.0,0.1459989
2024-09-14 10:00:00,0.0,0.16638564
2024-09-14 10:15:00,0.0,0.23905717
2024-09-14 10:30:00,0.0,0.15191124
2024-09-14 10:45:00,0.0,0.1541016
2024-09-14 11:00:00,0.0,0.13370465
2024-09-14 11:15:00,0.0,0.19634035
2024-09-14 11:30:00,0.0,0.101712264
2024-09-14 11:45:00,0.0,0.11393335
2024-09-14 12:00:00,0.0,0.058074947
2024-09-14 12:15:00,0.0,0.03730185
2024-09-14 12:30:00,0.0,-0.01745818
2024-09-14 12:45:00,0.0,-0.006620231
2024-09-14 13:00:00,0.0,0.101347394
2024-09-14 13:15:00,0.0,0.088573374
2024-09-14 13:30:00,0.0,-0.016542891
2024-09-14 13:45:00,0.0,0.02163525
2024-09-14 14:00:00,0.0,0.034751542
2024-09-14 14:15:00,0.0,0.008566108
2024-09-14 14:30:00,0.0,0.06314162
2024-09-14 14:45:00,0.0,0.069433786
2024-09-14 15:00:00,0.0,0.14342749
2024-09-14 15:15:00,0.0,0.14033999
2024-09-14 15:30:00,0.0,0.14006288
2024-09-14 15:45:00,3.242711561,0.14144875
2024-09-14 16:00:00,0.0,0.1484742
2024-09-14 16:15:00,0.0,0.09651681
2024-09-14 16:30:00,0.0,0.1709419
2024-09-14 16:45:00,0.0,0.06258638
2024-09-14 17:00:00,0.0,0.09480444
2024-09-14 17:15:00,0.0,0.10097265
2024-09-14 17:30:00,0.0,0.067774676
2024-09-14 17:45:00,0.0,0.026425105
2024-09-14 18:00:00,0.0,0.0705493
2024-09-14 18:15:00,0.0,0.113819405
2024-09-14 18:30:00,0.0,0.1988904
2024-09-14 18:45:00,0.0,0.21354286
2024-09-14 19:00:00,0.0,0.23924844
2024-09-14 19:15:00,0.0,0.22409752
2024-09-14 19:30:00,0.0,0.13170066
2024-09-14 19:45:00,0.0,0.11325845
2024-09-14 20:00:00,0.0,0.14541611
2024-09-14 20:15:00,0.0,0.07509359
2024-09-14 20:30:00,0.0,0.07343376
2024-09-14 20:45:00,0.0,-0.0021285727
2024-09-14 21:00:00,0.0,-0.011624119
2024-09-14 21:15:00,0.0,-0.05622723
2024-09-14 21:30:00,0.0,-0.022453094
2024-09-14 21:45:00,0.0,-0.0347137
2024-09-14 22:00:00,0.0,0.0051924405
2024-09-14 22:15:00,0.0,0.039008457
2024-09-14 22:30:00,0.0,0.11107862
2024-09-14 22:45:00,0.0,0.138779
2024-09-14 23:00:00,0.0,0.10995737
2024-09-14 23:15:00,0.0,0.08852911
2024-09-14 23:30:00,0.0,0.08324626
2024-09-14 23:45:00,0.0,0.15529437
2024-09-15 00:00:00,0.0,0.19579309
2024-09-15 00:15:00,0.0,0.19601336
2024-09-15 00:30:00,0.0,0.20799336
2024-09-15 00:45:00,0.0,0.28068778
2024-09-15 01:00:00,0.0,0.22807544
2024-09-15 01:15:00,0.0,0.27921417
2024-09-15 01:30:00,0.0,0.17937174
2024-09-15 01:45:00,0.0,0.23289049
2024-09-15 02:00:00,0.0,0.24756919
2024-09-15 02:15:00,0.0,0.27113497
2024-09-15 02:30:00,0.0,0.30043694
2024-09-15 02:45:00,0.0,0.28158075
2024-09-15 03:00:00,6.168604401,0.2640337
2024-09-15 03:15:00,0.0,0.26801774
2024-09-15 03:30:00,0.0,0.06052482
2024-09-15 03:45:00,0.0,0.20706117
2024-09-15 04:00:00,0.0,0.02727251
2024-09-15 04:15:00,0.0,0.1377403
2024-09-15 04:30:00,0.0,0.14636171
2024-09-15 04:45:00,0.0,0.19276874
2024-09-15 05:00:00,0.0,0.18443309
2024-09-15 05:15:00,0.0,0.12546673
2024-09-15 05:30:00,0.0,0.2069807
2024-09-15 05:45:00,0.0,0.26039195
2024-09-15 06:00:00,0.0,0.26214123
2024-09-15 06:15:00,0.0,0.3018822
2024-09-15 06:30:00,0.0,0.27911174
2024-09-15 06:45:00,0.0,0.23069668
2024-09-15 07:00:00,0.0,0.16750084
2024-09-15 07:15:00,0.0,0.113896735
2024-09-15 07:30:00,0.0,0.13494714
2024-09-15 07:45:00,6.4607752320000005,0.1857768
2024-09-15 08:00:00,0.0,0.17300262
2024-09-15 08:15:00,0.0,0.11532913
2024-09-15 08:30:00,0.0,0.06977387
2024-09-15 08:45:00,0.0,0.11032354
2024-09-15 09:00:00,0.0,0.24337874
2024-09-15 09:15:00,0.0,0.085486166
2024-09-15 09:30:00,0.0,0.0078046657
2024-09-15 09:45:00,0.0,0.12730147
2024-09-15 10:00:00,0.0,0.1407103
2024-09-15 10:15:00,0.0,0.14925061
2024-09-15 10:30:00,0.0,0.2880979
2024-09-15 10:45:00,0.0,0.23413758
2024-09-15 11:00:00,0.0,0.23079783
2024-09-15 11:15:00,0.0,0.2579312
2024-09-15 11:30:00,0.0,0.24085611
2024-09-15 11:45:00,0.0,0.16396774
2024-09-15 12:00:00,0.0,0.10728932
2024-09-15 12:15:00,0.0,0.07185904
2024-09-15 12:30:00,0.0,0.09701204
2024-09-15 12:45:00,0.0,0.078724965
2024-09-15 13:00:00,0.0,0.09013248
2024-09-15 13:15:00,0.0,0.09168528
2024-09-15 13:30:00,0.0,0.110354096
2024-09-15 13:45:00,0.0,0.08825186
2024-09-15 14:00:00,0.0,0.07675326
2024-09-15 14:15:00,0.0,0.14387187
2024-09-15 14:30:00,0.0,0.069186494
2024-09-15 14:45:00,0.0,0.054395225
2024-09-15 15:00:00,0.0,0.12510106
2024-09-15 15:15:00,0.0,0.11351107
2024-09-15 15:30:00,0.0,0.12609437
2024-09-15 15:45:00,0.0,0.1679939
2024-09-15 16:00:00,0.0,0.11377935
2024-09-15 16:15:00,0.0,0.05279102
2024-09-15 16:30:00,0.0,0.055049855
2024-09-15 16:45:00,0.0,0.07128523
2024-09-15 17:00:00,0.0,0.07606536
2024-09-15 17:15:00,0.0,0.043434642
2024-09-15 17:30:00,0.0,0.07900159
2024-09-15 17:45:00,0.0,0.1470328
2024-09-15 18:00:00,0.0,0.1461184
2024-09-15 18:15:00,0.0,0.14578426
2024-09-15 18:30:00,0.0,0.12623163
2024-09-15 18:45:00,0.0,0.1827053
2024-09-15 19:00:00,0.0,0.14650147
2024-09-15 19:15:00,0.0,0.20503278
2024-09-15 19:30:00,0.0,0.1810275
2024-09-15 19:45:00,0.0,0.16050388
2024-09-15 20:00:00,0.0,0.124855116
2024-09-15 20:15:00,0.0,0.13130762
2024-09-15 20:30:00,0.0,0.17952365
2024-09-15 20:45:00,0.0,0.19198056
2024-09-15 21:00:00,0.0,0.21880855
2024-09-15 21:15:00,0.0,0.14908986
2024-09-15 21:30:00,0.0,0.19149901
2024-09-15 21:45:00,0.0,0.21752734
2024-09-15 22:00:00,0.0,0.18619238
2024-09-15 22:15:00,0.0,0.19259025
2024-09-15 22:30:00,0.0,0.15091276
2024-09-15 22:45:00,0.0,0.19007844
2024-09-15 23:00:00,0.0,0.2168031
2024-09-15 23:15:00,0.0,0.22982179
2024-09-15 23:30:00,0.0,0.21196483
2024-09-15 23:45:00,0.0,0.20632015
2024-09-16 00:00:00,0.0,0.23629317
2024-09-16 00:15:00,0.0,0.22471133
2024-09-16 00:30:00,0.0,0.21284336
2024-09-16 00:45:00,0.0,0.23814097
2024-09-16 01:00:00,0.0,0.15365952
2024-09-16 01:15:00,0.0,0.15819131
2024-09-16 01:30:00,0.0,0.22137773
2024-09-16 01:45:00,0.0,0.18952857
2024-09-16 02:00:00,0.0,0.20205832
2024-09-16 02:15:00,0.0,0.14209512
2024-09-16 02:30:00,0.0,0.17384133
2024-09-16 02:45:00,0.0,0.096522376
2024-09-16 03:00:00,0.0,0.07547724
2024-09-16 03:15:00,0.0,0.026445612
2024-09-16 03:30:00,0.0,-0.093272306
2024-09-16 03:45:00,0.0,-0.012857373
2024-09-16 04:00:00,0.0,0.016296934
2024-09-16 04:15:00,0.0,0.062427606
2024-09-16 04:30:00,0.0,0.05007255
2024-09-16 04:45:00,0.0,0.020789612
2024-09-16 05:00:00,0.0,-0.013449221
2024-09-16 05:15:00,0.0,0.0614431
2024-09-16 05:30:00,0.0,0.043012783
2024-09-16 05:45:00,0.0,0.04749865
2024-09-16 06:00:00,0.0,0.054779887
2024-09-16 06:15:00,0.0,0.12779295
2024-09-16 06:30:00,0.0,0.16012657
2024-09-16 06:45:00,0.0,0.148247
2024-09-16 07:00:00,0.0,0.16916123
2024-09-16 07:15:00,0.0,0.14166234
2024-09-16 07:30:00,0.0,0.16349979
2024-09-16 07:45:00,0.0,0.25919133
2024-09-16 08:00:00,0.0,0.26490265
2024-09-16 08:15:00,0.0,0.11231099
2024-09-16 08:30:00,0.0,0.1005579
2024-09-16 08:45:00,0.0,0.03734296
2024-09-16 09:00:00,0.0,0.07705089
2024-09-16 09:15:00,0.0,0.17879543
2024-09-16 09:30:00,0.0,0.19996795
2024-09-16 09:45:00,0.0,0.19847415
2024-09-16 10:00:00,0.0,0.18168491
2024-09-16 10:15:00,0.0,0.105826534
2024-09-16 10:30:00,0.0,0.07122672
2024-09-16 10:45:00,0.0,0.038398564
2024-09-16 11:00:00,0.0,0.040605955
2024-09-16 11:15:00,0.0,0.10209245
2024-09-16 11:30:00,0.0,0.07137581
2024-09-16 11:45:00,0.0,0.121675946
2024-09-16 12:00:00,0.0,0.16858181
2024-09-16 12:15:00,0.0,0.14164977
2024-09-16 12:30:00,0.0,0.08933046
2024-09-16 12:45:00,0.0,0.10334877
2024-09-16 13:00:00,0.0,0.07812147
2024-09-16 13:15:00,0.0,0.11097889
2024-09-16 13:30:00,0.0,0.16976875
2024-09-16 13:45:00,0.0,0.21324189
2024-09-16 14:00:00,0.0,0.2094145
2024-09-16 14:15:00,0.0,0.18287158
2024-09-16 14:30:00,0.0,0.13451031
2024-09-16 14:45:00,0.0,0.035333887
2024-09-16 15:00:00,0.0,0.032126106
2024-09-16 15:15:00,0.0,0.11661374
2024-09-16 15:30:00,0.0,0.10055926
2024-09-16 15:45:00,0.0,0.0776264
2024-09-16 16:00:00,0.0,0.0644092
2024-09-16 16:15:00,0.0,0.0855877
2024-09-16 16:30:00,0.0,0.05490238
2024-09-16 16:45:00,0.0,0.07656069
2024-09-16 17:00:00,0.0,0.04382544
2024-09-16 17:15:00,0.0,0.0698775
2024-09-16 17:30:00,0.0,0.055939667
2024-09-16 17:45:00,0.0,0.06302971
2024-09-16 18:00:00,0.0,0.035304274
2024-09-16 18:15:00,0.0,-0.006915017
2024-09-16 18:30:00,0.0,0.008232733
2024-09-16 18:45:00,0.0,0.028630428
2024-09-16 19:00:00,0.0,-0.0036053704
2024-09-16 19:15:00,0.0,-0.005964395
2024-09-16 19:30:00,0.0,0.061431285
2024-09-16 19:45:00,0.0,0.11160424
2024-09-16 20:00:00,0.0,0.07570937
2024-09-16 20:15:00,0.0,-0.048776064
2024-09-16 20:30:00,0.0,-0.05010208
2024-09-16 20:45:00,0.0,-0.09365062
2024-09-16 21:00:00,0.0,-0.08090571
2024-09-16 21:15:00,0.0,-0.04207727
2024-09-16 21:30:00,0.0,-0.008409039
2024-09-16 21:45:00,0.0,0.07765508
2024-09-16 22:00:00,0.0,0.116323784
2024-09-16 22:15:00,0.0,0.17181931
2024-09-16 22:30:00,0.0,0.1523904
2024-09-16 22:45:00,0.0,0.12891324
2024-09-16 23:00:00,0.0,0.13998869
2024-09-16 23:15:00,0.0,0.104899324
2024-09-16 23:30:00,0.0,0.16200182
2024-09-16 23:45:00,0.0,0.21607597
2024-09-17 00:00:00,0.0,0.2210387
2024-09-17 00:15:00,0.0,0.25526837
2024-09-17 00:30:00,0.0,0.2802984
2024-09-17 00:45:00,0.0,0.30670974
2024-09-17 01:00:00,0.0,0.30927277
2024-09-17 01:15:00,0.0,0.25957993
2024-09-17 01:30:00,0.0,0.21200924
2024-09-17 01:45:00,0.0,-0.03689895
2024-09-17 02:00:00,0.0,0.011731217
2024-09-17 02:15:00,0.0,0.09360839
2024-09-17 02:30:00,0.0,0.14843786
2024-09-17 02:45:00,0.0,0.2225189
2024-09-17 03:00:00,0.0,0.2606856
2024-09-17 03:15:00,0.0,0.25857624
2024-09-17 03:30:00,0.0,0.29320464
2024-09-17 03:45:00,0.0,0.28477475
2024-09-17 04:00:00,0.0,0.21679561
2024-09-17 04:15:00,0.0,0.15882702
2024-09-17 04:30:00,0.0,0.114638984
2024-09-17 04:45:00,0.0,0.14328954
2024-09-17 05:00:00,0.0,0.17249922
2024-09-17 05:15:00,0.0,0.10512988
2024-09-17 05:30:00,1.7290732920000003,0.10169037
2024-09-17 05:45:00,0.0,0.094167046
2024-09-17 06:00:00,0.0,0.0649137
2024-09-17 06:15:00,0.0,0.12969993
2024-09-17 06:30:00,0.0,0.09313659
2024-09-17 06:45:00,0.0,0.11376583
2024-09-17 07:00:00,0.0,0.12628306
2024-09-17 07:15:00,0.0,0.071705855
2024-09-17 07:30:00,0.0,0.058178578
2024-09-17 07:45:00,0.0,0.08289751
2024-09-17 08:00:00,0.0,0.14244585
2024-09-17 08:15:00,0.0,0.20030582
2024-09-17 08:30:00,0.0,0.13541467
2024-09-17 08:45:00,0.0,0.16408859
2024-09-17 09:00:00,0.0,0.17442456
2024-09-17 09:15:00,0.0,0.16588718
2024-09-17 09:30:00,0.0,0.15824151
2024-09-17 09:45:00,0.0,0.14534546
2024-09-17 10:00:00,0.0,0.089611284
2024-09-17 10:15:00,0.0,0.09578037
2024-09-17 10:30:00,0.0,0.09307878
2024-09-17 10:45:00,0.0,0.055268686
2024-09-17 11:00:00,0.0,0.049336452
2024-09-17 11:15:00,0.0,0.098562844
2024-09-17 11:30:00,0.0,0.022240888
2024-09-17 11:45:00,0.0,0.015096831
2024-09-17 12:00:00,0.0,0.08055514
2024-09-17 12:15:00,0.0,0.060408097
2024-09-17 12:30:00,0.0,0.0687516
2024-09-17 12:45:00,0.0,0.042643305
2024-09-17 13:00:00,0.0,0.011473081
2024-09-17 13:15:00,0.0,0.03766446
2024-09-17 13:30:00,0.0,0.04131244
2024-09-17 13:45:00,0.0,0.09252482
2024-09-17 14:00:00,0.0,0.11254354
2024-09-17 14:15:00,0.0,0.10199308
2024-09-17 14:30:00,0.0,0.110060625
2024-09-17 14:45:00,0.0,0.2078268
2024-09-17 15:00:00,0.0,0.22125684
2024-09-17 15:15:00,0.0,0.17196429
2024-09-17 15:30:00,0.0,0.16474298
2024-09-17 15:45:00,0.0,0.114776894
2024-09-17 16:00:00,0.0,0.14623809
2024-09-17 16:15:00,0.0,0.12729688
2024-09-17 16:30:00,0.0,0.09694082
2024-09-17 16:45:00,0.0,0.053501572
2024-09-17 17:00:00,0.0,0.08658817
2024-09-17 17:15:00,0.0,0.14958952
2024-09-17 17:30:00,0.0,0.10257674
2024-09-17 17:45:00,0.0,0.049090866
2024-09-17 18:00:00,0.0,0.14670749
2024-09-17 18:15:00,0.0,0.14430636
2024-09-17 18:30:00,0.0,0.12309053
2024-09-17 18:45:00,0.0,0.10359069
2024-09-17 19:00:00,0.0,0.07119137
2024-09-17 19:15:00,0.0,0.09876729
2024-09-17 19:30:00,0.0,0.06034439
2024-09-17 19:45:00,0.0,0.03225747
2024-09-17 20:00:00,0.0,0.042291623
2024-09-17 20:15:00,0.0,0.03712332
2024-09-17 20:30:00,0.0,0.08067345
2024-09-17 20:45:00,0.0,0.065686636
2024-09-17 21:00:00,0.0,0.067464985
2024-09-17 21:15:00,0.0,0.13057679
2024-09-17 21:30:00,0.0,0.10128294
2024-09-17 21:45:00,0.0,0.06910484
2024-09-17 22:00:00,0.0,0.10539169
2024-09-17 22:15:00,0.0,0.15851066
2024-09-17 22:30:00,0.0,0.08692935
2024-09-17 22:45:00,0.0,0.11459537
2024-09-17 23:00:00,0.0,0.19409534
2024-09-17 23:15:00,0.0,0.22322515
2024-09-17 23:30:00,0.0,0.24797904
2024-09-17 23:45:00,0.0,0.23160113
2024-09-18 00:00:00,0.0,0.21817861
2024-09-18 00:15:00,0.0,0.2314296
2024-09-18 00:30:00,1.7986602579999997,0.17926085
2024-09-18 00:45:00,0.0,0.18615097
2024-09-18 01:00:00,0.0,0.15741333
2024-09-18 01:15:00,0.0,0.14936376
2024-09-18 01:30:00,0.0,0.07110311
2024-09-18 01:45:00,0.0,0.12127308
2024-09-18 02:00:00,0.0,0.06236375
2024-09-18 02:15:00,0.0,0.10243469
2024-09-18 02:30:00,0.0,0.11904504
2024-09-18 02:45:00,0.0,0.161046
2024-09-18 03:00:00,0.0,0.21432799
2024-09-18 03:15:00,0.0,0.19978923
2024-09-18 03:30:00,0.0,0.22418375
2024-09-18 03:45:00,0.0,0.21516955
2024-09-18 04:00:00,0.0,0.21429436
2024-09-18 04:15:00,0.0,0.13758425
2024-09-18 04:30:00,0.0,0.12607391
2024-09-18 04:45:00,0.0,0.13433646
2024-09-18 05:00:00,0.0,0.15086566
2024-09-18 05:15:00,0.0,0.12291104
2024-09-18 05:30:00,0.0,0.059627913
2024-09-18 05:45:00,0.0,0.05798868
2024-09-18 06:00:00,0.0,0.00966305
2024-09-18 06:15:00,0.0,0.05737657
2024-09-18 06:30:00,0.0,0.0754245
2024-09-18 06:45:00,0.0,0.04126796
2024-09-18 07:00:00,0.0,-0.13744761
2024-09-18 07:15:00,0.0,-0.084394075
2024-09-18 07:30:00,0.0,-0.04188461
2024-09-18 07:45:00,0.0,-0.025744935
2024-09-18 08:00:00,0.0,-0.012850901
2024-09-18 08:15:00,0.0,0.05406865
2024-09-18 08:30:00,0.0,0.08510794
2024-09-18 08:45:00,0.0,0.11087305
2024-09-18 09:00:00,0.0,0.08434647
2024-09-18 09:15:00,0.0,0.058939397
2024-09-18 09:30:00,0.0,0.07802783
2024-09-18 09:45:00,0.0,0.009786831
2024-09-18 10:00:00,0.0,0.04541771
2024-09-18 10:15:00,0.0,0.10407048
2024-09-18 10:30:00,0.0,0.121542655
2024-09-18 10:45:00,0.0,0.12764367
2024-09-18 11:00:00,0.0,0.15071703
2024-09-18 11:15:00,0.0,0.17783584
2024-09-18 11:30:00,0.0,0.15330692
2024-09-18 11:45:00,0.0,0.14999984
2024-09-18 12:00:00,0.0,0.17579943
2024-09-18 12:15:00,0.0,0.21167958
2024-09-18 12:30:00,0.0,0.22050463
2024-09-18 12:45:00,0.0,0.26758793
2024-09-18 13:00:00,0.0,0.2477048
2024-09-18 13:15:00,0.0,0.17011751
2024-09-18 13:30:00,0.0,0.1163645
2024-09-18 13:45:00,0.0,0.068976
2024-09-18 14:00:00,0.0,0.044492412
2024-09-18 14:15:00,0.0,0.07843369
2024-09-18 14:30:00,0.0,0.13423407
2024-09-18 14:45:00,0.0,0.108465135
2024-09-18 15:00:00,0.0,0.065607734
2024-09-18 15:15:00,0.0,0.031162692
2024-09-18 15:30:00,0.0,0.010110045
2024-09-18 15:45:00,0.0,0.11667445
2024-09-18 16:00:00,0.0,0.2195899
2024-09-18 16:15:00,0.0,0.22269382
2024-09-18 16:30:00,0.0,0.22839433
2024-09-18 16:45:00,0.02181748016,0.22381726
2024-09-18 17:00:00,0.0,0.21064802
2024-09-18 17:15:00,0.0,0.15131281
2024-09-18 17:30:00,3.162155756,0.06326958
2024-09-18 17:45:00,0.0,0.11877371
2024-09-18 18:00:00,0.0,0.07365155
2024-09-18 18:15:00,0.0,0.14743201
2024-09-18 18:30:00,0.0,0.12574641
2024-09-18 18:45:00,0.0,0.15522575
2024-09-18 19:00:00,0.0,0.10812051
2024-09-18 19:15:00,0.0,0.114045866
2024-09-18 19:30:00,0.0,0.16112393
2024-09-18 19:45:00,0.0,0.14360115
2024-09-18 20:00:00,0.0,0.13214032
2024-09-18 20:15:00,2.5768846769999993,0.1593495
2024-09-18 20:30:00,0.0,0.13221972
2024-09-18 20:45:00,0.0,0.07548049
2024-09-18 21:00:00,0.0,0.09661342
2024-09-18 21:15:00,0.0,0.102245644
2024-09-18 21:30:00,0.0,0.13879034
2024-09-18 21:45:00,0.0,0.013050828
2024-09-18 22:00:00,0.0,0.029220922
2024-09-18 22:15:00,0.0,0.045414343
2024-09-18 22:30:00,0.0,0.1045234
2024-09-18 22:45:00,0.0,0.088792704
2024-09-18 23:00:00,0.0,0.1797042
2024-09-18 23:15:00,0.0,0.17382278
2024-09-18 23:30:00,0.0,0.13439204
2024-09-18 23:45:00,0.0,0.110518984
2024-09-19 00:00:00,0.0,0.1524264
2024-09-19 00:15:00,0.0,0.062218204
2024-09-19 00:30:00,0.0,0.08672134
2024-09-19 00:45:00,0.0,0.080186754
2024-09-19 01:00:00,0.0,0.015803428
2024-09-19 01:15:00,0.0,0.077958174
2024-09-19 01:30:00,0.0,0.0862962
2024-09-19 01:45:00,0.0,0.13127922
2024-09-19 02:00:00,0.0,0.17725044
2024-09-19 02:15:00,0.0,0.17842221
2024-09-19 02:30:00,0.0,0.12875032
2024-09-19 02:45:00,0.0,0.28335184
2024-09-19 03:00:00,0.0,0.24755636
2024-09-19 03:15:00,0.0,0.25529236
2024-09-19 03:30:00,0.0,0.27626678
2024-09-19 03:45:00,0.0,0.25664747
2024-09-19 04:00:00,0.0,0.22786343
2024-09-19 04:15:00,0.0,0.214103
2024-09-19 04:30:00,0.0,0.15168667
2024-09-19 04:45:00,0.0,0.10635074
2024-09-19 05:00:00,0.0,0.117572166
2024-09-19 05:15:00,0.0,0.15704964
2024-09-19 05:30:00,0.0,0.20498763
2024-09-19 05:45:00,0.0,0.20399584
2024-09-19 06:00:00,0.0,0.1475166
2024-09-19 06:15:00,0.0,0.09052729
2024-09-19 06:30:00,0.0,0.045074385
2024-09-19 06:45:00,0.0,0.07563041
2024-09-19 07:00:00,0.0,0.11789871
2024-09-19 07:15:00,0.0,0.16181767
2024-09-19 07:30:00,0.0,0.11736748
2024-09-19 07:45:00,0.0,0.19059819
2024-09-19 08:00:00,0.0,0.13186018
2024-09-19 08:15:00,0.0,0.119749136
2024-09-19 08:30:00,0.0,0.033436388
2024-09-19 08:45:00,0.0,0.07860355
2024-09-19 09:00:00,0.0,0.05510628
2024-09-19 09:15:00,0.0,0.089322686
2024-09-19 09:30:00,0.0,0.15680197
2024-09-19 09:45:00,0.0,0.13573474
2024-09-19 10:00:00,0.0,0.15674698
2024-09-19 10:15:00,0.0,0.08318592
2024-09-19 10:30:00,0.0,0.077113084
2024-09-19 10:45:00,0.0,0.024374643
2024-09-19 11:00:00,0.0,0.018786112
2024-09-19 11:15:00,0.0,0.022874994
2024-09-19 11:30:00,0.0,0.04800209
2024-09-19 11:45:00,0.0,0.012503062
2024-09-19 12:00:00,0.0,0.08538698
2024-09-19 12:15:00,0.0,0.0766791
2024-09-19 12:30:00,0.0,0.0820532
2024-09-19 12:45:00,0.0,0.08763904
2024-09-19 13:00:00,0.0,0.096210115
2024-09-19 13:15:00,0.0,0.12459135
2024-09-19 13:30:00,0.0,0.11627672
2024-09-19 13:45:00,0.0,0.07986848
2024-09-19 14:00:00,0.0,0.04777149
2024-09-19 14:15:00,0.0,0.045041364
2024-09-19 14:30:00,0.0,-0.003669194
2024-09-19 14:45:00,0.0,-0.04984192
2024-09-19 15:00:00,0.0,-0.083137415
2024-09-19 15:15:00,0.0,-0.09074909
2024-09-19 15:30:00,0.0,-0.018054392
2024-09-19 15:45:00,0.0,0.04080891
2024-09-19 16:00:00,0.0,0.0933911
2024-09-19 16:15:00,0.0,0.10134658
2024-09-19 16:30:00,0.0,0.080102
2024-09-19 16:45:00,0.0,0.043038446
2024-09-19 17:00:00,0.0,0.029637588
2024-09-19 17:15:00,0.0,-0.0075487555
2024-09-19 17:30:00,0.0,-0.05467569
2024-09-19 17:45:00,0.0,-0.0012922487
2024-09-19 18:00:00,0.0,-0.05217428
2024-09-19 18:15:00,0.0,0.0116055915
2024-09-19 18:30:00,0.0,0.020103259
2024-09-19 18:45:00,0.0,0.03856654
2024-09-19 19:00:00,0.0,0.06954373
2024-09-19 19:15:00,0.0,0.06397983
2024-09-19 19:30:00,0.0,0.047608566
2024-09-19 19:45:00,0.0,0.03630357
2024-09-19 20:00:00,0.0,0.015407652
2024-09-19 20:15:00,0.0,-0.00036192767
2024-09-19 20:30:00,0.0,0.0042741606
2024-09-19 20:45:00,0.0,-0.010652839
2024-09-19 21:00:00,0.0,-0.013367284
2024-09-19 21:15:00,0.0,0.0021558725
2024-09-19 21:30:00,0.0,0.0794261
2024-09-19 21:45:00,0.0,0.0726999
2024-09-19 22:00:00,0.0,0.11575122
2024-09-19 22:15:00,0.0,0.12694597
2024-09-19 22:30:00,0.0,0.088760905
2024-09-19 22:45:00,0.0,0.12491419
2024-09-19 23:00:00,0.0,0.21142752
2024-09-19 23:15:00,0.0,0.15130034
2024-09-19 23:30:00,0.0,0.26475963
2024-09-19 23:45:00,0.0,0.1917044
2024-09-20 00:00:00,0.0,0.16066647
2024-09-20 00:15:00,0.0,0.15635519
2024-09-20 00:30:00,0.0,0.1994522
2024-09-20 00:45:00,0.0,0.17644793
2024-09-20 01:00:00,0.0,0.18578725
2024-09-20 01:15:00,0.0,0.2494241
2024-09-20 01:30:00,0.0,0.27664456
2024-09-20 01:45:00,0.0,0.2933479
2024-09-20 02:00:00,0.0,0.2647758
2024-09-20 02:15:00,0.0,0.250904
2024-09-20 02:30:00,0.0,0.23072356
2024-09-20 02:45:00,0.0,0.21137959
2024-09-20 03:00:00,0.0,0.17847893
2024-09-20 03:15:00,0.0,0.22197196
2024-09-20 03:30:00,0.0,0.14578219
2024-09-20 03:45:00,0.0,0.12386995
2024-09-20 04:00:00,0.0,0.124817595
2024-09-20 04:15:00,0.0,0.13158627
2024-09-20 04:30:00,0.0,0.12003946
2024-09-20 04:45:00,0.0,0.10233437
2024-09-20 05:00:00,0.0,0.114568464
2024-09-20 05:15:00,0.0,0.18418649
2024-09-20 05:30:00,0.0,0.2492424
2024-09-20 05:45:00,0.0,0.28027666
2024-09-20 06:00:00,0.0,0.18964654
2024-09-20 06:15:00,0.0,0.12792404
2024-09-20 06:30:00,0.0,0.1975353
2024-09-20 06:45:00,0.0,0.14502363
2024-09-20 07:00:00,0.0,0.19399863
2024-09-20 07:15:00,0.0,0.14248382
2024-09-20 07:30:00,0.0,0.12517156
2024-09-20 07:45:00,0.0,0.067154534
2024-09-20 08:00:00,0.0,0.03017273
2024-09-20 08:15:00,0.0,0.003843454
2024-09-20 08:30:00,0.0,0.04020547
2024-09-20 08:45:00,0.0,0.07089839
2024-09-20 09:00:00,0.0,0.06657751
2024-09-20 09:15:00,0.0,0.045305707
2024-09-20 09:30:00,0.0,0.09029786
2024-09-20 09:45:00,0.0,0.13649254
2024-09-20 10:00:00,0.0,0.1198586
2024-09-20 10:15:00,0.0,0.13191356
2024-09-20 10:30:00,0.0,0.1026072
2024-09-20 10:45:00,0.0,0.09745367
2024-09-20 11:00:00,0.0,0.15932009
2024-09-20 11:15:00,0.0,0.15373349
2024-09-20 11:30:00,0.0,0.20326325
2024-09-20 11:45:00,0.0,0.110922255
2024-09-20 12:00:00,0.0,0.06915045
2024-09-20 12:15:00,0.0,0.00944911
2024-09-20 12:30:00,0.0,0.032849357
2024-09-20 12:45:00,0.0,0.019605955
2024-09-20 13:00:00,0.0,-0.010260876
2024-09-20 13:15:00,0.0,0.022066403
2024-09-20 13:30:00,0.0,0.016203312
2024-09-20 13:45:00,0.0,0.016597288
2024-09-20 14:00:00,0.0,0.02916143
2024-09-20 14:15:00,0.0,0.0737791
2024-09-20 14:30:00,0.0,0.06727142
2024-09-20 14:45:00,0.0,0.035947524
2024-09-20 15:00:00,0.0,0.040552936
2024-09-20 15:15:00,0.0,0.011747811
2024-09-20 15:30:00,0.0,0.011400269
2024-09-20 15:45:00,0.0,0.011962748
2024-09-20 16:00:00,0.0,-0.016100487
2024-09-20 16:15:00,0.0,-0.025225222
2024-09-20 16:30:00,0.0,-0.0134611875
2024-09-20 16:45:00,0.0,-0.019957649
2024-09-20 17:00:00,0.0,0.030949261
2024-09-20 17:15:00,1.652250623,0.07006384
2024-09-20 17:30:00,0.0,0.11970823
2024-09-20 17:45:00,0.0,0.13595031
2024-09-20 18:00:00,0.0,0.022740677
2024-09-20 18:15:00,0.0,0.05268841
2024-09-20 18:30:00,0.0,0.061921027
2024-09-20 18:45:00,0.0,0.05890194
2024-09-20 19:00:00,0.0,0.0483143
2024-09-20 19:15:00,0.0,0.032793045
2024-09-20 19:30:00,0.0,0.057267558
2024-09-20 19:45:00,0.0,0.10102435
2024-09-20 20:00:00,0.0,0.08188913
2024-09-20 20:15:00,0.0,0.06957172
2024-09-20 20:30:00,0.0,0.039687995
2024-09-20 20:45:00,0.0,0.03310533
2024-09-20 21:00:00,0.0,0.04909984
2024-09-20 21:15:00,0.0,0.07088885
2024-09-20 21:30:00,0.0,0.048101056
2024-09-20 21:45:00,0.0,0.06365868
2024-09-20 22:00:00,0.0,0.08836351
2024-09-20 22:15:00,0.0,0.06695738
2024-09-20 22:30:00,0.0,0.049128648
2024-09-20 22:45:00,0.0,0.10459384
2024-09-20 23:00:00,0.0,0.11467138
2024-09-20 23:15:00,0.0,0.105534114
2024-09-20 23:30:00,0.0,0.1908635
2024-09-20 23:45:00,0.0,0.27412403
2024-09-21 00:00:00,0.0,0.33536252
2024-09-21 00:15:00,0.0,0.2800069
2024-09-21 00:30:00,0.0,0.20070551
2024-09-21 00:45:00,0.0,0.0642471
2024-09-21 01:00:00,0.0,0.059595253
2024-09-21 01:15:00,0.0,0.16970982
2024-09-21 01:30:00,0.0,0.09695643
2024-09-21 01:45:00,0.0,0.08194704
2024-09-21 02:00:00,0.0,0.13428102
2024-09-21 02:15:00,0.0,0.13675623
2024-09-21 02:30:00,0.0,0.13967007
2024-09-21 02:45:00,0.0,0.11701789
2024-09-21 03:00:00,0.0,0.10286185
2024-09-21 03:15:00,0.0,0.04544088
2024-09-21 03:30:00,0.0,0.060784217
2024-09-21 03:45:00,0.0,0.06795992
2024-09-21 04:00:00,0.0,0.06563845
2024-09-21 04:15:00,0.0,0.063806035
2024-09-21 04:30:00,0.0,0.16952558
2024-09-21 04:45:00,0.0,0.13898736
2024-09-21 05:00:00,0.0,0.12203555
2024-09-21 05:15:00,0.0,0.055625297
2024-09-21 05:30:00,0.0,0.044034675
2024-09-21 05:45:00,0.0,0.02854119
2024-09-21 06:00:00,0.0,0.092493854
2024-09-21 06:15:00,0.0,0.07486861
2024-09-21 06:30:00,0.0,0.03708973
2024-09-21 06:45:00,0.0,0.071251616
2024-09-21 07:00:00,0.0,0.14801545
2024-09-21 07:15:00,0.0,0.240822
2024-09-21 07:30:00,0.0,0.23962243
2024-09-21 07:45:00,0.0,0.17161955
2024-09-21 08:00:00,0.0,0.08354842
2024-09-21 08:15:00,0.0,0.089272246
2024-09-21 08:30:00,0.0,0.11981523
2024-09-21 08:45:00,0.0,0.1139567
2024-09-21 09:00:00,0.0,0.05805359
2024-09-21 09:15:00,0.0,0.082887806
2024-09-21 09:30:00,0.0,0.019356286
2024-09-21 09:45:00,0.0,0.026519986
2024-09-21 10:00:00,0.0,2.2130569e-06
2024-09-21 10:15:00,0.0,0.010377889
2024-09-21 10:30:00,0.0,0.041627206
2024-09-21 10:45:00,0.0,0.1131205
2024-09-21 11:00:00,9.592660722,0.11545397
2024-09-21 11:15:00,0.0,0.07602655
2024-09-21 11:30:00,0.0,0.072760746
2024-09-21 11:45:00,0.0,0.061263517
2024-09-21 12:00:00,0.0,-0.13594535
2024-09-21 12:15:00,0.0,0.122808285
2024-09-21 12:30:00,0.0,0.040974267
2024-09-21 12:45:00,0.0,0.15518011
2024-09-21 13:00:00,0.0,0.13168463
2024-09-21 13:15:00,0.0,0.1251919
2024-09-21 13:30:00,0.0,0.028439969
2024-09-21 13:45:00,0.0,0.110971995
2024-09-21 14:00:00,0.0,0.10160467
2024-09-21 14:15:00,0.0,0.14034934
2024-09-21 14:30:00,0.0,0.118546605
2024-09-21 14:45:00,0.0,0.087307386
2024-09-21 15:00:00,0.0,0.06721217
2024-09-21 15:15:00,0.0,0.062338896
2024-09-21 15:30:00,0.0,0.051082946
2024-09-21 15:45:00,0.0,0.030036869
2024-09-21 16:00:00,0.0,-0.031616624
2024-09-21 16:15:00,0.0,-0.11909574
2024-09-21 16:30:00,0.0,-0.12501949
2024-09-21 16:45:00,0.0,-0.15088339
2024-09-21 17:00:00,0.0,-0.12741895
2024-09-21 17:15:00,0.0,-0.07257679
2024-09-21 17:30:00,0.0,0.069258876
2024-09-21 17:45:00,0.0,-0.012247933
2024-09-21 18:00:00,0.0,0.0044530113
2024-09-21 18:15:00,0.0,0.01874011
2024-09-21 18:30:00,0.0,0.07756846
2024-09-21 18:45:00,0.0,0.035721015
2024-09-21 19:00:00,0.0,0.048308615
2024-09-21 19:15:00,6.192490068,0.037230656
2024-09-21 19:30:00,0.0,0.051467706
2024-09-21 19:45:00,0.0,0.14449657
2024-09-21 20:00:00,0.0,0.09077844
2024-09-21 20:15:00,0.0,0.023587838
2024-09-21 20:30:00,0.0,0.05408562
2024-09-21 20:45:00,0.0,0.011158842
2024-09-21 21:00:00,0.0,0.047755998
2024-09-21 21:15:00,0.0,0.04281346
2024-09-21 21:30:00,0.0,0.07004171
2024-09-21 21:45:00,0.0,0.05525215
2024-09-21 22:00:00,0.0,0.14778462
2024-09-21 22:15:00,0.0,0.102962114
2024-09-21 22:30:00,0.0,0.13140704
2024-09-21 22:45:00,0.0,0.114129655
2024-09-21 23:00:00,0.0,0.09641038
2024-09-21 23:15:00,0.0,0.09937305
2024-09-21 23:30:00,0.0,0.110966764
2024-09-21 23:45:00,0.0,0.118586324
2024-09-22 00:00:00,0.0,0.112734474
2024-09-22 00:15:00,0.0,0.078597054
2024-09-22 00:30:00,0.0,0.07264524
2024-09-22 00:45:00,0.0,0.07098258
2024-09-22 01:00:00,0.0,0.09746953
2024-09-22 01:15:00,0.0,0.11128733
2024-09-22 01:30:00,0.0,0.103096694
2024-09-22 01:45:00,0.0,0.13947342
2024-09-22 02:00:00,0.0,0.20332435
2024-09-22 02:15:00,0.0,0.3007661
2024-09-22 02:30:00,0.0,0.39749646
2024-09-22 02:45:00,0.0,0.41043246
2024-09-22 03:00:00,0.0,0.42216533
2024-09-22 03:15:00,0.0,0.32381335
2024-09-22 03:30:00,0.0,0.08566688
2024-09-22 03:45:00,0.0,0.08330003
2024-09-22 04:00:00,0.0,0.06727967
2024-09-22 04:15:00,0.0,0.07544072
2024-09-22 04:30:00,0.0,0.03711359
2024-09-22 04:45:00,0.0,0.06757426
2024-09-22 05:00:00,0.0,0.07618784
2024-09-22 05:15:00,0.0,0.09573367
2024-09-22 05:30:00,0.0,0.09307631
2024-09-22 05:45:00,0.0,0.08855176
2024-09-22 06:00:00,0.0,0.09695282
2024-09-22 06:15:00,0.0,0.12760365
2024-09-22 06:30:00,0.0,0.19561909
2024-09-22 06:45:00,0.0,0.21041483
2024-09-22 07:00:00,0.0,0.12692316
2024-09-22 07:15:00,0.0,0.14865893
2024-09-22 07:30:00,0.0,0.1338454
2024-09-22 07:45:00,0.0,0.13798739
2024-09-22 08:00:00,0.0,0.091100864
2024-09-22 08:15:00,0.0,-0.040067315
2024-09-22 08:30:00,0.0,0.041560642
2024-09-22 08:45:00,0.0,0.070469886
2024-09-22 09:00:00,0.0,0.08012064
2024-09-22 09:15:00,0.0,0.10033796
2024-09-22 09:30:00,0.0,0.13201953
2024-09-22 09:45:00,0.0,0.16239914
2024-09-22 10:00:00,0.0,0.18466441
2024-09-22 10:15:00,0.0,0.18913531
2024-09-22 10:30:00,0.0,0.21106769
2024-09-22 10:45:00,0.0,0.22350006
2024-09-22 11:00:00,0.0,0.18408045
2024-09-22 11:15:00,0.0,0.16205703
2024-09-22 11:30:00,0.0,-0.063946694
2024-09-22 11:45:00,0.0,0.037897985
2024-09-22 12:00:00,0.0,0.09141766
2024-09-22 12:15:00,0.0,0.12361851
2024-09-22 12:30:00,0.0,0.16406162
2024-09-22 12:45:00,0.0,0.1498535
2024-09-22 13:00:00,0.0,0.13355298
2024-09-22 13:15:00,0.0,0.13032773
2024-09-22 13:30:00,0.0,0.10378068
2024-09-22 13:45:00,0.0,0.043191485
2024-09-22 14:00:00,0.0,0.14572774
2024-09-22 14:15:00,0.0,0.15317602
2024-09-22 14:30:00,4.248790462,0.15874152
2024-09-22 14:45:00,0.0,0.13917431
2024-09-22 15:00:00,0.0,0.12478973
2024-09-22 15:15:00,0.0,0.19223817
2024-09-22 15:30:00,0.0,0.21901204
2024-09-22 15:45:00,0.0,0.2747245
2024-09-22 16:00:00,0.0,0.19656578
2024-09-22 16:15:00,0.0,0.21122685
2024-09-22 16:30:00,0.0,0.21199767
2024-09-22 16:45:00,0.0,0.2172218
2024-09-22 17:00:00,0.0,0.17581369
2024-09-22 17:15:00,0.0,0.20363249
2024-09-22 17:30:00,0.0,0.24895509
2024-09-22 17:45:00,0.0,0.23862684
2024-09-22 18:00:00,0.0,0.25852284
2024-09-22 18:15:00,0.0,0.25293085
2024-09-22 18:30:00,0.0,0.23517387
2024-09-22 18:45:00,0.0,0.23432194
2024-09-22 19:00:00,0.0,0.18641849
2024-09-22 19:15:00,0.0,0.237674
2024-09-22 19:30:00,0.0,0.261875
2024-09-22 19:45:00,0.0,0.10965758
2024-09-22 20:00:00,0.0,0.17132719
2024-09-22 20:15:00,0.5534696322,0.16789828
2024-09-22 20:30:00,0.0,0.21079431
2024-09-22 20:45:00,0.0,0.18661323
2024-09-22 21:00:00,0.0,0.2756207
2024-09-22 21:15:00,0.0,0.24563675
2024-09-22 21:30:00,0.0,0.22210951
2024-09-22 21:45:00,0.0,0.1970742
2024-09-22 22:00:00,0.0,0.24441788
2024-09-22 22:15:00,0.0,0.22263421
2024-09-22 22:30:00,0.0,0.23351826
2024-09-22 22:45:00,0.0,0.23707509
2024-09-22 23:00:00,0.0,0.21926953
2024-09-22 23:15:00,0.0,0.16288918
2024-09-22 23:30:00,0.0,0.13964649
2024-09-22 23:45:00,0.0,0.14953697
2024-09-23 00:00:00,0.0,0.14363478
2024-09-23 00:15:00,0.0,0.17042288
2024-09-23 00:30:00,0.0,0.23044787
2024-09-23 00:45:00,0.0,0.22663921
2024-09-23 01:00:00,0.0,0.17100336
2024-09-23 01:15:00,0.0,0.1924739
2024-09-23 01:30:00,0.0,0.19592851
2024-09-23 01:45:00,0.0,0.25154632
2024-09-23 02:00:00,0.0,0.23984528
2024-09-23 02:15:00,0.0,0.14311151
2024-09-23 02:30:00,0.0,0.17142123
2024-09-23 02:45:00,0.0,0.20302114
2024-09-23 03:00:00,0.0,0.24512376
2024-09-23 03:15:00,0.0,0.2695427
2024-09-23 03:30:00,0.0,0.36197862
2024-09-23 03:45:00,0.0,0.2396113
2024-09-23 04:00:00,0.0,0.18936516
2024-09-23 04:15:00,0.0,0.28646916
2024-09-23 04:30:00,0.0,0.27700725
2024-09-23 04:45:00,0.0,0.36998492
2024-09-23 05:00:00,0.0,0.2407303
2024-09-23 05:15:00,0.0,0.20537148
2024-09-23 05:30:00,0.0,0.18392912
2024-09-23 05:45:00,0.0,0.22534357
2024-09-23 06:00:00,0.0,0.19400272
2024-09-23 06:15:00,0.0,0.19715603
2024-09-23 06:30:00,0.0,0.20137675
2024-09-23 06:45:00,0.0,0.21409701
2024-09-23 07:00:00,0.0,0.25265935
2024-09-23 07:15:00,1.9635451100000003,0.19735721
2024-09-23 07:30:00,0.0,0.20414327
2024-09-23 07:45:00,0.0,0.15306339
2024-09-23 08:00:00,0.0,0.1611622
2024-09-23 08:15:00,0.0,0.1304386
2024-09-23 08:30:00,0.0,0.10071711
2024-09-23 08:45:00,0.0,0.12365903
2024-09-23 09:00:00,0.0,0.1736686
2024-09-23 09:15:00,0.0,0.23030801
2024-09-23 09:30:00,0.0,0.17693336
2024-09-23 09:45:00,0.0,0.16453667
2024-09-23 10:00:00,0.0,0.17961308
2024-09-23 10:15:00,0.0,0.18589395
2024-09-23 10:30:00,0.0,0.20415151
2024-09-23 10:45:00,0.0,0.17894948
2024-09-23 11:00:00,0.0,0.19034895
2024-09-23 11:15:00,0.0,0.23610133
2024-09-23 11:30:00,0.0,0.1905549
2024-09-23 11:45:00,0.0,0.11425186
2024-09-23 12:00:00,0.0,0.0673283
2024-09-23 12:15:00,0.0,0.11325753
2024-09-23 12:30:00,0.0,0.08348737
2024-09-23 12:45:00,0.0,0.018256456
2024-09-23 13:00:00,0.0,0.011232914
2024-09-23 13:15:00,0.0,0.046355896
2024-09-23 13:30:00,0.0,0.020369504
2024-09-23 13:45:00,0.0,0.0560247
2024-09-23 14:00:00,0.0,0.12853836
2024-09-23 14:15:00,0.0,0.13116124
2024-09-23 14:30:00,0.0,0.11844008
2024-09-23 14:45:00,0.0,0.09863708
2024-09-23 15:00:00,0.0,0.040380858
2024-09-23 15:15:00,0.0,0.03792297
2024-09-23 15:30:00,0.0,-0.031169197
2024-09-23 15:45:00,0.0,-0.022447562
2024-09-23 16:00:00,0.0,0.03301084
2024-09-23 16:15:00,0.0,0.09572182
2024-09-23 16:30:00,0.0,0.10854577
2024-09-23 16:45:00,0.0,0.13290271
2024-09-23 17:00:00,0.0,0.12582636
2024-09-23 17:15:00,0.0,0.090471916
2024-09-23 17:30:00,0.0,0.041872963
2024-09-23 17:45:00,0.0,0.06568916
2024-09-23 18:00:00,0.0,0.14274982
2024-09-23 18:15:00,0.0,0.13800752
2024-09-23 18:30:00,0.0,0.086354144
2024-09-23 18:45:00,0.0,0.04104469
2024-09-23 19:00:00,0.0,0.047024753
2024-09-23 19:15:00,0.0,0.091539554
2024-09-23 19:30:00,0.0,0.03779251
2024-09-23 19:45:00,0.0,0.057080485
2024-09-23 20:00:00,0.0,0.12899688
2024-09-23 20:15:00,0.0,0.15019557
2024-09-23 20:30:00,0.0,0.12773976
2024-09-23 20:45:00,0.0,0.15107949
2024-09-23 21:00:00,0.0,0.17694075
2024-09-23 21:15:00,0.0,0.13682593
2024-09-23 21:30:00,0.0,0.14397615
2024-09-23 21:45:00,0.6703831711,0.10082952
2024-09-23 22:00:00,0.0,0.12992813
2024-09-23 22:15:00,0.0,0.14293
2024-09-23 22:30:00,0.0,0.21890192
2024-09-23 22:45:00,0.0,0.25198504
2024-09-23 23:00:00,0.0,0.19057003
2024-09-23 23:15:00,0.0,0.10742283
2024-09-23 23:30:00,0.0,0.07050867
2024-09-23 23:45:00,0.0,0.14653052
2024-09-24 00:00:00,0.0,0.13638668
2024-09-24 00:15:00,0.0,0.08784552
2024-09-24 00:30:00,0.0,0.13141848
2024-09-24 00:45:00,0.0,0.19065729
2024-09-24 01:00:00,0.0,0.18330921
2024-09-24 01:15:00,0.0,0.17687538
2024-09-24 01:30:00,0.0,0.25417733
2024-09-24 01:45:00,0.0,0.26660168
2024-09-24 02:00:00,0.0,0.30051455
2024-09-24 02:15:00,0.0,0.2953393
2024-09-24 02:30:00,0.0,0.2631236
2024-09-24 02:45:00,0.0,0.25136873
2024-09-24 03:00:00,0.0,0.21886589
2024-09-24 03:15:00,0.0,0.18972759
2024-09-24 03:30:00,0.0,0.1996305
2024-09-24 03:45:00,0.0,0.16863224
2024-09-24 04:00:00,0.0,0.23478691
2024-09-24 04:15:00,0.0,0.34342265
2024-09-24 04:30:00,0.0,0.32268476
2024-09-24 04:45:00,0.0,0.23742783
2024-09-24 05:00:00,0.0,0.22578454
2024-09-24 05:15:00,0.0,0.24547547
2024-09-24 05:30:00,0.0,0.22865443
2024-09-24 05:45:00,0.0,0.14650176
2024-09-24 06:00:00,0.0,0.006442909
2024-09-24 06:15:00,0.0,-0.011253022
2024-09-24 06:30:00,0.0,0.017914549
2024-09-24 06:45:00,0.0,0.032530602
2024-09-24 07:00:00,0.0,0.046391755
2024-09-24 07:15:00,0.0,0.033924907
2024-09-24 07:30:00,0.0,0.020571478
2024-09-24 07:45:00,0.0,-0.00029912015
2024-09-24 08:00:00,0.0,0.0048210793
2024-09-24 08:15:00,0.0,0.0455331
2024-09-24 08:30:00,0.0,0.13418972
2024-09-24 08:45:00,0.0,0.15957285
2024-09-24 09:00:00,0.0,0.21795638
2024-09-24 09:15:00,0.0,0.3018363
2024-09-24 09:30:00,0.0,0.2976988
2024-09-24 09:45:00,0.0,0.20782728
2024-09-24 10:00:00,0.0,0.100303985
2024-09-24 10:15:00,0.0,0.04228741
2024-09-24 10:30:00,0.0,0.018974258
2024-09-24 10:45:00,0.0,0.04802352
2024-09-24 11:00:00,0.0,0.075687155
2024-09-24 11:15:00,0.0,0.0831722
2024-09-24 11:30:00,0.0,0.11631568
2024-09-24 11:45:00,0.0,0.11077373
2024-09-24 12:00:00,0.0,0.06921499
2024-09-24 12:15:00,0.0,0.035437893
2024-09-24 12:30:00,0.0,0.029611614
2024-09-24 12:45:00,0.0,0.122145
2024-09-24 13:00:00,0.0,0.109624915
2024-09-24 13:15:00,0.0,0.09445869
2024-09-24 13:30:00,0.0,0.1407043
2024-09-24 13:45:00,0.0,0.15213983
2024-09-24 14:00:00,0.0,0.14958842
2024-09-24 14:15:00,0.0,0.14091928
2024-09-24 14:30:00,0.0,0.106958866
2024-09-24 14:45:00,0.0,0.15834911
2024-09-24 15:00:00,0.0,0.073338985
2024-09-24 15:15:00,0.0,0.11505089
2024-09-24 15:30:00,0.0,0.15274335
2024-09-24 15:45:00,0.0,0.1576564
2024-09-24 16:00:00,0.0,0.2179897
2024-09-24 16:15:00,0.0,0.1772848
2024-09-24 16:30:00,0.0,0.10850747
2024-09-24 16:45:00,0.0,0.10652877
2024-09-24 17:00:00,0.0,0.06151046
2024-09-24 17:15:00,0.0,0.07723867
2024-09-24 17:30:00,0.0,0.04785846
2024-09-24 17:45:00,0.0,0.060108814
2024-09-24 18:00:00,0.0,0.021815041
2024-09-24 18:15:00,0.0,-0.01995227
2024-09-24 18:30:00,0.0,0.030217074
2024-09-24 18:45:00,3.31283382,0.0648308
2024-09-24 19:00:00,0.0,0.13774215
2024-09-24 19:15:00,0.0,0.12717144
2024-09-24 19:30:00,0.0,0.2053705
2024-09-24 19:45:00,0.0,0.21962637
2024-09-24 20:00:00,0.0,0.18636593
2024-09-24 20:15:00,0.0,0.09529285
2024-09-24 20:30:00,0.0,0.07807441
2024-09-24 20:45:00,0.0,0.06722446
2024-09-24 21:00:00,0.0,0.116485894
2024-09-24 21:15:00,0.0,0.21702608
2024-09-24 21:30:00,0.0,0.23647664
2024-09-24 21:45:00,0.0,0.26945361
2024-09-24 22:00:00,0.0,0.23127405
2024-09-24 22:15:00,0.0,0.18441689
2024-09-24 22:30:00,0.0,0.19355194
2024-09-24 22:45:00,0.0,0.1295245
2024-09-24 23:00:00,0.0,0.06615294
2024-09-24 23:15:00,0.0,0.106789045
2024-09-24 23:30:00,0.0,0.11117888
2024-09-24 23:45:00,0.0,0.1416605
2024-09-25 00:00:00,0.0,0.09235782
2024-09-25 00:15:00,0.0,0.08572191
2024-09-25 00:30:00,0.0,0.14888039
2024-09-25 00:45:00,0.0,0.16930714
2024-09-25 01:00:00,0.0,0.14788394
2024-09-25 01:15:00,0.0,0.22918446
2024-09-25 01:30:00,0.0,0.15476376
2024-09-25 01:45:00,0.0,0.15079574
2024-09-25 02:00:00,0.0,0.13328402
2024-09-25 02:15:00,0.0,0.085551396
2024-09-25 02:30:00,0.0,0.03643194
2024-09-25 02:45:00,0.0,0.04403808
2024-09-25 03:00:00,0.0,0.06011999
2024-09-25 03:15:00,0.0,0.09022118
2024-09-25 03:30:00,0.0,0.060578894
2024-09-25 03:45:00,0.0,0.06416854
2024-09-25 04:00:00,0.0,0.061208297
2024-09-25 04:15:00,0.0,0.046022203
2024-09-25 04:30:00,0.0,0.079425275
2024-09-25 04:45:00,0.0,0.13977534
2024-09-25 05:00:00,0.0,0.13273102
2024-09-25 05:15:00,0.0,0.13625377
2024-09-25 05:30:00,0.0,0.13035578
2024-09-25 05:45:00,0.0,0.19587192
2024-09-25 06:00:00,0.0,0.15996337
2024-09-25 06:15:00,0.0,0.17127609
2024-09-25 06:30:00,0.0,0.16836266
2024-09-25 06:45:00,0.0,0.08495736
2024-09-25 07:00:00,0.0,0.071284935
2024-09-25 07:15:00,0.0,0.030205635
2024-09-25 07:30:00,0.0,-0.027401948
2024-09-25 07:45:00,0.0,-0.004644482
2024-09-25 08:00:00,2.177582245,0.026673399
2024-09-25 08:15:00,0.0,0.08992071
2024-09-25 08:30:00,0.0,0.13040052
2024-09-25 08:45:00,0.0,0.18784843
2024-09-25 09:00:00,0.0,0.1539326
2024-09-25 09:15:00,0.0,0.21619612
2024-09-25 09:30:00,0.0,0.15033184
2024-09-25 09:45:00,0.0,0.09571211
2024-09-25 10:00:00,0.0,0.01431554
2024-09-25 10:15:00,0.01615535053,-0.0032536755
2024-09-25 10:30:00,0.0,-0.021552105
2024-09-25 10:45:00,0.0,-0.08279195
2024-09-25 11:00:00,0.0,-0.036821246
2024-09-25 11:15:00,0.0,-0.009165684
2024-09-25 11:30:00,0.0,0.00677856
2024-09-25 11:45:00,0.0,0.0013531701
2024-09-25 12:00:00,0.0,0.0032914034
2024-09-25 12:15:00,0.0,-0.004894
2024-09-25 12:30:00,0.0,0.044272527
2024-09-25 12:45:00,0.0,0.058749992
2024-09-25 13:00:00,0.0,0.036680575
2024-09-25 13:15:00,0.0,0.013934471
2024-09-25 13:30:00,0.0,0.045453966
2024-09-25 13:45:00,0.0,0.08569662
2024-09-25 14:00:00,0.0,0.095860824
2024-09-25 14:15:00,0.0,0.10076343
2024-09-25 14:30:00,0.0,0.17907766
2024-09-25 14:45:00,0.0,0.22378191
2024-09-25 15:00:00,0.0,0.17153987
2024-09-25 15:15:00,0.0,0.065825865
2024-09-25 15:30:00,0.0,0.13726573
2024-09-25 15:45:00,0.0,0.16027254
2024-09-25 16:00:00,0.0,0.18291512
2024-09-25 16:15:00,0.0,0.12063438
2024-09-25 16:30:00,0.0,0.1653107
2024-09-25 16:45:00,0.0,0.24989466
2024-09-25 17:00:00,0.0,0.27537334
2024-09-25 17:15:00,0.0,0.26328635
2024-09-25 17:30:00,0.0,0.2620346
2024-09-25 17:45:00,0.0,0.23031875
2024-09-25 18:00:00,0.0,0.2091442
2024-09-25 18:15:00,0.0,0.16584419
2024-09-25 18:30:00,0.0,0.20331655
2024-09-25 18:45:00,0.0,0.18131062
2024-09-25 19:00:00,0.0,0.17465077
2024-09-25 19:15:00,0.0,0.115392014
2024-09-25 19:30:00,0.0,0.096812725
2024-09-25 19:45:00,0.0,0.04462891
2024-09-25 20:00:00,0.0,0.06500836
2024-09-25 20:15:00,0.0,0.10377102
2024-09-25 20:30:00,0.0,0.117994234
2024-09-25 20:45:00,0.0,0.047501586
2024-09-25 21:00:00,0.0,-0.010586405
2024-09-25 21:15:00,0.0,0.019052856
2024-09-25 21:30:00,0.0,0.032665763
2024-09-25 21:45:00,0.0,0.05689193
2024-09-25 22:00:00,0.0,0.11994867
2024-09-25 22:15:00,0.0,0.15837693
2024-09-25 22:30:00,0.0,0.2047988
2024-09-25 22:45:00,0.4910390298,0.23336488
2024-09-25 23:00:00,0.0,0.23974285
2024-09-25 23:15:00,0.0,0.22121505
2024-09-25 23:30:00,0.0,0.24613263
2024-09-25 23:45:00,0.0,0.2511545
2024-09-26 00:00:00,0.0,0.28716257
2024-09-26 00:15:00,0.0,0.25035012
2024-09-26 00:30:00,0.0,0.21036142
2024-09-26 00:45:00,0.0,0.1632244
2024-09-26 01:00:00,0.0,0.16148804
2024-09-26 01:15:00,0.0,0.17285912
2024-09-26 01:30:00,0.0,0.17649719
2024-09-26 01:45:00,0.0,0.15300012
2024-09-26 02:00:00,0.0,0.14455067
2024-09-26 02:15:00,0.0,0.11067911
2024-09-26 02:30:00,0.0,0.18114094
2024-09-26 02:45:00,0.0,0.12922896
2024-09-26 03:00:00,0.0,0.07932362
2024-09-26 03:15:00,0.0,0.025377776
2024-09-26 03:30:00,0.0,0.075962186
2024-09-26 03:45:00,0.0,0.12749349
2024-09-26 04:00:00,0.0,0.16942674
2024-09-26 04:15:00,0.0,0.2563534
2024-09-26 04:30:00,0.0,0.22515051
2024-09-26 04:45:00,1.371657669,0.20788833
2024-09-26 05:00:00,0.0,0.16783382
2024-09-26 05:15:00,0.0,0.15200795
2024-09-26 05:30:00,0.0,0.108248524
2024-09-26 05:45:00,0.0,0.067836985
2024-09-26 06:00:00,0.8363533859,0.11772603
2024-09-26 06:15:00,0.0,0.07540618
2024-09-26 06:30:00,0.0,0.08589975
2024-09-26 06:45:00,0.0,0.20946479
2024-09-26 07:00:00,0.0,0.18091084
2024-09-26 07:15:00,0.0,0.17885683
2024-09-26 07:30:00,0.0,0.20863973
2024-09-26 07:45:00,0.0,0.22552666
2024-09-26 08:00:00,0.0,0.29959935
2024-09-26 08:15:00,0.0,0.3199581
2024-09-26 08:30:00,0.0,0.17647292
2024-09-26 08:45:00,0.0,0.1874972
2024-09-26 09:00:00,0.0,0.14657804
2024-09-26 09:15:00,0.0,0.17834598
2024-09-26 09:30:00,0.0,0.18944201
2024-09-26 09:45:00,0.0,0.18707648
2024-09-26 10:00:00,0.0,0.08559192
2024-09-26 10:15:00,0.0,0.09354291
2024-09-26 10:30:00,0.0,0.086578175
2024-09-26 10:45:00,0.0,0.09497744
2024-09-26 11:00:00,0.0,0.085100636
2024-09-26 11:15:00,0.0,0.17211843
2024-09-26 11:30:00,0.0,0.15373579
2024-09-26 11:45:00,0.0,0.16518438
2024-09-26 12:00:00,0.0,0.16205591
2024-09-26 12:15:00,0.0,0.113936715
2024-09-26 12:30:00,0.0,0.1872089
2024-09-26 12:45:00,0.0,0.13595219
2024-09-26 13:00:00,0.0,0.12378389
2024-09-26 13:15:00,0.0,0.10456368
2024-09-26 13:30:00,0.0,0.079383604
2024-09-26 13:45:00,0.0,0.06898978
2024-09-26 14:00:00,0.0,0.033545002
2024-09-26 14:15:00,0.0,-0.024083614
2024-09-26 14:30:00,0.0,-0.019465141
2024-09-26 14:45:00,4.087552321,0.030090358
2024-09-26 15:00:00,0.0,0.025112435
2024-09-26 15:15:00,0.0,0.047940943
2024-09-26 15:30:00,0.0,0.11207522
2024-09-26 15:45:00,0.0,0.08312272
2024-09-26 16:00:00,0.0,0.07986529
2024-09-26 16:15:00,0.0,0.041555975
2024-09-26 16:30:00,0.0,0.06547328
2024-09-26 16:45:00,0.0,0.051185016
2024-09-26 17:00:00,0.0,0.07297839
2024-09-26 17:15:00,0.0,0.104994364
2024-09-26 17:30:00,0.0,0.10241847
2024-09-26 17:45:00,0.0,0.10355592
2024-09-26 18:00:00,0.0,0.08462126
2024-09-26 18:15:00,0.0,0.15122914
2024-09-26 18:30:00,4.097532396,0.15456067
2024-09-26 18:45:00,0.0,0.15878357
2024-09-26 19:00:00,0.0,0.15488206
2024-09-26 19:15:00,0.0,0.13386282
2024-09-26 19:30:00,0.0,0.12429784
2024-09-26 19:45:00,0.0,0.17693648
2024-09-26 20:00:00,0.0,0.041492347
2024-09-26 20:15:00,0.0,0.10290906
2024-09-26 20:30:00,0.0,0.14118317
2024-09-26 20:45:00,0.0,0.11781939
2024-09-26 21:00:00,0.0,0.11314178
2024-09-26 21:15:00,0.0,0.11281838
2024-09-26 21:30:00,0.0,0.14807948
2024-09-26 21:45:00,0.0,0.14103372
2024-09-26 22:00:00,0.0,0.13239455
2024-09-26 22:15:00,0.0,0.16962025
2024-09-26 22:30:00,0.0,0.14494504
2024-09-26 22:45:00,0.0,0.114182785
2024-09-26 23:00:00,0.0,0.08867432
2024-09-26 23:15:00,0.0,0.068005286
2024-09-26 23:30:00,0.0,0.059689183
2024-09-26 23:45:00,0.0,0.10804407
2024-09-27 00:00:00,0.0,0.115374684
2024-09-27 00:15:00,0.0,0.13531365
2024-09-27 00:30:00,0.0,0.15434547
2024-09-27 00:45:00,0.0,0.11587807
2024-09-27 01:00:00,0.0,0.22864017
2024-09-27 01:15:00,0.0,0.18495353
2024-09-27 01:30:00,0.0,0.20941435
2024-09-27 01:45:00,0.0,0.23650603
2024-09-27 02:00:00,0.0,0.25990027
2024-09-27 02:15:00,0.0,0.18390058
2024-09-27 02:30:00,0.0,0.18780859
2024-09-27 02:45:00,0.0,0.19255346
2024-09-27 03:00:00,0.0,0.19484286
2024-09-27 03:15:00,0.0,0.1398833
2024-09-27 03:30:00,0.0,0.031568483
2024-09-27 03:45:00,0.0,-0.05106404
2024-09-27 04:00:00,0.0,-0.04208158
2024-09-27 04:15:00,0.0,0.010106188
2024-09-27 04:30:00,0.0,0.0084795235
2024-09-27 04:45:00,0.0,0.022834469
2024-09-27 05:00:00,0.0,0.09102045
2024-09-27 05:15:00,0.0,0.08130208
2024-09-27 05:30:00,0.0,0.14603558
2024-09-27 05:45:00,0.0,0.10108104
2024-09-27 06:00:00,0.0,0.0683025
2024-09-27 06:15:00,0.0,0.028909625
2024-09-27 06:30:00,0.0,-0.016052067
2024-09-27 06:45:00,0.0,0.034588683
2024-09-27 07:00:00,0.0,0.10246033
2024-09-27 07:15:00,0.0,0.18233821
2024-09-27 07:30:00,0.0,0.13859963
2024-09-27 07:45:00,0.0,0.09600385
2024-09-27 08:00:00,0.0,0.06757742
2024-09-27 08:15:00,0.0,0.0459606
2024-09-27 08:30:00,0.0,0.009810218
2024-09-27 08:45:00,0.0,0.009869408
2024-09-27 09:00:00,0.0,0.030358484
2024-09-27 09:15:00,0.0,0.0023951083
2024-09-27 09:30:00,0.0,0.02397409
2024-09-27 09:45:00,0.0,0.06838325
2024-09-27 10:00:00,0.0,0.0057048723
2024-09-27 10:15:00,0.0,0.007513699
2024-09-27 10:30:00,0.0,0.0019289129
2024-09-27 10:45:00,0.0,0.012891329
2024-09-27 11:00:00,0.0,-0.037460525
2024-09-27 11:15:00,0.0,-0.031068511
2024-09-27 11:30:00,0.0,-0.06405395
2024-09-27 11:45:00,0.0,-0.09004834
2024-09-27 12:00:00,0.0,-0.14280832
2024-09-27 12:15:00,0.0,-0.13426633
2024-09-27 12:30:00,0.4521466805,-0.10687222
2024-09-27 12:45:00,0.0,-0.044085745
2024-09-27 13:00:00,0.0,-0.0077177943
2024-09-27 13:15:00,0.0,0.06917063
2024-09-27 13:30:00,0.0,0.07771968
2024-09-27 13:45:00,0.0,0.055459972
2024-09-27 14:00:00,0.0,0.07684008
2024-09-27 14:15:00,0.0,0.087217025
2024-09-27 14:30:00,0.0,0.08095174
2024-09-27 14:45:00,0.0,0.05012442
2024-09-27 15:00:00,0.0,0.04634388
2024-09-27 15:15:00,0.0,-0.060821
2024-09-27 15:30:00,0.0,-0.06528921
2024-09-27 15:45:00,0.0,-0.08240322
2024-09-27 16:00:00,0.0,-0.098595984
2024-09-27 16:15:00,0.0,-0.06514368
2024-09-27 16:30:00,0.0,-0.054508884
2024-09-27 16:45:00,0.0,0.008735439
2024-09-27 17:00:00,0.0,0.037582863
2024-09-27 17:15:00,0.0,0.03621059
2024-09-27 17:30:00,0.0,0.0337244
2024-09-27 17:45:00,0.0,0.04486543
2024-09-27 18:00:00,0.0,0.059054956
2024-09-27 18:15:00,0.0,0.06035197
2024-09-27 18:30:00,0.0,0.04002171
2024-09-27 18:45:00,0.0,0.021891354
2024-09-27 19:00:00,0.0,0.015711708
2024-09-27 19:15:00,0.0,-0.04207155
2024-09-27 19:30:00,0.0,-0.06341569
2024-09-27 19:45:00,0.0,-0.0712038
2024-09-27 20:00:00,0.0,-0.047102306
2024-09-27 20:15:00,0.0,0.04302595
2024-09-27 20:30:00,0.0,0.12751646
2024-09-27 20:45:00,0.0,0.15525079
2024-09-27 21:00:00,0.0,0.22709422
2024-09-27 21:15:00,0.0,0.19018008
2024-09-27 21:30:00,0.0,0.1799162
2024-09-27 21:45:00,0.0,0.11165235
2024-09-27 22:00:00,0.0,0.11510407
2024-09-27 22:15:00,0.0,0.06867427
2024-09-27 22:30:00,0.0,0.062553
2024-09-27 22:45:00,0.0,0.09646678
2024-09-27 23:00:00,0.0,0.11542998
2024-09-27 23:15:00,0.0,0.11488508
2024-09-27 23:30:00,0.0,0.07706135
2024-09-27 23:45:00,0.0,0.13031659
2024-09-28 00:00:00,0.0,0.11821397
2024-09-28 00:15:00,0.0,0.1274631
2024-09-28 00:30:00,0.0,0.1211654
2024-09-28 00:45:00,0.0,0.092628755
2024-09-28 01:00:00,0.0,0.06740158
2024-09-28 01:15:00,0.0,0.021337887
2024-09-28 01:30:00,0.0,0.069791324
2024-09-28 01:45:00,0.0,0.1386118
2024-09-28 02:00:00,0.0,0.20258161
2024-09-28 02:15:00,0.0,0.18894978
2024-09-28 02:30:00,0.0,0.1736609
2024-09-28 02:45:00,0.0,0.1594311
2024-09-28 03:00:00,0.0,0.11237797
2024-09-28 03:15:00,0.0,0.074937016
2024-09-28 03:30:00,0.0,0.057969812
2024-09-28 03:45:00,0.0,0.05969116
2024-09-28 04:00:00,0.0,0.12284914
2024-09-28 04:15:00,0.0,0.11306846
2024-09-28 04:30:00,0.0,0.119210795
2024-09-28 04:45:00,0.0,0.1077671
2024-09-28 05:00:00,0.0,0.10110638
2024-09-28 05:15:00,0.0,0.11916553
2024-09-28 05:30:00,0.0,0.0758815
2024-09-28 05:45:00,0.0,0.11484764
2024-09-28 06:00:00,0.0,0.098131545
2024-09-28 06:15:00,0.0,0.05048045
2024-09-28 06:30:00,0.0,0.058062125
2024-09-28 06:45:00,0.0,0.0013831886
2024-09-28 07:00:00,0.0,0.032905858
2024-09-28 07:15:00,0.0,0.07115953
2024-09-28 07:30:00,0.0,0.06482987
2024-09-28 07:45:00,0.0,0.045701414
2024-09-28 08:00:00,0.0,-0.02310782
2024-09-28 08:15:00,0.0,-0.012333803
2024-09-28 08:30:00,0.0,0.021661628
2024-09-28 08:45:00,0.0,0.045266967
2024-09-28 09:00:00,0.0,0.08156172
2024-09-28 09:15:00,0.0,0.108556256
2024-09-28 09:30:00,0.0,0.08688267
2024-09-28 09:45:00,0.0,0.021108847
2024-09-28 10:00:00,0.0,0.041037127
2024-09-28 10:15:00,0.0,0.09199854
2024-09-28 10:30:00,0.0,0.14902014
2024-09-28 10:45:00,0.0,0.1739192
2024-09-28 11:00:00,0.0,0.1258139
2024-09-28 11:15:00,0.0,0.10849531
2024-09-28 11:30:00,0.0,-0.13311833
2024-09-28 11:45:00,0.0,-0.16627152
2024-09-28 12:00:00,0.0,-0.17252214
2024-09-28 12:15:00,0.0,-0.17069453
2024-09-28 12:30:00,0.0,-0.14705476
2024-09-28 12:45:00,0.0,-0.11996861
2024-09-28 13:00:00,0.0,-0.02673836
2024-09-28 13:15:00,0.0,0.078912936
2024-09-28 13:30:00,0.0,0.10323743
2024-09-28 13:45:00,0.0,0.06371849
2024-09-28 14:00:00,0.0,0.11147074
2024-09-28 14:15:00,0.0,0.07472131
2024-09-28 14:30:00,0.0,0.10843696
2024-09-28 14:45:00,0.0,0.1419535
2024-09-28 15:00:00,0.0,0.15159227
2024-09-28 15:15:00,0.0,0.14591321
2024-09-28 15:30:00,0.0,0.1887793
2024-09-28 15:45:00,0.0,0.23823005
2024-09-28 16:00:00,0.0,0.20355377
2024-09-28 16:15:00,0.0,0.1666086
2024-09-28 16:30:00,0.0,0.06349201
2024-09-28 16:45:00,0.0,0.076799296
2024-09-28 17:00:00,0.0,0.11005743
2024-09-28 17:15:00,0.0,0.074815474
2024-09-28 17:30:00,0.0,0.115894705
2024-09-28 17:45:00,0.0,0.16545303
2024-09-28 18:00:00,0.0,0.12496167
2024-09-28 18:15:00,0.0,0.1247572
2024-09-28 18:30:00,0.0,0.15479243
2024-09-28 18:45:00,0.0,0.14257225
2024-09-28 19:00:00,0.0,0.16173881
2024-09-28 19:15:00,0.0,0.13115285
2024-09-28 19:30:00,0.0,0.1414845
2024-09-28 19:45:00,0.0,0.018597031
2024-09-28 20:00:00,0.0,-0.049309406
2024-09-28 20:15:00,0.0,-0.08908031
2024-09-28 20:30:00,0.0,-0.082536094
2024-09-28 20:45:00,0.0,-0.10873437
2024-09-28 21:00:00,0.0,-0.10852528
2024-09-28 21:15:00,0.0,-0.116951324
2024-09-28 21:30:00,0.0,-0.078564025
2024-09-28 21:45:00,0.0,-0.08014163
2024-09-28 22:00:00,0.0,-0.0879217
2024-09-28 22:15:00,0.0,-0.013015923
2024-09-28 22:30:00,0.0,0.02784812
2024-09-28 22:45:00,0.0,0.084482506
2024-09-28 23:00:00,0.0,0.15476598
2024-09-28 23:15:00,0.0,0.16505887
2024-09-28 23:30:00,0.0,0.14077388
2024-09-28 23:45:00,0.0,0.13208804
2024-09-29 00:00:00,0.0,0.102514066
2024-09-29 00:15:00,0.0,0.14744803
2024-09-29 00:30:00,0.0,0.14439984
2024-09-29 00:45:00,0.0,0.1708876
2024-09-29 01:00:00,0.0,0.22292024
2024-09-29 01:15:00,0.0,0.2526695
2024-09-29 01:30:00,0.0,0.15133739
2024-09-29 01:45:00,0.0,0.19343247
2024-09-29 02:00:00,0.0,0.20290332
2024-09-29 02:15:00,0.0,0.20753503
2024-09-29 02:30:00,0.0,0.29879802
2024-09-29 02:45:00,0.0,0.40983474
2024-09-29 03:00:00,0.0,0.32612067
2024-09-29 03:15:00,0.0,0.38302004
2024-09-29 03:30:00,0.0,0.32932606
2024-09-29 03:45:00,0.0,0.27248067
2024-09-29 04:00:00,0.0,0.25447804
2024-09-29 04:15:00,0.0,0.17353976
2024-09-29 04:30:00,0.0,0.23644438
2024-09-29 04:45:00,0.0,0.16447853
2024-09-29 05:00:00,0.0,0.1549292
2024-09-29 05:15:00,0.0,0.08382123
2024-09-29 05:30:00,0.0,0.1659558
2024-09-29 05:45:00,0.0,0.23347886
2024-09-29 06:00:00,0.0,0.27173063
2024-09-29 06:15:00,0.0,0.2510496
2024-09-29 06:30:00,0.0,0.18580627
2024-09-29 06:45:00,0.0,0.18671031
2024-09-29 07:00:00,0.0,0.20759948
2024-09-29 07:15:00,0.0,0.17132469
2024-09-29 07:30:00,0.0,0.13908648
2024-09-29 07:45:00,0.0,0.18064502
2024-09-29 08:00:00,0.0,0.24840523
2024-09-29 08:15:00,0.0,0.27131933
2024-09-29 08:30:00,0.0,0.20241871
2024-09-29 08:45:00,0.0,0.27557102
2024-09-29 09:00:00,0.0,0.25977084
2024-09-29 09:15:00,0.0,0.20905113
2024-09-29 09:30:00,0.0,0.24848464
2024-09-29 09:45:00,0.0,0.25647393
2024-09-29 10:00:00,0.0,0.21798612
2024-09-29 10:15:00,0.0,0.17381893
2024-09-29 10:30:00,0.0,0.22098646
2024-09-29 10:45:00,0.0,0.26279753
2024-09-29 11:00:00,0.0,0.3020704
2024-09-29 11:15:00,0.0,0.27990007
2024-09-29 11:30:00,0.0,0.23617244
2024-09-29 11:45:00,3.657430263,0.17551456
2024-09-29 12:00:00,0.0,0.19053733
2024-09-29 12:15:00,0.0,0.11720514
2024-09-29 12:30:00,0.0,0.21850781
2024-09-29 12:45:00,0.0,0.2846984
2024-09-29 13:00:00,0.0,0.25326946
2024-09-29 13:15:00,0.0,0.23360416
2024-09-29 13:30:00,0.0,0.25694117
2024-09-29 13:45:00,0.0,0.29297286
2024-09-29 14:00:00,0.0,0.33566758
2024-09-29 14:15:00,0.0,0.30378962
2024-09-29 14:30:00,0.0,0.31136385
2024-09-29 14:45:00,0.0,0.31299978
2024-09-29 15:00:00,0.0,0.20938513
2024-09-29 15:15:00,0.0,0.12830853
2024-09-29 15:30:00,0.0,0.044714924
2024-09-29 15:45:00,0.0,0.02114103
2024-09-29 16:00:00,0.0,0.1305779
2024-09-29 16:15:00,0.0,0.15087551
2024-09-29 16:30:00,0.0,0.13646616
2024-09-29 16:45:00,0.0,0.13535646
2024-09-29 17:00:00,0.0,0.10429719
2024-09-29 17:15:00,0.0,0.134328
2024-09-29 17:30:00,0.0,0.13302675
2024-09-29 17:45:00,0.0,0.1541405
2024-09-29 18:00:00,0.0,0.23659717
2024-09-29 18:15:00,0.0,0.24285093
2024-09-29 18:30:00,0.0,0.23937957
2024-09-29 18:45:00,0.0,0.16222845
2024-09-29 19:00:00,0.0,0.061216686
2024-09-29 19:15:00,0.0,0.062530845
2024-09-29 19:30:00,0.0,0.07569773
2024-09-29 19:45:00,0.0,0.10372305
2024-09-29 20:00:00,0.0,0.10089506
2024-09-29 20:15:00,0.0,0.06748837
2024-09-29 20:30:00,0.0,0.10333105
2024-09-29 20:45:00,0.0,0.09149543
2024-09-29 21:00:00,0.0,0.12322679
2024-09-29 21:15:00,0.0,0.17166498
2024-09-29 21:30:00,0.0,0.1579365
2024-09-29 21:45:00,0.0,0.16146164
2024-09-29 22:00:00,0.0,0.1890181
2024-09-29 22:15:00,0.0,0.20517465
2024-09-29 22:30:00,0.0,0.27443126
2024-09-29 22:45:00,0.0,0.26991397
2024-09-29 23:00:00,0.0,0.24749026
2024-09-29 23:15:00,0.0,0.16765577
2024-09-29 23:30:00,0.0,0.18830442
2024-09-29 23:45:00,0.0,0.18213984
2024-09-30 00:00:00,0.0,0.17551908
2024-09-30 00:15:00,0.0,0.29400262
2024-09-30 00:30:00,0.0,0.29647702
2024-09-30 00:45:00,0.0,0.22306976
2024-09-30 01:00:00,0.0,0.22536965
2024-09-30 01:15:00,0.0,0.28998473
2024-09-30 01:30:00,0.0,0.32166433
2024-09-30 01:45:00,0.0,0.28397444
2024-09-30 02:00:00,0.0,0.19856371
2024-09-30 02:15:00,0.0,0.19859394
2024-09-30 02:30:00,0.0,0.23511896
2024-09-30 02:45:00,0.0,0.17491981
2024-09-30 03:00:00,0.0,0.20336592
2024-09-30 03:15:00,0.0,0.194309
2024-09-30 03:30:00,0.0,0.1959223
2024-09-30 03:45:00,0.0,0.15244727
2024-09-30 04:00:00,0.0,0.16349335
2024-09-30 04:15:00,0.0,0.27365917
2024-09-30 04:30:00,0.0,0.2601422
2024-09-30 04:45:00,0.0,0.24483518
2024-09-30 05:00:00,0.0,0.27165538
2024-09-30 05:15:00,0.0,0.27280104
2024-09-30 05:30:00,0.0,0.28294632
2024-09-30 05:45:00,0.0,0.27547175
2024-09-30 06:00:00,0.0,0.28505775
2024-09-30 06:15:00,0.0,0.30097347
2024-09-30 06:30:00,0.0,0.27691028
2024-09-30 06:45:00,0.0,0.22714883
2024-09-30 07:00:00,0.0,0.2016485
2024-09-30 07:15:00,0.0,0.2410182
2024-09-30 07:30:00,0.0,0.15379663
2024-09-30 07:45:00,0.0,0.103897
2024-09-30 08:00:00,0.0,0.072292924
2024-09-30 08:15:00,0.0,0.08262536
2024-09-30 08:30:00,0.0,0.044375837
2024-09-30 08:45:00,0.0,0.06592677
2024-09-30 09:00:00,0.0,0.12309972
2024-09-30 09:15:00,0.0,0.20412996
2024-09-30 09:30:00,0.0,0.1882231
2024-09-30 09:45:00,0.0,0.21402161
2024-09-30 10:00:00,0.0,0.3201429
2024-09-30 10:15:00,0.0,0.334077
2024-09-30 10:30:00,0.0,0.28624457
2024-09-30 10:45:00,0.0,0.29508469
2024-09-30 11:00:00,0.7368792368,0.18985097
2024-09-30 11:15:00,0.0,0.1620951
2024-09-30 11:30:00,2.926246002,0.14766195
2024-09-30 11:45:00,0.0,0.3154077
2024-09-30 12:00:00,0.0,0.18376426
2024-09-30 12:15:00,0.0,0.18549876
2024-09-30 12:30:00,0.0,0.090039164
2024-09-30 12:45:00,1.599927923,0.15096773
2024-09-30 13:00:00,0.0,0.17680614
2024-09-30 13:15:00,0.0,0.19162212
2024-09-30 13:30:00,0.0,0.18967137
2024-09-30 13:45:00,0.0,0.2768077
2024-09-30 14:00:00,0.0,0.24428762
2024-09-30 14:15:00,0.0,0.25505498
2024-09-30 14:30:00,0.0,0.21000725
2024-09-30 14:45:00,0.0,0.27282357
2024-09-30 15:00:00,1.3598309810000002,0.28319383
2024-09-30 15:15:00,0.0,0.21791473
2024-09-30 15:30:00,0.0,0.13739777
2024-09-30 15:45:00,0.0,0.22748062
2024-09-30 16:00:00,0.0,0.21486762
2024-09-30 16:15:00,0.0,0.22127764
2024-09-30 16:30:00,0.0,0.18821609
2024-09-30 16:45:00,2.9829814319999994,0.16401935
2024-09-30 17:00:00,0.0,0.15727198
2024-09-30 17:15:00,0.0,0.122697614
2024-09-30 17:30:00,0.0,0.16676301
2024-09-30 17:45:00,0.0,0.14992575
2024-09-30 18:00:00,0.0,0.16524589
2024-09-30 18:15:00,0.0,0.16053203
2024-09-30 18:30:00,0.0,0.17720428
2024-09-30 18:45:00,0.0,0.1603998
2024-09-30 19:00:00,0.0,0.14917247
2024-09-30 19:15:00,0.0,0.11401075
2024-09-30 19:30:00,0.0,0.18889076
2024-09-30 19:45:00,0.0,0.21887234
2024-09-30 20:00:00,0.0,0.2049135
2024-09-30 20:15:00,0.0,0.2137812
2024-09-30 20:30:00,0.0,0.16695756
2024-09-30 20:45:00,0.0,0.14778112
2024-09-30 21:00:00,0.0,0.11766404
2024-09-30 21:15:00,1.21716704,0.13340425
2024-09-30 21:30:00,0.0,0.1500393
2024-09-30 21:45:00,0.0,0.13485597
2024-09-30 22:00:00,0.0,0.20226856
2024-09-30 22:15:00,0.0,0.19488965
2024-09-30 22:30:00,0.0,0.277303
2024-09-30 22:45:00,0.0,0.30127257
2024-09-30 23:00:00,0.0,0.2950632
2024-09-30 23:15:00,0.0,0.23852514
2024-09-30 23:30:00,0.0,0.22784425
2024-09-30 23:45:00,0.0,0.17200601
2024-10-01 00:00:00,0.0,0.15950991
2024-10-01 00:15:00,0.0,0.15864994
2024-10-01 00:30:00,0.0,0.1514626
2024-10-01 00:45:00,0.0,0.15293828
2024-10-01 01:00:00,0.0,0.18707778
2024-10-01 01:15:00,0.0,0.25161752
2024-10-01 01:30:00,0.0,0.29646254
2024-10-01 01:45:00,0.0,0.2765842
2024-10-01 02:00:00,0.0,0.25907105
2024-10-01 02:15:00,0.0,0.23599206
2024-10-01 02:30:00,0.0,0.17885536
2024-10-01 02:45:00,0.0,0.13756819
2024-10-01 03:00:00,0.0,0.16848683
2024-10-01 03:15:00,0.0,0.18252441
2024-10-01 03:30:00,0.0,0.18078761
2024-10-01 03:45:00,0.0,0.20137034
2024-10-01 04:00:00,0.0,0.22377339
2024-10-01 04:15:00,0.0,0.21863198
2024-10-01 04:30:00,0.0,0.22597216
2024-10-01 04:45:00,0.0,0.24699634
2024-10-01 05:00:00,0.0,0.23710877
2024-10-01 05:15:00,0.0,0.31281126
2024-10-01 05:30:00,0.0,0.30410993
2024-10-01 05:45:00,0.0,0.24761224
2024-10-01 06:00:00,0.0,0.23834048
2024-10-01 06:15:00,0.0,0.14624289
2024-10-01 06:30:00,0.0,0.17072901
2024-10-01 06:45:00,0.0,0.17200848
2024-10-01 07:00:00,0.0,0.1992062
2024-10-01 07:15:00,0.0,0.17069553
2024-10-01 07:30:00,0.0,0.167519
2024-10-01 07:45:00,0.0,0.17362657
2024-10-01 08:00:00,0.0,0.124589436
2024-10-01 08:15:00,0.0,0.11527379
2024-10-01 08:30:00,0.0,0.14287359
2024-10-01 08:45:00,0.0,0.17648938
2024-10-01 09:00:00,0.0,0.1637562
2024-10-01 09:15:00,0.0,0.10960778
2024-10-01 09:30:00,0.0,0.046446715
2024-10-01 09:45:00,0.0,0.113845125
2024-10-01 10:00:00,0.0,0.14006478
2024-10-01 10:15:00,0.0,0.11065603
2024-10-01 10:30:00,0.0,0.12836128
2024-10-01 10:45:00,0.0,0.13955568
2024-10-01 11:00:00,0.0,0.1468276
2024-10-01 11:15:00,0.0,0.09764346
2024-10-01 11:30:00,0.0,0.056505796
2024-10-01 11:45:00,0.0,0.038336363
2024-10-01 12:00:00,0.0,-0.071744405
2024-10-01 12:15:00,0.0,-0.04149417
2024-10-01 12:30:00,0.0,0.010131531
2024-10-01 12:45:00,0.0,0.062141985
2024-10-01 13:00:00,0.0,0.07640831
2024-10-01 13:15:00,0.0,0.037598535
2024-10-01 13:30:00,0.0,0.038022634
2024-10-01 13:45:00,0.0,-0.022803156
2024-10-01 14:00:00,0.0,-0.030829068
2024-10-01 14:15:00,0.0,-0.02460598
2024-10-01 14:30:00,0.0,-0.014205244
2024-10-01 14:45:00,0.0,-0.012234199
2024-10-01 15:00:00,0.0,0.045803238
2024-10-01 15:15:00,0.6268903787,0.09066663
2024-10-01 15:30:00,0.0,0.14592579
2024-10-01 15:45:00,0.0,0.14554596
2024-10-01 16:00:00,0.0,0.17882575
2024-10-01 16:15:00,0.0,0.18556479
2024-10-01 16:30:00,0.0,0.18081963
2024-10-01 16:45:00,0.0,0.21792795
2024-10-01 17:00:00,0.0,0.20842345
2024-10-01 17:15:00,0.0,0.111970335
2024-10-01 17:30:00,0.0,0.088819966
2024-10-01 17:45:00,0.0,0.050863117
2024-10-01 18:00:00,0.0,0.10255879
2024-10-01 18:15:00,0.0,0.14932683
2024-10-01 18:30:00,0.0,0.1662741
2024-10-01 18:45:00,0.0,0.13812406
2024-10-01 19:00:00,0.0,0.15828715
2024-10-01 19:15:00,0.0,0.107641056
2024-10-01 19:30:00,0.0,0.10764147
2024-10-01 19:45:00,0.0,0.11177386
2024-10-01 20:00:00,0.0,0.1572153
2024-10-01 20:15:00,0.0,0.18260391
2024-10-01 20:30:00,0.0,0.13513395
2024-10-01 20:45:00,0.0,0.10200846
2024-10-01 21:00:00,0.0,0.09290586
2024-10-01 21:15:00,0.0,0.050903026
2024-10-01 21:30:00,0.0,0.041195452
2024-10-01 21:45:00,0.0,-0.007892995
2024-10-01 22:00:00,0.0,0.0086270105
2024-10-01 22:15:00,0.0,0.052616388
2024-10-01 22:30:00,0.0,0.09476243
2024-10-01 22:45:00,0.0,0.06841399
2024-10-01 23:00:00,0.0,0.103036225
2024-10-01 23:15:00,0.0,0.0932194
2024-10-01 23:30:00,0.0,0.09632016
2024-10-01 23:45:00,0.0,0.024836387
2024-10-02 00:00:00,3.1452015480000006,0.07130145
2024-10-02 00:15:00,0.0,0.1046514
2024-10-02 00:30:00,0.0,0.028035777
2024-10-02 00:45:00,0.0,0.14488453
2024-10-02 01:00:00,0.0,0.25791153
2024-10-02 01:15:00,0.0,0.28595608
2024-10-02 01:30:00,4.767615022,0.27248347
2024-10-02 01:45:00,0.0,0.325654
2024-10-02 02:00:00,0.0,0.29312083
2024-10-02 02:15:00,0.0,0.35070843
2024-10-02 02:30:00,0.0,0.3577517
2024-10-02 02:45:00,0.0,0.38093254
2024-10-02 03:00:00,0.0,0.28410196
2024-10-02 03:15:00,0.0,0.28319997
2024-10-02 03:30:00,0.0,0.31768557
2024-10-02 03:45:00,0.0,0.3012922
2024-10-02 04:00:00,4.269087892,0.2785696
2024-10-02 04:15:00,0.0,0.40325028
2024-10-02 04:30:00,0.0,0.24930742
2024-10-02 04:45:00,0.0,0.21996596
2024-10-02 05:00:00,0.0,0.21494223
2024-10-02 05:15:00,0.0,0.22474276
2024-10-02 05:30:00,0.0,0.04281858
2024-10-02 05:45:00,0.0,0.1003884
2024-10-02 06:00:00,8.42359036,0.11546056
2024-10-02 06:15:00,0.0,0.16782162
2024-10-02 06:30:00,0.0,0.12098341
2024-10-02 06:45:00,0.0,0.064827025
2024-10-02 07:00:00,0.0,0.1432349
2024-10-02 07:15:00,0.0,0.14276826
2024-10-02 07:30:00,0.0,-0.007489217
2024-10-02 07:45:00,0.0,0.14710832
2024-10-02 08:00:00,0.0,0.047645707
2024-10-02 08:15:00,0.0,0.21557136
2024-10-02 08:30:00,0.0,0.1913903
2024-10-02 08:45:00,0.0,0.2660731
2024-10-02 09:00:00,0.0,0.24857137
2024-10-02 09:15:00,0.0,0.18171833
2024-10-02 09:30:00,0.0,0.16374847
2024-10-02 09:45:00,0.0,0.080099516
2024-10-02 10:00:00,0.0,0.092380725
2024-10-02 10:15:00,0.0,-0.0017753819
2024-10-02 10:30:00,0.0,-0.034946155
2024-10-02 10:45:00,0.0,-0.008485878
2024-10-02 11:00:00,0.0,0.012340882
2024-10-02 11:15:00,0.0,0.051958594
2024-10-02 11:30:00,0.0,0.037706792
2024-10-02 11:45:00,0.0,0.039186552
2024-10-02 12:00:00,0.0,0.000970483
2024-10-02 12:15:00,0.0,0.030966757
2024-10-02 12:30:00,0.0,0.04810286
2024-10-02 12:45:00,0.0,0.046273
2024-10-02 13:00:00,0.0,0.08904094
2024-10-02 13:15:00,0.0,0.07997167
2024-10-02 13:30:00,0.0,0.07688357
2024-10-02 13:45:00,0.0,0.031018808
2024-10-02 14:00:00,0.0,0.024031164
2024-10-02 14:15:00,0.0,0.0485552
2024-10-02 14:30:00,0.0,0.055344924
2024-10-02 14:45:00,0.0,0.040410716
2024-10-02 15:00:00,0.0,0.06677709
2024-10-02 15:15:00,0.0,0.073063605
2024-10-02 15:30:00,0.0,0.042937636
2024-10-02 15:45:00,0.0,0.055540085
2024-10-02 16:00:00,0.0,0.05001287
2024-10-02 16:15:00,0.0,0.036998842
2024-10-02 16:30:00,0.0,0.015292577
2024-10-02 16:45:00,0.9192876118,0.07506402
2024-10-02 17:00:00,0.0,0.07637814
2024-10-02 17:15:00,0.0,-0.015039536
2024-10-02 17:30:00,0.0,0.06365399
2024-10-02 17:45:00,0.0,0.1322768
2024-10-02 18:00:00,0.0,0.17197359
2024-10-02 18:15:00,0.0,0.20748936
2024-10-02 18:30:00,0.0,0.13873503
2024-10-02 18:45:00,0.0,0.17450213
2024-10-02 19:00:00,0.0,0.21485132
2024-10-02 19:15:00,0.0,0.196362
2024-10-02 19:30:00,0.0,0.19481292
2024-10-02 19:45:00,0.0,0.18193643
2024-10-02 20:00:00,0.0,0.15956673
2024-10-02 20:15:00,0.0,0.12613194
2024-10-02 20:30:00,0.0,0.12613563
2024-10-02 20:45:00,0.0,0.16155441
2024-10-02 21:00:00,0.0,0.23011509
2024-10-02 21:15:00,0.0,0.2604288
2024-10-02 21:30:00,0.0,0.26826212
2024-10-02 21:45:00,0.0,0.18846276
2024-10-02 22:00:00,0.0,0.17280616
2024-10-02 22:15:00,0.0,0.1848494
2024-10-02 22:30:00,0.0,0.1508232
2024-10-02 22:45:00,0.0,0.166595
2024-10-02 23:00:00,0.0,0.14006461
2024-10-02 23:15:00,0.0,0.15282476
2024-10-02 23:30:00,0.0,0.13900791
2024-10-02 23:45:00,0.0,0.19148923
2024-10-03 00:00:00,0.0,0.16214588
2024-10-03 00:15:00,0.0,0.20169288
2024-10-03 00:30:00,0.0,0.12594225
2024-10-03 00:45:00,0.0,0.13036656
2024-10-03 01:00:00,0.0,0.015007895
2024-10-03 01:15:00,0.0,0.044338793
2024-10-03 01:30:00,0.0,0.075540476
2024-10-03 01:45:00,0.0,0.08324163
2024-10-03 02:00:00,0.0,0.0203813
2024-10-03 02:15:00,0.0,0.024805984
2024-10-03 02:30:00,0.0,0.07948772
2024-10-03 02:45:00,0.0,0.13165814
2024-10-03 03:00:00,0.0,0.14597154
2024-10-03 03:15:00,0.0,0.1096408
2024-10-03 03:30:00,0.0,0.17503308
2024-10-03 03:45:00,0.0,0.21416004
2024-10-03 04:00:00,0.0,0.2174873
2024-10-03 04:15:00,0.0,0.20842308
2024-10-03 04:30:00,0.0,-0.0052317204
2024-10-03 04:45:00,0.0,0.0095063625
2024-10-03 05:00:00,0.0,0.053805087
2024-10-03 05:15:00,0.0,0.111855
2024-10-03 05:30:00,0.0,0.13424197
2024-10-03 05:45:00,0.0,0.14213628
2024-10-03 06:00:00,0.0,0.2054826
2024-10-03 06:15:00,0.0,0.2415212
2024-10-03 06:30:00,0.0,0.10514894
2024-10-03 06:45:00,0.0,0.14446789
2024-10-03 07:00:00,0.0,0.1255572
2024-10-03 07:15:00,0.0,0.155267
2024-10-03 07:30:00,0.0,0.18277748
2024-10-03 07:45:00,0.0,0.13868783
2024-10-03 08:00:00,0.0,0.070086904
2024-10-03 08:15:00,0.0,0.045556843
2024-10-03 08:30:00,0.0,0.13047764
2024-10-03 08:45:00,0.0,0.22892284
2024-10-03 09:00:00,0.0,0.2611622
2024-10-03 09:15:00,0.0,0.27366114
2024-10-03 09:30:00,0.0,0.24938363
2024-10-03 09:45:00,0.0,0.27454424
2024-10-03 10:00:00,0.0,0.20774306
2024-10-03 10:15:00,0.0,0.21967044
2024-10-03 10:30:00,0.0,0.24823746
2024-10-03 10:45:00,0.0,0.24151927
2024-10-03 11:00:00,0.0,0.16171771
2024-10-03 11:15:00,0.0,0.18255141
2024-10-03 11:30:00,0.0,0.19807255
2024-10-03 11:45:00,0.0,0.1933094
2024-10-03 12:00:00,0.0,0.16009203
2024-10-03 12:15:00,0.0,0.13137174
2024-10-03 12:30:00,0.0,0.09242549
2024-10-03 12:45:00,0.0,0.1070106
2024-10-03 13:00:00,0.0,0.073808536
2024-10-03 13:15:00,0.0,0.05474726
2024-10-03 13:30:00,0.0,0.02587128
2024-10-03 13:45:00,3.200293604,-0.008331383
2024-10-03 14:00:00,4.141473508,0.031250093
2024-10-03 14:15:00,0.0,-0.036713757
2024-10-03 14:30:00,0.0,0.08396552
2024-10-03 14:45:00,0.0,0.037727114
2024-10-03 15:00:00,0.0,0.13935512
2024-10-03 15:15:00,0.0,0.04822873
2024-10-03 15:30:00,0.0,0.14326252
2024-10-03 15:45:00,0.0,0.2780226
2024-10-03 16:00:00,0.0,0.26008964
2024-10-03 16:15:00,0.0,0.32643628
2024-10-03 16:30:00,0.0,0.25545716
2024-10-03 16:45:00,0.0,0.35728544
2024-10-03 17:00:00,0.0,0.2853209
2024-10-03 17:15:00,0.0,0.25575963
2024-10-03 17:30:00,0.0,0.17817868
2024-10-03 17:45:00,0.0,0.20635872
2024-10-03 18:00:00,0.0,0.15748914
2024-10-03 18:15:00,0.0,0.17803714
2024-10-03 18:30:00,0.0,0.19623451
2024-10-03 18:45:00,0.0,0.15436384
2024-10-03 19:00:00,0.0,0.087489635
2024-10-03 19:15:00,0.0,0.068673186
2024-10-03 19:30:00,0.0,0.044012945
2024-10-03 19:45:00,0.0,0.044449892
2024-10-03 20:00:00,0.0,0.043644
2024-10-03 20:15:00,0.0,0.16958693
2024-10-03 20:30:00,0.0,0.22352879
2024-10-03 20:45:00,0.0,0.25314528
2024-10-03 21:00:00,0.0,0.20672458
2024-10-03 21:15:00,0.0,0.15146124
2024-10-03 21:30:00,0.0,0.13724121
2024-10-03 21:45:00,0.0,0.11831434
2024-10-03 22:00:00,0.0,0.10520316
2024-10-03 22:15:00,0.0,0.06536353
2024-10-03 22:30:00,0.0,0.14065291
2024-10-03 22:45:00,0.0,0.18501042
2024-10-03 23:00:00,0.0,0.27446035
2024-10-03 23:15:00,0.0,0.33034027
2024-10-03 23:30:00,0.0,0.25856778
2024-10-03 23:45:00,0.0,0.2845036
2024-10-04 00:00:00,0.0,0.21917948
2024-10-04 00:15:00,0.0,0.20190054
2024-10-04 00:30:00,0.0,0.19718727
2024-10-04 00:45:00,0.0,0.14864133
2024-10-04 01:00:00,0.0,0.17656955
2024-10-04 01:15:00,0.0,0.23773946
2024-10-04 01:30:00,0.0,0.21607171
2024-10-04 01:45:00,0.0,0.27270955
2024-10-04 02:00:00,0.0,0.19722033
2024-10-04 02:15:00,0.0,0.19728269
2024-10-04 02:30:00,0.0,0.1715493
2024-10-04 02:45:00,0.0,0.14751202
2024-10-04 03:00:00,0.0,0.14943738
2024-10-04 03:15:00,0.0,0.14467666
2024-10-04 03:30:00,0.0,0.13435589
2024-10-04 03:45:00,0.0,0.06195478
2024-10-04 04:00:00,0.0,0.058237392
2024-10-04 04:15:00,0.0,0.098174535
2024-10-04 04:30:00,0.0,0.051419634
2024-10-04 04:45:00,0.0,0.092645444
2024-10-04 05:00:00,0.0,0.17431773
2024-10-04 05:15:00,0.0,0.19133018
2024-10-04 05:30:00,0.0,0.2021202
2024-10-04 05:45:00,0.0,0.23998412
2024-10-04 06:00:00,0.0,0.2036706
2024-10-04 06:15:00,0.0,0.22313923
2024-10-04 06:30:00,0.0,0.18661292
2024-10-04 06:45:00,9.08502048,0.11852185
2024-10-04 07:00:00,0.0,0.19526082
2024-10-04 07:15:00,0.0,-0.058716446
2024-10-04 07:30:00,0.0,0.07393106
2024-10-04 07:45:00,0.0,0.02978769
2024-10-04 08:00:00,0.0,0.14871112
2024-10-04 08:15:00,0.0,0.017252617
2024-10-04 08:30:00,0.0,0.065392524
2024-10-04 08:45:00,0.0,0.062238514
2024-10-04 09:00:00,0.0,0.07625471
2024-10-04 09:15:00,0.0,0.0717212
2024-10-04 09:30:00,0.0,0.23687051
2024-10-04 09:45:00,0.0,0.25525066
2024-10-04 10:00:00,0.0,0.25113374
2024-10-04 10:15:00,0.0,0.21310823
2024-10-04 10:30:00,0.0,0.1624864
2024-10-04 10:45:00,0.0,0.18689854
2024-10-04 11:00:00,0.0,0.16135569
2024-10-04 11:15:00,0.0,0.13461939
2024-10-04 11:30:00,0.0,0.10890991
2024-10-04 11:45:00,0.0,0.07672902
2024-10-04 12:00:00,0.0,0.09063218
2024-10-04 12:15:00,0.0,0.06852695
2024-10-04 12:30:00,0.0,0.098598376
2024-10-04 12:45:00,0.0,0.045574304
2024-10-04 13:00:00,0.0,0.056698233
2024-10-04 13:15:00,0.0,-0.028012669
2024-10-04 13:30:00,0.0,0.021316495
2024-10-04 13:45:00,0.0,0.059342932
2024-10-04 14:00:00,0.0,0.10344591
2024-10-04 14:15:00,0.0,0.040367935
2024-10-04 14:30:00,0.0,-0.0009391898
2024-10-04 14:45:00,0.0,0.046120528
2024-10-04 15:00:00,0.0,0.100286074
2024-10-04 15:15:00,0.0,0.09623211
2024-10-04 15:30:00,0.0,0.10665369
2024-10-04 15:45:00,0.0,0.09595471
2024-10-04 16:00:00,0.0,0.08467025
2024-10-04 16:15:00,0.0,0.07610276
2024-10-04 16:30:00,0.0,0.066110246
2024-10-04 16:45:00,0.0,0.04017956
2024-10-04 17:00:00,0.0,0.028595377
2024-10-04 17:15:00,0.0,0.11004918
2024-10-04 17:30:00,0.0,0.074165285
2024-10-04 17:45:00,4.808038099,0.13666391
2024-10-04 18:00:00,0.0,0.12664865
2024-10-04 18:15:00,0.0,0.06917718
2024-10-04 18:30:00,0.0,-0.007299435
2024-10-04 18:45:00,0.0,0.0169834
2024-10-04 19:00:00,0.0,0.08404008
2024-10-04 19:15:00,0.0,0.03667682
2024-10-04 19:30:00,0.0,0.073288135
2024-10-04 19:45:00,0.0,0.075131916
2024-10-04 20:00:00,0.0,0.1269051
2024-10-04 20:15:00,0.0,0.084186785
2024-10-04 20:30:00,0.0,0.13913457
2024-10-04 20:45:00,0.0,0.1598298
2024-10-04 21:00:00,0.0,0.18257037
2024-10-04 21:15:00,0.0,0.12543106
2024-10-04 21:30:00,0.0,0.06558632
2024-10-04 21:45:00,0.0,0.053994473
2024-10-04 22:00:00,0.0,0.021195836
2024-10-04 22:15:00,0.0,0.029724399
2024-10-04 22:30:00,0.0,0.07912599
2024-10-04 22:45:00,0.0,0.13087843
2024-10-04 23:00:00,0.0,0.13411883
2024-10-04 23:15:00,0.0,0.09127189
2024-10-04 23:30:00,0.0,-0.018581608
2024-10-04 23:45:00,0.0,-0.042633444
2024-10-05 00:00:00,0.0,-0.0066545205
2024-10-05 00:15:00,0.0,0.072624736
2024-10-05 00:30:00,0.0,0.09104739
2024-10-05 00:45:00,0.0,0.10505322
2024-10-05 01:00:00,0.0,0.13233617
2024-10-05 01:15:00,0.0,0.1584515
2024-10-05 01:30:00,0.0,0.10513856
2024-10-05 01:45:00,0.0,0.10966492
2024-10-05 02:00:00,0.0,0.06624359
2024-10-05 02:15:00,0.0,0.11374036
2024-10-05 02:30:00,0.0,0.069175
2024-10-05 02:45:00,0.0,0.06334933
2024-10-05 03:00:00,0.0,0.07620425
2024-10-05 03:15:00,0.0,0.13588211
2024-10-05 03:30:00,0.0,0.15110786
2024-10-05 03:45:00,0.0,0.20291555
2024-10-05 04:00:00,0.0,0.1510823
2024-10-05 04:15:00,0.0,0.116532855
2024-10-05 04:30:00,0.0,0.12475438
2024-10-05 04:45:00,0.0,0.18376686
2024-10-05 05:00:00,0.0,0.17606434
2024-10-05 05:15:00,0.0,0.10097867
2024-10-05 05:30:00,0.0,0.14448208
2024-10-05 05:45:00,0.0,0.106192626
2024-10-05 06:00:00,0.0,0.12275771
2024-10-05 06:15:00,0.0,0.19162059
2024-10-05 06:30:00,0.0,0.23081747
2024-10-05 06:45:00,0.0,0.21192217
2024-10-05 07:00:00,0.0,0.24623314
2024-10-05 07:15:00,0.0,0.17373171
2024-10-05 07:30:00,0.0,0.14628074
2024-10-05 07:45:00,0.0,0.119816735
2024-10-05 08:00:00,0.0,0.09830874
2024-10-05 08:15:00,0.0,0.06551031
2024-10-05 08:30:00,0.0,0.055458244
2024-10-05 08:45:00,0.0,0.031670835
2024-10-05 09:00:00,0.0,0.08173346
2024-10-05 09:15:00,0.0,0.07151515
2024-10-05 09:30:00,0.0,0.0615768
2024-10-05 09:45:00,0.0,0.042757735
2024-10-05 10:00:00,0.0,0.03915122
2024-10-05 10:15:00,0.0,-0.024401523
2024-10-05 10:30:00,0.0,-0.030957853
2024-10-05 10:45:00,0.0,-0.04401257
2024-10-05 11:00:00,0.0,-0.0009715319
2024-10-05 11:15:00,0.0,0.009700736
2024-10-05 11:30:00,0.0,-0.022641351
2024-10-05 11:45:00,0.0,-0.024757842
2024-10-05 12:00:00,0.0,-0.04581908
2024-10-05 12:15:00,0.0,-0.06701146
2024-10-05 12:30:00,0.0,-0.06380163
2024-10-05 12:45:00,0.0,0.040668365
2024-10-05 13:00:00,0.0,0.027438717
2024-10-05 13:15:00,0.0,0.007946283
2024-10-05 13:30:00,0.0,0.05872399
2024-10-05 13:45:00,0.0,0.11953653
2024-10-05 14:00:00,0.0,0.0484662
2024-10-05 14:15:00,0.0,0.016044311
2024-10-05 14:30:00,0.0,0.033650346
2024-10-05 14:45:00,0.0,-0.008726459
2024-10-05 15:00:00,0.0,-0.011774184
2024-10-05 15:15:00,0.0,0.016769968
2024-10-05 15:30:00,0.0,0.0017247567
2024-10-05 15:45:00,0.0,0.0013897738
2024-10-05 16:00:00,0.0,0.03813615
2024-10-05 16:15:00,0.0,0.08250128
2024-10-05 16:30:00,0.0,0.08235224
2024-10-05 16:45:00,0.0,0.10860173
2024-10-05 17:00:00,0.0,0.1414402
2024-10-05 17:15:00,0.0,0.0779379
2024-10-05 17:30:00,0.0,0.123761386
2024-10-05 17:45:00,0.0,0.13827106
2024-10-05 18:00:00,0.0,0.12507907
2024-10-05 18:15:00,0.0,0.12350293
2024-10-05 18:30:00,0.0,0.078292415
2024-10-05 18:45:00,0.0,0.0076632746
2024-10-05 19:00:00,0.0,-0.004907358
2024-10-05 19:15:00,0.0,0.015682941
2024-10-05 19:30:00,0.0,-0.050690476
2024-10-05 19:45:00,0.0,-0.022914575
2024-10-05 20:00:00,0.0,0.06720869
2024-10-05 20:15:00,0.0,0.08751342
2024-10-05 20:30:00,0.0,0.08533712
2024-10-05 20:45:00,0.0,0.10760831
2024-10-05 21:00:00,0.0,0.047578897
2024-10-05 21:15:00,0.0,0.02170842
2024-10-05 21:30:00,0.0,0.036544245
2024-10-05 21:45:00,0.0,0.054315675
2024-10-05 22:00:00,0.0,0.02435191
2024-10-05 22:15:00,0.0,-0.0068497495
2024-10-05 22:30:00,0.0,0.033552162
2024-10-05 22:45:00,0.0,0.04266528
2024-10-05 23:00:00,0.0,0.06671598
2024-10-05 23:15:00,0.0,0.092655666
2024-10-05 23:30:00,0.0,0.118994094
2024-10-05 23:45:00,0.0,0.13147391
2024-10-06 00:00:00,0.0,0.17245825
2024-10-06 00:15:00,0.0,0.16983569
2024-10-06 00:30:00,0.0,0.16180903
2024-10-06 00:45:00,0.0,0.11089475
2024-10-06 01:00:00,0.0,0.10551026
2024-10-06 01:15:00,0.0,0.07268308
2024-10-06 01:30:00,0.0,0.019568946
2024-10-06 01:45:00,0.0,0.105503805
2024-10-06 02:00:00,0.0,0.16714701
2024-10-06 02:15:00,0.0,0.19907501
2024-10-06 02:30:00,0.0,0.10060471
2024-10-06 02:45:00,0.0,0.054193024
2024-10-06 03:00:00,0.0,0.044897262
2024-10-06 03:15:00,0.0,0.029192371
2024-10-06 03:30:00,0.0,0.057296902
2024-10-06 03:45:00,0.0,0.13150565
2024-10-06 04:00:00,0.0,0.22330065
2024-10-06 04:15:00,0.0,0.25549224
2024-10-06 04:30:00,0.0,0.28612843
2024-10-06 04:45:00,0.0,0.23523003
2024-10-06 05:00:00,0.0,0.095809326
2024-10-06 05:15:00,0.0,0.10415727
2024-10-06 05:30:00,0.0,0.04523376
2024-10-06 05:45:00,0.0,0.0075468505
2024-10-06 06:00:00,1.477662006,0.013829749
2024-10-06 06:15:00,0.0,-0.015630914
2024-10-06 06:30:00,0.0,-0.06126803
2024-10-06 06:45:00,0.0,-0.04027704
2024-10-06 07:00:00,0.0,0.007982407
2024-10-06 07:15:00,0.0,0.044348236
2024-10-06 07:30:00,0.0,0.01109554
2024-10-06 07:45:00,0.0,0.028084788
2024-10-06 08:00:00,0.0,0.043287776
2024-10-06 08:15:00,0.0,0.061628498
2024-10-06 08:30:00,0.0,0.04591663
2024-10-06 08:45:00,0.0,0.05505516
2024-10-06 09:00:00,0.0,0.062211625
2024-10-06 09:15:00,0.0,0.049647935
2024-10-06 09:30:00,0.0,0.06049989
2024-10-06 09:45:00,0.0,0.07534569
2024-10-06 10:00:00,0.0,0.034862943
2024-10-06 10:15:00,0.0,0.044912823
2024-10-06 10:30:00,0.0,0.035657518
2024-10-06 10:45:00,0.0,0.07791212
2024-10-06 11:00:00,0.0,0.10103425
2024-10-06 11:15:00,0.0,0.08586475
2024-10-06 11:30:00,0.0,0.05626516
2024-10-06 11:45:00,0.0,0.03739048
2024-10-06 12:00:00,0.0,0.035510123
2024-10-06 12:15:00,0.0,-0.026692756
2024-10-06 12:30:00,0.0,0.005369955
2024-10-06 12:45:00,0.0,0.062977836
2024-10-06 13:00:00,0.0,0.015356528
2024-10-06 13:15:00,0.0,-0.0012219531
2024-10-06 13:30:00,0.0,0.019508062
2024-10-06 13:45:00,0.0,0.066995226
2024-10-06 14:00:00,0.0,0.05530594
2024-10-06 14:15:00,0.0,0.110886276
2024-10-06 14:30:00,0.0,0.079631105
2024-10-06 14:45:00,0.0,0.05354936
2024-10-06 15:00:00,0.0,0.10202904
2024-10-06 15:15:00,0.0,0.11428342
2024-10-06 15:30:00,0.0,0.11885063
2024-10-06 15:45:00,0.0,0.09146911
2024-10-06 16:00:00,0.0,0.081908315
2024-10-06 16:15:00,0.0,0.045603637
2024-10-06 16:30:00,0.0,0.04899576
2024-10-06 16:45:00,0.0,0.064383656
2024-10-06 17:00:00,0.0,0.0369603
2024-10-06 17:15:00,0.0,0.06035471
2024-10-06 17:30:00,0.0,0.08952086
2024-10-06 17:45:00,0.0,0.048570365
2024-10-06 18:00:00,0.0,0.032852914
2024-10-06 18:15:00,0.0,-0.011186748
2024-10-06 18:30:00,0.0,-0.017479064
2024-10-06 18:45:00,0.0,0.02078856
2024-10-06 19:00:00,0.0,0.017489716
2024-10-06 19:15:00,0.0,0.02556357
2024-10-06 19:30:00,0.0,0.046387598
2024-10-06 19:45:00,0.0,0.062670365
2024-10-06 20:00:00,1.8909124379999998,0.1050027
2024-10-06 20:15:00,0.0,0.08723365
2024-10-06 20:30:00,0.0,0.045797452
2024-10-06 20:45:00,0.0,0.09621499
2024-10-06 21:00:00,0.0,0.06775975
2024-10-06 21:15:00,0.0,0.1272014
2024-10-06 21:30:00,0.0,0.13366555
2024-10-06 21:45:00,0.0,0.13296558
2024-10-06 22:00:00,0.0,0.1381925
2024-10-06 22:15:00,0.0,0.16220151
2024-10-06 22:30:00,0.0,0.11804172
2024-10-06 22:45:00,0.0,0.072635084
2024-10-06 23:00:00,0.0,0.0068607135
2024-10-06 23:15:00,0.0,-0.0005966998
2024-10-06 23:30:00,0.0,0.03648494
2024-10-06 23:45:00,0.0,0.08822034
2024-10-07 00:00:00,0.0,0.16036892
2024-10-07 00:15:00,0.0,0.18220678
2024-10-07 00:30:00,0.0,0.19700083
2024-10-07 00:45:00,0.0,0.2834582
2024-10-07 01:00:00,0.0,0.2457052
2024-10-07 01:15:00,0.0,0.27001333
2024-10-07 01:30:00,0.0,0.24475826
2024-10-07 01:45:00,0.0,0.19220954
2024-10-07 02:00:00,0.0,0.20641783
2024-10-07 02:15:00,0.0,0.14652729
2024-10-07 02:30:00,0.0,0.17856126
2024-10-07 02:45:00,0.0,0.043627057
2024-10-07 03:00:00,0.0,-0.065836094
2024-10-07 03:15:00,0.0,-0.01735662
2024-10-07 03:30:00,0.0,0.025906181
2024-10-07 03:45:00,0.0,-0.051708605
2024-10-07 04:00:00,0.0,0.078650944
2024-10-07 04:15:00,0.0,0.18489328
2024-10-07 04:30:00,0.0,0.29645836
2024-10-07 04:45:00,0.0,0.26845407
2024-10-07 05:00:00,0.0,0.19338404
2024-10-07 05:15:00,0.0,0.13762587
2024-10-07 05:30:00,0.0,0.17301941
2024-10-07 05:45:00,0.0,0.25400543
2024-10-07 06:00:00,0.0,0.2630511
2024-10-07 06:15:00,0.0,0.24243316
2024-10-07 06:30:00,0.0,0.14738455
2024-10-07 06:45:00,0.0,0.15195847
2024-10-07 07:00:00,0.0,0.18110324
2024-10-07 07:15:00,0.0,0.1724092
2024-10-07 07:30:00,0.0,0.14385934
2024-10-07 07:45:00,0.0,0.16481775
2024-10-07 08:00:00,0.0,0.20119819
2024-10-07 08:15:00,0.0,0.18467112
2024-10-07 08:30:00,0.0,0.17510296
2024-10-07 08:45:00,0.0,0.13937627
2024-10-07 09:00:00,2.331542961,0.20985611
2024-10-07 09:15:00,0.0,0.16871299
2024-10-07 09:30:00,0.0,0.093249254
2024-10-07 09:45:00,0.0,0.1564102
2024-10-07 10:00:00,0.0,0.050252758
2024-10-07 10:15:00,0.0,0.0750989
2024-10-07 10:30:00,0.0,0.07117367
2024-10-07 10:45:00,0.0,0.03886791
2024-10-07 11:00:00,0.0,0.07507294
2024-10-07 11:15:00,0.0,0.087210886
2024-10-07 11:30:00,0.0,0.092824504
2024-10-07 11:45:00,0.0,0.09065135
2024-10-07 12:00:00,0.0,0.04127801
2024-10-07 12:15:00,0.0,0.034109347
2024-10-07 12:30:00,0.0,0.09445696
2024-10-07 12:45:00,0.0,0.09023461
2024-10-07 13:00:00,0.0,0.03497696
2024-10-07 13:15:00,0.0,0.032113504
2024-10-07 13:30:00,0.0,-0.014895981
2024-10-07 13:45:00,0.0,-0.014786707
2024-10-07 14:00:00,0.0,-0.038077056
2024-10-07 14:15:00,0.0,-0.024763873
2024-10-07 14:30:00,0.0,-0.006906776
2024-10-07 14:45:00,0.0,-0.023990445
2024-10-07 15:00:00,0.5398295458,-0.014728796
2024-10-07 15:15:00,0.0,0.087475546
2024-10-07 15:30:00,0.0,0.057477474
2024-10-07 15:45:00,0.0,0.07849049
2024-10-07 16:00:00,0.0,0.045422412
2024-10-07 16:15:00,0.0,0.024916379
2024-10-07 16:30:00,0.0,-0.0051388047
2024-10-07 16:45:00,0.0,-0.00030192352
2024-10-07 17:00:00,0.0,-0.041088004
2024-10-07 17:15:00,0.0,-0.069261454
2024-10-07 17:30:00,0.0,-0.13833725
2024-10-07 17:45:00,0.0,-0.15107997
2024-10-07 18:00:00,0.0,-0.14543994
2024-10-07 18:15:00,0.0,-0.10651366
2024-10-07 18:30:00,0.0,-0.12972325
2024-10-07 18:45:00,0.0,-0.1435334
2024-10-07 19:00:00,0.0,-0.072144665
2024-10-07 19:15:00,0.0,0.0034988287
2024-10-07 19:30:00,0.0,0.03200571
2024-10-07 19:45:00,0.0,0.08312717
2024-10-07 20:00:00,0.0,0.05069583
2024-10-07 20:15:00,0.0,0.004919611
2024-10-07 20:30:00,0.0,-0.058269337
2024-10-07 20:45:00,0.0,-0.045166463
2024-10-07 21:00:00,0.0,0.0064371517
2024-10-07 21:15:00,0.0,-0.02594055
2024-10-07 21:30:00,0.0,0.008712964
2024-10-07 21:45:00,0.0,-0.013881766
2024-10-07 22:00:00,0.0,0.03233414
2024-10-07 22:15:00,0.0,0.06327607
2024-10-07 22:30:00,0.0,0.13135818
2024-10-07 22:45:00,0.0,0.1428756
2024-10-07 23:00:00,0.0,0.14957367
2024-10-07 23:15:00,0.0,0.13281871
2024-10-07 23:30:00,0.0,0.11246632
2024-10-07 23:45:00,0.0,0.10628433
2024-10-08 00:00:00,0.0,0.11620704
2024-10-08 00:15:00,0.0,0.08557638
2024-10-08 00:30:00,0.0,0.12164897
2024-10-08 00:45:00,0.0,0.15900092
2024-10-08 01:00:00,0.0,0.17532068
2024-10-08 01:15:00,0.0,0.19466588
2024-10-08 01:30:00,0.0,0.166795
2024-10-08 01:45:00,0.0,0.18795681
2024-10-08 02:00:00,0.0,0.22354178
2024-10-08 02:15:00,0.0,0.19029264
2024-10-08 02:30:00,0.0,0.22738184
2024-10-08 02:45:00,0.0,0.21121767
2024-10-08 03:00:00,0.0,0.14292087
2024-10-08 03:15:00,0.0,0.13558637
2024-10-08 03:30:00,0.0,0.12231799
2024-10-08 03:45:00,0.0,0.033930644
2024-10-08 04:00:00,0.0,0.079517186
2024-10-08 04:15:00,0.0,0.063092366
2024-10-08 04:30:00,0.0,0.10673017
2024-10-08 04:45:00,0.0,0.122128084
2024-10-08 05:00:00,0.0,0.17693444
2024-10-08 05:15:00,0.0,0.18440074
2024-10-08 05:30:00,0.0,0.19302818
2024-10-08 05:45:00,0.0,0.17381191
2024-10-08 06:00:00,0.0,0.1976523
2024-10-08 06:15:00,0.0,0.10839249
2024-10-08 06:30:00,0.0,0.15038607
2024-10-08 06:45:00,0.0,0.15417233
2024-10-08 07:00:00,0.0,0.12743898
2024-10-08 07:15:00,0.0,0.101996966
2024-10-08 07:30:00,0.0,0.07872187
2024-10-08 07:45:00,0.0,0.031361055
2024-10-08 08:00:00,0.0,0.008172527
2024-10-08 08:15:00,0.0,0.031030426
2024-10-08 08:30:00,0.0,0.059576437
2024-10-08 08:45:00,0.0,0.08567664
2024-10-08 09:00:00,0.0,0.054629594
2024-10-08 09:15:00,0.0,0.0915517
2024-10-08 09:30:00,0.0,0.007367059
2024-10-08 09:45:00,0.0,0.09747214
2024-10-08 10:00:00,0.0,0.11899992
2024-10-08 10:15:00,0.0,0.12283598
2024-10-08 10:30:00,0.0,0.09217455
2024-10-08 10:45:00,0.0,0.08592373
2024-10-08 11:00:00,0.0,0.1691278
2024-10-08 11:15:00,0.0,0.14860393
2024-10-08 11:30:00,0.0,0.10639631
2024-10-08 11:45:00,0.0,0.08955809
2024-10-08 12:00:00,0.0,0.080022916
2024-10-08 12:15:00,0.0,0.11986608
2024-10-08 12:30:00,0.0,0.08819461
2024-10-08 12:45:00,0.0,0.11464034
2024-10-08 13:00:00,0.0,0.07175573
2024-10-08 13:15:00,0.0,0.09338414
2024-10-08 13:30:00,0.0,0.10286915
2024-10-08 13:45:00,0.0,0.14910907
2024-10-08 14:00:00,0.0,0.10022495
2024-10-08 14:15:00,0.0,0.0765621
2024-10-08 14:30:00,0.0,0.095081806
2024-10-08 14:45:00,0.0,0.13409106
2024-10-08 15:00:00,0.0,0.13802756
2024-10-08 15:15:00,0.0,0.10183823
2024-10-08 15:30:00,0.0,0.06580097
2024-10-08 15:45:00,0.0,0.079377905
2024-10-08 16:00:00,0.0,0.06405512
2024-10-08 16:15:00,0.0,0.062442865
2024-10-08 16:30:00,0.0,0.06903929
2024-10-08 16:45:00,0.0,0.05871127
2024-10-08 17:00:00,0.0,0.072817646
2024-10-08 17:15:00,0.0,0.10091441
2024-10-08 17:30:00,0.0,0.1012535
2024-10-08 17:45:00,0.0,0.10498483
2024-10-08 18:00:00,0.0,0.020469729
2024-10-08 18:15:00,0.0,0.0041515934
2024-10-08 18:30:00,0.0,0.015004264
2024-10-08 18:45:00,0.0,0.043708432
2024-10-08 19:00:00,0.0,0.08486957
2024-10-08 19:15:00,0.0,0.050081808
2024-10-08 19:30:00,0.0,0.047662113
2024-10-08 19:45:00,0.0,0.07266336
2024-10-08 20:00:00,0.0,0.14068046
2024-10-08 20:15:00,0.0,0.15639068
2024-10-08 20:30:00,0.0,0.18315265
2024-10-08 20:45:00,0.0,0.19787773
2024-10-08 21:00:00,0.0,0.1820657
2024-10-08 21:15:00,0.0,0.1975168
2024-10-08 21:30:00,0.0,0.16101503
2024-10-08 21:45:00,0.0,0.17064045
2024-10-08 22:00:00,0.0,0.13017654
2024-10-08 22:15:00,0.0,0.14688024
2024-10-08 22:30:00,0.0,0.20430249
2024-10-08 22:45:00,0.0,0.22544709
2024-10-08 23:00:00,0.0,0.22466975
2024-10-08 23:15:00,0.0,0.21899885
2024-10-08 23:30:00,0.0,0.22491448
2024-10-08 23:45:00,0.0,0.17218494
2024-10-09 00:00:00,0.0,0.14199065
2024-10-09 00:15:00,0.0,0.15752642
2024-10-09 00:30:00,0.0,0.051109947
2024-10-09 00:45:00,0.0,0.022262167
2024-10-09 01:00:00,0.0,0.028185748
2024-10-09 01:15:00,0.0,0.04583466
2024-10-09 01:30:00,0.0,0.096628346
2024-10-09 01:45:00,0.0,0.09324762
2024-10-09 02:00:00,0.0,-0.06269756
2024-10-09 02:15:00,0.0,-0.0081019495
2024-10-09 02:30:00,0.0,0.014945187
2024-10-09 02:45:00,0.0,0.045859963
2024-10-09 03:00:00,0.0,0.11343482
2024-10-09 03:15:00,0.0,0.13583767
2024-10-09 03:30:00,0.0,0.10313655
2024-10-09 03:45:00,0.0,0.13864377
2024-10-09 04:00:00,0.0,0.21369335
2024-10-09 04:15:00,0.0,0.12591393
2024-10-09 04:30:00,0.0,0.03865083
2024-10-09 04:45:00,0.0,-0.03127659
2024-10-09 05:00:00,0.0,0.03906631
2024-10-09 05:15:00,0.0,0.045216557
2024-10-09 05:30:00,0.0,0.13170391
2024-10-09 05:45:00,0.0,0.10534939
2024-10-09 06:00:00,0.0,0.091838345
2024-10-09 06:15:00,0.0,0.07737283
2024-10-09 06:30:00,0.0,-0.08473989
2024-10-09 06:45:00,0.0,-0.04733393
2024-10-09 07:00:00,0.0,-0.025898801
2024-10-09 07:15:00,0.0,0.01686244
2024-10-09 07:30:00,0.0,-0.0018334058
2024-10-09 07:45:00,0.0,0.027969794
2024-10-09 08:00:00,0.0,0.0482244
2024-10-09 08:15:00,0.0,0.056963574
2024-10-09 08:30:00,0.0,0.13625783
2024-10-09 08:45:00,0.0,0.13778849
2024-10-09 09:00:00,0.0,0.16035543
2024-10-09 09:15:00,0.0,0.14671347
2024-10-09 09:30:00,0.0,0.15173057
2024-10-09 09:45:00,0.0,0.15122998
2024-10-09 10:00:00,0.0,0.21025026
2024-10-09 10:15:00,0.0,0.23769315
2024-10-09 10:30:00,0.0,0.2656544
2024-10-09 10:45:00,0.0,0.2372632
2024-10-09 11:00:00,0.0,0.18308543
2024-10-09 11:15:00,0.0,0.07469092
2024-10-09 11:30:00,0.0,0.025305679
2024-10-09 11:45:00,0.0,0.019732483
2024-10-09 12:00:00,0.0,0.045457482
2024-10-09 12:15:00,0.0,0.051605783
2024-10-09 12:30:00,0.0,0.11447395
2024-10-09 12:45:00,0.0,0.06343116
2024-10-09 13:00:00,0.0,0.10415304
2024-10-09 13:15:00,0.0,0.12494832
2024-10-09 13:30:00,0.0,0.12123126
2024-10-09 13:45:00,0.0,0.13628358
2024-10-09 14:00:00,0.0,0.14143322
2024-10-09 14:15:00,0.0,0.06789823
2024-10-09 14:30:00,0.0,0.05109879
2024-10-09 14:45:00,0.0,-0.00019214084
2024-10-09 15:00:00,0.0,0.036965933
2024-10-09 15:15:00,0.0,0.076492354
2024-10-09 15:30:00,0.0,0.073041156
2024-10-09 15:45:00,0.0,0.073235355
2024-10-09 16:00:00,0.0,0.069445476
2024-10-09 16:15:00,0.0,0.038221482
2024-10-09 16:30:00,0.0,0.05189929
2024-10-09 16:45:00,0.0,0.13283284
2024-10-09 17:00:00,0.0,0.17803626
2024-10-09 17:15:00,6.55452895,0.16389866
2024-10-09 17:30:00,0.0,0.08479372
2024-10-09 17:45:00,0.0,0.034345694
2024-10-09 18:00:00,0.0,0.094673656
2024-10-09 18:15:00,0.0,0.13612302
2024-10-09 18:30:00,0.0,0.2776911
2024-10-09 18:45:00,0.0,0.097298004
2024-10-09 19:00:00,0.0,0.19418195
2024-10-09 19:15:00,0.0,0.22188222
2024-10-09 19:30:00,0.0,0.17708732
2024-10-09 19:45:00,0.0,0.17537615
2024-10-09 20:00:00,0.0,0.29401723
2024-10-09 20:15:00,0.0,0.3053445
2024-10-09 20:30:00,0.0,0.29435498
2024-10-09 20:45:00,0.0,0.24607079
2024-10-09 21:00:00,0.0,0.2382739
2024-10-09 21:15:00,0.0,0.19626883
2024-10-09 21:30:00,0.0,0.12755397
2024-10-09 21:45:00,4.138423818,0.11287041
2024-10-09 22:00:00,0.0,0.089728996
2024-10-09 22:15:00,0.0,0.12326477
2024-10-09 22:30:00,0.0,0.10273655
2024-10-09 22:45:00,0.0,0.1326169
2024-10-09 23:00:00,0.0,0.14631449
2024-10-09 23:15:00,0.0,0.05747375
2024-10-09 23:30:00,0.0,0.16552603
2024-10-09 23:45:00,0.0,0.20754756
2024-10-10 00:00:00,0.0,0.22849485
2024-10-10 00:15:00,0.0,0.25314096
2024-10-10 00:30:00,0.0,0.35451204
2024-10-10 00:45:00,0.0,0.30875805
2024-10-10 01:00:00,0.0,0.28248474
2024-10-10 01:15:00,0.0,0.30293515
2024-10-10 01:30:00,0.0,0.26517466
2024-10-10 01:45:00,0.0,0.24226551
2024-10-10 02:00:00,0.0,0.16066302
2024-10-10 02:15:00,0.0,0.10433947
2024-10-10 02:30:00,0.0,0.08740834
2024-10-10 02:45:00,0.0,0.085257776
2024-10-10 03:00:00,0.0,0.09138438
2024-10-10 03:15:00,0.0,0.1346967
2024-10-10 03:30:00,0.0,0.124650426
2024-10-10 03:45:00,0.0,0.16591433
2024-10-10 04:00:00,0.0,0.08722936
2024-10-10 04:15:00,0.0,0.1256174
2024-10-10 04:30:00,0.0,0.09101105
2024-10-10 04:45:00,0.0,0.06919703
2024-10-10 05:00:00,0.0,0.111196004
2024-10-10 05:15:00,0.0,0.14637917
2024-10-10 05:30:00,0.0,0.21215189
2024-10-10 05:45:00,0.0,0.23539989
2024-10-10 06:00:00,0.0,0.17703374
2024-10-10 06:15:00,0.0,0.13474752
2024-10-10 06:30:00,0.0,0.03491056
2024-10-10 06:45:00,0.0,0.022218086
2024-10-10 07:00:00,0.0,0.074075125
2024-10-10 07:15:00,0.0,0.12136207
2024-10-10 07:30:00,0.0,0.12206251
2024-10-10 07:45:00,0.0,0.14795905
2024-10-10 08:00:00,0.0,0.15746488
2024-10-10 08:15:00,0.0,0.16185342
2024-10-10 08:30:00,0.0,0.13282964
2024-10-10 08:45:00,0.0,0.19614616
2024-10-10 09:00:00,0.0,0.14662151
2024-10-10 09:15:00,0.0,0.23784907
2024-10-10 09:30:00,0.0,0.14675494
2024-10-10 09:45:00,0.0,0.24789156
2024-10-10 10:00:00,0.0,0.1968085
2024-10-10 10:15:00,0.0,0.23114243
2024-10-10 10:30:00,0.0,0.124799006
2024-10-10 10:45:00,0.0,0.037796088
2024-10-10 11:00:00,0.0,0.09942854
2024-10-10 11:15:00,0.0,0.15033093
2024-10-10 11:30:00,0.0,0.15040973
2024-10-10 11:45:00,0.0,0.11325085
2024-10-10 12:00:00,0.0,0.09349851
2024-10-10 12:15:00,0.0,0.14467135
2024-10-10 12:30:00,0.0,0.13397165
2024-10-10 12:45:00,0.0,0.16674247
2024-10-10 13:00:00,0.0,0.14158227
2024-10-10 13:15:00,0.0,0.12093763
2024-10-10 13:30:00,0.0,0.11075424
2024-10-10 13:45:00,0.0,0.05023584
2024-10-10 14:00:00,0.0,0.085519895
2024-10-10 14:15:00,0.0,0.075445615
2024-10-10 14:30:00,0.0,-0.013484668
2024-10-10 14:45:00,0.0,-0.028999263
2024-10-10 15:00:00,0.0,0.011647115
2024-10-10 15:15:00,0.0,-0.0146976765
2024-10-10 15:30:00,0.0,0.037956838
2024-10-10 15:45:00,0.0,0.10119135
2024-10-10 16:00:00,0.0,0.09642193
2024-10-10 16:15:00,3.399598979,0.14697708
2024-10-10 16:30:00,0.0,0.13718921
2024-10-10 16:45:00,0.0,0.14463541
2024-10-10 17:00:00,0.0,0.12283989
2024-10-10 17:15:00,0.0,0.074084796
2024-10-10 17:30:00,0.0,0.15673529
2024-10-10 17:45:00,0.0,0.11265605
2024-10-10 18:00:00,0.0,0.11415041
2024-10-10 18:15:00,0.0,0.085019
2024-10-10 18:30:00,0.0,0.09111257
2024-10-10 18:45:00,0.0,0.13265277
2024-10-10 19:00:00,0.0,0.21524522
2024-10-10 19:15:00,0.0,0.21826695
2024-10-10 19:30:00,0.0,0.1802227
2024-10-10 19:45:00,0.0,0.12646103
2024-10-10 20:00:00,0.0,0.07817505
2024-10-10 20:15:00,0.0,0.043058764
2024-10-10 20:30:00,0.0,-0.0349784
2024-10-10 20:45:00,0.0,-0.009389783
2024-10-10 21:00:00,0.0,0.039187748
2024-10-10 21:15:00,0.0,0.09137192
2024-10-10 21:30:00,0.0,0.10209768
2024-10-10 21:45:00,0.0,0.10785475
2024-10-10 22:00:00,0.0,0.1093598
2024-10-10 22:15:00,0.0,0.090974584
2024-10-10 22:30:00,0.0,0.091223046
2024-10-10 22:45:00,0.0,0.22947629
2024-10-10 23:00:00,0.0,0.17917317
2024-10-10 23:15:00,0.0,0.14662403
2024-10-10 23:30:00,0.0,0.18855816
2024-10-10 23:45:00,0.0,0.14665085
2024-10-11 00:00:00,0.0,0.11470346
2024-10-11 00:15:00,0.0,0.10990736
2024-10-11 00:30:00,0.0,0.12898223
2024-10-11 00:45:00,0.0,0.1678523
2024-10-11 01:00:00,0.0,0.20028877
2024-10-11 01:15:00,0.0,0.18751363
2024-10-11 01:30:00,0.0,0.15301445
2024-10-11 01:45:00,0.0,0.21438299
2024-10-11 02:00:00,0.0,0.17606498
2024-10-11 02:15:00,0.0,0.22465225
2024-10-11 02:30:00,0.0,0.20229942
2024-10-11 02:45:00,0.0,0.19672415
2024-10-11 03:00:00,0.0,0.19543937
2024-10-11 03:15:00,0.0,0.24967642
2024-10-11 03:30:00,0.0,0.2606037
2024-10-11 03:45:00,0.0,0.24946837
2024-10-11 04:00:00,0.0,0.255853
2024-10-11 04:15:00,0.0,0.20720236
2024-10-11 04:30:00,0.0,0.23219322
2024-10-11 04:45:00,0.0,0.23143819
2024-10-11 05:00:00,0.0,0.18284826
2024-10-11 05:15:00,0.0,0.16251768
2024-10-11 05:30:00,0.0,0.040330812
2024-10-11 05:45:00,0.0,0.10088056
2024-10-11 06:00:00,0.0,0.07557201
2024-10-11 06:15:00,2.6889783869999997,0.117864184
2024-10-11 06:30:00,0.0,0.15745272
2024-10-11 06:45:00,0.0,0.083503455
2024-10-11 07:00:00,0.415279722,0.09157478
2024-10-11 07:15:00,0.0,-0.036197588
2024-10-11 07:30:00,0.0,-0.025549076
2024-10-11 07:45:00,0.0,-0.053169355
2024-10-11 08:00:00,0.0,-0.070053376
2024-10-11 08:15:00,0.0,-0.060133554
2024-10-11 08:30:00,0.0,-0.047287684
2024-10-11 08:45:00,0.0,-0.009413132
2024-10-11 09:00:00,0.0,0.08387263
2024-10-11 09:15:00,0.0,0.15968208
2024-10-11 09:30:00,0.0,0.16982552
2024-10-11 09:45:00,0.0,0.21628584
2024-10-11 10:00:00,0.0,0.2206289
2024-10-11 10:15:00,0.0,0.2263605
2024-10-11 10:30:00,0.0,0.16236442
2024-10-11 10:45:00,0.0,0.17697275
2024-10-11 11:00:00,0.0,0.18446253
2024-10-11 11:15:00,0.0,0.16972937
2024-10-11 11:30:00,0.0,0.05191278
2024-10-11 11:45:00,0.0,0.0556002
2024-10-11 12:00:00,0.0,0.05913251
2024-10-11 12:15:00,0.0,0.028888978
2024-10-11 12:30:00,0.0,0.05128513
2024-10-11 12:45:00,0.0,0.05254694
2024-10-11 13:00:00,0.0,0.14874274
2024-10-11 13:15:00,0.0,0.17069264
2024-10-11 13:30:00,0.0,0.1520755
2024-10-11 13:45:00,0.0,0.1211825
2024-10-11 14:00:00,0.0,0.13024129
2024-10-11 14:15:00,0.0,0.18022053
2024-10-11 14:30:00,0.0,0.19237976
2024-10-11 14:45:00,0.0,0.23423916
2024-10-11 15:00:00,0.0,0.26172087
2024-10-11 15:15:00,3.557739295,0.2956954
2024-10-11 15:30:00,0.0,0.23469652
2024-10-11 15:45:00,0.0,0.105821304
2024-10-11 16:00:00,0.0,0.24649872
2024-10-11 16:15:00,1.484898593,0.17656055
2024-10-11 16:30:00,0.0,0.16719763
2024-10-11 16:45:00,0.0,0.08258137
2024-10-11 17:00:00,0.0,0.13583684
2024-10-11 17:15:00,0.0,0.203203
2024-10-11 17:30:00,0.0,0.25334704
2024-10-11 17:45:00,0.0,0.17225437
2024-10-11 18:00:00,0.0,0.13654551
2024-10-11 18:15:00,0.0,0.048491955
2024-10-11 18:30:00,0.0,0.056629013
2024-10-11 18:45:00,0.0,0.06824357
2024-10-11 19:00:00,0.0,0.06529638
2024-10-11 19:15:00,0.0,0.084228866
2024-10-11 19:30:00,0.0,0.10327739
2024-10-11 19:45:00,0.0,0.14159065
2024-10-11 20:00:00,0.0,0.13821812
2024-10-11 20:15:00,0.0,0.20737286
2024-10-11 20:30:00,0.0,0.14539035
2024-10-11 20:45:00,0.0,0.13732411
2024-10-11 21:00:00,0.0,0.10424385
2024-10-11 21:15:00,0.0,0.1162166
2024-10-11 21:30:00,0.0,0.09195693
2024-10-11 21:45:00,0.0,0.15407434
2024-10-11 22:00:00,0.0,0.17136575
2024-10-11 22:15:00,0.0,0.18111357
2024-10-11 22:30:00,0.0,0.2481617
2024-10-11 22:45:00,0.0,0.27478462
2024-10-11 23:00:00,0.0,0.21340826
2024-10-11 23:15:00,0.0,0.17252138
2024-10-11 23:30:00,0.0,0.15296336
2024-10-11 23:45:00,0.0,0.12361961
2024-10-12 00:00:00,0.0,0.13789824
2024-10-12 00:15:00,0.0,0.21025623
2024-10-12 00:30:00,0.0,0.17212304
2024-10-12 00:45:00,0.0,0.19966319
2024-10-12 01:00:00,0.0,0.22087371
2024-10-12 01:15:00,0.0,0.16605401
2024-10-12 01:30:00,0.0,0.2062941
2024-10-12 01:45:00,0.0,0.23648413
2024-10-12 02:00:00,1.756694916,0.26498985
2024-10-12 02:15:00,0.0,0.23206961
2024-10-12 02:30:00,0.0,0.1980415
2024-10-12 02:45:00,0.0,0.24703713
2024-10-12 03:00:00,0.0,0.17348582
2024-10-12 03:15:00,0.0,0.15545371
2024-10-12 03:30:00,0.0,0.14424892
2024-10-12 03:45:00,0.0,0.18937406
2024-10-12 04:00:00,0.0,0.22609694
2024-10-12 04:15:00,0.0,0.29711345
2024-10-12 04:30:00,0.0,0.2977128
2024-10-12 04:45:00,0.0,0.1996986
2024-10-12 05:00:00,0.0,0.13248353
2024-10-12 05:15:00,0.0,0.16470508
2024-10-12 05:30:00,0.0,0.11433479
2024-10-12 05:45:00,0.0,0.08063872
2024-10-12 06:00:00,0.0,0.13890873
2024-10-12 06:15:00,0.0,0.13768296
2024-10-12 06:30:00,0.09116834761999999,0.04372572
2024-10-12 06:45:00,0.0,-0.040474612
2024-10-12 07:00:00,0.0,-0.012365092
2024-10-12 07:15:00,0.0,0.01744635
2024-10-12 07:30:00,0.0,0.035511967
2024-10-12 07:45:00,0.0,0.12007052
2024-10-12 08:00:00,0.0,0.07445087
2024-10-12 08:15:00,0.0,0.041782916
2024-10-12 08:30:00,0.0,0.06635138
2024-10-12 08:45:00,0.0,0.1621039
2024-10-12 09:00:00,0.0,0.18022928
2024-10-12 09:15:00,0.0,0.19613543
2024-10-12 09:30:00,0.0,0.14335848
2024-10-12 09:45:00,0.0,0.11141083
2024-10-12 10:00:00,0.0,0.1303048
2024-10-12 10:15:00,0.0,0.0982261
2024-10-12 10:30:00,0.0,0.12386937
2024-10-12 10:45:00,0.0,0.15050928
2024-10-12 11:00:00,0.0,0.068711445
2024-10-12 11:15:00,0.0,0.098443344
2024-10-12 11:30:00,0.0,0.08924326
2024-10-12 11:45:00,0.0,0.108483516
2024-10-12 12:00:00,0.0,0.13297656
2024-10-12 12:15:00,0.0,0.0925993
2024-10-12 12:30:00,0.0,0.08714551
2024-10-12 12:45:00,0.0,0.08210666
2024-10-12 13:00:00,0.0,0.06885786
2024-10-12 13:15:00,0.0,0.10918751
2024-10-12 13:30:00,0.0,0.035519097
2024-10-12 13:45:00,0.0,0.03944456
2024-10-12 14:00:00,0.0,-0.0032420105
2024-10-12 14:15:00,0.0,-0.02704088
2024-10-12 14:30:00,0.0,-0.07650338
2024-10-12 14:45:00,0.0,-0.07139234
2024-10-12 15:00:00,0.0,-0.036020838
2024-10-12 15:15:00,0.0,0.10568132
2024-10-12 15:30:00,0.0,0.14011256
2024-10-12 15:45:00,0.0,0.1255005
2024-10-12 16:00:00,0.0,0.052683424
2024-10-12 16:15:00,0.0,0.07428829
2024-10-12 16:30:00,0.0,0.08085345
2024-10-12 16:45:00,0.0,-0.018899012
2024-10-12 17:00:00,0.0,0.052677084
2024-10-12 17:15:00,0.0,0.13274327
2024-10-12 17:30:00,0.0,0.14903738
2024-10-12 17:45:00,0.7560106147,0.1280045
2024-10-12 18:00:00,0.0,0.16448954
2024-10-12 18:15:00,0.0,0.18268669
2024-10-12 18:30:00,0.0,0.2509765
2024-10-12 18:45:00,0.0,0.14787467
2024-10-12 19:00:00,0.0,0.1549042
2024-10-12 19:15:00,0.0,0.096403785
2024-10-12 19:30:00,0.0,0.092108704
2024-10-12 19:45:00,0.0,0.106467485
2024-10-12 20:00:00,0.0,0.048043907
2024-10-12 20:15:00,0.0,-0.006107235
2024-10-12 20:30:00,0.0,-0.03664292
2024-10-12 20:45:00,0.0,0.028909616
2024-10-12 21:00:00,0.0,0.0019072951
2024-10-12 21:15:00,0.0,0.028511088
2024-10-12 21:30:00,0.0,0.09611516
2024-10-12 21:45:00,0.0,0.12331688
2024-10-12 22:00:00,0.0,0.08036324
2024-10-12 22:15:00,0.0,0.16066338
2024-10-12 22:30:00,0.0,0.15232448
2024-10-12 22:45:00,0.0,0.17249444
2024-10-12 23:00:00,0.0,0.19219707
2024-10-12 23:15:00,0.0,0.28770748
2024-10-12 23:30:00,0.0,0.34500176
2024-10-12 23:45:00,0.0,0.30033773
2024-10-13 00:00:00,0.0,0.22270131
2024-10-13 00:15:00,0.0,0.25813857
2024-10-13 00:30:00,0.0,0.34200206
2024-10-13 00:45:00,0.0,0.26569515
2024-10-13 01:00:00,0.0,0.24921155
2024-10-13 01:15:00,0.0,0.21340886
2024-10-13 01:30:00,0.0,0.1785569
2024-10-13 01:45:00,0.0,0.18434002
2024-10-13 02:00:00,0.0,0.141171
2024-10-13 02:15:00,0.0,0.13534902
2024-10-13 02:30:00,0.0,0.059817452
2024-10-13 02:45:00,0.0,0.08057924
2024-10-13 03:00:00,0.0,0.1416737
2024-10-13 03:15:00,0.0,0.13761339
2024-10-13 03:30:00,0.0,0.097633675
2024-10-13 03:45:00,0.0,0.12921865
2024-10-13 04:00:00,0.0,0.13920471
2024-10-13 04:15:00,0.0,0.18599126
2024-10-13 04:30:00,0.0,0.20502119
2024-10-13 04:45:00,0.0,0.22388086
2024-10-13 05:00:00,0.0,0.23444772
2024-10-13 05:15:00,0.0,0.22571775
2024-10-13 05:30:00,0.0,0.2422538
2024-10-13 05:45:00,0.0,0.27181235
2024-10-13 06:00:00,0.0,0.21000893
2024-10-13 06:15:00,0.0,0.16596806
2024-10-13 06:30:00,0.0,0.19470575
2024-10-13 06:45:00,0.0,0.09887336
2024-10-13 07:00:00,0.0,0.09787853
2024-10-13 07:15:00,0.0,0.17464621
2024-10-13 07:30:00,0.0,0.16403024
2024-10-13 07:45:00,0.0,0.21468465
2024-10-13 08:00:00,0.0,0.22193094
2024-10-13 08:15:00,0.0,0.26912725
2024-10-13 08:30:00,0.0,0.21237996
2024-10-13 08:45:00,0.0,0.20883532
2024-10-13 09:00:00,0.0,0.17498657
2024-10-13 09:15:00,0.0,0.22367159
2024-10-13 09:30:00,0.0,0.25616875
2024-10-13 09:45:00,0.0,0.2667528
2024-10-13 10:00:00,0.0,0.23350324
2024-10-13 10:15:00,0.0,0.17856722
2024-10-13 10:30:00,0.0,0.123867825
2024-10-13 10:45:00,0.0,0.13083756
2024-10-13 11:00:00,0.0,0.10646157
2024-10-13 11:15:00,0.0,0.113282174
2024-10-13 11:30:00,0.0,0.15480278
2024-10-13 11:45:00,0.0,0.14217508
2024-10-13 12:00:00,0.0,0.12852877
2024-10-13 12:15:00,0.0,0.14919394
2024-10-13 12:30:00,0.0,0.13023256
2024-10-13 12:45:00,0.2086090116,0.17051156
2024-10-13 13:00:00,0.0,0.20195036
2024-10-13 13:15:00,0.0,0.18915223
2024-10-13 13:30:00,0.0,0.20199946
2024-10-13 13:45:00,0.0,0.1514592
2024-10-13 14:00:00,0.0,0.17501205
2024-10-13 14:15:00,5.589477384,0.19040789
2024-10-13 14:30:00,0.0,0.20073478
2024-10-13 14:45:00,0.0,0.12359342
2024-10-13 15:00:00,0.0,0.1469131
2024-10-13 15:15:00,0.0,0.11106461
2024-10-13 15:30:00,0.0,0.23567149
2024-10-13 15:45:00,0.0,0.20770441
2024-10-13 16:00:00,0.0,0.21781528
2024-10-13 16:15:00,0.0,0.12941296
2024-10-13 16:30:00,0.0,0.1631168
2024-10-13 16:45:00,0.0,0.08527032
2024-10-13 17:00:00,0.0,0.14660984
2024-10-13 17:15:00,0.0,0.16864675
2024-10-13 17:30:00,0.0,0.21905968
2024-10-13 17:45:00,0.0,0.14767271
2024-10-13 18:00:00,0.0,0.1822051
2024-10-13 18:15:00,0.0,0.113642156
2024-10-13 18:30:00,0.0,0.17147563
2024-10-13 18:45:00,0.0,0.12698323
2024-10-13 19:00:00,0.0,0.11862053
2024-10-13 19:15:00,0.0,0.12432752
2024-10-13 19:30:00,0.0,0.111941434
2024-10-13 19:45:00,0.0,0.086682566
2024-10-13 20:00:00,0.0,0.08290837
2024-10-13 20:15:00,0.0,0.07032529
2024-10-13 20:30:00,0.0,0.06406765
2024-10-13 20:45:00,0.0,0.045231238
2024-10-13 21:00:00,0.0,0.02523695
2024-10-13 21:15:00,0.0,0.114113234
2024-10-13 21:30:00,0.0,0.1685568
2024-10-13 21:45:00,0.0,0.11064619
2024-10-13 22:00:00,0.0,0.0487609
2024-10-13 22:15:00,0.0,0.04814877
2024-10-13 22:30:00,0.0,0.029785395
2024-10-13 22:45:00,0.0,0.10849194
2024-10-13 23:00:00,0.0,0.104231246
2024-10-13 23:15:00,0.0,0.11672393
2024-10-13 23:30:00,0.0,0.17966767
2024-10-13 23:45:00,0.0,0.1981577
2024-10-14 00:00:00,0.0,0.17006733
2024-10-14 00:15:00,0.0,0.1919557
2024-10-14 00:30:00,0.0,0.24331746
2024-10-14 00:45:00,0.0,0.18503916
2024-10-14 01:00:00,0.0,0.11831366
2024-10-14 01:15:00,0.0,0.13961382
2024-10-14 01:30:00,0.0,0.14916821
2024-10-14 01:45:00,0.0,0.20310633
2024-10-14 02:00:00,0.0,0.2200103
2024-10-14 02:15:00,0.0,0.22376432
2024-10-14 02:30:00,0.0,0.18440655
2024-10-14 02:45:00,0.0,0.15345858
2024-10-14 03:00:00,0.0,0.2220267
2024-10-14 03:15:00,0.0,0.3135357
2024-10-14 03:30:00,0.0,0.45353472
2024-10-14 03:45:00,0.0,0.40821624
2024-10-14 04:00:00,0.0,0.39931896
2024-10-14 04:15:00,0.0,0.30176505
2024-10-14 04:30:00,0.0,0.3236814
2024-10-14 04:45:00,0.0,0.39240333
2024-10-14 05:00:00,0.0,0.4140857
2024-10-14 05:15:00,0.0,0.3988077
2024-10-14 05:30:00,0.0,0.40450507
2024-10-14 05:45:00,0.0,0.34797272
2024-10-14 06:00:00,2.823552558,0.41199917
2024-10-14 06:15:00,0.0,0.41009432
2024-10-14 06:30:00,0.0,0.24753974
2024-10-14 06:45:00,0.0,0.24629109
2024-10-14 07:00:00,0.0,0.120465614
2024-10-14 07:15:00,0.0,0.06904952
2024-10-14 07:30:00,0.0,0.056659143
2024-10-14 07:45:00,0.0,0.11575949
2024-10-14 08:00:00,0.0,0.11805704
2024-10-14 08:15:00,0.0,0.1424674
2024-10-14 08:30:00,0.0,0.15669104
2024-10-14 08:45:00,0.0,0.22356358
2024-10-14 09:00:00,0.0,0.19325083
2024-10-14 09:15:00,0.0,0.24262486
2024-10-14 09:30:00,0.0,0.23202017
2024-10-14 09:45:00,0.0,0.20745684
2024-10-14 10:00:00,0.0,0.20195334
2024-10-14 10:15:00,0.0,0.16700047
2024-10-14 10:30:00,0.0,0.1326489
2024-10-14 10:45:00,0.0,0.12717192
2024-10-14 11:00:00,0.0,0.18451451
2024-10-14 11:15:00,0.0,0.13456139
2024-10-14 11:30:00,0.0,0.102725595
2024-10-14 11:45:00,0.0,0.1011994
2024-10-14 12:00:00,0.0,0.14621425
2024-10-14 12:15:00,0.0,0.14305665
2024-10-14 12:30:00,0.0,0.057694647
2024-10-14 12:45:00,0.0,0.20801356
2024-10-14 13:00:00,0.0,0.24711747
2024-10-14 13:15:00,0.0,0.24099162
2024-10-14 13:30:00,0.0,0.23179947
2024-10-14 13:45:00,0.0,0.22265892
2024-10-14 14:00:00,0.0,0.16126207
2024-10-14 14:15:00,0.0,0.14084302
2024-10-14 14:30:00,0.0,0.1382834
2024-10-14 14:45:00,2.231358021,-0.08091183
2024-10-14 15:00:00,0.0,-0.030489372
2024-10-14 15:15:00,0.0,-0.007627868
2024-10-14 15:30:00,0.0,0.07702285
2024-10-14 15:45:00,0.0,-0.0019455121
2024-10-14 16:00:00,0.0,-0.049419876
2024-10-14 16:15:00,0.0,0.062418785
2024-10-14 16:30:00,0.0,0.03362026
2024-10-14 16:45:00,0.0,0.135819
2024-10-14 17:00:00,0.0,0.054802142
2024-10-14 17:15:00,0.0,0.029427392
2024-10-14 17:30:00,0.0,0.038536437
2024-10-14 17:45:00,0.0,0.099492416
2024-10-14 18:00:00,0.0,0.080604926
2024-10-14 18:15:00,0.0,0.1125194
2024-10-14 18:30:00,0.0,0.13621953
2024-10-14 18:45:00,0.0,0.11244665
2024-10-14 19:00:00,0.0,0.06477739
2024-10-14 19:15:00,0.0,0.10582066
2024-10-14 19:30:00,0.0,0.08953194
2024-10-14 19:45:00,0.0,0.14374432
2024-10-14 20:00:00,0.0,0.15424341
2024-10-14 20:15:00,0.0,0.17626444
2024-10-14 20:30:00,0.0,0.18690014
2024-10-14 20:45:00,0.0,0.15863363
2024-10-14 21:00:00,0.0,0.14461155
2024-10-14 21:15:00,0.0,0.1217503
2024-10-14 21:30:00,0.0,0.08078306
2024-10-14 21:45:00,0.0,0.04505457
2024-10-14 22:00:00,0.0,0.01493845
2024-10-14 22:15:00,0.0,0.027535819
2024-10-14 22:30:00,0.0,0.023638166
2024-10-14 22:45:00,0.0,0.0729379
2024-10-14 23:00:00,0.0,0.14808364
2024-10-14 23:15:00,0.0,0.18953775
2024-10-14 23:30:00,0.0,0.20063569
2024-10-14 23:45:00,0.0,0.14349622
2024-10-15 00:00:00,0.0,0.11435434
2024-10-15 00:15:00,0.0,0.14366832
2024-10-15 00:30:00,0.0,0.12899143
2024-10-15 00:45:00,0.0,0.07548362
2024-10-15 01:00:00,0.0,0.10357998
2024-10-15 01:15:00,0.0,0.051422454
2024-10-15 01:30:00,0.0,0.116981834
2024-10-15 01:45:00,0.0,0.1696461
2024-10-15 02:00:00,0.0,0.17591302
2024-10-15 02:15:00,0.0,0.1978598
2024-10-15 02:30:00,0.0,0.18181032
2024-10-15 02:45:00,0.0,0.20816246
2024-10-15 03:00:00,0.0,0.23299769
2024-10-15 03:15:00,0.0,0.25245067
2024-10-15 03:30:00,0.0,0.23175591
2024-10-15 03:45:00,0.0,0.13892816
2024-10-15 04:00:00,0.0,0.036565468
2024-10-15 04:15:00,0.0,0.11526549
2024-10-15 04:30:00,4.804759,0.19805877
2024-10-15 04:45:00,0.0,0.24516232
2024-10-15 05:00:00,0.0,0.19264849
2024-10-15 05:15:00,0.0,0.13974895
2024-10-15 05:30:00,0.0,0.102100946
2024-10-15 05:45:00,0.0,0.13053674
2024-10-15 06:00:00,0.0,0.018038103
2024-10-15 06:15:00,0.0,0.08659626
2024-10-15 06:30:00,0.0,0.028415661
2024-10-15 06:45:00,0.0,0.081021294
2024-10-15 07:00:00,0.0,0.14099404
2024-10-15 07:15:00,0.0,0.27019718
2024-10-15 07:30:00,0.0,0.27671304
2024-10-15 07:45:00,0.0,0.27316907
2024-10-15 08:00:00,0.0,0.26108217
2024-10-15 08:15:00,0.0,0.2209593
2024-10-15 08:30:00,0.0,0.23202229
2024-10-15 08:45:00,0.0,0.22855332
2024-10-15 09:00:00,0.0,0.2665974
2024-10-15 09:15:00,0.0,0.2678353
2024-10-15 09:30:00,0.0,0.1940235
2024-10-15 09:45:00,0.0,0.18254037
2024-10-15 10:00:00,0.0,0.20198366
2024-10-15 10:15:00,0.0,0.16595708
2024-10-15 10:30:00,0.0,0.15378775
2024-10-15 10:45:00,0.0,0.14084208
2024-10-15 11:00:00,0.0,0.17883773
2024-10-15 11:15:00,0.0,0.20865381
2024-10-15 11:30:00,0.0,0.21782424
2024-10-15 11:45:00,0.0,0.17938931
2024-10-15 12:00:00,0.0,0.15539438
2024-10-15 12:15:00,0.0,0.096788794
2024-10-15 12:30:00,0.0,0.0997406
2024-10-15 12:45:00,0.0,0.13436437
2024-10-15 13:00:00,0.0,0.09906454
2024-10-15 13:15:00,0.0,0.11506609
2024-10-15 13:30:00,0.0,0.1281836
2024-10-15 13:45:00,0.0,0.13471377
2024-10-15 14:00:00,0.0,0.136756
2024-10-15 14:15:00,0.0,0.110764414
2024-10-15 14:30:00,0.0,0.11312389
2024-10-15 14:45:00,0.0,0.047599122
2024-10-15 15:00:00,0.0,0.06883086
2024-10-15 15:15:00,0.0,0.04808333
2024-10-15 15:30:00,0.0,0.00042926482
2024-10-15 15:45:00,0.0,0.017526876
2024-10-15 16:00:00,0.0,0.10501843
2024-10-15 16:15:00,0.0,0.115911074
2024-10-15 16:30:00,0.0,0.117129065
2024-10-15 16:45:00,0.0,0.17241189
2024-10-15 17:00:00,0.0,0.18977647
2024-10-15 17:15:00,0.0,0.15027559
2024-10-15 17:30:00,0.0,0.1517761
2024-10-15 17:45:00,0.0,0.12846123
2024-10-15 18:00:00,0.0,0.09762579
2024-10-15 18:15:00,0.0,0.113804355
2024-10-15 18:30:00,0.0,0.075255245
2024-10-15 18:45:00,0.0,0.08629547
2024-10-15 19:00:00,0.0,0.12002044
2024-10-15 19:15:00,0.0,0.1289443
2024-10-15 19:30:00,0.0,0.15919308
2024-10-15 19:45:00,0.0,0.2164025
2024-10-15 20:00:00,0.0,0.15261784
2024-10-15 20:15:00,0.0,0.10933697
2024-10-15 20:30:00,0.0,0.10738596
2024-10-15 20:45:00,0.0,0.14971799
2024-10-15 21:00:00,0.0,0.13601454
2024-10-15 21:15:00,0.0,0.09578051
2024-10-15 21:30:00,0.0,0.061233785
2024-10-15 21:45:00,0.0,0.07256696
2024-10-15 22:00:00,0.0,0.10403823
2024-10-15 22:15:00,0.0,0.08250139
2024-10-15 22:30:00,0.0,0.035274263
2024-10-15 22:45:00,0.0,0.061735254
2024-10-15 23:00:00,0.0,0.12582178
2024-10-15 23:15:00,0.0,0.11544739
2024-10-15 23:30:00,0.0,0.18770894
2024-10-15 23:45:00,0.0,0.20513847
2024-10-16 00:00:00,0.0,0.29210055
2024-10-16 00:15:00,0.0,0.320873
2024-10-16 00:30:00,0.0,0.30220956
2024-10-16 00:45:00,0.0,0.29985753
2024-10-16 01:00:00,0.0,0.3202183
2024-10-16 01:15:00,0.0,0.25992855
2024-10-16 01:30:00,0.0,0.26572877
2024-10-16 01:45:00,0.0,0.2627569
2024-10-16 02:00:00,0.0,0.24313822
2024-10-16 02:15:00,0.0,0.20881665
2024-10-16 02:30:00,0.0,0.21671888
2024-10-16 02:45:00,0.0,0.33119035
2024-10-16 03:00:00,0.0,0.28890553
2024-10-16 03:15:00,0.0,0.3678258
2024-10-16 03:30:00,0.0,0.3636621
2024-10-16 03:45:00,0.0,0.3862719
2024-10-16 04:00:00,0.0,0.3038945
2024-10-16 04:15:00,0.0,0.32043058
2024-10-16 04:30:00,0.0,0.31656137
2024-10-16 04:45:00,0.0,0.3384406
2024-10-16 05:00:00,0.0,0.2486605
2024-10-16 05:15:00,0.0,0.24043417
2024-10-16 05:30:00,0.0,0.19444777
2024-10-16 05:45:00,0.0,0.18197958
2024-10-16 06:00:00,0.0,0.20402789
2024-10-16 06:15:00,0.0,0.17043184
2024-10-16 06:30:00,0.0,0.14877486
2024-10-16 06:45:00,0.0,0.113134235
2024-10-16 07:00:00,0.0,0.17724566
2024-10-16 07:15:00,0.0,0.21295261
2024-10-16 07:30:00,1.08168674,0.15476346
2024-10-16 07:45:00,0.0,0.14230192
2024-10-16 08:00:00,0.0,0.09610845
2024-10-16 08:15:00,0.0,0.13374767
2024-10-16 08:30:00,0.0,0.13692579
2024-10-16 08:45:00,0.0,0.115103625
2024-10-16 09:00:00,0.0,0.12809211
2024-10-16 09:15:00,0.0,0.08154189
2024-10-16 09:30:00,0.0,0.087513015
2024-10-16 09:45:00,0.0,0.0862144
2024-10-16 10:00:00,0.0,0.09988976
2024-10-16 10:15:00,0.0,0.14375734
2024-10-16 10:30:00,0.0,0.15814753
2024-10-16 10:45:00,0.0,0.19193178
2024-10-16 11:00:00,0.0,0.1941008
2024-10-16 11:15:00,0.0,0.16110104
2024-10-16 11:30:00,0.0,0.14507414
2024-10-16 11:45:00,0.0,0.14677453
2024-10-16 12:00:00,0.0,0.14682695
2024-10-16 12:15:00,0.0,0.09173994
2024-10-16 12:30:00,0.0,0.07644219
2024-10-16 12:45:00,0.0,0.1044876
2024-10-16 13:00:00,0.0,0.1748647
2024-10-16 13:15:00,0.0,0.16694833
2024-10-16 13:30:00,0.0,0.113557205
2024-10-16 13:45:00,0.0,0.101118796
2024-10-16 14:00:00,0.0,0.14630036
2024-10-16 14:15:00,0.0,0.068452455
2024-10-16 14:30:00,0.0,-0.0015485542
2024-10-16 14:45:00,0.0,0.052652933
2024-10-16 15:00:00,0.0,0.05847513
2024-10-16 15:15:00,0.0,0.031109748
2024-10-16 15:30:00,0.0,0.021503173
2024-10-16 15:45:00,0.0,0.0043163802
2024-10-16 16:00:00,0.0,0.04380698
2024-10-16 16:15:00,0.0,0.034377
2024-10-16 16:30:00,0.0,0.09172922
2024-10-16 16:45:00,0.0,0.046310514
2024-10-16 17:00:00,0.0,0.11126407
2024-10-16 17:15:00,0.0,0.09906541
2024-10-16 17:30:00,0.0,0.16669634
2024-10-16 17:45:00,0.0,0.053995922
2024-10-16 18:00:00,0.0,-0.0049458058
2024-10-16 18:15:00,0.0,-0.034578893
2024-10-16 18:30:00,0.0,-0.03400016
2024-10-16 18:45:00,0.0,0.00447732
2024-10-16 19:00:00,0.0,-0.011028847
2024-10-16 19:15:00,0.0,-0.0023546806
2024-10-16 19:30:00,0.0,0.047612987
2024-10-16 19:45:00,0.0,0.09869969
2024-10-16 20:00:00,0.0,0.12870649
2024-10-16 20:15:00,0.0,0.11964911
2024-10-16 20:30:00,0.0,0.18279363
2024-10-16 20:45:00,0.0,0.19354136
2024-10-16 21:00:00,0.0,0.1488362
2024-10-16 21:15:00,0.0,0.15748249
2024-10-16 21:30:00,0.0,0.16018298
2024-10-16 21:45:00,0.0,0.14671867
2024-10-16 22:00:00,0.0,0.17154314
2024-10-16 22:15:00,0.0,0.119518735
2024-10-16 22:30:00,0.0,0.073993124
2024-10-16 22:45:00,0.0,0.03803204
2024-10-16 23:00:00,0.0,0.04146228
2024-10-16 23:15:00,0.0,0.005614243
2024-10-16 23:30:00,0.0,0.03799044
2024-10-16 23:45:00,0.0,0.12208998
2024-10-17 00:00:00,0.0,0.113632634
2024-10-17 00:15:00,0.0,0.19970918
2024-10-17 00:30:00,0.0,0.26031676
2024-10-17 00:45:00,0.0,0.2731137
2024-10-17 01:00:00,0.0,0.24856663
2024-10-17 01:15:00,0.0,0.3166891
2024-10-17 01:30:00,0.0,0.28961203
2024-10-17 01:45:00,0.0,0.30115774
2024-10-17 02:00:00,0.0,0.2430431
2024-10-17 02:15:00,0.0,0.18141025
2024-10-17 02:30:00,0.0,0.2079249
2024-10-17 02:45:00,0.0,0.20959936
2024-10-17 03:00:00,0.0,0.15692599
2024-10-17 03:15:00,0.0,0.17199473
2024-10-17 03:30:00,0.0,0.14127472
2024-10-17 03:45:00,0.0,0.123872675
2024-10-17 04:00:00,0.0,0.10127353
2024-10-17 04:15:00,0.0,0.09011532
2024-10-17 04:30:00,0.0,0.080199756
2024-10-17 04:45:00,0.0,0.072872125
2024-10-17 05:00:00,0.0,0.17198788
2024-10-17 05:15:00,0.0,0.1853218
2024-10-17 05:30:00,0.0,0.14859225
2024-10-17 05:45:00,0.0,0.14724976
2024-10-17 06:00:00,0.0,0.16058515
2024-10-17 06:15:00,0.0,0.11522336
2024-10-17 06:30:00,0.0,0.10073882
2024-10-17 06:45:00,0.0,0.10452235
2024-10-17 07:00:00,0.0,0.10181329
2024-10-17 07:15:00,0.0,0.10811306
2024-10-17 07:30:00,0.0,0.11367068
2024-10-17 07:45:00,0.0,0.08290297
2024-10-17 08:00:00,0.0,0.07955451
2024-10-17 08:15:00,0.0,0.081036195
2024-10-17 08:30:00,0.0,0.10517837
2024-10-17 08:45:00,0.0,0.087586276
2024-10-17 09:00:00,0.0,0.08677003
2024-10-17 09:15:00,0.0,0.06005969
2024-10-17 09:30:00,0.0,0.08584696
2024-10-17 09:45:00,0.0,0.122658364
2024-10-17 10:00:00,0.0,0.1684318
2024-10-17 10:15:00,0.0,0.16612051
2024-10-17 10:30:00,0.0,0.16272311
2024-10-17 10:45:00,0.0,0.12283122
2024-10-17 11:00:00,0.0,0.09627055
2024-10-17 11:15:00,0.0,0.117792144
2024-10-17 11:30:00,0.0,0.13144168
2024-10-17 11:45:00,0.0,0.078764044
2024-10-17 12:00:00,0.0,0.021680443
2024-10-17 12:15:00,0.0,0.071556054
2024-10-17 12:30:00,0.0,0.09441436
2024-10-17 12:45:00,0.0,0.12888251
2024-10-17 13:00:00,0.0,0.14374812
2024-10-17 13:15:00,0.0,0.12786946
2024-10-17 13:30:00,0.0,0.10682547
2024-10-17 13:45:00,0.0,0.100466914
2024-10-17 14:00:00,0.0,0.14880049
2024-10-17 14:15:00,0.0,0.08928274
2024-10-17 14:30:00,0.0,0.09114628
2024-10-17 14:45:00,0.0,0.16023867
2024-10-17 15:00:00,0.0,0.10251894
2024-10-17 15:15:00,0.0,0.10476442
2024-10-17 15:30:00,0.0,0.13727537
2024-10-17 15:45:00,0.0,0.12983572
2024-10-17 16:00:00,0.0,0.1281822
2024-10-17 16:15:00,0.0,0.07327031
2024-10-17 16:30:00,3.7914450950000003,0.01677881
2024-10-17 16:45:00,0.0,-0.013144539
2024-10-17 17:00:00,0.0,-0.09366846
2024-10-17 17:15:00,0.0,-0.021284034
2024-10-17 17:30:00,0.0,-0.08095128
2024-10-17 17:45:00,0.0,0.03396617
2024-10-17 18:00:00,0.0,0.06169164
2024-10-17 18:15:00,0.0,0.09836748
2024-10-17 18:30:00,0.0,0.090898946
2024-10-17 18:45:00,0.0,0.1162407
2024-10-17 19:00:00,0.0,0.081859894
2024-10-17 19:15:00,0.0,0.07968975
2024-10-17 19:30:00,0.0,0.12549977
2024-10-17 19:45:00,0.0,0.13806358
2024-10-17 20:00:00,0.0,0.14012592
2024-10-17 20:15:00,0.0,0.12507588
2024-10-17 20:30:00,0.0,0.1508592
2024-10-17 20:45:00,0.0,0.19649664
2024-10-17 21:00:00,0.0,0.15760358
2024-10-17 21:15:00,0.0,0.18379861
2024-10-17 21:30:00,0.0,0.13787502
2024-10-17 21:45:00,0.0,0.10327669
2024-10-17 22:00:00,0.0,0.10621557
2024-10-17 22:15:00,0.0,0.15824264
2024-10-17 22:30:00,0.0,0.20665166
2024-10-17 22:45:00,0.0,0.1821847
2024-10-17 23:00:00,0.0,0.20479971
2024-10-17 23:15:00,0.0,0.22630815
2024-10-17 23:30:00,0.0,0.19165224
2024-10-17 23:45:00,0.0,0.1905981
2024-10-18 00:00:00,0.0,0.17002428
2024-10-18 00:15:00,0.0,0.15869652
2024-10-18 00:30:00,0.0,0.13197385
2024-10-18 00:45:00,0.0,0.15343931
2024-10-18 01:00:00,0.0,0.18904963
2024-10-18 01:15:00,0.0,0.2177888
2024-10-18 01:30:00,0.0,0.24493505
2024-10-18 01:45:00,0.0,0.21198802
2024-10-18 02:00:00,0.0,0.25168768
2024-10-18 02:15:00,0.0,0.20340236
2024-10-18 02:30:00,0.0,0.20198716
2024-10-18 02:45:00,0.0,0.1880276
2024-10-18 03:00:00,0.0,0.27263087
2024-10-18 03:15:00,0.0,0.2237823
2024-10-18 03:30:00,0.0,0.21969134
2024-10-18 03:45:00,0.0,0.2319821
2024-10-18 04:00:00,0.0,0.18432088
2024-10-18 04:15:00,0.0,0.17721364
2024-10-18 04:30:00,0.0,0.2570821
2024-10-18 04:45:00,0.0,0.29762962
2024-10-18 05:00:00,0.0,0.33054206
2024-10-18 05:15:00,0.0,0.32718742
2024-10-18 05:30:00,0.0,0.3129891
2024-10-18 05:45:00,0.0,0.28477326
2024-10-18 06:00:00,0.0,0.2663761
2024-10-18 06:15:00,0.0,0.1880546
2024-10-18 06:30:00,0.0,0.15042374
2024-10-18 06:45:00,0.0,0.096329115
2024-10-18 07:00:00,0.0,0.0037852465
2024-10-18 07:15:00,0.0,0.011015399
2024-10-18 07:30:00,0.0,0.05223703
2024-10-18 07:45:00,0.0,0.11891874
2024-10-18 08:00:00,0.0,0.07591383
2024-10-18 08:15:00,0.0,0.048220582
2024-10-18 08:30:00,0.0,0.1627184
2024-10-18 08:45:00,0.0,0.15312766
2024-10-18 09:00:00,0.0,0.091700725
2024-10-18 09:15:00,0.0,0.122273706
2024-10-18 09:30:00,0.0,0.08060338
2024-10-18 09:45:00,0.0,0.075130545
2024-10-18 10:00:00,0.0,0.0696133
2024-10-18 10:15:00,0.0,0.07679251
2024-10-18 10:30:00,0.0,0.042871844
2024-10-18 10:45:00,0.0,0.06843339
2024-10-18 11:00:00,0.0,0.04331737
2024-10-18 11:15:00,0.0,0.06055023
2024-10-18 11:30:00,0.0,0.13111266
2024-10-18 11:45:00,0.0,0.14690328
2024-10-18 12:00:00,0.0,0.10773134
2024-10-18 12:15:00,0.0,0.097482935
2024-10-18 12:30:00,0.0,0.10249467
2024-10-18 12:45:00,0.0,0.029887257
2024-10-18 13:00:00,0.0,0.0025443921
2024-10-18 13:15:00,0.0,-0.061013434
2024-10-18 13:30:00,0.0,-0.06417969
2024-10-18 13:45:00,0.0,0.008638995
2024-10-18 14:00:00,0.0,0.06678723
2024-10-18 14:15:00,0.0,0.14756541
2024-10-18 14:30:00,0.0,0.13906147
2024-10-18 14:45:00,0.0,0.08857605
2024-10-18 15:00:00,0.0,0.096222736
2024-10-18 15:15:00,0.0,0.08542946
2024-10-18 15:30:00,0.0,0.10196451
2024-10-18 15:45:00,0.0,0.11182136
2024-10-18 16:00:00,9.875689103,0.08241492
2024-10-18 16:15:00,0.0,0.09469827
2024-10-18 16:30:00,0.0,0.0623979
2024-10-18 16:45:00,0.0,0.11122259
2024-10-18 17:00:00,0.0,-0.14641176
2024-10-18 17:15:00,0.0,0.12400074
2024-10-18 17:30:00,0.0,0.022252865
2024-10-18 17:45:00,0.0,0.048535764
2024-10-18 18:00:00,0.0,0.08998674
2024-10-18 18:15:00,0.0,0.10393643
2024-10-18 18:30:00,0.0,0.0606734
2024-10-18 18:45:00,0.0,0.13230649
2024-10-18 19:00:00,0.0,0.17315389
2024-10-18 19:15:00,0.0,0.12948126
2024-10-18 19:30:00,0.0,0.11162117
2024-10-18 19:45:00,0.0,0.09687515
2024-10-18 20:00:00,0.0,0.02993053
2024-10-18 20:15:00,0.0,-0.03433438
2024-10-18 20:30:00,0.0,-0.07055879
2024-10-18 20:45:00,0.0,-0.07320686
2024-10-18 21:00:00,0.0,-0.042169914
2024-10-18 21:15:00,0.0,-0.04672182
2024-10-18 21:30:00,0.0,-0.031555805
2024-10-18 21:45:00,0.0,-0.029107992
2024-10-18 22:00:00,0.0,-0.02635178
2024-10-18 22:15:00,0.0,0.011198813
2024-10-18 22:30:00,0.0,0.19980125
2024-10-18 22:45:00,0.0,0.10221714
2024-10-18 23:00:00,0.0,0.13893326
2024-10-18 23:15:00,0.0,0.11107729
2024-10-18 23:30:00,0.0,0.2212448
2024-10-18 23:45:00,0.0,0.23174697
2024-10-19 00:00:00,0.0,0.30399105
2024-10-19 00:15:00,0.0,0.23648563
2024-10-19 00:30:00,0.0,0.23467925
2024-10-19 00:45:00,0.0,0.18437275
2024-10-19 01:00:00,0.0,0.19841447
2024-10-19 01:15:00,0.0,0.21283968
2024-10-19 01:30:00,0.0,0.25177395
2024-10-19 01:45:00,0.0,0.19747488
2024-10-19 02:00:00,0.0,0.17049706
2024-10-19 02:15:00,0.3871218122,0.23709343
2024-10-19 02:30:00,0.0,0.1651507
2024-10-19 02:45:00,0.0,0.10523673
2024-10-19 03:00:00,0.0,0.10845458
2024-10-19 03:15:00,0.0,0.16094455
2024-10-19 03:30:00,0.0,0.2944325
2024-10-19 03:45:00,0.0,0.22965507
2024-10-19 04:00:00,0.0,0.27388865
2024-10-19 04:15:00,0.0,0.16464536
2024-10-19 04:30:00,0.0,0.21275717
2024-10-19 04:45:00,0.0,0.26305383
2024-10-19 05:00:00,0.0,0.3629402
2024-10-19 05:15:00,0.0,0.31019711
2024-10-19 05:30:00,0.0,0.23801486
2024-10-19 05:45:00,0.0,0.26676252
2024-10-19 06:00:00,0.0,0.11913255
2024-10-19 06:15:00,0.0,0.051881123
2024-10-19 06:30:00,0.0,-0.001235763
2024-10-19 06:45:00,0.0,0.086298734
2024-10-19 07:00:00,0.0,0.08176956
2024-10-19 07:15:00,0.0,0.05971397
2024-10-19 07:30:00,0.0,0.08623869
2024-10-19 07:45:00,0.0,0.0737372
2024-10-19 08:00:00,0.0,0.1301644
2024-10-19 08:15:00,0.0,0.13613077
2024-10-19 08:30:00,0.0,0.115472145
2024-10-19 08:45:00,0.0,0.20597385
2024-10-19 09:00:00,0.0,0.13724019
2024-10-19 09:15:00,0.0,0.14461622
2024-10-19 09:30:00,5.39214704,0.22198746
2024-10-19 09:45:00,0.0,0.13545096
2024-10-19 10:00:00,0.0,0.041340604
2024-10-19 10:15:00,0.0,0.10931871
2024-10-19 10:30:00,0.0,-0.0016829462
2024-10-19 10:45:00,0.0,0.012942137
2024-10-19 11:00:00,0.0,0.021926405
2024-10-19 11:15:00,0.0,0.06132126
2024-10-19 11:30:00,0.0,0.101634376
2024-10-19 11:45:00,0.0,0.1430245
2024-10-19 12:00:00,0.0,0.098348446
2024-10-19 12:15:00,0.0,0.17500262
2024-10-19 12:30:00,0.0,0.15533516
2024-10-19 12:45:00,0.0,0.18149462
2024-10-19 13:00:00,0.0,0.13105291
2024-10-19 13:15:00,0.0,0.07356241
2024-10-19 13:30:00,0.0,0.06320449
2024-10-19 13:45:00,0.0,0.02384142
2024-10-19 14:00:00,0.0,0.060910415
2024-10-19 14:15:00,0.0,0.020062132
2024-10-19 14:30:00,0.0,0.03829003
2024-10-19 14:45:00,0.0,0.10660485
2024-10-19 15:00:00,0.0,0.12734659
2024-10-19 15:15:00,0.0,0.14942744
2024-10-19 15:30:00,0.0,0.12831762
2024-10-19 15:45:00,0.0,0.13720746
2024-10-19 16:00:00,0.0,0.12989673
2024-10-19 16:15:00,0.0,0.12867765
2024-10-19 16:30:00,0.0,0.17136079
2024-10-19 16:45:00,0.0,0.13736315
2024-10-19 17:00:00,0.0,0.13266037
2024-10-19 17:15:00,0.0,0.07216485
2024-10-19 17:30:00,0.0,0.0036930556
2024-10-19 17:45:00,0.0,-0.007755085
2024-10-19 18:00:00,0.0,-0.008927492
2024-10-19 18:15:00,0.0,-0.09770373
2024-10-19 18:30:00,0.0,-0.075152636
2024-10-19 18:45:00,0.0,0.0056039323
2024-10-19 19:00:00,0.0,0.060723163
2024-10-19 19:15:00,0.0,0.09741812
2024-10-19 19:30:00,0.0,0.13529721
2024-10-19 19:45:00,0.0,0.07235307
2024-10-19 20:00:00,0.0,0.0758461
2024-10-19 20:15:00,0.0,0.10222897
2024-10-19 20:30:00,0.0,0.17354731
2024-10-19 20:45:00,0.0,0.17234875
2024-10-19 21:00:00,0.0,0.11117787
2024-10-19 21:15:00,0.0,0.09645897
2024-10-19 21:30:00,0.0,0.12436076
2024-10-19 21:45:00,0.0,0.16416687
2024-10-19 22:00:00,0.0,0.18280602
2024-10-19 22:15:00,0.0,0.20829062
2024-10-19 22:30:00,0.0,0.21490642
2024-10-19 22:45:00,0.0,0.27417433
2024-10-19 23:00:00,0.0,0.21211025
2024-10-19 23:15:00,0.0,0.24260943
2024-10-19 23:30:00,0.0,0.2462036
2024-10-19 23:45:00,0.0,0.26789612
2024-10-20 00:00:00,0.0,0.28200933
2024-10-20 00:15:00,0.0,0.32975617
2024-10-20 00:30:00,0.0,0.26435298
2024-10-20 00:45:00,0.0,0.30429557
2024-10-20 01:00:00,0.0,0.2761937
2024-10-20 01:15:00,0.0,0.2717984
2024-10-20 01:30:00,3.754525962,0.16403142
2024-10-20 01:45:00,0.0,0.17952305
2024-10-20 02:00:00,0.0,0.08007961
2024-10-20 02:15:00,0.0,0.19389929
2024-10-20 02:30:00,0.0,0.06763571
2024-10-20 02:45:00,0.0,0.059358586
2024-10-20 03:00:00,0.0,0.108194485
2024-10-20 03:15:00,0.0,0.09212594
2024-10-20 03:30:00,0.0,0.06699436
2024-10-20 03:45:00,0.0,0.06472832
2024-10-20 04:00:00,0.0,0.1499679
2024-10-20 04:15:00,0.0,0.17925756
2024-10-20 04:30:00,0.0,0.18358861
2024-10-20 04:45:00,0.0,0.16162106
2024-10-20 05:00:00,0.0,0.23098725
2024-10-20 05:15:00,0.0,0.22128849
2024-10-20 05:30:00,0.0,0.17338963
2024-10-20 05:45:00,0.0,0.21817414
2024-10-20 06:00:00,0.0,0.1905641
2024-10-20 06:15:00,0.0,0.1574956
2024-10-20 06:30:00,0.0,0.0722018
2024-10-20 06:45:00,0.0,0.023300353
2024-10-20 07:00:00,0.0,0.07671754
2024-10-20 07:15:00,0.0,0.15572394
2024-10-20 07:30:00,0.0,0.14247477
2024-10-20 07:45:00,0.0,0.15803793
2024-10-20 08:00:00,1.454052979,0.16536376
2024-10-20 08:15:00,0.0,0.22345063
2024-10-20 08:30:00,0.0,0.17642637
2024-10-20 08:45:00,0.0,0.17196015
2024-10-20 09:00:00,0.0,0.13710678
2024-10-20 09:15:00,0.0,0.1435809
2024-10-20 09:30:00,0.0,0.18654038
2024-10-20 09:45:00,0.0,0.15250288
2024-10-20 10:00:00,0.0,0.005012856
2024-10-20 10:15:00,0.0,0.02185952
2024-10-20 10:30:00,0.0,0.022016281
2024-10-20 10:45:00,0.0,0.031114452
2024-10-20 11:00:00,0.0,0.04448182
2024-10-20 11:15:00,0.0,0.106480934
2024-10-20 11:30:00,0.0,0.17994758
2024-10-20 11:45:00,0.0,0.20331272
2024-10-20 12:00:00,0.0,0.15740663
2024-10-20 12:15:00,0.0,0.143661
2024-10-20 12:30:00,0.0,0.23601666
2024-10-20 12:45:00,0.0,0.2685936
2024-10-20 13:00:00,0.0,0.31600308
2024-10-20 13:15:00,0.0,0.21536969
2024-10-20 13:30:00,0.0,0.20475368
2024-10-20 13:45:00,0.0,0.17801745
2024-10-20 14:00:00,0.0,0.17216803
2024-10-20 14:15:00,0.0,0.112869956
2024-10-20 14:30:00,0.0,0.12450004
2024-10-20 14:45:00,0.0,0.08146311
2024-10-20 15:00:00,0.0,0.024210053
2024-10-20 15:15:00,0.0,-0.033189874
2024-10-20 15:30:00,0.0,0.024466928
2024-10-20 15:45:00,0.0,0.033175055
2024-10-20 16:00:00,0.0,0.014605232
2024-10-20 16:15:00,0.0,-0.031871647
2024-10-20 16:30:00,0.0,-0.022761801
2024-10-20 16:45:00,4.271309173,0.037007157
2024-10-20 17:00:00,0.0,0.13520926
2024-10-20 17:15:00,0.0,0.13532573
2024-10-20 17:30:00,0.0,0.08667241
2024-10-20 17:45:00,0.0,0.08404682
2024-10-20 18:00:00,0.0,0.12397996
2024-10-20 18:15:00,0.0,0.089254476
2024-10-20 18:30:00,0.0,0.07992559
2024-10-20 18:45:00,0.0,0.10762038
2024-10-20 19:00:00,0.0,0.15121488
2024-10-20 19:15:00,0.0,0.16338767
2024-10-20 19:30:00,0.0,0.23354992
2024-10-20 19:45:00,0.0,0.20382956
2024-10-20 20:00:00,0.0,0.23539384
2024-10-20 20:15:00,0.0,0.22081059
2024-10-20 20:30:00,0.0,0.28390196
2024-10-20 20:45:00,0.0,0.25405756
2024-10-20 21:00:00,0.0,0.26013747
2024-10-20 21:15:00,0.0,0.21016632
2024-10-20 21:30:00,0.0,0.2665055
2024-10-20 21:45:00,0.0,0.20126514
2024-10-20 22:00:00,0.0,0.33662257
2024-10-20 22:15:00,0.0,0.29795384
2024-10-20 22:30:00,0.0,0.24459164
2024-10-20 22:45:00,0.0,0.2572678
2024-10-20 23:00:00,0.0,0.16839513
2024-10-20 23:15:00,0.0,0.13483037
2024-10-20 23:30:00,0.0,0.15434471
2024-10-20 23:45:00,0.0,0.14841856
2024-10-21 00:00:00,0.0,0.09776048
2024-10-21 00:15:00,0.0,0.1247255
2024-10-21 00:30:00,0.0,0.20233764
2024-10-21 00:45:00,0.0,0.20271273
2024-10-21 01:00:00,0.0,0.1853048
2024-10-21 01:15:00,0.0,0.18070547
2024-10-21 01:30:00,0.0,0.2077948
2024-10-21 01:45:00,0.0,0.27287716
2024-10-21 02:00:00,0.0,0.14496963
2024-10-21 02:15:00,0.0,0.17990203
2024-10-21 02:30:00,0.0,0.24813412
2024-10-21 02:45:00,0.0,0.26699695
2024-10-21 03:00:00,0.0,0.28233624
2024-10-21 03:15:00,0.0,0.29162657
2024-10-21 03:30:00,0.0,0.18829292
2024-10-21 03:45:00,0.0,0.15996796
2024-10-21 04:00:00,0.0,0.09012172
2024-10-21 04:15:00,0.0,0.12791471
2024-10-21 04:30:00,0.0,0.08614463
2024-10-21 04:45:00,0.0,0.105171785
2024-10-21 05:00:00,0.0,0.06251171
2024-10-21 05:15:00,0.0,0.086641975
2024-10-21 05:30:00,0.0,0.17733862
2024-10-21 05:45:00,0.0,0.1862507
2024-10-21 06:00:00,0.0,0.19890651
2024-10-21 06:15:00,0.0,0.13333553
2024-10-21 06:30:00,0.0,0.037189752
2024-10-21 06:45:00,0.0,0.09343996
2024-10-21 07:00:00,0.0,0.13003483
2024-10-21 07:15:00,0.0,0.1979192
2024-10-21 07:30:00,0.0,0.17714038
2024-10-21 07:45:00,0.0,0.12844498
2024-10-21 08:00:00,0.0,0.112320624
2024-10-21 08:15:00,0.0,0.082884744
2024-10-21 08:30:00,0.0,0.029532583
2024-10-21 08:45:00,0.0,0.055517923
2024-10-21 09:00:00,0.0,0.07451068
2024-10-21 09:15:00,0.0,0.1332727
2024-10-21 09:30:00,0.0,0.13944945
2024-10-21 09:45:00,4.945145391,0.1158173
2024-10-21 10:00:00,0.0,0.09927351
2024-10-21 10:15:00,0.0,0.01213958
2024-10-21 10:30:00,0.0,0.12723334
2024-10-21 10:45:00,0.0,0.19127326
2024-10-21 11:00:00,0.0,0.2254534
2024-10-21 11:15:00,0.0,0.21507181
2024-10-21 11:30:00,0.0,0.20224442
2024-10-21 11:45:00,0.0,0.18098603
2024-10-21 12:00:00,0.0,0.22996438
2024-10-21 12:15:00,0.0,0.17836516
2024-10-21 12:30:00,0.0,0.29303253
2024-10-21 12:45:00,0.0,0.26137286
2024-10-21 13:00:00,0.0,0.27847657
2024-10-21 13:15:00,0.0,0.23795736
2024-10-21 13:30:00,0.0,0.21057193
2024-10-21 13:45:00,0.0,0.11701059
2024-10-21 14:00:00,0.0,0.19102445
2024-10-21 14:15:00,0.0,0.20361392
2024-10-21 14:30:00,0.0,0.14264588
2024-10-21 14:45:00,0.0,0.14613062
2024-10-21 15:00:00,0.0,0.15780497
2024-10-21 15:15:00,0.0,0.112229936
2024-10-21 15:30:00,0.0,0.08449925
2024-10-21 15:45:00,0.0,0.11133025
2024-10-21 16:00:00,0.0,0.10066022
2024-10-21 16:15:00,0.0,0.04240833
2024-10-21 16:30:00,0.0,0.07780836
2024-10-21 16:45:00,0.0,0.064234555
2024-10-21 17:00:00,0.0,0.0659577
2024-10-21 17:15:00,0.0,-0.031411435
2024-10-21 17:30:00,0.0,-0.006290074
2024-10-21 17:45:00,0.0,0.03339417
2024-10-21 18:00:00,0.0,0.007515675
2024-10-21 18:15:00,0.0,0.027181843
2024-10-21 18:30:00,0.0,0.025296478
2024-10-21 18:45:00,0.0,0.05957958
2024-10-21 19:00:00,0.0,0.108208336
2024-10-21 19:15:00,0.0,0.16572051
2024-10-21 19:30:00,0.0,0.17509298
2024-10-21 19:45:00,0.0,0.15603527
2024-10-21 20:00:00,0.0,0.09208539
2024-10-21 20:15:00,0.0,0.110242896
2024-10-21 20:30:00,0.0,0.031891603
2024-10-21 20:45:00,0.0,0.01689644
2024-10-21 21:00:00,0.0,0.050642144
2024-10-21 21:15:00,0.0,0.07311647
2024-10-21 21:30:00,0.0,0.1170835
2024-10-21 21:45:00,0.0,0.14386363
2024-10-21 22:00:00,0.0,0.14533472
2024-10-21 22:15:00,0.0,0.055594612
2024-10-21 22:30:00,0.0,0.07063576
2024-10-21 22:45:00,0.0,0.10709515
2024-10-21 23:00:00,0.0,0.18591182
2024-10-21 23:15:00,0.0,0.18364313
2024-10-21 23:30:00,0.0,0.17046152
2024-10-21 23:45:00,0.0,0.17853618
2024-10-22 00:00:00,0.0,0.18036593
2024-10-22 00:15:00,0.0,0.19616386
2024-10-22 00:30:00,0.0,0.18794324
2024-10-22 00:45:00,0.0,0.16930276
2024-10-22 01:00:00,0.0,0.11335258
2024-10-22 01:15:00,0.0,0.046489384
2024-10-22 01:30:00,0.0,0.12403237
2024-10-22 01:45:00,0.0,0.10614049
2024-10-22 02:00:00,0.0,0.22551459
2024-10-22 02:15:00,0.0,0.21936059
2024-10-22 02:30:00,0.0,0.2592686
2024-10-22 02:45:00,0.0,0.2583105
2024-10-22 03:00:00,0.0,0.22200787
2024-10-22 03:15:00,0.0,0.20093536
2024-10-22 03:30:00,0.0,0.17636187
2024-10-22 03:45:00,0.0,0.1675837
2024-10-22 04:00:00,0.0,0.18534651
2024-10-22 04:15:00,0.0,0.13027029
2024-10-22 04:30:00,0.0,0.16268925
2024-10-22 04:45:00,1.066100447,0.17732729
2024-10-22 05:00:00,0.0,0.013392895
2024-10-22 05:15:00,0.0,0.024354737
2024-10-22 05:30:00,0.0,0.074019134
2024-10-22 05:45:00,0.0,0.079660624
2024-10-22 06:00:00,0.0,0.10973623
2024-10-22 06:15:00,0.0,0.09239914
2024-10-22 06:30:00,0.0,0.14944148
2024-10-22 06:45:00,0.0,0.15159251
2024-10-22 07:00:00,0.0,0.16156633
2024-10-22 07:15:00,0.0,0.17460765
2024-10-22 07:30:00,0.0,0.140934
2024-10-22 07:45:00,0.0,0.1331392
2024-10-22 08:00:00,0.0,0.08636052
2024-10-22 08:15:00,0.0,0.07882136
2024-10-22 08:30:00,0.0,0.14463149
2024-10-22 08:45:00,0.0,0.15390897
2024-10-22 09:00:00,0.0,0.20375682
2024-10-22 09:15:00,0.0,0.1953972
2024-10-22 09:30:00,0.0,0.17949553
2024-10-22 09:45:00,0.0,0.19330122
2024-10-22 10:00:00,0.0,0.18602324
2024-10-22 10:15:00,0.0,0.03219736
2024-10-22 10:30:00,0.0,0.07992756
2024-10-22 10:45:00,0.0,0.10071316
2024-10-22 11:00:00,0.0,0.08251577
2024-10-22 11:15:00,0.0,0.08731422
2024-10-22 11:30:00,0.0,0.08399542
2024-10-22 11:45:00,0.0,0.08787696
2024-10-22 12:00:00,0.0,0.08839199
2024-10-22 12:15:00,0.0,0.0775093
2024-10-22 12:30:00,0.0,0.10854165
2024-10-22 12:45:00,0.0,0.14078303
2024-10-22 13:00:00,0.0,0.13858944
2024-10-22 13:15:00,5.175462673,0.15404038
2024-10-22 13:30:00,0.0,0.13476825
2024-10-22 13:45:00,0.0,0.07976817
2024-10-22 14:00:00,0.0,0.13932128
2024-10-22 14:15:00,0.0,0.14433874
2024-10-22 14:30:00,0.0,0.21752383
2024-10-22 14:45:00,0.0,0.1376458
2024-10-22 15:00:00,0.0,0.18246718
2024-10-22 15:15:00,0.0,0.18580149
2024-10-22 15:30:00,0.0,0.20631081
2024-10-22 15:45:00,0.0,0.16214706
2024-10-22 16:00:00,0.0,0.2390372
2024-10-22 16:15:00,0.0,0.21677956
2024-10-22 16:30:00,0.0,0.24614266
2024-10-22 16:45:00,0.0,0.20944087
2024-10-22 17:00:00,0.0,0.23072636
2024-10-22 17:15:00,0.0,0.13939594
2024-10-22 17:30:00,0.0,0.10168774
2024-10-22 17:45:00,0.0,0.07652583
2024-10-22 18:00:00,0.0,0.08522605
2024-10-22 18:15:00,0.0,0.1163592
2024-10-22 18:30:00,0.0,0.12845775
2024-10-22 18:45:00,0.0,0.13250202
2024-10-22 19:00:00,0.0,0.090689786
2024-10-22 19:15:00,0.0,0.0649067
2024-10-22 19:30:00,0.0,0.029146265
2024-10-22 19:45:00,0.0,0.15966083
2024-10-22 20:00:00,0.0,0.18987949
2024-10-22 20:15:00,0.0,0.19279277
2024-10-22 20:30:00,0.0,0.1680701
2024-10-22 20:45:00,0.0,0.15198405
2024-10-22 21:00:00,0.0,0.08477409
2024-10-22 21:15:00,0.0,0.12541436
2024-10-22 21:30:00,0.0,0.11529305
2024-10-22 21:45:00,0.0,0.14377826
2024-10-22 22:00:00,0.0,0.11098227
2024-10-22 22:15:00,0.0,0.13934517
2024-10-22 22:30:00,0.0,0.21329258
2024-10-22 22:45:00,0.0,0.1919924
2024-10-22 23:00:00,0.0,0.20769677
2024-10-22 23:15:00,0.0,0.17294973
2024-10-22 23:30:00,0.0,0.2230555
2024-10-22 23:45:00,0.0,0.20936689
2024-10-23 00:00:00,0.0,0.24460122
2024-10-23 00:15:00,0.0,0.2068316
2024-10-23 00:30:00,0.0,0.15117171
2024-10-23 00:45:00,0.0,0.1099785
2024-10-23 01:00:00,0.0,0.077183284
2024-10-23 01:15:00,0.0,0.13094929
2024-10-23 01:30:00,0.0,0.14844352
2024-10-23 01:45:00,0.0,0.12998903
2024-10-23 02:00:00,0.0,0.10603285
2024-10-23 02:15:00,0.0,0.10275373
2024-10-23 02:30:00,0.0,0.094128326
2024-10-23 02:45:00,0.0,0.1918005
2024-10-23 03:00:00,0.0,0.21177222
2024-10-23 03:15:00,0.0,0.21041277
2024-10-23 03:30:00,0.0,0.24125211
2024-10-23 03:45:00,0.0,0.2288055
2024-10-23 04:00:00,0.0,0.20911436
2024-10-23 04:15:00,0.0,0.2678987
2024-10-23 04:30:00,0.0,0.20798081
2024-10-23 04:45:00,0.0,0.21737617
2024-10-23 05:00:00,0.0,0.27591786
2024-10-23 05:15:00,0.0,0.27481857
2024-10-23 05:30:00,0.0,0.21568273
2024-10-23 05:45:00,0.0,0.1807837
2024-10-23 06:00:00,0.0,0.12651601
2024-10-23 06:15:00,0.0,0.11534065
2024-10-23 06:30:00,0.0,0.076190814
2024-10-23 06:45:00,0.0,0.096798085
2024-10-23 07:00:00,0.0,0.09138764
2024-10-23 07:15:00,0.0,0.0586924
2024-10-23 07:30:00,0.0,0.08228569
2024-10-23 07:45:00,0.0,0.076712094
2024-10-23 08:00:00,6.753380009,0.04777867
2024-10-23 08:15:00,0.0,0.10135905
2024-10-23 08:30:00,0.0,0.039281823
2024-10-23 08:45:00,0.0,0.019370398
2024-10-23 09:00:00,0.0,-0.10575088
2024-10-23 09:15:00,0.0,0.040312186
2024-10-23 09:30:00,0.0,-0.041948013
2024-10-23 09:45:00,0.0,0.041007437
2024-10-23 10:00:00,0.0,0.10727017
2024-10-23 10:15:00,0.0,0.14677392
2024-10-23 10:30:00,0.0,0.10169688
2024-10-23 10:45:00,0.0,0.1533819
2024-10-23 11:00:00,0.0,0.14352761
2024-10-23 11:15:00,0.0,0.14056028
2024-10-23 11:30:00,0.0,0.12784828
2024-10-23 11:45:00,0.0,0.11576794
2024-10-23 12:00:00,0.0,0.076040246
2024-10-23 12:15:00,0.0,0.080656156
2024-10-23 12:30:00,0.0,0.1110295
2024-10-23 12:45:00,0.0,0.09377813
2024-10-23 13:00:00,0.0,0.08739448
2024-10-23 13:15:00,0.0,0.061759334
2024-10-23 13:30:00,0.0,0.1044063
2024-10-23 13:45:00,0.0,-0.004604896
2024-10-23 14:00:00,0.0,0.032077227
2024-10-23 14:15:00,0.0,0.032910295
2024-10-23 14:30:00,0.0,0.058937423
2024-10-23 14:45:00,0.0,0.034456663
2024-10-23 15:00:00,0.0,0.017385617
2024-10-23 15:15:00,0.0,0.048984528
2024-10-23 15:30:00,0.0,0.028922956
2024-10-23 15:45:00,0.9830176899,0.04605332
2024-10-23 16:00:00,0.0,0.08140586
2024-10-23 16:15:00,0.0,0.04763656
2024-10-23 16:30:00,0.0,0.0867403
2024-10-23 16:45:00,0.0,0.1448511
2024-10-23 17:00:00,0.0,0.1308584
2024-10-23 17:15:00,0.0,0.057138152
2024-10-23 17:30:00,0.0,0.109955564
2024-10-23 17:45:00,0.0,0.122599475
2024-10-23 18:00:00,0.0,0.11460975
2024-10-23 18:15:00,0.0,0.11842951
2024-10-23 18:30:00,0.0,0.15451871
2024-10-23 18:45:00,0.0,0.038171794
2024-10-23 19:00:00,0.0,0.023398621
2024-10-23 19:15:00,0.0,0.059907198
2024-10-23 19:30:00,0.0,0.09257528
2024-10-23 19:45:00,0.0,0.101136334
2024-10-23 20:00:00,0.0,0.122733004
2024-10-23 20:15:00,0.0,0.10421065
2024-10-23 20:30:00,0.0,0.08946354
2024-10-23 20:45:00,0.0,0.06541439
2024-10-23 21:00:00,0.0,0.12949218
2024-10-23 21:15:00,0.0,0.13747285
2024-10-23 21:30:00,0.0,0.14380586
2024-10-23 21:45:00,0.0,0.1430115
2024-10-23 22:00:00,0.0,0.12061788
2024-10-23 22:15:00,0.0,0.15276296
2024-10-23 22:30:00,0.0,0.18385401
2024-10-23 22:45:00,0.0,0.13080761
2024-10-23 23:00:00,0.0,0.21444488
2024-10-23 23:15:00,0.0,0.23145981
2024-10-23 23:30:00,0.0,0.20817758
2024-10-23 23:45:00,0.0,0.17838402
2024-10-24 00:00:00,0.0,0.09706856
2024-10-24 00:15:00,0.0,0.09726563
2024-10-24 00:30:00,0.0,0.106756456
2024-10-24 00:45:00,0.0,0.137163
2024-10-24 01:00:00,0.0,0.28066
2024-10-24 01:15:00,0.0,0.33387762
2024-10-24 01:30:00,0.0,0.32665023
2024-10-24 01:45:00,0.0,0.27310082
2024-10-24 02:00:00,0.0,0.32467324
2024-10-24 02:15:00,0.0,0.25253955
2024-10-24 02:30:00,0.0,0.24277495
2024-10-24 02:45:00,0.0,0.20566642
2024-10-24 03:00:00,0.0,0.19293903
2024-10-24 03:15:00,0.0,0.17143592
2024-10-24 03:30:00,0.0,0.1646546
2024-10-24 03:45:00,0.0,0.15463118
2024-10-24 04:00:00,0.0,0.1698894
2024-10-24 04:15:00,0.0,0.16892837
2024-10-24 04:30:00,0.0,0.13771433
2024-10-24 04:45:00,0.0,0.23956542
2024-10-24 05:00:00,0.0,0.27632165
2024-10-24 05:15:00,0.0,0.30329648
2024-10-24 05:30:00,0.0,0.24137835
2024-10-24 05:45:00,0.0,0.2335949
2024-10-24 06:00:00,0.0,0.20938545
2024-10-24 06:15:00,0.0,0.22129603
2024-10-24 06:30:00,0.0,0.31088334
2024-10-24 06:45:00,0.0,0.29987866
2024-10-24 07:00:00,0.0,0.3961453
2024-10-24 07:15:00,0.0,0.2760919
2024-10-24 07:30:00,0.0,0.14875668
2024-10-24 07:45:00,0.0,0.07250432
2024-10-24 08:00:00,0.0,0.09296519
2024-10-24 08:15:00,0.0,-0.006627343
2024-10-24 08:30:00,0.0,-0.038712583
2024-10-24 08:45:00,0.0,-0.047102332
2024-10-24 09:00:00,0.0,-0.046363413
2024-10-24 09:15:00,0.0,-0.009284779
2024-10-24 09:30:00,0.0,0.051071696
2024-10-24 09:45:00,0.0,0.1485041
2024-10-24 10:00:00,0.0,0.15743461
2024-10-24 10:15:00,0.0,0.16593838
2024-10-24 10:30:00,0.0,0.17505619
2024-10-24 10:45:00,0.0,0.14640081
2024-10-24 11:00:00,0.0,0.11875331
2024-10-24 11:15:00,0.0,0.094873324
2024-10-24 11:30:00,0.0,0.100036964
2024-10-24 11:45:00,0.0,0.13729689
2024-10-24 12:00:00,0.0,0.18236633
2024-10-24 12:15:00,0.0,0.18433791
2024-10-24 12:30:00,0.0,0.16621932
2024-10-24 12:45:00,0.0,0.12803239
2024-10-24 13:00:00,0.0,0.089419864
2024-10-24 13:15:00,0.0,0.06672862
2024-10-24 13:30:00,0.0,0.0737229
2024-10-24 13:45:00,0.0,0.09074277
2024-10-24 14:00:00,0.0,0.07454603
2024-10-24 14:15:00,0.0,0.035062827
2024-10-24 14:30:00,0.0,0.010275745
2024-10-24 14:45:00,0.0,-0.0015785445
2024-10-24 15:00:00,0.0,0.008763115
2024-10-24 15:15:00,0.0,0.017227838
2024-10-24 15:30:00,0.0,0.0044625406
2024-10-24 15:45:00,0.0,0.052035857
2024-10-24 16:00:00,0.0,0.03887193
2024-10-24 16:15:00,0.0,-0.004053838
2024-10-24 16:30:00,0.0,-0.029969076
2024-10-24 16:45:00,0.0,0.046430334
2024-10-24 17:00:00,0.0,-0.013081134
2024-10-24 17:15:00,0.0,-0.07461939
2024-10-24 17:30:00,0.0,-0.03125979
2024-10-24 17:45:00,0.0,0.02697018
2024-10-24 18:00:00,0.0,0.07022598
2024-10-24 18:15:00,0.0,0.08259477
2024-10-24 18:30:00,0.0,0.10696784
2024-10-24 18:45:00,0.0,0.10203356
2024-10-24 19:00:00,0.0,0.10031731
2024-10-24 19:15:00,0.0,0.15974444
2024-10-24 19:30:00,0.0,0.17683886
2024-10-24 19:45:00,0.0,0.2114036
2024-10-24 20:00:00,0.0,0.2602426
2024-10-24 20:15:00,0.0,0.2155437
2024-10-24 20:30:00,0.0,0.2377992
2024-10-24 20:45:00,0.0,0.23411661
2024-10-24 21:00:00,0.0,0.17176384
2024-10-24 21:15:00,0.0,0.17796506
2024-10-24 21:30:00,0.0,0.14189892
2024-10-24 21:45:00,0.0,0.078675404
2024-10-24 22:00:00,0.0,0.08438487
2024-10-24 22:15:00,0.0,0.15753107
2024-10-24 22:30:00,0.0,0.12704757
2024-10-24 22:45:00,0.0,0.15258992
2024-10-24 23:00:00,0.0,0.1393711
2024-10-24 23:15:00,3.542161888,0.07938443
2024-10-24 23:30:00,0.0,0.13415997
2024-10-24 23:45:00,0.0,0.13664144
2024-10-25 00:00:00,0.0,0.2716371
2024-10-25 00:15:00,0.0,0.20520125
2024-10-25 00:30:00,0.0,0.16467227
2024-10-25 00:45:00,0.0,0.0756499
2024-10-25 01:00:00,0.0,0.10211035
2024-10-25 01:15:00,0.0,0.10188858
2024-10-25 01:30:00,0.0,0.104901455
2024-10-25 01:45:00,0.0,0.1343252
2024-10-25 02:00:00,0.0,0.11930536
2024-10-25 02:15:00,0.0,0.20853029
2024-10-25 02:30:00,0.0,0.16142601
2024-10-25 02:45:00,0.0,0.15900616
2024-10-25 03:00:00,0.0,0.13878617
2024-10-25 03:15:00,0.0,0.07107927
2024-10-25 03:30:00,0.0,0.059221484
2024-10-25 03:45:00,0.0,0.024576824
2024-10-25 04:00:00,0.0,-0.00018255484
2024-10-25 04:15:00,0.0,-0.004885759
2024-10-25 04:30:00,0.0,0.010396666
2024-10-25 04:45:00,0.0,0.0022713935
2024-10-25 05:00:00,0.0,0.06077641
2024-10-25 05:15:00,0.0,0.0704336
2024-10-25 05:30:00,0.0,0.05191978
2024-10-25 05:45:00,0.0,0.15511264
2024-10-25 06:00:00,0.0,0.08771357
2024-10-25 06:15:00,0.0,0.07934887
2024-10-25 06:30:00,0.0,0.062282737
2024-10-25 06:45:00,0.0,0.036234803
2024-10-25 07:00:00,0.0,0.07004086
2024-10-25 07:15:00,0.0,0.08093253
2024-10-25 07:30:00,0.0,0.12699866
2024-10-25 07:45:00,0.0,0.18622006
2024-10-25 08:00:00,0.0,0.24099909
2024-10-25 08:15:00,0.0,0.24246357
2024-10-25 08:30:00,0.0,0.18948932
2024-10-25 08:45:00,0.0,0.1268307
2024-10-25 09:00:00,0.0,0.057549495
2024-10-25 09:15:00,0.0,0.08527362
2024-10-25 09:30:00,0.0,0.028715065
2024-10-25 09:45:00,0.0,0.05506528
2024-10-25 10:00:00,0.0,0.0054110275
2024-10-25 10:15:00,0.0,0.015338598
2024-10-25 10:30:00,0.0,-0.026019571
2024-10-25 10:45:00,0.0,-0.05799634
2024-10-25 11:00:00,0.0,-0.040464677
2024-10-25 11:15:00,0.0,0.025608573
2024-10-25 11:30:00,0.0,0.0880388
2024-10-25 11:45:00,0.0,0.11155152
2024-10-25 12:00:00,0.0,0.08811918
2024-10-25 12:15:00,0.0,0.03316685
2024-10-25 12:30:00,0.0,0.06617802
2024-10-25 12:45:00,0.0,0.10374633
2024-10-25 13:00:00,0.0,0.048539083
2024-10-25 13:15:00,0.0,0.053271905
2024-10-25 13:30:00,0.0,0.08181956
2024-10-25 13:45:00,0.0,0.08806646
2024-10-25 14:00:00,0.0,0.050178703
2024-10-25 14:15:00,0.0,0.036554553
2024-10-25 14:30:00,0.0,0.07284761
2024-10-25 14:45:00,0.0,0.056658402
2024-10-25 15:00:00,0.0,0.06672687
2024-10-25 15:15:00,0.0,0.060776267
2024-10-25 15:30:00,0.0,0.028204467
2024-10-25 15:45:00,0.0,-0.016331453
2024-10-25 16:00:00,0.0,0.012556007
2024-10-25 16:15:00,0.0,-0.014977975
2024-10-25 16:30:00,0.0,-0.13309574
2024-10-25 16:45:00,0.0,-0.2352061
2024-10-25 17:00:00,0.0,-0.18896975
2024-10-25 17:15:00,0.0,-0.19823872
2024-10-25 17:30:00,0.0,-0.08348963
2024-10-25 17:45:00,0.0,0.028110452
2024-10-25 18:00:00,0.0,0.01633065
2024-10-25 18:15:00,0.0,0.08859466
2024-10-25 18:30:00,0.0,0.14028047
2024-10-25 18:45:00,0.0,0.1387745
2024-10-25 19:00:00,0.0,0.1455788
2024-10-25 19:15:00,0.0,0.07129854
2024-10-25 19:30:00,0.0,0.010225153
2024-10-25 19:45:00,0.0,-0.020593768
2024-10-25 20:00:00,0.0,0.008577114
2024-10-25 20:15:00,0.0,0.0427738
2024-10-25 20:30:00,0.0,0.073207475
2024-10-25 20:45:00,0.0,0.049628228
2024-10-25 21:00:00,0.0,0.06283537
2024-10-25 21:15:00,0.0,0.061423194
2024-10-25 21:30:00,0.0,0.07484784
2024-10-25 21:45:00,0.0,0.10402128
2024-10-25 22:00:00,0.0,0.17800802
2024-10-25 22:15:00,0.0,0.15869582
2024-10-25 22:30:00,0.0,0.119421445
2024-10-25 22:45:00,0.0,0.114043705
2024-10-25 23:00:00,0.0,0.07692668
2024-10-25 23:15:00,0.0,0.07829725
2024-10-25 23:30:00,0.0,0.05939964
2024-10-25 23:45:00,0.0,0.034695625
2024-10-26 00:00:00,0.0,0.070288405
2024-10-26 00:15:00,0.0,0.11726479
2024-10-26 00:30:00,0.0,0.19180381
2024-10-26 00:45:00,0.0,0.30253136
2024-10-26 01:00:00,0.0,0.38441306
2024-10-26 01:15:00,0.0,0.25266248
2024-10-26 01:30:00,0.0,0.27315333
2024-10-26 01:45:00,0.0,0.24366179
2024-10-26 02:00:00,0.0,0.19352007
2024-10-26 02:15:00,0.0,0.074628085
2024-10-26 02:30:00,0.0,0.08627069
2024-10-26 02:45:00,0.0,0.048018232
2024-10-26 03:00:00,0.0,0.09252181
2024-10-26 03:15:00,0.0,0.0988094
2024-10-26 03:30:00,0.0,0.12922564
2024-10-26 03:45:00,0.0,0.12262377
2024-10-26 04:00:00,0.0,0.06886825
2024-10-26 04:15:00,0.0,0.13918258
2024-10-26 04:30:00,0.0,0.18741335
2024-10-26 04:45:00,0.0,0.22864142
2024-10-26 05:00:00,0.0,0.23665148
2024-10-26 05:15:00,0.0,0.23114479
2024-10-26 05:30:00,0.0,0.218456
2024-10-26 05:45:00,0.0,0.18974641
2024-10-26 06:00:00,0.0,0.18315618
2024-10-26 06:15:00,0.0,0.21430819
2024-10-26 06:30:00,0.0,0.12249404
2024-10-26 06:45:00,0.0,0.11345378
2024-10-26 07:00:00,0.0,0.14629506
2024-10-26 07:15:00,0.0,0.17453802
2024-10-26 07:30:00,0.0,0.17015786
2024-10-26 07:45:00,0.0,0.21806672
2024-10-26 08:00:00,0.0,0.2164609
2024-10-26 08:15:00,0.0,0.15318961
2024-10-26 08:30:00,0.0,0.092449844
2024-10-26 08:45:00,0.0,0.13392001
2024-10-26 09:00:00,0.0,0.15564747
2024-10-26 09:15:00,0.0,0.14851977
2024-10-26 09:30:00,0.0,0.15372238
2024-10-26 09:45:00,0.0,0.20539735
2024-10-26 10:00:00,0.0,0.13432033
2024-10-26 10:15:00,0.0,-0.032665063
2024-10-26 10:30:00,0.0,0.042936586
2024-10-26 10:45:00,0.0,0.06552482
2024-10-26 11:00:00,0.0,0.09304743
2024-10-26 11:15:00,0.0,0.10705497
2024-10-26 11:30:00,0.0,0.18664515
2024-10-26 11:45:00,0.0,0.2123574
2024-10-26 12:00:00,0.0,0.24423364
2024-10-26 12:15:00,0.0,0.1492767
2024-10-26 12:30:00,0.0,0.11119123
2024-10-26 12:45:00,0.0,0.002519952
2024-10-26 13:00:00,0.0,0.04675594
2024-10-26 13:15:00,0.0,0.03908426
2024-10-26 13:30:00,0.0,0.022764478
2024-10-26 13:45:00,0.0,0.03771607
2024-10-26 14:00:00,0.0,-0.0046130805
2024-10-26 14:15:00,0.0,-0.037194036
2024-10-26 14:30:00,0.0,-0.046381842
2024-10-26 14:45:00,0.0,-0.01551163
2024-10-26 15:00:00,0.0,0.0015493679
2024-10-26 15:15:00,0.0,-0.07352964
2024-10-26 15:30:00,0.0,-0.10643663
2024-10-26 15:45:00,1.731510717,-0.13408591
2024-10-26 16:00:00,0.0,-0.067862295
2024-10-26 16:15:00,2.887301726,-0.015417068
2024-10-26 16:30:00,0.0,0.038012113
2024-10-26 16:45:00,0.0,0.07116339
2024-10-26 17:00:00,0.0,0.09095422
2024-10-26 17:15:00,0.0,0.050618097
2024-10-26 17:30:00,0.0,0.095394
2024-10-26 17:45:00,0.0,0.047156416
2024-10-26 18:00:00,0.0,0.081566535
2024-10-26 18:15:00,0.0,0.056626625
2024-10-26 18:30:00,0.0,0.033230484
2024-10-26 18:45:00,0.0,0.03399044
2024-10-26 19:00:00,0.0,0.12503529
2024-10-26 19:15:00,0.0,0.15528536
2024-10-26 19:30:00,0.0,0.1738492
2024-10-26 19:45:00,0.0,0.1279834
2024-10-26 20:00:00,0.0,0.23383063
2024-10-26 20:15:00,0.0,0.15866913
2024-10-26 20:30:00,0.0,0.14836505
2024-10-26 20:45:00,0.0,0.09174582
