timestamp,y_true,y_pred
2024-08-28 18:00:00,8.665666717,6.086216
2024-08-28 18:15:00,9.962450518,5.9790864
2024-08-28 18:30:00,10.56282172,6.1000886
2024-08-28 18:45:00,10.59416241,6.1574407
2024-08-28 19:00:00,2.56990985,6.0576296
2024-08-28 19:15:00,4.922063097,6.3860874
2024-08-28 19:30:00,6.511882781,6.435333
2024-08-28 19:45:00,9.697109857,6.5912275
2024-08-28 20:00:00,1.215168505,6.46773
2024-08-28 20:15:00,10.63162863,6.699445
2024-08-28 20:30:00,5.019014334,6.43233
2024-08-28 20:45:00,7.510695351,6.787555
2024-08-28 21:00:00,11.47886535,6.7904263
2024-08-28 21:15:00,10.72294353,6.785849
2024-08-28 21:30:00,4.634936149,6.648573
2024-08-28 21:45:00,6.265779489,6.704809
2024-08-28 22:00:00,9.122319505,6.61801
2024-08-28 22:15:00,9.429844775,6.4777117
2024-08-28 22:30:00,7.902673266,6.385156
2024-08-28 22:45:00,1.26127498,6.4307055
2024-08-28 23:00:00,3.346479582,6.53786
2024-08-28 23:15:00,3.288064816,6.620719
2024-08-28 23:30:00,3.793297188,6.713189
2024-08-28 23:45:00,2.030423776,6.644949
2024-08-29 00:00:00,10.0068271,6.6601744
2024-08-29 00:15:00,4.427785229,6.6020303
2024-08-29 00:30:00,8.65920431,6.7099767
2024-08-29 00:45:00,11.14486403,6.684003
2024-08-29 01:00:00,4.317664284,6.661365
2024-08-29 01:15:00,5.921312993999999,6.6666985
2024-08-29 01:30:00,1.8453422240000001,6.6541023
2024-08-29 01:45:00,4.198847176999999,6.588964
2024-08-29 02:00:00,6.944165813000001,6.328819
2024-08-29 02:15:00,2.9777694419999996,6.2359595
2024-08-29 02:30:00,6.502304201000001,6.419592
2024-08-29 02:45:00,4.206290013,6.467076
2024-08-29 03:00:00,11.61361643,6.520406
2024-08-29 03:15:00,4.814934471,6.5961285
2024-08-29 03:30:00,1.538446186,6.5796185
2024-08-29 03:45:00,6.247371667,6.4867616
2024-08-29 04:00:00,4.5573759659999995,6.390677
2024-08-29 04:15:00,4.674545618,6.2563977
2024-08-29 04:30:00,5.039377645,6.1826487
2024-08-29 04:45:00,9.727594444,6.321322
2024-08-29 05:00:00,6.453366684,6.3794637
2024-08-29 05:15:00,3.827968264,6.353595
2024-08-29 05:30:00,9.580156231,6.4894657
2024-08-29 05:45:00,5.955986338,6.4737134
2024-08-29 06:00:00,2.536402767,6.5535526
2024-08-29 06:15:00,11.676842,6.489841
2024-08-29 06:30:00,1.396458139,6.283129
2024-08-29 06:45:00,8.52278206,6.1510844
2024-08-29 07:00:00,9.994010783,6.1783123
2024-08-29 07:15:00,4.959506149,6.0743117
2024-08-29 07:30:00,2.721032453,5.9809313
2024-08-29 07:45:00,5.984436702,5.9972124
2024-08-29 08:00:00,5.738048883,6.0086837
2024-08-29 08:15:00,11.12690239,5.908635
2024-08-29 08:30:00,1.289261828,5.90852
2024-08-29 08:45:00,7.31717771,6.16806
2024-08-29 09:00:00,10.04252636,6.046938
2024-08-29 09:15:00,7.4646002970000005,6.1079006
2024-08-29 09:30:00,8.126431345,5.9455843
2024-08-29 09:45:00,10.17430091,6.067029
2024-08-29 10:00:00,7.037628424,6.064817
2024-08-29 10:15:00,10.32041896,6.1809373
2024-08-29 10:30:00,3.3484372299999996,6.151644
2024-08-29 10:45:00,6.270203331000001,6.24185
2024-08-29 11:00:00,1.434203029,6.5057974
2024-08-29 11:15:00,9.991940176,6.695964
2024-08-29 11:30:00,8.830377083,6.257811
2024-08-29 11:45:00,6.822894543,6.3578553
2024-08-29 12:00:00,5.074891622999999,6.431749
2024-08-29 12:15:00,4.587084216,6.3537655
2024-08-29 12:30:00,3.169659959,6.408514
2024-08-29 12:45:00,5.401906058,6.2805223
2024-08-29 13:00:00,4.382119799999999,6.18887
2024-08-29 13:15:00,7.350193051,6.1458826
2024-08-29 13:30:00,9.334256989,6.0984173
2024-08-29 13:45:00,8.652135906,6.1743913
2024-08-29 14:00:00,6.520484416,6.2420154
2024-08-29 14:15:00,10.64499125,6.3675914
2024-08-29 14:30:00,3.140320492,6.277715
2024-08-29 14:45:00,8.070236152,6.3633122
2024-08-29 15:00:00,1.952581769,6.1966333
2024-08-29 15:15:00,8.49644558,6.4167466
2024-08-29 15:30:00,8.145230943,6.224391
2024-08-29 15:45:00,8.798674938,6.220532
2024-08-29 16:00:00,8.230309402,6.115114
2024-08-29 16:15:00,2.561973172,6.245494
2024-08-29 16:30:00,1.553132013,6.3463535
2024-08-29 16:45:00,8.587167019,6.428717
2024-08-29 17:00:00,9.699910675,6.3415656
2024-08-29 17:15:00,1.562345406,6.2284007
2024-08-29 17:30:00,2.75486645,6.377745
2024-08-29 17:45:00,9.456585317,6.5376935
2024-08-29 18:00:00,10.88163012,6.4758687
2024-08-29 18:15:00,6.311547834,6.391125
2024-08-29 18:30:00,2.91485705,6.4788365
2024-08-29 18:45:00,4.631045688,6.6078806
2024-08-29 19:00:00,9.296885404,6.6112595
2024-08-29 19:15:00,7.016567435,6.3384013
2024-08-29 19:30:00,1.8341647109999997,6.399314
2024-08-29 19:45:00,4.381320832,6.732518
2024-08-29 20:00:00,9.051245382,6.81327
2024-08-29 20:15:00,4.340862541,6.7321005
2024-08-29 20:30:00,5.89924793,6.6808
2024-08-29 20:45:00,11.12661539,6.5360255
2024-08-29 21:00:00,11.55054174,6.4471803
2024-08-29 21:15:00,8.770151303,6.3440676
2024-08-29 21:30:00,3.6082608109999996,6.39897
2024-08-29 21:45:00,3.773086637,6.344331
2024-08-29 22:00:00,4.132457913,6.320409
2024-08-29 22:15:00,2.8993932529999995,6.1229877
2024-08-29 22:30:00,3.1210756179999994,5.97323
2024-08-29 22:45:00,3.707332322,6.1694226
2024-08-29 23:00:00,7.659360093,6.358842
2024-08-29 23:15:00,7.529508902,6.5468903
2024-08-29 23:30:00,4.544639735,6.4457283
2024-08-29 23:45:00,3.283143959,6.3009543
2024-08-30 00:00:00,7.7850989,6.438609
2024-08-30 00:15:00,2.473921335,6.4001546
2024-08-30 00:30:00,2.857013416,6.4422603
2024-08-30 00:45:00,5.049537003,6.40584
2024-08-30 01:00:00,7.000812827,6.3583555
2024-08-30 01:15:00,8.804224011,6.316182
2024-08-30 01:30:00,8.713221872,6.212899
2024-08-30 01:45:00,5.172270274999999,6.188378
2024-08-30 02:00:00,8.323797045,6.17487
2024-08-30 02:15:00,3.257026845,6.17541
2024-08-30 02:30:00,6.200239616000001,5.9494677
2024-08-30 02:45:00,7.520710826,5.839382
2024-08-30 03:00:00,8.671360131,5.841443
2024-08-30 03:15:00,1.901079773,5.839153
2024-08-30 03:30:00,2.177016226,5.8584046
2024-08-30 03:45:00,1.8334699590000003,5.757783
2024-08-30 04:00:00,6.772274736,5.860983
2024-08-30 04:15:00,6.982882018,5.932153
2024-08-30 04:30:00,1.22573384,6.100153
2024-08-30 04:45:00,7.173247923,6.0815854
2024-08-30 05:00:00,8.645796106,6.009187
2024-08-30 05:15:00,2.425104417,5.8519487
2024-08-30 05:30:00,4.887059224999999,5.794548
2024-08-30 05:45:00,10.37155053,5.751761
2024-08-30 06:00:00,8.297376715,5.910798
2024-08-30 06:15:00,4.253902996999999,5.989377
2024-08-30 06:30:00,8.796436662,6.039698
2024-08-30 06:45:00,9.793198972,6.070448
2024-08-30 07:00:00,4.42478655,5.976749
2024-08-30 07:15:00,8.106004948,6.0892324
2024-08-30 07:30:00,2.238047908,5.904375
2024-08-30 07:45:00,1.696387181,6.021804
2024-08-30 08:00:00,7.059404691999999,6.107336
2024-08-30 08:15:00,6.12186987,6.2154408
2024-08-30 08:30:00,9.152479638,6.1758304
2024-08-30 08:45:00,8.860871934,6.10829
2024-08-30 09:00:00,4.126539162,5.9694333
2024-08-30 09:15:00,6.353677417000001,5.8106637
2024-08-30 09:30:00,8.577982623,5.642148
2024-08-30 09:45:00,3.897891158,5.75351
2024-08-30 10:00:00,4.936195514,5.834224
2024-08-30 10:15:00,1.81935286,6.175008
2024-08-30 10:30:00,2.289219892,6.3969364
2024-08-30 10:45:00,7.47109458,6.269401
2024-08-30 11:00:00,5.916760539,6.159652
2024-08-30 11:15:00,2.685185687,6.1153016
2024-08-30 11:30:00,1.238633308,6.064581
2024-08-30 11:45:00,2.785260094,6.180966
2024-08-30 12:00:00,8.528742649,6.3170023
2024-08-30 12:15:00,2.216354494,6.3461394
2024-08-30 12:30:00,5.684625701,6.405033
2024-08-30 12:45:00,3.660201556,6.493942
2024-08-30 13:00:00,6.728622328999999,6.5602317
2024-08-30 13:15:00,6.238548133,6.446249
2024-08-30 13:30:00,11.42847385,6.3242555
2024-08-30 13:45:00,9.093109573,6.1184754
2024-08-30 14:00:00,10.52443698,5.9636583
2024-08-30 14:15:00,7.2518467939999995,5.9265304
2024-08-30 14:30:00,8.800014267,5.874587
2024-08-30 14:45:00,10.67577966,5.8388667
2024-08-30 15:00:00,1.6008175440000003,5.731427
2024-08-30 15:15:00,10.71233538,5.8758607
2024-08-30 15:30:00,3.39876962,5.8324914
2024-08-30 15:45:00,8.413357428,6.1385026
2024-08-30 16:00:00,9.074404871,6.0161653
2024-08-30 16:15:00,2.258167969,6.0480676
2024-08-30 16:30:00,11.03589857,6.076308
2024-08-30 16:45:00,11.29513741,6.0420423
2024-08-30 17:00:00,8.004765345,6.0550966
2024-08-30 17:15:00,2.702863044,6.18048
2024-08-30 17:30:00,6.780457284,6.3393836
2024-08-30 17:45:00,4.81642396,6.2360015
2024-08-30 18:00:00,10.45352958,6.3161387
2024-08-30 18:15:00,5.248745259,6.193383
2024-08-30 18:30:00,8.365330733,6.472969
2024-08-30 18:45:00,7.290135200000001,6.3306327
2024-08-30 19:00:00,4.002412961999999,6.4400005
2024-08-30 19:15:00,7.00347648,6.4673305
2024-08-30 19:30:00,5.342193454,6.521976
2024-08-30 19:45:00,5.318071164,6.594052
2024-08-30 20:00:00,9.766681273,6.8051577
2024-08-30 20:15:00,2.794057122,6.6938634
2024-08-30 20:30:00,5.385532317,6.7104626
2024-08-30 20:45:00,1.255272781,6.79524
2024-08-30 21:00:00,3.533266736,6.99028
2024-08-30 21:15:00,7.3901847919999994,6.825617
2024-08-30 21:30:00,2.098072567,6.8047695
2024-08-30 21:45:00,4.024132236,6.7390246
2024-08-30 22:00:00,9.724135629,6.7674394
2024-08-30 22:15:00,8.177628888,6.6194067
2024-08-30 22:30:00,1.841850176,6.5899987
2024-08-30 22:45:00,11.40752388,6.5575542
2024-08-30 23:00:00,10.80247876,6.575794
2024-08-30 23:15:00,2.60191181,6.521926
2024-08-30 23:30:00,11.16809021,6.6067367
2024-08-30 23:45:00,6.519322389,6.7038503
2024-08-31 00:00:00,10.2515954,6.917307
2024-08-31 00:15:00,10.61931216,6.698332
2024-08-31 00:30:00,8.804056473,6.657272
2024-08-31 00:45:00,4.270666006,6.505942
2024-08-31 01:00:00,10.98110376,6.6931877
2024-08-31 01:15:00,6.873729701,6.3840914
2024-08-31 01:30:00,4.552200281,6.44645
2024-08-31 01:45:00,6.215911787999999,6.3740177
2024-08-31 02:00:00,5.477245441,6.3928027
2024-08-31 02:15:00,10.9920004,6.3383236
2024-08-31 02:30:00,10.31300471,6.2315283
2024-08-31 02:45:00,1.574018378,6.246418
2024-08-31 03:00:00,1.232736531,6.4252195
2024-08-31 03:15:00,1.829309984,6.6153746
2024-08-31 03:30:00,7.788123904,6.622009
2024-08-31 03:45:00,9.128809456,6.4541335
2024-08-31 04:00:00,6.286106968,6.539348
2024-08-31 04:15:00,7.006727196,6.697442
2024-08-31 04:30:00,3.595679774,6.853799
2024-08-31 04:45:00,5.806544141,6.8347507
2024-08-31 05:00:00,3.790550185,6.8873787
2024-08-31 05:15:00,3.9985244059999996,7.0665
2024-08-31 05:30:00,5.18715339,7.0846705
2024-08-31 05:45:00,1.568103798,7.145537
2024-08-31 06:00:00,10.65928394,7.2178636
2024-08-31 06:15:00,11.10303142,6.904088
2024-08-31 06:30:00,9.685632009,6.8003435
2024-08-31 06:45:00,7.606335176,6.584749
2024-08-31 07:00:00,9.267051425,6.408309
2024-08-31 07:15:00,11.00457256,6.2671795
2024-08-31 07:30:00,3.9298151969999995,6.139062
2024-08-31 07:45:00,4.990361716,6.1571517
2024-08-31 08:00:00,8.930227763,6.1833363
2024-08-31 08:15:00,7.315080308,6.1791253
2024-08-31 08:30:00,9.412647203,6.1203876
2024-08-31 08:45:00,4.362617528,6.0364704
2024-08-31 09:00:00,4.504542228,6.008422
2024-08-31 09:15:00,7.209833886,6.1031346
2024-08-31 09:30:00,2.763634155,6.1502166
2024-08-31 09:45:00,1.5150993319999997,6.318181
2024-08-31 10:00:00,3.9094036380000006,6.626344
2024-08-31 10:15:00,2.678762625,6.7410445
2024-08-31 10:30:00,1.177699236,6.6816115
2024-08-31 10:45:00,9.374787684,6.6974387
2024-08-31 11:00:00,6.6139766799999995,6.9470634
2024-08-31 11:15:00,7.879452042999999,6.974462
2024-08-31 11:30:00,2.754285302,6.9494996
2024-08-31 11:45:00,3.8022612960000006,6.792361
2024-08-31 12:00:00,1.8919622880000002,6.7121973
2024-08-31 12:15:00,12.25674328,6.5703664
2024-08-31 12:30:00,2.31761065,6.408604
2024-08-31 12:45:00,2.041865325,6.466727
2024-08-31 13:00:00,7.83318748,6.39355
2024-08-31 13:15:00,4.49475673,6.215479
2024-08-31 13:30:00,10.49339147,6.12587
2024-08-31 13:45:00,9.595237808,6.0511556
2024-08-31 14:00:00,10.17049205,6.0061364
2024-08-31 14:15:00,9.056378555,6.0824833
2024-08-31 14:30:00,2.418601284,6.0489335
2024-08-31 14:45:00,1.827063734,6.05156
2024-08-31 15:00:00,1.757662952,6.217639
2024-08-31 15:15:00,9.826080398,6.3080883
2024-08-31 15:30:00,8.503010704,6.296161
2024-08-31 15:45:00,11.1890412,6.337175
2024-08-31 16:00:00,7.608856423,6.2879524
2024-08-31 16:15:00,3.582756417,6.39206
2024-08-31 16:30:00,2.136084681,6.389649
2024-08-31 16:45:00,4.979266475,6.474222
2024-08-31 17:00:00,3.0663633699999995,6.500744
2024-08-31 17:15:00,7.7291665,6.5985622
2024-08-31 17:30:00,2.171720325,6.5401626
2024-08-31 17:45:00,9.147679421,6.596085
2024-08-31 18:00:00,8.441734219,6.611523
2024-08-31 18:15:00,9.308073761,6.584359
2024-08-31 18:30:00,11.57264019,6.6386623
2024-08-31 18:45:00,8.253678587,6.5382967
2024-08-31 19:00:00,9.181918015,6.4686236
2024-08-31 19:15:00,2.048612282,6.4886613
2024-08-31 19:30:00,10.92498581,6.713388
2024-08-31 19:45:00,3.203839552,6.597561
2024-08-31 20:00:00,6.335399575,6.6083617
2024-08-31 20:15:00,10.53793047,6.566888
2024-08-31 20:30:00,2.983953686,6.352136
2024-08-31 20:45:00,1.46146309,6.0865307
2024-08-31 21:00:00,4.300003327999999,6.1494823
2024-08-31 21:15:00,2.61849212,6.2982426
2024-08-31 21:30:00,8.000961139,6.4210253
2024-08-31 21:45:00,4.149325369999999,6.5580688
2024-08-31 22:00:00,1.807471435,6.7312903
2024-08-31 22:15:00,10.42443208,6.96775
2024-08-31 22:30:00,1.688338485,6.906505
2024-08-31 22:45:00,3.749687446,7.0554824
2024-08-31 23:00:00,3.6977678459999996,7.118752
2024-08-31 23:15:00,1.336186489,7.206186
2024-08-31 23:30:00,3.021705768,7.37299
2024-08-31 23:45:00,9.819412678,7.458765
2024-09-01 00:00:00,1.522760693,7.4115734
2024-09-01 00:15:00,1.396632063,7.435774
2024-09-01 00:30:00,7.718894591,7.5425806
2024-09-01 00:45:00,2.021547319,7.4228454
2024-09-01 01:00:00,4.8497772139999995,7.4224653
2024-09-01 01:15:00,1.102625138,7.371133
2024-09-01 01:30:00,5.086444412,7.2360168
2024-09-01 01:45:00,4.331970505999999,7.275624
2024-09-01 02:00:00,7.447717994,7.1344533
2024-09-01 02:15:00,6.018652857000001,7.082998
2024-09-01 02:30:00,7.660750693,7.0527997
2024-09-01 02:45:00,11.08675583,6.9161253
2024-09-01 03:00:00,9.428320075,6.6673236
2024-09-01 03:15:00,10.85901972,6.6565022
2024-09-01 03:30:00,1.725665739,6.53755
2024-09-01 03:45:00,11.22004593,6.7248077
2024-09-01 04:00:00,4.517104803,6.510033
2024-09-01 04:15:00,3.822155354,6.436658
2024-09-01 04:30:00,5.452896182999999,6.487045
2024-09-01 04:45:00,9.44239092,6.5412216
2024-09-01 05:00:00,10.61371643,6.5505347
2024-09-01 05:15:00,6.828895609000001,6.580083
2024-09-01 05:30:00,2.923304459,6.753106
2024-09-01 05:45:00,3.170519025,6.867652
2024-09-01 06:00:00,5.340179917999999,6.781555
2024-09-01 06:15:00,4.693281803,6.814287
2024-09-01 06:30:00,3.815440839,6.787901
2024-09-01 06:45:00,10.35896368,7.0404863
2024-09-01 07:00:00,3.838428335,6.8880053
2024-09-01 07:15:00,7.389649912,6.8140225
2024-09-01 07:30:00,6.163843564,6.6395297
2024-09-01 07:45:00,11.19889954,6.7518816
2024-09-01 08:00:00,7.328981688000001,6.622501
2024-09-01 08:15:00,4.51904178,6.80138
2024-09-01 08:30:00,8.110552104,6.9606686
2024-09-01 08:45:00,4.395708909,6.6838207
2024-09-01 09:00:00,2.024615975,6.8043275
2024-09-01 09:15:00,6.0933558,6.912746
2024-09-01 09:30:00,10.32391345,6.871499
2024-09-01 09:45:00,9.752617097,6.7110133
2024-09-01 10:00:00,6.947886024,6.8508854
2024-09-01 10:15:00,8.982226797,6.728959
2024-09-01 10:30:00,7.054652456,6.662306
2024-09-01 10:45:00,9.810686813,6.656782
2024-09-01 11:00:00,2.31034616,6.609881
2024-09-01 11:15:00,5.528542732,6.752682
2024-09-01 11:30:00,3.569206423,6.7730765
2024-09-01 11:45:00,1.244146972,6.9581223
2024-09-01 12:00:00,9.48884599,7.018308
2024-09-01 12:15:00,2.471457519,7.067609
2024-09-01 12:30:00,4.887444772,7.3110027
2024-09-01 12:45:00,10.45106302,7.4015975
2024-09-01 13:00:00,9.011422176,7.105507
2024-09-01 13:15:00,6.922433438,6.991391
2024-09-01 13:30:00,4.581764728999999,7.080439
2024-09-01 13:45:00,6.425108335,7.1080995
2024-09-01 14:00:00,1.698324023,7.1626253
2024-09-01 14:15:00,8.086717837,7.284252
2024-09-01 14:30:00,3.54276849,7.2172766
2024-09-01 14:45:00,6.284220424999999,7.172956
2024-09-01 15:00:00,2.036150986,6.9943886
2024-09-01 15:15:00,9.07800272,7.052712
2024-09-01 15:30:00,10.72536835,7.00532
2024-09-01 15:45:00,5.667751501,6.993185
2024-09-01 16:00:00,1.9599151130000003,7.0107555
2024-09-01 16:15:00,10.60693476,7.132527
2024-09-01 16:30:00,5.862662111,6.9506383
2024-09-01 16:45:00,1.994307307,6.7900925
2024-09-01 17:00:00,3.178945551,6.805707
2024-09-01 17:15:00,2.498398523,6.784481
2024-09-01 17:30:00,3.2350921029999995,6.828248
2024-09-01 17:45:00,2.835396338,6.9551125
2024-09-01 18:00:00,11.07384435,7.0858383
2024-09-01 18:15:00,3.228144314,7.008728
2024-09-01 18:30:00,5.974538288,7.0857043
2024-09-01 18:45:00,9.430479515,7.2243056
2024-09-01 19:00:00,7.88119413,7.171186
2024-09-01 19:15:00,10.87504685,7.079239
2024-09-01 19:30:00,11.09996108,6.9742594
2024-09-01 19:45:00,6.915221133999999,6.8034725
2024-09-01 20:00:00,9.037631856,6.7553196
2024-09-01 20:15:00,5.258281735,6.748902
2024-09-01 20:30:00,5.825110164,6.8480954
2024-09-01 20:45:00,2.164029782,6.864425
2024-09-01 21:00:00,7.933250291,7.0332155
2024-09-01 21:15:00,3.785383666,6.9429364
2024-09-01 21:30:00,1.982288931,7.0116987
2024-09-01 21:45:00,2.1233777,7.1268725
2024-09-01 22:00:00,8.954765805,7.0167465
2024-09-01 22:15:00,3.529864427,7.019474
2024-09-01 22:30:00,9.543485534,7.1921096
2024-09-01 22:45:00,11.32985103,7.2195883
2024-09-01 23:00:00,4.629171529999999,7.0567107
2024-09-01 23:15:00,9.40405382,7.2012815
2024-09-01 23:30:00,5.6630959,7.042968
2024-09-01 23:45:00,9.259696429,7.0415044
2024-09-02 00:00:00,4.347666712,6.9869437
2024-09-02 00:15:00,10.49904179,7.366682
2024-09-02 00:30:00,11.762561399999997,7.1597733
2024-09-02 00:45:00,4.964504035,6.925184
2024-09-02 01:00:00,3.1585560630000002,7.0587006
2024-09-02 01:15:00,8.714840313,7.141503
2024-09-02 01:30:00,7.249969456,7.0213094
2024-09-02 01:45:00,11.28568549,7.0653114
2024-09-02 02:00:00,9.902235432,6.8195863
2024-09-02 02:15:00,10.06132188,6.866609
2024-09-02 02:30:00,9.002685435,6.8525124
2024-09-02 02:45:00,5.081806542,6.9331074
2024-09-02 03:00:00,10.54742602,6.9208155
2024-09-02 03:15:00,6.065628984,6.7522173
2024-09-02 03:30:00,5.412534362,6.790085
2024-09-02 03:45:00,3.207887451,6.6570373
2024-09-02 04:00:00,4.027173070999999,6.759294
2024-09-02 04:15:00,1.165489027,7.0759363
2024-09-02 04:30:00,7.899233279,7.3552904
2024-09-02 04:45:00,6.871750839000001,7.4388647
2024-09-02 05:00:00,5.118902502999999,7.5000806
2024-09-02 05:15:00,11.11460114,7.446237
2024-09-02 05:30:00,8.770024181,7.420668
2024-09-02 05:45:00,3.603052981,7.439463
2024-09-02 06:00:00,4.70478484,7.4471126
2024-09-02 06:15:00,6.631148684000001,7.2737756
2024-09-02 06:30:00,6.531216553,7.1458645
2024-09-02 06:45:00,4.106076387999999,7.1528687
2024-09-02 07:00:00,3.856990282,7.1540947
2024-09-02 07:15:00,3.999100816999999,7.174809
2024-09-02 07:30:00,11.24753459,7.329241
2024-09-02 07:45:00,4.616483207,7.2105246
2024-09-02 08:00:00,5.131637831,7.2227845
2024-09-02 08:15:00,8.469276225,7.2723265
2024-09-02 08:30:00,2.787571329,6.9737897
2024-09-02 08:45:00,8.388141352,7.003511
2024-09-02 09:00:00,8.346088605,6.9405694
2024-09-02 09:15:00,1.9227701490000002,6.842733
2024-09-02 09:30:00,3.0463953939999997,6.818542
2024-09-02 09:45:00,5.975978782,6.6880393
2024-09-02 10:00:00,9.889424726,6.7736692
2024-09-02 10:15:00,8.318043349,6.744459
2024-09-02 10:30:00,9.80579135,6.6695213
2024-09-02 10:45:00,10.47999583,6.6773367
2024-09-02 11:00:00,6.464489342,6.6921625
2024-09-02 11:15:00,8.029031265,6.576796
2024-09-02 11:30:00,10.67112283,6.5993714
2024-09-02 11:45:00,9.321364878,6.4121857
2024-09-02 12:00:00,5.111636628,6.4743347
2024-09-02 12:15:00,4.946740049999999,6.445865
2024-09-02 12:30:00,4.729815047999999,6.5999737
2024-09-02 12:45:00,6.231696664,6.3686395
2024-09-02 13:00:00,4.915303635,6.167169
2024-09-02 13:15:00,3.034177092,6.1352377
2024-09-02 13:30:00,7.689461325,6.0793266
2024-09-02 13:45:00,9.539358283,5.95928
2024-09-02 14:00:00,5.941980684,5.877889
2024-09-02 14:15:00,3.397206345,5.911364
2024-09-02 14:30:00,8.888743287,5.913612
2024-09-02 14:45:00,8.547862253,5.762258
2024-09-02 15:00:00,8.285759869,5.644489
2024-09-02 15:15:00,8.632952377,5.6064663
2024-09-02 15:30:00,8.940264254,5.563659
2024-09-02 15:45:00,9.623349987,5.5160427
2024-09-02 16:00:00,9.680956192,5.3956537
2024-09-02 16:15:00,7.813345762,5.368198
2024-09-02 16:30:00,4.914883722,5.471458
2024-09-02 16:45:00,2.150984023,5.7205415
2024-09-02 17:00:00,8.53392152,5.8704658
2024-09-02 17:15:00,2.634690323,5.895194
2024-09-02 17:30:00,10.43160968,6.090796
2024-09-02 17:45:00,5.15559215,5.950797
2024-09-02 18:00:00,9.730654328,6.294564
2024-09-02 18:15:00,6.583290083,6.135768
2024-09-02 18:30:00,5.570308362999999,6.1393776
2024-09-02 18:45:00,4.7131977879999996,6.052766
2024-09-02 19:00:00,1.83949066,6.0671735
2024-09-02 19:15:00,1.309675035,6.1813145
2024-09-02 19:30:00,6.132267277999999,6.275262
2024-09-02 19:45:00,10.71333591,6.301123
2024-09-02 20:00:00,6.926311017,6.081001
2024-09-02 20:15:00,9.915880415,5.9809265
2024-09-02 20:30:00,11.7878566,5.951642
2024-09-02 20:45:00,2.8594958859999995,5.940038
2024-09-02 21:00:00,8.172993418,6.097
2024-09-02 21:15:00,5.222681107,6.0523386
2024-09-02 21:30:00,3.1847945730000005,6.3665915
2024-09-02 21:45:00,3.440982564,6.3135486
2024-09-02 22:00:00,3.716849469,6.431392
2024-09-02 22:15:00,8.08022557,6.272738
2024-09-02 22:30:00,4.71190799,6.1870656
2024-09-02 22:45:00,3.653187911,6.2343926
2024-09-02 23:00:00,10.15627014,6.0102787
2024-09-02 23:15:00,1.478319379,5.9117312
2024-09-02 23:30:00,8.38232772,5.825921
2024-09-02 23:45:00,10.83462021,5.866073
2024-09-03 00:00:00,7.196449256999999,5.905742
2024-09-03 00:15:00,7.19963085,6.0288453
2024-09-03 00:30:00,1.7392191260000003,5.9560266
2024-09-03 00:45:00,6.099074557,5.9985385
2024-09-03 01:00:00,4.684872663,6.039723
2024-09-03 01:15:00,8.924901369,6.0932274
2024-09-03 01:30:00,9.78330098,6.080675
2024-09-03 01:45:00,2.9017350669999997,6.1055875
2024-09-03 02:00:00,6.404991112,6.057139
2024-09-03 02:15:00,10.1980732,6.020201
2024-09-03 02:30:00,7.199893219,5.993965
2024-09-03 02:45:00,6.483408404,5.9320846
2024-09-03 03:00:00,10.96690371,5.9287186
2024-09-03 03:15:00,11.37266072,5.82179
2024-09-03 03:30:00,3.795066197,5.9324856
2024-09-03 03:45:00,3.140938867,5.826667
2024-09-03 04:00:00,9.741379493,5.937923
2024-09-03 04:15:00,3.634348988,5.8572865
2024-09-03 04:30:00,10.23235017,5.899081
2024-09-03 04:45:00,4.093768116999999,5.805854
2024-09-03 05:00:00,1.38238181,5.991476
2024-09-03 05:15:00,5.380385581999999,5.8871684
2024-09-03 05:30:00,1.514019499,6.111742
2024-09-03 05:45:00,3.3210945690000004,6.1185985
2024-09-03 06:00:00,6.042047031,6.085742
2024-09-03 06:15:00,1.5952635270000002,6.124876
2024-09-03 06:30:00,1.438841177,6.1484423
2024-09-03 06:45:00,2.748035996,6.158837
2024-09-03 07:00:00,6.299826339000001,6.398276
2024-09-03 07:15:00,10.89758234,6.504116
2024-09-03 07:30:00,2.140360311,6.4420156
2024-09-03 07:45:00,7.558782325,6.3583984
2024-09-03 08:00:00,5.992790401000001,6.4427934
2024-09-03 08:15:00,1.67719383,6.3563933
2024-09-03 08:30:00,1.514070066,6.1176825
2024-09-03 08:45:00,3.624763104,6.1278124
2024-09-03 09:00:00,8.586073348,6.191801
2024-09-03 09:15:00,11.888646900000001,6.1718616
2024-09-03 09:30:00,6.630058775,6.2038755
2024-09-03 09:45:00,1.649823571,6.108729
2024-09-03 10:00:00,3.929449139,6.0857134
2024-09-03 10:15:00,10.95807005,6.1220727
2024-09-03 10:30:00,1.320259098,5.9516215
2024-09-03 10:45:00,6.938504055999999,6.0279417
2024-09-03 11:00:00,3.073376109,6.0729265
2024-09-03 11:15:00,1.8466641149999998,6.098931
2024-09-03 11:30:00,3.843394116,6.138345
2024-09-03 11:45:00,11.09586131,6.0944724
2024-09-03 12:00:00,9.17852528,6.0916734
2024-09-03 12:15:00,3.18266164,6.128627
2024-09-03 12:30:00,1.80571461,6.169559
2024-09-03 12:45:00,6.55626533,6.218203
2024-09-03 13:00:00,1.696991035,6.2201786
2024-09-03 13:15:00,5.538528897,6.4116554
2024-09-03 13:30:00,9.215601204,6.2963643
2024-09-03 13:45:00,6.714547031,6.2051563
2024-09-03 14:00:00,9.830876437,6.1480536
2024-09-03 14:15:00,9.84761869,6.026954
2024-09-03 14:30:00,6.798459435,5.966987
2024-09-03 14:45:00,9.758346079,5.898217
2024-09-03 15:00:00,2.020763298,5.8615317
2024-09-03 15:15:00,3.18327336,5.911113
2024-09-03 15:30:00,8.091658373,5.8947186
2024-09-03 15:45:00,1.233535925,5.9613247
2024-09-03 16:00:00,1.171615906,6.1849837
2024-09-03 16:15:00,5.282793239,6.3757877
2024-09-03 16:30:00,9.779449646,6.5111246
2024-09-03 16:45:00,11.767755720000002,6.3786664
2024-09-03 17:00:00,8.259560088,6.291893
2024-09-03 17:15:00,10.80499002,6.37593
2024-09-03 17:30:00,9.557419689,6.3461165
2024-09-03 17:45:00,3.1483483360000006,6.3754034
2024-09-03 18:00:00,5.245233201,6.459833
2024-09-03 18:15:00,7.869301646,6.261608
2024-09-03 18:30:00,2.693096213,6.078647
2024-09-03 18:45:00,4.270706858999999,6.180384
2024-09-03 19:00:00,8.743496243,6.3155775
2024-09-03 19:15:00,5.027662985,6.3848996
2024-09-03 19:30:00,10.83435461,6.6021905
2024-09-03 19:45:00,5.327905006999999,6.6281033
2024-09-03 20:00:00,3.384966122,6.7948995
2024-09-03 20:15:00,3.249347512,6.958464
2024-09-03 20:30:00,8.421050573,7.113428
2024-09-03 20:45:00,5.194714589,6.8687377
2024-09-03 21:00:00,3.675479703,7.0258193
2024-09-03 21:15:00,8.392496712,7.1740255
2024-09-03 21:30:00,5.265935045,7.0558715
2024-09-03 21:45:00,9.441582317,6.931734
2024-09-03 22:00:00,6.435502847000001,6.7758493
2024-09-03 22:15:00,11.787393510000001,6.7018256
2024-09-03 22:30:00,5.133760150999999,6.4705167
2024-09-03 22:45:00,4.007297296,6.5731597
2024-09-03 23:00:00,7.483905916000001,6.6785164
2024-09-03 23:15:00,8.344053982,6.6440024
2024-09-03 23:30:00,1.404868004,6.5196886
2024-09-03 23:45:00,8.422148429,6.667622
2024-09-04 00:00:00,2.908634287,6.465824
2024-09-04 00:15:00,10.45810693,6.570489
2024-09-04 00:30:00,7.286141923,6.310981
2024-09-04 00:45:00,2.407415727,6.2524924
2024-09-04 01:00:00,1.685461662,6.1854134
2024-09-04 01:15:00,9.48410147,6.3245335
2024-09-04 01:30:00,10.24459105,6.2219214
2024-09-04 01:45:00,5.293331048999999,6.180535
2024-09-04 02:00:00,2.140222801,6.2296777
2024-09-04 02:15:00,5.235429569999999,6.3500676
2024-09-04 02:30:00,8.915750816,6.5185637
2024-09-04 02:45:00,7.772342353,6.3556542
2024-09-04 03:00:00,9.459732591,6.2726855
2024-09-04 03:15:00,8.64164364,6.075346
2024-09-04 03:30:00,4.482740784999999,6.216693
2024-09-04 03:45:00,4.861540034999999,6.217455
2024-09-04 04:00:00,7.964826026,6.3884325
2024-09-04 04:15:00,4.217445249999999,6.3982353
2024-09-04 04:30:00,9.368385302,6.550596
2024-09-04 04:45:00,4.566517565,6.357959
2024-09-04 05:00:00,6.06562747,6.4982452
2024-09-04 05:15:00,1.700315834,6.320595
2024-09-04 05:30:00,2.542910638,6.470637
2024-09-04 05:45:00,2.59665302,6.4170504
2024-09-04 06:00:00,4.721709074,6.5873594
2024-09-04 06:15:00,2.420301931,6.6485953
2024-09-04 06:30:00,5.62727932,6.8317223
2024-09-04 06:45:00,3.884889613,6.831661
2024-09-04 07:00:00,3.920536895,6.82514
2024-09-04 07:15:00,5.915399922000001,6.8310366
2024-09-04 07:30:00,10.16531882,6.8843794
2024-09-04 07:45:00,9.349534507,6.9178343
2024-09-04 08:00:00,9.607472597,6.6855135
2024-09-04 08:15:00,11.23601866,6.3315024
2024-09-04 08:30:00,1.313756717,6.0863953
2024-09-04 08:45:00,8.5446999,6.195549
2024-09-04 09:00:00,2.46992074,6.159915
2024-09-04 09:15:00,10.38014129,6.298065
2024-09-04 09:30:00,3.551002849,6.0708275
2024-09-04 09:45:00,5.075185088,6.026473
2024-09-04 10:00:00,11.96519124,6.0985866
2024-09-04 10:15:00,10.42900384,6.2472887
2024-09-04 10:30:00,1.55606785,6.2933707
2024-09-04 10:45:00,1.5422134110000003,6.3455405
2024-09-04 11:00:00,9.878247896,6.391183
2024-09-04 11:15:00,1.855729591,6.2983785
2024-09-04 11:30:00,10.22866052,6.3559813
2024-09-04 11:45:00,10.26517317,6.421839
2024-09-04 12:00:00,1.381742421,6.2748256
2024-09-04 12:15:00,3.36100611,6.300543
2024-09-04 12:30:00,1.26662178,6.145557
2024-09-04 12:45:00,1.9373394580000003,6.1457314
2024-09-04 13:00:00,6.697823668000001,6.136328
2024-09-04 13:15:00,8.33805303,6.310826
2024-09-04 13:30:00,6.339661032,6.366807
2024-09-04 13:45:00,4.912509478,6.389267
2024-09-04 14:00:00,3.346492627,6.4997487
2024-09-04 14:15:00,3.5073732360000003,6.6862473
2024-09-04 14:30:00,6.887767836000001,6.6429543
2024-09-04 14:45:00,9.526166407,6.696923
2024-09-04 15:00:00,5.299513376,6.718344
2024-09-04 15:15:00,10.51834729,6.750306
2024-09-04 15:30:00,1.694338074,6.681565
2024-09-04 15:45:00,9.758214981,6.9002037
2024-09-04 16:00:00,4.647999495,6.5796585
2024-09-04 16:15:00,10.25578992,6.528784
2024-09-04 16:30:00,10.06885376,6.3494763
2024-09-04 16:45:00,8.627461587,6.1563044
2024-09-04 17:00:00,5.0394691609999995,6.134229
2024-09-04 17:15:00,6.174481684,6.322568
2024-09-04 17:30:00,6.692786794999999,6.350165
2024-09-04 17:45:00,5.7358109509999995,6.436639
2024-09-04 18:00:00,8.821670729,6.4861574
2024-09-04 18:15:00,9.45695295,6.4443507
2024-09-04 18:30:00,1.227964045,6.363937
2024-09-04 18:45:00,2.803552548,6.478709
2024-09-04 19:00:00,4.650480882,6.5807652
2024-09-04 19:15:00,7.766456468000001,6.694157
2024-09-04 19:30:00,3.669928993,6.5607076
2024-09-04 19:45:00,4.782549891999999,6.687894
2024-09-04 20:00:00,5.879204785,6.8152432
2024-09-04 20:15:00,7.477665313,6.9211907
2024-09-04 20:30:00,10.67475034,6.8657174
2024-09-04 20:45:00,10.18280237,6.819823
2024-09-04 21:00:00,4.853477572999999,6.7686415
2024-09-04 21:15:00,9.615443282,6.8283
2024-09-04 21:30:00,9.824808957,6.7287426
2024-09-04 21:45:00,6.317618058,6.685086
2024-09-04 22:00:00,4.159179382,6.614703
2024-09-04 22:15:00,10.92969767,6.6614943
2024-09-04 22:30:00,10.90211908,6.4780135
2024-09-04 22:45:00,3.3028868929999997,6.443148
2024-09-04 23:00:00,9.401068818,6.514751
2024-09-04 23:15:00,1.5756837550000002,6.3949847
2024-09-04 23:30:00,1.212361654,6.551601
2024-09-04 23:45:00,4.6190454149999995,6.6207747
2024-09-05 00:00:00,5.534524429,6.61854
2024-09-05 00:15:00,6.894691257999999,6.587425
2024-09-05 00:30:00,5.237138889,6.5832257
2024-09-05 00:45:00,2.421541461,6.595147
2024-09-05 01:00:00,4.469686826999999,6.681014
2024-09-05 01:15:00,9.830803626,6.776722
2024-09-05 01:30:00,4.616084171,6.7683992
2024-09-05 01:45:00,7.025102965,6.712453
2024-09-05 02:00:00,7.815207431,6.5959296
2024-09-05 02:15:00,8.692116151,6.495415
2024-09-05 02:30:00,6.3114739580000006,6.442517
2024-09-05 02:45:00,2.456365827,6.4929514
2024-09-05 03:00:00,10.35847895,6.602506
2024-09-05 03:15:00,3.8690075790000003,6.5872684
2024-09-05 03:30:00,4.6550568199999995,6.7211432
2024-09-05 03:45:00,9.125417801,6.883633
2024-09-05 04:00:00,8.946636093,6.752335
2024-09-05 04:15:00,10.72844846,6.5145674
2024-09-05 04:30:00,1.4403730269999997,6.3758698
2024-09-05 04:45:00,10.34200616,6.353206
2024-09-05 05:00:00,9.369893483,6.395782
2024-09-05 05:15:00,6.883915497,6.3474956
2024-09-05 05:30:00,2.717864881,6.206976
2024-09-05 05:45:00,7.130065617,6.1297193
2024-09-05 06:00:00,3.122530027,6.3067226
2024-09-05 06:15:00,10.38265889,6.55214
2024-09-05 06:30:00,8.188747258,6.409184
2024-09-05 06:45:00,7.284895424999999,6.6381702
2024-09-05 07:00:00,9.434698719,6.711795
2024-09-05 07:15:00,6.67220305,6.4995737
2024-09-05 07:30:00,1.6521817519999997,6.452875
2024-09-05 07:45:00,3.6905151670000005,6.558711
2024-09-05 08:00:00,11.33603093,6.6393003
2024-09-05 08:15:00,9.414411261,6.4957814
2024-09-05 08:30:00,10.86361972,6.374291
2024-09-05 08:45:00,2.097271612,6.1921844
2024-09-05 09:00:00,3.676624044,6.278588
2024-09-05 09:15:00,1.809366461,6.4210606
2024-09-05 09:30:00,9.006495342,6.5546103
2024-09-05 09:45:00,3.067909196,6.410845
2024-09-05 10:00:00,5.403626982,6.647737
2024-09-05 10:15:00,3.874553363,6.7574167
2024-09-05 10:30:00,10.92247999,6.8573227
2024-09-05 10:45:00,7.264480539,6.6876755
2024-09-05 11:00:00,9.785930282,6.8240705
2024-09-05 11:15:00,7.74270197,6.6515627
2024-09-05 11:30:00,7.172930792,6.7746973
2024-09-05 11:45:00,5.067875999999999,6.6610427
2024-09-05 12:00:00,3.61395886,6.468388
2024-09-05 12:15:00,4.777390745,6.49107
2024-09-05 12:30:00,3.8544027790000004,6.40257
2024-09-05 12:45:00,7.8720457239999995,6.352729
2024-09-05 13:00:00,5.751832986,6.2093577
2024-09-05 13:15:00,6.688635746,6.307408
2024-09-05 13:30:00,9.05902325,6.2580156
2024-09-05 13:45:00,3.998494695,6.0904255
2024-09-05 14:00:00,5.450460001,6.127507
2024-09-05 14:15:00,6.538746873,6.2700143
2024-09-05 14:30:00,1.762660779,6.1731143
2024-09-05 14:45:00,2.565439665,6.3907995
2024-09-05 15:00:00,1.8082713919999998,6.411989
2024-09-05 15:15:00,9.545655191,6.4783196
2024-09-05 15:30:00,4.323207408,6.3460116
2024-09-05 15:45:00,5.310083458,6.519706
2024-09-05 16:00:00,8.548216944,6.509383
2024-09-05 16:15:00,11.44236929,6.530364
2024-09-05 16:30:00,9.624550759,6.3001986
2024-09-05 16:45:00,1.804080895,6.1494184
2024-09-05 17:00:00,4.388568841,6.2378354
2024-09-05 17:15:00,1.739161675,6.321462
2024-09-05 17:30:00,1.766077412,6.309516
2024-09-05 17:45:00,2.555222577,6.307618
2024-09-05 18:00:00,4.248081934,6.509211
2024-09-05 18:15:00,3.768831155,6.576475
2024-09-05 18:30:00,4.741668274999999,6.751554
2024-09-05 18:45:00,9.991218718,6.8038735
2024-09-05 19:00:00,9.744571607,6.763621
2024-09-05 19:15:00,4.817664161,6.6590996
2024-09-05 19:30:00,7.662943933999999,6.6030245
2024-09-05 19:45:00,4.717808637,6.4389806
2024-09-05 20:00:00,5.248016478,6.40938
2024-09-05 20:15:00,8.452312895,6.3468533
2024-09-05 20:30:00,5.510959682999999,6.2861524
2024-09-05 20:45:00,6.555506194,6.306098
2024-09-05 21:00:00,2.212402132,6.2834616
2024-09-05 21:15:00,6.494679376,6.291537
2024-09-05 21:30:00,8.805965944,6.248187
2024-09-05 21:45:00,10.4125902,6.2064962
2024-09-05 22:00:00,2.592401671,6.031459
2024-09-05 22:15:00,5.380589488999999,6.216905
2024-09-05 22:30:00,6.105674201,6.3173165
2024-09-05 22:45:00,9.967636626,6.3906403
2024-09-05 23:00:00,4.001349829,6.085835
2024-09-05 23:15:00,2.83850909,6.120875
2024-09-05 23:30:00,2.532189734,6.0732675
2024-09-05 23:45:00,2.766243607,6.1823797
2024-09-06 00:00:00,9.665727528,6.2792163
2024-09-06 00:15:00,8.007385864,6.278003
2024-09-06 00:30:00,5.553915449,6.364462
2024-09-06 00:45:00,9.919322007,6.397595
2024-09-06 01:00:00,4.009720171999999,6.222523
2024-09-06 01:15:00,10.77065024,6.2318
2024-09-06 01:30:00,9.022275674,5.998165
2024-09-06 01:45:00,1.428776278,6.0482144
2024-09-06 02:00:00,6.089434108999999,6.2524414
2024-09-06 02:15:00,10.26672509,6.375712
2024-09-06 02:30:00,5.177177498,6.288037
2024-09-06 02:45:00,10.79056182,6.302432
2024-09-06 03:00:00,9.47688776,6.2624264
2024-09-06 03:15:00,8.946160096,6.250508
2024-09-06 03:30:00,2.505380201,6.1583138
2024-09-06 03:45:00,2.439921182,6.1308904
2024-09-06 04:00:00,8.134603566,6.283335
2024-09-06 04:15:00,7.904580943,6.4243793
2024-09-06 04:30:00,2.575556307,6.515626
2024-09-06 04:45:00,10.93706052,6.6681347
2024-09-06 05:00:00,10.61639003,6.5673833
2024-09-06 05:15:00,5.618759342999999,6.4598956
2024-09-06 05:30:00,7.318591654999999,6.506548
2024-09-06 05:45:00,5.967760497,6.599486
2024-09-06 06:00:00,1.481254291,6.6956105
2024-09-06 06:15:00,2.103738086,6.6760244
2024-09-06 06:30:00,8.793052402,6.690153
2024-09-06 06:45:00,5.905938337,6.546359
2024-09-06 07:00:00,7.175774101,6.5307345
2024-09-06 07:15:00,7.391168400000001,6.4240503
2024-09-06 07:30:00,4.95424612,6.4034195
2024-09-06 07:45:00,1.463147781,6.247057
2024-09-06 08:00:00,9.473600951,6.185459
2024-09-06 08:15:00,5.717775047999999,6.094025
2024-09-06 08:30:00,2.602557098,6.1152005
2024-09-06 08:45:00,1.396834545,6.0063214
2024-09-06 09:00:00,1.308117514,6.1129956
2024-09-06 09:15:00,1.434671999,6.2516136
2024-09-06 09:30:00,2.622530049,6.3453746
2024-09-06 09:45:00,3.4852381040000004,6.419038
2024-09-06 10:00:00,3.6578947230000005,6.5793786
2024-09-06 10:15:00,7.968183696,6.663346
2024-09-06 10:30:00,3.678358031,6.5529714
2024-09-06 10:45:00,7.624153684,6.5863023
2024-09-06 11:00:00,9.444221653,6.4809537
2024-09-06 11:15:00,5.463590403,6.436926
2024-09-06 11:30:00,8.901477895,6.323114
2024-09-06 11:45:00,2.207971396,6.3000755
2024-09-06 12:00:00,4.8667774999999995,6.2211833
2024-09-06 12:15:00,8.346434746,6.131252
2024-09-06 12:30:00,10.35267973,6.1364183
2024-09-06 12:45:00,6.972288825,6.000467
2024-09-06 13:00:00,5.098665971999999,5.9627495
2024-09-06 13:15:00,4.400362243,6.0007243
2024-09-06 13:30:00,4.858691653999999,5.9893775
2024-09-06 13:45:00,7.477868349,5.916915
2024-09-06 14:00:00,4.659449808,5.866469
2024-09-06 14:15:00,5.854972412000001,5.8760476
2024-09-06 14:30:00,8.557341495,5.8032956
2024-09-06 14:45:00,3.539621953,5.904964
2024-09-06 15:00:00,8.337706284,6.0663214
2024-09-06 15:15:00,9.033601847,6.1108375
2024-09-06 15:30:00,9.394938598,6.1196547
2024-09-06 15:45:00,1.400476639,6.1697726
2024-09-06 16:00:00,2.480914896,6.361328
2024-09-06 16:15:00,10.86558715,6.466607
2024-09-06 16:30:00,2.368739127,6.305928
2024-09-06 16:45:00,6.335078017,6.3927054
2024-09-06 17:00:00,2.829099121,6.416474
2024-09-06 17:15:00,9.145492696,6.4645762
2024-09-06 17:30:00,2.196908002,6.2719126
2024-09-06 17:45:00,2.084573511,6.360504
2024-09-06 18:00:00,6.773060541,6.3470454
2024-09-06 18:15:00,3.499315822,6.4056687
2024-09-06 18:30:00,8.090229145,6.4733543
2024-09-06 18:45:00,8.463863831,6.423794
2024-09-06 19:00:00,6.983290369,6.352098
2024-09-06 19:15:00,9.678272518,6.319686
2024-09-06 19:30:00,8.033445772,6.2194343
2024-09-06 19:45:00,3.020686136,6.2103953
2024-09-06 20:00:00,1.924167167,6.375082
2024-09-06 20:15:00,8.827721079,6.4960985
2024-09-06 20:30:00,8.95131125,6.387702
2024-09-06 20:45:00,9.142418109,6.381875
2024-09-06 21:00:00,3.082073275,6.355207
2024-09-06 21:15:00,3.401399582,6.4276714
2024-09-06 21:30:00,7.405686998999999,6.5801263
2024-09-06 21:45:00,2.786715877,6.647272
2024-09-06 22:00:00,4.265240884999999,6.699926
2024-09-06 22:15:00,9.075126338,6.7370014
2024-09-06 22:30:00,4.711591027999999,6.8008475
2024-09-06 22:45:00,1.305031992,6.879678
2024-09-06 23:00:00,8.316226331,6.8944044
2024-09-06 23:15:00,3.1676894870000005,6.9270663
2024-09-06 23:30:00,3.179098127,6.7938795
2024-09-06 23:45:00,1.3806711,6.86205
2024-09-07 00:00:00,7.451407239,6.7625647
2024-09-07 00:15:00,6.32079391,6.6777034
2024-09-07 00:30:00,2.316933733,6.6612787
2024-09-07 00:45:00,1.730221396,6.5491104
2024-09-07 01:00:00,6.394345922,6.5345306
2024-09-07 01:15:00,8.909213621,6.6683373
2024-09-07 01:30:00,11.07735336,6.8296323
2024-09-07 01:45:00,1.95068622,6.743334
2024-09-07 02:00:00,8.715500469,6.750274
2024-09-07 02:15:00,3.0888759729999995,6.8117957
2024-09-07 02:30:00,1.52495894,6.9052625
2024-09-07 02:45:00,4.822033583999999,6.7536726
2024-09-07 03:00:00,6.770016201,6.6697345
2024-09-07 03:15:00,7.248334229,6.7192082
2024-09-07 03:30:00,1.554333914,6.7020364
2024-09-07 03:45:00,11.30083774,6.591246
2024-09-07 04:00:00,1.7392483790000002,6.418089
2024-09-07 04:15:00,3.260861905,6.2973676
2024-09-07 04:30:00,5.760894715000001,6.211726
2024-09-07 04:45:00,11.15452495,6.3345823
2024-09-07 05:00:00,11.01622686,6.214988
2024-09-07 05:15:00,1.187380367,6.413223
2024-09-07 05:30:00,3.516758231,6.4461107
2024-09-07 05:45:00,6.244239857000001,6.483512
2024-09-07 06:00:00,8.132415552,6.4837327
2024-09-07 06:15:00,8.279791427,6.4173903
2024-09-07 06:30:00,3.983067215,6.529204
2024-09-07 06:45:00,3.135128934,6.5107026
2024-09-07 07:00:00,1.374417594,6.6228757
2024-09-07 07:15:00,9.271759275,6.7607093
2024-09-07 07:30:00,4.930173961,6.894673
2024-09-07 07:45:00,10.51945503,7.038359
2024-09-07 08:00:00,4.412878581999999,6.924604
2024-09-07 08:15:00,8.900009937,6.9541807
2024-09-07 08:30:00,1.8274614900000001,6.768561
2024-09-07 08:45:00,9.555016362,6.705827
2024-09-07 09:00:00,10.65109077,6.502343
2024-09-07 09:15:00,4.100600503999999,6.38368
2024-09-07 09:30:00,2.730506905,6.4484544
2024-09-07 09:45:00,3.376221244,6.4131064
2024-09-07 10:00:00,10.55352057,6.3642917
2024-09-07 10:15:00,4.181471968,6.4143186
2024-09-07 10:30:00,3.7351112350000006,6.5514426
2024-09-07 10:45:00,11.36564549,6.771794
2024-09-07 11:00:00,7.930894585000001,6.6571465
2024-09-07 11:15:00,9.586630648,6.623309
2024-09-07 11:30:00,9.050446307,6.563189
2024-09-07 11:45:00,4.863782542,6.383767
2024-09-07 12:00:00,9.620488667,6.3490186
2024-09-07 12:15:00,7.292562927,6.305885
2024-09-07 12:30:00,8.275812711,6.2775927
2024-09-07 12:45:00,4.741305647,6.0874276
2024-09-07 13:00:00,11.37419038,6.156188
2024-09-07 13:15:00,9.772752187,6.114179
2024-09-07 13:30:00,2.840819279,6.237631
2024-09-07 13:45:00,3.293683593,6.3648777
2024-09-07 14:00:00,8.818101107,6.5682826
2024-09-07 14:15:00,1.481554179,6.39853
2024-09-07 14:30:00,4.661519553,6.5356965
2024-09-07 14:45:00,6.725341331,6.6504335
2024-09-07 15:00:00,3.275168299,6.6122365
2024-09-07 15:15:00,9.698952133,6.793623
2024-09-07 15:30:00,10.80623127,6.8023305
2024-09-07 15:45:00,10.94781067,6.696875
2024-09-07 16:00:00,2.524520194,6.6373525
2024-09-07 16:15:00,1.947291881,6.8716073
2024-09-07 16:30:00,6.926700343,6.9811945
2024-09-07 16:45:00,9.23161011,6.786105
2024-09-07 17:00:00,4.2352405179999995,6.697336
2024-09-07 17:15:00,3.549334657,6.829216
2024-09-07 17:30:00,6.713447082,6.9796505
2024-09-07 17:45:00,6.039165272,6.867109
2024-09-07 18:00:00,5.928337108,6.925513
2024-09-07 18:15:00,5.288993972,6.923871
2024-09-07 18:30:00,8.922718922,6.991747
2024-09-07 18:45:00,7.342495566,7.0514803
2024-09-07 19:00:00,6.57007776,7.0717382
2024-09-07 19:15:00,9.105791605,7.228685
2024-09-07 19:30:00,3.5349342290000005,7.262207
2024-09-07 19:45:00,10.70846539,7.2926893
2024-09-07 20:00:00,5.080337902999999,7.0428467
2024-09-07 20:15:00,4.305735565999999,6.834789
2024-09-07 20:30:00,6.730771391,6.7890573
2024-09-07 20:45:00,3.993715930999999,6.705691
2024-09-07 21:00:00,3.668295258,6.8360066
2024-09-07 21:15:00,2.041617537,6.974552
2024-09-07 21:30:00,8.008598581,7.074144
2024-09-07 21:45:00,10.38652478,7.0824995
2024-09-07 22:00:00,8.43533488,6.971796
2024-09-07 22:15:00,6.9687894969999995,6.954887
2024-09-07 22:30:00,8.687494446,6.8890815
2024-09-07 22:45:00,11.23931269,6.815168
2024-09-07 23:00:00,4.786078255,6.6642046
2024-09-07 23:15:00,5.626627966,6.657383
2024-09-07 23:30:00,4.1021091499999995,6.727244
2024-09-07 23:45:00,1.390592553,6.666378
2024-09-08 00:00:00,4.746637633,6.6931796
2024-09-08 00:15:00,1.867550185,6.670898
2024-09-08 00:30:00,10.40867705,6.7206335
2024-09-08 00:45:00,8.496833305,6.7641706
2024-09-08 01:00:00,4.503533185999999,6.761404
2024-09-08 01:15:00,4.801750068,6.8302655
2024-09-08 01:30:00,7.416395699,6.712159
2024-09-08 01:45:00,8.982361945,6.693926
2024-09-08 02:00:00,8.583109105,6.609374
2024-09-08 02:15:00,1.472813219,6.625695
2024-09-08 02:30:00,9.189712256,6.578038
2024-09-08 02:45:00,10.85181749,6.63828
2024-09-08 03:00:00,2.254225474,6.4266777
2024-09-08 03:15:00,8.824212128,6.587738
2024-09-08 03:30:00,4.020935056999999,6.4221606
2024-09-08 03:45:00,2.9130147949999996,6.339972
2024-09-08 04:00:00,7.06190999,6.3728456
2024-09-08 04:15:00,6.73587863,6.3280067
2024-09-08 04:30:00,6.126105896000001,6.57126
2024-09-08 04:45:00,9.958583082,6.5539823
2024-09-08 05:00:00,3.462088944,6.597323
2024-09-08 05:15:00,7.638204879,6.6272635
2024-09-08 05:30:00,5.240168191,6.6276555
2024-09-08 05:45:00,11.04523405,6.7645087
2024-09-08 06:00:00,2.49837746,6.6619067
2024-09-08 06:15:00,1.8881823319999997,6.748115
2024-09-08 06:30:00,11.0039495,6.683336
2024-09-08 06:45:00,6.97393209,6.4864697
2024-09-08 07:00:00,10.77192818,6.413475
2024-09-08 07:15:00,5.360323426,6.3067403
2024-09-08 07:30:00,7.847515008,6.3173647
2024-09-08 07:45:00,8.224724798,6.465658
2024-09-08 08:00:00,11.619357050000001,6.4974904
2024-09-08 08:15:00,2.168170417,6.2768855
2024-09-08 08:30:00,2.245303952,6.379224
2024-09-08 08:45:00,6.510849296,6.461277
2024-09-08 09:00:00,1.730972186,6.308733
2024-09-08 09:15:00,8.378849052,6.2793393
2024-09-08 09:30:00,11.91858825,6.431698
2024-09-08 09:45:00,9.797680285,6.515369
2024-09-08 10:00:00,3.7697037940000007,6.475377
2024-09-08 10:15:00,9.527125297,6.5041513
2024-09-08 10:30:00,7.227830552,6.4379706
2024-09-08 10:45:00,2.302076836,6.283019
2024-09-08 11:00:00,6.869758838999999,6.355646
2024-09-08 11:15:00,10.33937594,6.09474
2024-09-08 11:30:00,3.9325275129999997,6.1029963
2024-09-08 11:45:00,8.059411907,6.20278
2024-09-08 12:00:00,1.673417224,6.034179
2024-09-08 12:15:00,10.21305905,6.161653
2024-09-08 12:30:00,3.22828448,6.0405135
2024-09-08 12:45:00,7.199478127,6.413376
2024-09-08 13:00:00,6.427590751,6.4226074
2024-09-08 13:15:00,6.778979029,6.3845043
2024-09-08 13:30:00,3.5157927559999997,6.4138503
2024-09-08 13:45:00,6.895359245999999,6.59442
2024-09-08 14:00:00,7.619365992,6.499026
2024-09-08 14:15:00,5.369861208999999,6.4950647
2024-09-08 14:30:00,7.885680651000001,6.577876
2024-09-08 14:45:00,3.18094068,6.448232
2024-09-08 15:00:00,6.443438600000001,6.651344
2024-09-08 15:15:00,8.745991314,6.680033
2024-09-08 15:30:00,4.775099856,6.56134
2024-09-08 15:45:00,5.169357584999999,6.776089
2024-09-08 16:00:00,2.855048427,6.8850756
2024-09-08 16:15:00,7.895655814,6.8601775
2024-09-08 16:30:00,2.546970927,6.789284
2024-09-08 16:45:00,6.428614897,6.863922
2024-09-08 17:00:00,3.1726666579999994,6.7632627
2024-09-08 17:15:00,3.265520323,6.7806916
2024-09-08 17:30:00,2.191020563,6.802177
2024-09-08 17:45:00,4.793707165,6.833626
2024-09-08 18:00:00,10.07345707,6.857909
2024-09-08 18:15:00,6.910349817,6.7508655
2024-09-08 18:30:00,9.335185018,6.7370286
2024-09-08 18:45:00,2.347748311,6.6854577
2024-09-08 19:00:00,4.359092065,6.629009
2024-09-08 19:15:00,5.347555274,6.536246
2024-09-08 19:30:00,10.29427912,6.532187
2024-09-08 19:45:00,7.8850185569999995,6.45072
2024-09-08 20:00:00,6.467765055,6.466929
2024-09-08 20:15:00,4.385392113,6.408241
2024-09-08 20:30:00,9.121827587,6.541993
2024-09-08 20:45:00,10.98039772,6.510746
2024-09-08 21:00:00,6.513391014,6.509044
2024-09-08 21:15:00,1.6564129820000002,6.5542603
2024-09-08 21:30:00,3.9936815739999996,6.564302
2024-09-08 21:45:00,9.150957558,6.2979536
2024-09-08 22:00:00,5.454367952,6.1383424
2024-09-08 22:15:00,8.041927734,6.104405
2024-09-08 22:30:00,7.000290521,6.0978155
2024-09-08 22:45:00,10.56006297,6.163683
2024-09-08 23:00:00,4.486655659999999,6.3259034
2024-09-08 23:15:00,5.944616696000001,6.441768
2024-09-08 23:30:00,1.790456565,6.523091
2024-09-08 23:45:00,9.398604126,6.5484776
2024-09-09 00:00:00,4.506155982,6.430044
2024-09-09 00:15:00,8.53735962,6.4029784
2024-09-09 00:30:00,1.214439983,6.3336396
2024-09-09 00:45:00,10.46197448,6.240596
2024-09-09 01:00:00,11.09618294,6.245102
2024-09-09 01:15:00,5.674792913,6.263176
2024-09-09 01:30:00,6.017099151,6.359766
2024-09-09 01:45:00,7.499405598,6.459541
2024-09-09 02:00:00,11.431553999999998,6.3608108
2024-09-09 02:15:00,6.756478056999999,6.194573
2024-09-09 02:30:00,1.894373923,6.318487
2024-09-09 02:45:00,7.26885174,6.396566
2024-09-09 03:00:00,5.463723213999999,6.4062085
2024-09-09 03:15:00,8.959409365,6.3200536
2024-09-09 03:30:00,4.198074065999999,6.218056
2024-09-09 03:45:00,11.51591075,6.408002
2024-09-09 04:00:00,9.369901193,6.4187474
2024-09-09 04:15:00,4.558803686,6.4544034
2024-09-09 04:30:00,4.6613824809999995,6.4234195
2024-09-09 04:45:00,6.419069291,6.474096
2024-09-09 05:00:00,2.105456116,6.3844576
2024-09-09 05:15:00,8.549413665,6.520803
2024-09-09 05:30:00,7.249676616,6.5037713
2024-09-09 05:45:00,4.500022499,6.5323615
2024-09-09 06:00:00,8.121148031,6.4771094
2024-09-09 06:15:00,2.180366681,6.3514028
2024-09-09 06:30:00,11.15069909,6.3278604
2024-09-09 06:45:00,1.811169888,6.1305532
2024-09-09 07:00:00,4.494318423999999,6.2338257
2024-09-09 07:15:00,11.672631600000003,6.277182
2024-09-09 07:30:00,5.299419159999999,6.1382327
2024-09-09 07:45:00,10.14779704,6.1296883
2024-09-09 08:00:00,2.8611212840000007,6.0873814
2024-09-09 08:15:00,2.022548066,6.1436667
2024-09-09 08:30:00,2.116903677,6.0261936
2024-09-09 08:45:00,11.994922870000002,6.052006
2024-09-09 09:00:00,2.13706408,6.214638
2024-09-09 09:15:00,7.681624877000001,6.262938
2024-09-09 09:30:00,5.586279115,6.442459
2024-09-09 09:45:00,10.43222481,6.570622
2024-09-09 10:00:00,4.4216643819999994,6.74149
2024-09-09 10:15:00,1.353688664,6.884461
2024-09-09 10:30:00,9.274668828,6.7971945
2024-09-09 10:45:00,7.064564187000001,6.713046
2024-09-09 11:00:00,5.461156229999999,6.5019393
2024-09-09 11:15:00,4.225208451,6.363601
2024-09-09 11:30:00,10.53978893,6.1924057
2024-09-09 11:45:00,2.402131407,6.1620255
2024-09-09 12:00:00,2.527788075,6.091219
2024-09-09 12:15:00,1.339302742,6.1574144
2024-09-09 12:30:00,1.8483437079999998,6.0513506
2024-09-09 12:45:00,9.343190961,6.133134
2024-09-09 13:00:00,9.515830175,6.048341
2024-09-09 13:15:00,2.209006961,6.1027217
2024-09-09 13:30:00,8.77041339,6.0581794
2024-09-09 13:45:00,7.692622445,6.2831774
2024-09-09 14:00:00,5.155199192999999,6.2617087
2024-09-09 14:15:00,2.034250027,6.14569
2024-09-09 14:30:00,7.510198199999999,6.0472126
2024-09-09 14:45:00,9.313438144,6.0072713
2024-09-09 15:00:00,5.161356423,5.897869
2024-09-09 15:15:00,5.404661767,5.947446
2024-09-09 15:30:00,9.520225272,5.845102
2024-09-09 15:45:00,3.376439186,5.7745495
2024-09-09 16:00:00,2.914333684,5.825723
2024-09-09 16:15:00,8.253067377,5.8583927
2024-09-09 16:30:00,7.535043515999999,5.8434987
2024-09-09 16:45:00,10.57898581,5.7208705
2024-09-09 17:00:00,4.630383799,5.7336807
2024-09-09 17:15:00,2.968974021,5.8454237
2024-09-09 17:30:00,5.825391769,5.8412113
2024-09-09 17:45:00,5.327896857999999,5.9086018
2024-09-09 18:00:00,11.48744432,5.9924693
2024-09-09 18:15:00,10.83101473,5.856491
2024-09-09 18:30:00,5.354724088,6.0325775
2024-09-09 18:45:00,5.602040181999999,6.162287
2024-09-09 19:00:00,5.3523799599999995,6.298377
2024-09-09 19:15:00,8.150978982,6.4336686
2024-09-09 19:30:00,6.577074515,6.137574
2024-09-09 19:45:00,4.17518791,6.259026
2024-09-09 20:00:00,9.341672711,6.282634
2024-09-09 20:15:00,10.704769,6.2731314
2024-09-09 20:30:00,8.323684752,6.1592107
2024-09-09 20:45:00,3.184901675,6.247332
2024-09-09 21:00:00,9.032331999,6.3613534
2024-09-09 21:15:00,10.7754397,6.1880255
2024-09-09 21:30:00,8.397933223,6.082294
2024-09-09 21:45:00,3.916445517,5.923249
2024-09-09 22:00:00,1.251827472,6.102424
2024-09-09 22:15:00,5.031678516,6.2636614
2024-09-09 22:30:00,5.962764869,6.250299
2024-09-09 22:45:00,10.62189882,6.185214
2024-09-09 23:00:00,7.255703148,5.9614744
2024-09-09 23:15:00,3.9529953299999994,6.022625
2024-09-09 23:30:00,7.572310901,6.22746
2024-09-09 23:45:00,2.24796511,6.1348395
2024-09-10 00:00:00,3.4054985649999994,6.221016
2024-09-10 00:15:00,8.628635871,6.213246
2024-09-10 00:30:00,4.165329261,6.231171
2024-09-10 00:45:00,1.54571988,6.3355117
2024-09-10 01:00:00,6.16593577,6.389487
2024-09-10 01:15:00,7.606858707,6.488163
2024-09-10 01:30:00,9.083175034,6.3536634
2024-09-10 01:45:00,4.168297849,6.2551994
2024-09-10 02:00:00,5.9063739,6.183324
2024-09-10 02:15:00,6.541525903999999,6.2055697
2024-09-10 02:30:00,1.806862386,6.3483167
2024-09-10 02:45:00,3.3177592200000006,6.31731
2024-09-10 03:00:00,4.863399171,6.2219253
2024-09-10 03:15:00,3.866829283,6.1936197
2024-09-10 03:30:00,6.058471238,6.073133
2024-09-10 03:45:00,7.450721808,6.059331
2024-09-10 04:00:00,6.855702836000001,6.1710668
2024-09-10 04:15:00,9.289614043,6.1584134
2024-09-10 04:30:00,7.871614325,6.108138
2024-09-10 04:45:00,4.1009352,6.191996
2024-09-10 05:00:00,2.427965422,6.05517
2024-09-10 05:15:00,7.762100607999999,6.036068
2024-09-10 05:30:00,3.3283753010000003,6.019523
2024-09-10 05:45:00,4.516466064,6.0038104
2024-09-10 06:00:00,9.413733377,5.983812
2024-09-10 06:15:00,3.496038462,6.087515
2024-09-10 06:30:00,6.259959639,6.162376
2024-09-10 06:45:00,2.038690922,6.030527
2024-09-10 07:00:00,5.655216975,6.163133
2024-09-10 07:15:00,10.78354357,5.960816
2024-09-10 07:30:00,11.42753745,5.9746704
2024-09-10 07:45:00,10.53074945,6.0084076
2024-09-10 08:00:00,7.818295804000001,6.001136
2024-09-10 08:15:00,3.99961307,5.869994
2024-09-10 08:30:00,4.995821596,5.7688227
2024-09-10 08:45:00,3.1372324269999994,5.685787
2024-09-10 09:00:00,2.118709263,5.5916533
2024-09-10 09:15:00,2.782524341,5.4871902
2024-09-10 09:30:00,5.661536114,5.546297
2024-09-10 09:45:00,1.455565794,5.581093
2024-09-10 10:00:00,11.27557594,5.6975155
2024-09-10 10:15:00,6.749744005999999,5.976939
2024-09-10 10:30:00,2.8695619150000002,6.1298623
2024-09-10 10:45:00,5.3338029879999995,6.140287
2024-09-10 11:00:00,4.757142031999999,6.181563
2024-09-10 11:15:00,9.310820571,6.157777
2024-09-10 11:30:00,2.440024138,6.0025096
2024-09-10 11:45:00,5.561179854999999,6.1106353
2024-09-10 12:00:00,8.709670129,6.1943145
2024-09-10 12:15:00,4.810155169,6.3284655
2024-09-10 12:30:00,4.810031651,6.174635
2024-09-10 12:45:00,4.746431069,6.0509377
2024-09-10 13:00:00,8.926456813,6.0619936
2024-09-10 13:15:00,2.253119246,5.869482
2024-09-10 13:30:00,9.51160477,5.8904915
2024-09-10 13:45:00,1.8861875109999997,5.756258
2024-09-10 14:00:00,4.3231025579999995,5.8695955
2024-09-10 14:15:00,5.040573508999999,5.9034743
2024-09-10 14:30:00,5.158726223999999,5.9755893
2024-09-10 14:45:00,2.958928906,5.9404054
2024-09-10 15:00:00,7.195656427,6.0285454
2024-09-10 15:15:00,5.71746757,6.166055
2024-09-10 15:30:00,7.1346713610000005,6.169766
2024-09-10 15:45:00,7.558053915000001,6.101323
2024-09-10 16:00:00,3.055889851,6.0436926
2024-09-10 16:15:00,10.92753177,6.056561
2024-09-10 16:30:00,10.05510922,5.959374
2024-09-10 16:45:00,9.589717041,5.8992987
2024-09-10 17:00:00,6.564054305,5.90369
2024-09-10 17:15:00,8.954088875,5.895202
2024-09-10 17:30:00,7.519019169,5.8485265
2024-09-10 17:45:00,6.090924294999999,5.809074
2024-09-10 18:00:00,8.80553738,5.8644886
2024-09-10 18:15:00,7.311012017000001,5.7311883
2024-09-10 18:30:00,1.165868645,5.752281
2024-09-10 18:45:00,11.50995383,6.034507
2024-09-10 19:00:00,5.524432572,6.28137
2024-09-10 19:15:00,6.980429551,6.463244
2024-09-10 19:30:00,5.576396952,6.305693
2024-09-10 19:45:00,2.258151562,6.3514385
2024-09-10 20:00:00,9.562583479,6.358532
2024-09-10 20:15:00,8.227112808,6.257268
2024-09-10 20:30:00,10.23143722,6.232687
2024-09-10 20:45:00,6.28024274,6.1718154
2024-09-10 21:00:00,9.374515726,6.138884
2024-09-10 21:15:00,9.248526723,6.1642375
2024-09-10 21:30:00,4.169176353999999,6.141466
2024-09-10 21:45:00,1.153576352,6.1242704
2024-09-10 22:00:00,9.876122433,6.273032
2024-09-10 22:15:00,2.9779604030000004,6.2027297
2024-09-10 22:30:00,10.87714168,6.436885
2024-09-10 22:45:00,7.438256309,6.3849683
2024-09-10 23:00:00,8.04103434,6.555192
2024-09-10 23:15:00,3.708966234,6.53383
2024-09-10 23:30:00,5.014217619999999,6.5339093
2024-09-10 23:45:00,4.627978304,6.4648514
2024-09-11 00:00:00,3.0732883489999994,6.460495
2024-09-11 00:15:00,8.476469088,6.4099417
2024-09-11 00:30:00,2.18310754,6.4423666
2024-09-11 00:45:00,6.323671266,6.536884
2024-09-11 01:00:00,6.846351614,6.5034614
2024-09-11 01:15:00,11.23442028,6.453177
2024-09-11 01:30:00,9.787676708,6.1508856
2024-09-11 01:45:00,6.060237700999999,6.0085516
2024-09-11 02:00:00,10.29294894,5.9271135
2024-09-11 02:15:00,9.765918594,6.021246
2024-09-11 02:30:00,1.4737617789999997,5.9242606
2024-09-11 02:45:00,11.1773396,6.117578
2024-09-11 03:00:00,8.141846786,6.2465672
2024-09-11 03:15:00,8.089993936,6.4796143
2024-09-11 03:30:00,8.079671871,6.5924907
2024-09-11 03:45:00,3.605418083,6.484081
2024-09-11 04:00:00,1.459441064,6.3542237
2024-09-11 04:15:00,3.558697475,6.467433
2024-09-11 04:30:00,9.747595336,6.3514905
2024-09-11 04:45:00,7.851543493000001,6.2885413
2024-09-11 05:00:00,5.018539182,6.3413467
2024-09-11 05:15:00,3.755959092,6.299329
2024-09-11 05:30:00,8.825556513,6.249151
2024-09-11 05:45:00,5.753371061,6.2785316
2024-09-11 06:00:00,7.258714253,6.299631
2024-09-11 06:15:00,1.288376446,6.0945344
2024-09-11 06:30:00,5.140750235,6.1066556
2024-09-11 06:45:00,1.30775739,6.166728
2024-09-11 07:00:00,9.172690211,6.163365
2024-09-11 07:15:00,3.759895856,6.0840054
2024-09-11 07:30:00,2.697861151,6.251292
2024-09-11 07:45:00,11.25723325,6.141609
2024-09-11 08:00:00,1.294902088,6.2480288
2024-09-11 08:15:00,3.0930267210000006,6.2008433
2024-09-11 08:30:00,3.7502518159999996,6.222026
2024-09-11 08:45:00,10.02402184,6.1352563
2024-09-11 09:00:00,8.747959522,6.076256
2024-09-11 09:15:00,11.36274227,6.113855
2024-09-11 09:30:00,8.209273293,6.085288
2024-09-11 09:45:00,3.598634527,6.0467277
2024-09-11 10:00:00,2.891994315,5.844712
2024-09-11 10:15:00,8.694689091,5.8387184
2024-09-11 10:30:00,9.765735518,5.8884244
2024-09-11 10:45:00,10.98168125,5.9219713
2024-09-11 11:00:00,9.125459822,5.8491883
2024-09-11 11:15:00,9.360379535,5.7258773
2024-09-11 11:30:00,7.973207948000001,5.5788856
2024-09-11 11:45:00,8.088751575,5.6071506
2024-09-11 12:00:00,2.399680156,5.5133586
2024-09-11 12:15:00,4.658510790999999,5.455758
2024-09-11 12:30:00,6.126804564,5.4095054
2024-09-11 12:45:00,8.361648639,5.3304176
2024-09-11 13:00:00,5.299252946,5.3868346
2024-09-11 13:15:00,4.835020748999999,5.6396894
2024-09-11 13:30:00,6.720880473,5.816181
2024-09-11 13:45:00,5.394270648,5.9431424
2024-09-11 14:00:00,2.013168363,5.907113
2024-09-11 14:15:00,11.4343614,5.888474
2024-09-11 14:30:00,10.69937065,5.89157
2024-09-11 14:45:00,1.533420051,5.9992013
2024-09-11 15:00:00,6.925664118,6.2876506
2024-09-11 15:15:00,9.011136563,6.488543
2024-09-11 15:30:00,7.280961345999999,6.4163103
2024-09-11 15:45:00,4.907759481,6.445107
2024-09-11 16:00:00,8.893958393,6.290456
2024-09-11 16:15:00,7.879854694,6.168615
2024-09-11 16:30:00,3.925604116,6.121739
2024-09-11 16:45:00,7.495422089,6.2672935
2024-09-11 17:00:00,4.011076318,6.4126368
2024-09-11 17:15:00,7.301015199,6.51011
2024-09-11 17:30:00,9.12951229,6.471645
2024-09-11 17:45:00,4.590169503,6.417117
2024-09-11 18:00:00,4.0861917739999996,6.507093
2024-09-11 18:15:00,9.017674433,6.580788
2024-09-11 18:30:00,6.646998673999999,6.5745406
2024-09-11 18:45:00,2.667936541,6.4653783
2024-09-11 19:00:00,6.729119261999999,6.522798
2024-09-11 19:15:00,7.618854576000001,6.564543
2024-09-11 19:30:00,6.165988348,6.4205604
2024-09-11 19:45:00,7.548383667,6.405609
2024-09-11 20:00:00,4.91693845,6.279243
2024-09-11 20:15:00,9.686432908,6.1850495
2024-09-11 20:30:00,3.678252721,6.0746064
2024-09-11 20:45:00,4.218621234999999,6.205565
2024-09-11 21:00:00,9.029196837,6.182056
2024-09-11 21:15:00,1.757043271,6.1315093
2024-09-11 21:30:00,11.63244268,6.175151
2024-09-11 21:45:00,7.657714932,6.045087
2024-09-11 22:00:00,8.767434403,6.194191
2024-09-11 22:15:00,6.991238897,6.3509865
2024-09-11 22:30:00,8.710014553,6.278142
2024-09-11 22:45:00,5.58647216,6.061256
2024-09-11 23:00:00,6.664202150000001,6.03008
2024-09-11 23:15:00,7.573794303,6.168185
2024-09-11 23:30:00,10.91361933,6.137274
2024-09-11 23:45:00,1.403069675,5.9814763
2024-09-12 00:00:00,2.212301906,6.163351
2024-09-12 00:15:00,8.784057215,6.34967
2024-09-12 00:30:00,4.554881071,6.338894
2024-09-12 00:45:00,8.574554872,6.381673
2024-09-12 01:00:00,3.5621986090000006,6.206909
2024-09-12 01:15:00,7.658405004,6.248829
2024-09-12 01:30:00,5.859769057,6.267285
2024-09-12 01:45:00,2.467240055,6.375093
2024-09-12 02:00:00,10.88940501,6.4538674
2024-09-12 02:15:00,9.444980703,6.317112
2024-09-12 02:30:00,8.792197213,6.2012405
2024-09-12 02:45:00,8.484419981,5.931934
2024-09-12 03:00:00,1.31402133,5.9922814
2024-09-12 03:15:00,6.47822448,6.005708
2024-09-12 03:30:00,8.379323554,5.9446707
2024-09-12 03:45:00,3.3027753329999996,6.049868
2024-09-12 04:00:00,7.483387723,6.0307083
2024-09-12 04:15:00,11.45039346,6.159538
2024-09-12 04:30:00,9.158167145,6.131929
2024-09-12 04:45:00,6.7110791,6.2137184
2024-09-12 05:00:00,4.469938121,6.313032
2024-09-12 05:15:00,7.224381606,6.3864913
2024-09-12 05:30:00,8.344610104,6.4521704
2024-09-12 05:45:00,7.389916263,6.4138284
2024-09-12 06:00:00,8.432832776,6.378148
2024-09-12 06:15:00,4.022857314,6.287606
2024-09-12 06:30:00,6.598886887,6.2577353
2024-09-12 06:45:00,6.966852609,6.0314746
2024-09-12 07:00:00,2.024538521,6.0479226
2024-09-12 07:15:00,3.011509869,6.0109606
2024-09-12 07:30:00,4.357001866,6.0839586
2024-09-12 07:45:00,1.577026813,6.064928
2024-09-12 08:00:00,3.730048197,6.0238304
2024-09-12 08:15:00,6.304143401,6.0406246
2024-09-12 08:30:00,6.617189346000001,6.1330647
2024-09-12 08:45:00,4.035037750999999,6.130964
2024-09-12 09:00:00,10.5880059,6.1853666
2024-09-12 09:15:00,6.277398192,6.1412473
2024-09-12 09:30:00,7.470288557,6.2022185
2024-09-12 09:45:00,1.417850797,6.0284986
2024-09-12 10:00:00,5.063391237,6.093175
2024-09-12 10:15:00,6.7661375349999995,5.9642415
2024-09-12 10:30:00,4.122038493999999,6.1050935
2024-09-12 10:45:00,2.842086126,6.1761703
2024-09-12 11:00:00,3.193580635,6.2532983
2024-09-12 11:15:00,5.612653583,6.187677
2024-09-12 11:30:00,1.872439911,6.3104177
2024-09-12 11:45:00,3.511052628,6.2225738
2024-09-12 12:00:00,8.649219304,6.2958136
2024-09-12 12:15:00,3.493591562,6.271248
2024-09-12 12:30:00,2.356368556,6.2674446
2024-09-12 12:45:00,1.98468298,6.1004176
2024-09-12 13:00:00,12.107831600000003,6.004821
2024-09-12 13:15:00,1.961330455,5.9932337
2024-09-12 13:30:00,5.687104575999999,5.9493513
2024-09-12 13:45:00,6.267600519,5.9565105
2024-09-12 14:00:00,10.85547631,6.0392656
2024-09-12 14:15:00,10.47822115,5.8879166
2024-09-12 14:30:00,3.8490434020000004,5.893102
2024-09-12 14:45:00,1.961887067,5.9605045
2024-09-12 15:00:00,5.731443282,6.0993156
2024-09-12 15:15:00,2.153250932,6.308107
2024-09-12 15:30:00,9.321349298,6.2033496
2024-09-12 15:45:00,8.737767723,6.0547667
2024-09-12 16:00:00,11.07175354,6.012839
2024-09-12 16:15:00,6.898696632999999,6.02088
2024-09-12 16:30:00,4.989453769999999,6.053247
2024-09-12 16:45:00,6.649376762,5.9408116
2024-09-12 17:00:00,2.681886989,6.010371
2024-09-12 17:15:00,6.038918252999999,6.0566425
2024-09-12 17:30:00,11.42739575,5.9245615
2024-09-12 17:45:00,8.382816205,5.9400077
2024-09-12 18:00:00,1.8460776049999998,6.137998
2024-09-12 18:15:00,8.907622659,6.3385963
2024-09-12 18:30:00,2.111614446,6.37953
2024-09-12 18:45:00,4.939100535,6.4644394
2024-09-12 19:00:00,8.983576858,6.364073
2024-09-12 19:15:00,2.575644219,6.585583
2024-09-12 19:30:00,4.106425808,6.7020693
2024-09-12 19:45:00,3.178545344,6.858067
2024-09-12 20:00:00,10.0246417,6.9853973
2024-09-12 20:15:00,2.702342529,6.9468126
2024-09-12 20:30:00,6.563149543,7.096278
2024-09-12 20:45:00,3.955576836,7.0551944
2024-09-12 21:00:00,6.41483792,6.987964
2024-09-12 21:15:00,2.797052937,6.8187838
2024-09-12 21:30:00,9.498772078,6.920622
2024-09-12 21:45:00,7.363414701000001,6.8292923
2024-09-12 22:00:00,1.622885207,6.7742996
2024-09-12 22:15:00,10.48919348,6.6566663
2024-09-12 22:30:00,10.63674662,6.628825
2024-09-12 22:45:00,4.145273189999999,6.501963
2024-09-12 23:00:00,4.218463387999999,6.4774346
2024-09-12 23:15:00,6.315948101000001,6.530208
2024-09-12 23:30:00,7.477777922,6.461953
2024-09-12 23:45:00,4.339505564999999,6.508569
2024-09-13 00:00:00,9.463186414,6.4551735
2024-09-13 00:15:00,1.981985275,6.3258195
2024-09-13 00:30:00,5.453888139,6.3673553
2024-09-13 00:45:00,7.031509461,6.4256334
2024-09-13 01:00:00,9.698530228,6.406894
2024-09-13 01:15:00,10.39077365,6.376494
2024-09-13 01:30:00,3.897018479,6.310336
2024-09-13 01:45:00,3.6468599719999997,6.2401977
2024-09-13 02:00:00,4.940659918999999,6.182413
2024-09-13 02:15:00,5.531475679,5.9695196
2024-09-13 02:30:00,9.628717289,5.8183446
2024-09-13 02:45:00,1.220009607,5.9001446
2024-09-13 03:00:00,8.62552536,6.123183
2024-09-13 03:15:00,3.231699612,6.1963396
2024-09-13 03:30:00,10.21363076,6.467832
2024-09-13 03:45:00,4.417851558999999,6.2597313
2024-09-13 04:00:00,6.635589347,6.2710047
2024-09-13 04:15:00,4.368261209,6.3598332
2024-09-13 04:30:00,5.787684124999999,6.321914
2024-09-13 04:45:00,6.494062003999999,6.231003
2024-09-13 05:00:00,8.866898396,6.1745715
2024-09-13 05:15:00,2.511156065,6.110124
2024-09-13 05:30:00,4.89725056,6.152365
2024-09-13 05:45:00,7.892935373,6.147794
2024-09-13 06:00:00,7.645716882,6.1335707
2024-09-13 06:15:00,9.215360635,6.142108
2024-09-13 06:30:00,10.19759326,6.126076
2024-09-13 06:45:00,2.027661359,6.1019387
2024-09-13 07:00:00,8.618940041,6.1668124
2024-09-13 07:15:00,4.241860870999999,6.1876774
2024-09-13 07:30:00,6.092382261000001,6.3140645
2024-09-13 07:45:00,7.929054856,6.229856
2024-09-13 08:00:00,2.757950332,6.2955923
2024-09-13 08:15:00,4.4944007699999995,6.205065
2024-09-13 08:30:00,11.98455233,6.267724
2024-09-13 08:45:00,2.723510018,6.293245
2024-09-13 09:00:00,2.071827705,6.2943544
2024-09-13 09:15:00,9.531921697,6.229778
2024-09-13 09:30:00,5.604402149,6.2549276
2024-09-13 09:45:00,7.831668508000001,6.231299
2024-09-13 10:00:00,4.294531115999999,6.202069
2024-09-13 10:15:00,3.330381759,6.283766
2024-09-13 10:30:00,3.4356051229999998,6.130396
2024-09-13 10:45:00,3.3781300549999997,5.931559
2024-09-13 11:00:00,3.8790932139999996,5.907155
2024-09-13 11:15:00,3.3419311319999996,5.955612
2024-09-13 11:30:00,9.302472676,6.0778103
2024-09-13 11:45:00,6.771644042,6.3055944
2024-09-13 12:00:00,4.295807871999999,6.3975377
2024-09-13 12:15:00,4.541472611999999,6.378333
2024-09-13 12:30:00,10.80311018,6.379276
2024-09-13 12:45:00,3.038928491,6.2034817
2024-09-13 13:00:00,10.16368957,6.2016068
2024-09-13 13:15:00,8.810811227,6.1662364
2024-09-13 13:30:00,7.698423029,6.170958
2024-09-13 13:45:00,7.636542177,6.1079364
2024-09-13 14:00:00,5.747090521,6.227519
2024-09-13 14:15:00,5.867637764,6.294893
2024-09-13 14:30:00,9.001334345,6.319372
2024-09-13 14:45:00,9.460727663,6.2887306
2024-09-13 15:00:00,6.822332551000001,6.20985
2024-09-13 15:15:00,8.907742657,6.247545
2024-09-13 15:30:00,9.080781039,6.25489
2024-09-13 15:45:00,4.745695058999999,6.16631
2024-09-13 16:00:00,7.208017994,6.25412
2024-09-13 16:15:00,5.758237922,6.2571707
2024-09-13 16:30:00,2.075434601,6.225295
2024-09-13 16:45:00,7.79948648,6.41267
2024-09-13 17:00:00,7.123653293000001,6.4442234
2024-09-13 17:15:00,2.244559309,6.4460893
2024-09-13 17:30:00,1.925378852,6.618524
2024-09-13 17:45:00,3.477853201,6.8777
2024-09-13 18:00:00,9.678460122,6.8831553
2024-09-13 18:15:00,1.911651955,6.6253724
2024-09-13 18:30:00,5.730229954,6.722234
2024-09-13 18:45:00,3.176273669,6.7483625
2024-09-13 19:00:00,3.922406482,6.7323127
2024-09-13 19:15:00,9.249783478,6.612302
2024-09-13 19:30:00,10.06925032,6.6102657
2024-09-13 19:45:00,7.254426778000001,6.5659237
2024-09-13 20:00:00,10.10325514,6.559994
2024-09-13 20:15:00,9.915255153,6.569542
2024-09-13 20:30:00,3.339110016,6.436953
2024-09-13 20:45:00,6.957765937,6.553951
2024-09-13 21:00:00,8.971130945,6.591331
2024-09-13 21:15:00,7.236678833,6.3401155
2024-09-13 21:30:00,9.915211292,6.2320046
2024-09-13 21:45:00,7.652991946,6.251684
2024-09-13 22:00:00,3.980795959,6.224265
2024-09-13 22:15:00,7.854125308,6.1516895
2024-09-13 22:30:00,7.128806682,6.224557
2024-09-13 22:45:00,7.877188738,6.2165265
2024-09-13 23:00:00,2.101704259,6.1730375
2024-09-13 23:15:00,2.447216425,6.426086
2024-09-13 23:30:00,9.584169823,6.393282
2024-09-13 23:45:00,5.8110894360000005,6.3516726
2024-09-14 00:00:00,3.298850849,6.461777
2024-09-14 00:15:00,2.091727252,6.5895867
2024-09-14 00:30:00,3.9925404930000004,6.7451534
2024-09-14 00:45:00,4.351944774999999,6.696927
2024-09-14 01:00:00,11.24573299,6.746384
2024-09-14 01:15:00,9.306487507,6.644305
2024-09-14 01:30:00,1.983350649,6.5094514
2024-09-14 01:45:00,8.71548355,6.444577
2024-09-14 02:00:00,7.262775965000001,6.4967837
2024-09-14 02:15:00,3.357721534,6.50606
2024-09-14 02:30:00,9.089489196,6.5512986
2024-09-14 02:45:00,1.361425358,6.446354
2024-09-14 03:00:00,8.419236335,6.581176
2024-09-14 03:15:00,10.21761199,6.43003
2024-09-14 03:30:00,10.42735521,6.439811
2024-09-14 03:45:00,8.980318286,6.255789
2024-09-14 04:00:00,10.86387588,6.1156125
2024-09-14 04:15:00,8.287213584,5.9536967
2024-09-14 04:30:00,8.110235886,5.992062
2024-09-14 04:45:00,1.422037006,5.986032
2024-09-14 05:00:00,2.870805822,6.0859113
2024-09-14 05:15:00,8.733663098,6.182664
2024-09-14 05:30:00,11.69904989,6.198418
2024-09-14 05:45:00,8.698884309,6.292874
2024-09-14 06:00:00,7.132422757,6.473051
2024-09-14 06:15:00,2.9036388180000006,6.4477186
2024-09-14 06:30:00,11.14426694,6.592006
2024-09-14 06:45:00,7.948438727,6.425925
2024-09-14 07:00:00,6.104263513,6.659327
2024-09-14 07:15:00,10.32814909,6.6779165
2024-09-14 07:30:00,10.26066666,6.4313703
2024-09-14 07:45:00,4.770621168,6.3348227
2024-09-14 08:00:00,6.492756436999999,6.4222775
2024-09-14 08:15:00,2.313589272,6.316002
2024-09-14 08:30:00,10.79981418,6.3889275
2024-09-14 08:45:00,2.40895746,6.230487
2024-09-14 09:00:00,10.63539788,6.529341
2024-09-14 09:15:00,3.01742328,6.458201
2024-09-14 09:30:00,10.13673971,6.750578
2024-09-14 09:45:00,5.780515353,6.7543283
2024-09-14 10:00:00,7.126380643,6.9606223
2024-09-14 10:15:00,1.430134256,6.748825
2024-09-14 10:30:00,5.265744364999999,6.905338
2024-09-14 10:45:00,6.188860798,6.7087884
2024-09-14 11:00:00,1.251473076,6.5959735
2024-09-14 11:15:00,7.454060543,6.585749
2024-09-14 11:30:00,9.779441596,6.5384483
2024-09-14 11:45:00,1.4769520729999999,6.610903
2024-09-14 12:00:00,6.09800942,6.74527
2024-09-14 12:15:00,1.41338606,6.7211986
2024-09-14 12:30:00,10.24358994,6.7358556
2024-09-14 12:45:00,2.846956906,6.478813
2024-09-14 13:00:00,1.7868447419999998,6.6590776
2024-09-14 13:15:00,9.981490699,6.647876
2024-09-14 13:30:00,5.949257418,6.559479
2024-09-14 13:45:00,2.222393594,6.5801697
2024-09-14 14:00:00,8.055058122,6.539113
2024-09-14 14:15:00,8.657805751,6.4895267
2024-09-14 14:30:00,6.797129797999999,6.2738004
2024-09-14 14:45:00,4.310885294,6.347093
2024-09-14 15:00:00,5.836036458,6.458332
2024-09-14 15:15:00,11.38911798,6.3366284
2024-09-14 15:30:00,6.483549758,6.4529066
2024-09-14 15:45:00,5.016879855999999,6.5261974
2024-09-14 16:00:00,7.764115307,6.598155
2024-09-14 16:15:00,1.8983414600000001,6.409657
2024-09-14 16:30:00,4.058627699,6.285237
2024-09-14 16:45:00,3.418149601,6.293601
2024-09-14 17:00:00,8.103225279,6.348
2024-09-14 17:15:00,7.753835263,6.3028502
2024-09-14 17:30:00,8.418969078,6.255209
2024-09-14 17:45:00,5.428498263999999,6.256756
2024-09-14 18:00:00,3.0143966980000005,6.1952553
2024-09-14 18:15:00,3.075649331,6.28659
2024-09-14 18:30:00,10.8038803,6.3055596
2024-09-14 18:45:00,1.958529455,6.046048
2024-09-14 19:00:00,7.550960778,6.134329
2024-09-14 19:15:00,3.546837347,6.2017198
2024-09-14 19:30:00,3.380536473,6.229607
2024-09-14 19:45:00,2.25042424,6.228139
2024-09-14 20:00:00,11.68471646,6.2706823
2024-09-14 20:15:00,1.747212676,6.5893564
2024-09-14 20:30:00,2.539909549,6.4349055
2024-09-14 20:45:00,4.760079567999999,6.308489
2024-09-14 21:00:00,6.059900392,6.1886053
2024-09-14 21:15:00,11.19789838,6.065815
2024-09-14 21:30:00,3.460719228,6.1702967
2024-09-14 21:45:00,8.526711194,6.0940995
2024-09-14 22:00:00,7.849219838,6.1788907
2024-09-14 22:15:00,6.596594558,6.1784487
2024-09-14 22:30:00,3.730401426,6.2052093
2024-09-14 22:45:00,2.745071024,6.2968183
2024-09-14 23:00:00,2.934030522,6.4675555
2024-09-14 23:15:00,4.70433646,6.5276995
2024-09-14 23:30:00,2.604850479,6.6576686
2024-09-14 23:45:00,12.36673863,6.6588707
2024-09-15 00:00:00,5.318790332999999,6.5419884
2024-09-15 00:15:00,6.900252562999999,6.606719
2024-09-15 00:30:00,7.822150679,6.5749927
2024-09-15 00:45:00,3.113092611,6.607646
2024-09-15 01:00:00,6.388929298,6.586931
2024-09-15 01:15:00,1.862268,6.5956764
2024-09-15 01:30:00,10.48605008,6.6417847
2024-09-15 01:45:00,6.038416371,6.5095572
2024-09-15 02:00:00,1.458493492,6.6117897
2024-09-15 02:15:00,7.704809068000001,6.6413636
2024-09-15 02:30:00,2.111030062,6.589125
2024-09-15 02:45:00,9.247619122,6.633167
2024-09-15 03:00:00,10.34336194,6.595272
2024-09-15 03:15:00,11.10021726,6.5373178
2024-09-15 03:30:00,5.638397863999999,6.4518027
2024-09-15 03:45:00,8.533634696,6.394383
2024-09-15 04:00:00,2.697084215,6.3528566
2024-09-15 04:15:00,1.940519749,6.40466
2024-09-15 04:30:00,9.806402634,6.3675933
2024-09-15 04:45:00,8.657848036,6.275041
2024-09-15 05:00:00,10.42709457,6.3636537
2024-09-15 05:15:00,9.940247301,6.4327993
2024-09-15 05:30:00,4.817668678,6.3456445
2024-09-15 05:45:00,4.482394713,6.527541
2024-09-15 06:00:00,5.648054338,6.48604
2024-09-15 06:15:00,8.022776861,6.5317554
2024-09-15 06:30:00,1.217312572,6.6239786
2024-09-15 06:45:00,6.266939619,6.684165
2024-09-15 07:00:00,1.345776575,6.6062403
2024-09-15 07:15:00,5.9329442729999995,6.6552157
2024-09-15 07:30:00,2.008039399,6.548256
2024-09-15 07:45:00,7.102077769,6.735431
2024-09-15 08:00:00,4.534902959999999,6.8184867
2024-09-15 08:15:00,6.115444779,6.817443
2024-09-15 08:30:00,11.675368719999998,6.84712
2024-09-15 08:45:00,4.708813679,6.8521123
2024-09-15 09:00:00,8.496671923,6.940855
2024-09-15 09:15:00,7.983455162,6.943058
2024-09-15 09:30:00,9.952717894,6.8628216
2024-09-15 09:45:00,4.657692469999999,6.732123
2024-09-15 10:00:00,1.768060125,6.6515326
2024-09-15 10:15:00,11.28732098,6.6197786
2024-09-15 10:30:00,5.129407264999999,6.479315
2024-09-15 10:45:00,3.132816689,6.431218
2024-09-15 11:00:00,11.1976063,6.359512
2024-09-15 11:15:00,3.149668941,6.304762
2024-09-15 11:30:00,6.807521431,6.3130383
2024-09-15 11:45:00,8.979317358,6.1531773
2024-09-15 12:00:00,8.793986248,6.0467725
2024-09-15 12:15:00,1.458825714,6.1218176
2024-09-15 12:30:00,3.298574394,6.2848916
2024-09-15 12:45:00,10.40705749,6.400723
2024-09-15 13:00:00,7.056716117,6.317723
2024-09-15 13:15:00,8.147210618,6.3103356
2024-09-15 13:30:00,5.581223795999999,6.4280334
2024-09-15 13:45:00,8.950097553,6.5457616
2024-09-15 14:00:00,4.348184442,6.6132
2024-09-15 14:15:00,3.73396903,6.8266706
2024-09-15 14:30:00,10.94512344,6.9520483
2024-09-15 14:45:00,2.836068954,6.7311015
2024-09-15 15:00:00,10.98428927,6.8641477
2024-09-15 15:15:00,10.98157958,6.729825
2024-09-15 15:30:00,8.730954728,6.5570626
2024-09-15 15:45:00,7.49391174,6.5670085
2024-09-15 16:00:00,1.249784006,6.6464796
2024-09-15 16:15:00,7.558358243,6.7429943
2024-09-15 16:30:00,8.563724219,6.45527
2024-09-15 16:45:00,8.30090797,6.243917
2024-09-15 17:00:00,3.0129090669999994,6.187891
2024-09-15 17:15:00,6.662622907,6.463123
2024-09-15 17:30:00,6.934735189,6.570428
2024-09-15 17:45:00,8.404731299,6.5686684
2024-09-15 18:00:00,9.108364618,6.730626
2024-09-15 18:15:00,8.532517101,6.671783
2024-09-15 18:30:00,2.521883071,6.6401744
2024-09-15 18:45:00,1.337826933,6.8767667
2024-09-15 19:00:00,2.649072242,6.973549
2024-09-15 19:15:00,1.634741452,6.875507
2024-09-15 19:30:00,5.523178088,7.053195
2024-09-15 19:45:00,4.235551914,7.1411457
2024-09-15 20:00:00,1.271391385,7.36122
2024-09-15 20:15:00,1.968102713,7.6049657
2024-09-15 20:30:00,5.413158327999999,7.616822
2024-09-15 20:45:00,11.08758437,7.6022167
2024-09-15 21:00:00,11.39021294,7.3072343
2024-09-15 21:15:00,1.548582403,7.0059066
2024-09-15 21:30:00,10.1531942,7.058147
2024-09-15 21:45:00,6.340180467,6.881039
2024-09-15 22:00:00,8.11097869,6.6168394
2024-09-15 22:15:00,6.270211479,6.5555573
2024-09-15 22:30:00,10.51610969,6.6795855
2024-09-15 22:45:00,6.211683689000001,6.6562433
2024-09-15 23:00:00,2.8519587770000006,6.7796164
2024-09-15 23:15:00,8.76530841,6.878999
2024-09-15 23:30:00,6.478986378,6.8068957
2024-09-15 23:45:00,2.4754887,6.81745
2024-09-16 00:00:00,5.965776655,7.023452
2024-09-16 00:15:00,7.962722497,6.822398
2024-09-16 00:30:00,4.258206688,6.6620154
2024-09-16 00:45:00,10.18746462,6.776962
2024-09-16 01:00:00,9.874770533,6.620788
2024-09-16 01:15:00,7.211054820000001,6.468943
2024-09-16 01:30:00,1.740707728,6.4800816
2024-09-16 01:45:00,7.283023339,6.6007
2024-09-16 02:00:00,5.738622158,6.573244
2024-09-16 02:15:00,9.004023943,6.4057674
2024-09-16 02:30:00,3.730726373,6.4321036
2024-09-16 02:45:00,7.482324962,6.586088
2024-09-16 03:00:00,7.078739128,6.734763
2024-09-16 03:15:00,6.887016733000001,6.846654
2024-09-16 03:30:00,2.327359828,6.845666
2024-09-16 03:45:00,6.3654961199999995,7.0480046
2024-09-16 04:00:00,6.498777584,6.906459
2024-09-16 04:15:00,10.49164019,6.8417187
2024-09-16 04:30:00,6.291256238,6.7339134
2024-09-16 04:45:00,7.757078133,6.7552466
2024-09-16 05:00:00,6.933262815,6.7744985
2024-09-16 05:15:00,3.198982475,6.604463
2024-09-16 05:30:00,3.021549136,6.8476167
2024-09-16 05:45:00,8.936980153,6.842578
2024-09-16 06:00:00,6.525536005,6.695538
2024-09-16 06:15:00,10.44498504,6.860243
2024-09-16 06:30:00,10.2300909,6.6749578
2024-09-16 06:45:00,4.148128087999999,6.534072
2024-09-16 07:00:00,2.064077611,6.6472445
2024-09-16 07:15:00,4.700691850999999,6.6611056
2024-09-16 07:30:00,1.856713362,6.7096047
2024-09-16 07:45:00,9.875764725,6.6276846
2024-09-16 08:00:00,2.824749165,6.7267647
2024-09-16 08:15:00,10.43407775,6.7980475
2024-09-16 08:30:00,5.339715099999999,6.889778
2024-09-16 08:45:00,3.782868011,6.904406
2024-09-16 09:00:00,6.040518453000001,6.7369547
2024-09-16 09:15:00,7.2089594,6.690303
2024-09-16 09:30:00,8.539193774,6.6728826
2024-09-16 09:45:00,4.458291132,6.7132792
2024-09-16 10:00:00,11.991440059999999,6.8211613
2024-09-16 10:15:00,5.621282489,6.808668
2024-09-16 10:30:00,9.548206142,6.6753764
2024-09-16 10:45:00,1.528880631,6.457765
2024-09-16 11:00:00,9.044240955,6.3950663
2024-09-16 11:15:00,7.2305719779999995,6.3732996
2024-09-16 11:30:00,7.377913766,6.293545
2024-09-16 11:45:00,5.113951832999999,6.2956285
2024-09-16 12:00:00,7.075745701,6.2762074
2024-09-16 12:15:00,10.57983162,6.162584
2024-09-16 12:30:00,5.151216731999999,5.916068
2024-09-16 12:45:00,2.166147493,5.9085846
2024-09-16 13:00:00,9.007726659,5.7926955
2024-09-16 13:15:00,6.263326771,5.52903
2024-09-16 13:30:00,5.449264868999999,5.3522196
2024-09-16 13:45:00,9.518081772,5.3419337
2024-09-16 14:00:00,6.90238369,5.2980843
2024-09-16 14:15:00,7.588832353,5.527379
2024-09-16 14:30:00,10.89623036,5.6089306
2024-09-16 14:45:00,1.6693441140000003,5.6265817
2024-09-16 15:00:00,3.7158592200000005,6.0027122
2024-09-16 15:15:00,9.923615939,6.2113733
2024-09-16 15:30:00,9.508837156,6.233101
2024-09-16 15:45:00,3.07857681,6.0994253
2024-09-16 16:00:00,3.1254282,6.376197
2024-09-16 16:15:00,10.20983901,6.513764
2024-09-16 16:30:00,7.090126216,6.2616963
2024-09-16 16:45:00,9.874922717,6.1817045
2024-09-16 17:00:00,10.76220489,6.135479
2024-09-16 17:15:00,1.961292388,6.016361
2024-09-16 17:30:00,10.71758353,6.0986958
2024-09-16 17:45:00,8.258576048,5.9218993
2024-09-16 18:00:00,10.06534328,6.0031357
2024-09-16 18:15:00,7.574603513,5.887471
2024-09-16 18:30:00,4.339323976,6.153012
2024-09-16 18:45:00,7.994075053,6.2315445
2024-09-16 19:00:00,6.679358650999999,6.175851
2024-09-16 19:15:00,10.75801062,6.3756647
2024-09-16 19:30:00,7.130352639000001,6.0820246
2024-09-16 19:45:00,1.39836495,6.4020886
2024-09-16 20:00:00,7.978543231,6.65375
2024-09-16 20:15:00,1.62645059,6.627189
2024-09-16 20:30:00,10.89653398,6.704525
2024-09-16 20:45:00,6.25941915,6.4360027
2024-09-16 21:00:00,11.77645575,6.434228
2024-09-16 21:15:00,1.326143222,6.1688333
2024-09-16 21:30:00,6.924339424,6.63679
2024-09-16 21:45:00,3.416958214,6.4895344
2024-09-16 22:00:00,7.98079608,6.7479615
2024-09-16 22:15:00,5.895626291,6.3809204
2024-09-16 22:30:00,6.80702896,6.5400767
2024-09-16 22:45:00,4.648485065999999,6.504166
2024-09-16 23:00:00,1.667078619,6.5648565
2024-09-16 23:15:00,2.204528524,6.677686
2024-09-16 23:30:00,9.887948158,6.520508
2024-09-16 23:45:00,8.762108639,6.333927
2024-09-17 00:00:00,8.686667449,6.4219146
2024-09-17 00:15:00,2.345277075,6.2570195
2024-09-17 00:30:00,1.7065253640000002,6.2699733
2024-09-17 00:45:00,1.344234969,6.1629705
2024-09-17 01:00:00,6.380716407999999,6.353908
2024-09-17 01:15:00,6.216595216,6.254164
2024-09-17 01:30:00,2.326017058,6.285623
2024-09-17 01:45:00,4.858713422,6.3274126
2024-09-17 02:00:00,6.803970679,6.352085
2024-09-17 02:15:00,7.686126774,6.4843793
2024-09-17 02:30:00,9.788277224,6.4033875
2024-09-17 02:45:00,7.300633787000001,6.3921027
2024-09-17 03:00:00,1.4671038469999997,6.313094
2024-09-17 03:15:00,7.554412314,6.43682
2024-09-17 03:30:00,2.109733735,6.3542747
2024-09-17 03:45:00,7.224061350999999,6.4598393
2024-09-17 04:00:00,5.225782442999999,6.398926
2024-09-17 04:15:00,4.290735585,6.40926
2024-09-17 04:30:00,5.963104504,6.302952
2024-09-17 04:45:00,5.000605389,6.241677
2024-09-17 05:00:00,10.48721508,6.3404956
2024-09-17 05:15:00,3.492293361,6.4460087
2024-09-17 05:30:00,2.533141526,6.378041
2024-09-17 05:45:00,9.946609024,6.202556
2024-09-17 06:00:00,3.893283144,6.218997
2024-09-17 06:15:00,1.445747456,6.2452025
2024-09-17 06:30:00,5.108374358999999,6.039149
2024-09-17 06:45:00,9.289745008,6.1465282
2024-09-17 07:00:00,5.8971718520000005,6.140095
2024-09-17 07:15:00,5.853424111000001,6.238901
2024-09-17 07:30:00,1.610979849,6.2346835
2024-09-17 07:45:00,8.405812586,6.274873
2024-09-17 08:00:00,4.690557359,6.3257155
2024-09-17 08:15:00,8.502390627,6.393116
2024-09-17 08:30:00,5.445677211999999,6.359871
2024-09-17 08:45:00,6.433795816000001,6.3892064
2024-09-17 09:00:00,7.6220730670000005,6.2269874
2024-09-17 09:15:00,3.069201699,6.3462462
2024-09-17 09:30:00,4.059133363,6.407322
2024-09-17 09:45:00,7.283749231000001,6.2961507
2024-09-17 10:00:00,9.760016999,6.248763
2024-09-17 10:15:00,10.91799573,6.3604093
2024-09-17 10:30:00,6.467269186,6.4113445
2024-09-17 10:45:00,1.7738212900000003,6.5077085
2024-09-17 11:00:00,10.46681821,6.6038914
2024-09-17 11:15:00,5.496231525,6.305417
2024-09-17 11:30:00,2.182632255,6.163587
2024-09-17 11:45:00,11.678319860000002,5.8517075
2024-09-17 12:00:00,3.894980883,5.5931253
2024-09-17 12:15:00,7.830993621999999,5.718642
2024-09-17 12:30:00,2.528282228,5.798282
2024-09-17 12:45:00,8.336672431,6.0107665
2024-09-17 13:00:00,10.82110556,5.9107995
2024-09-17 13:15:00,11.30965316,5.950562
2024-09-17 13:30:00,2.509420021,5.863701
2024-09-17 13:45:00,9.673382702,5.916054
2024-09-17 14:00:00,7.71733923,6.0310574
2024-09-17 14:15:00,9.369330004,6.2102203
2024-09-17 14:30:00,4.450690289999999,6.036748
2024-09-17 14:45:00,5.189205653999999,6.24064
2024-09-17 15:00:00,4.752645928999999,6.220663
2024-09-17 15:15:00,8.727323966,6.180317
2024-09-17 15:30:00,9.299855283,5.9577093
2024-09-17 15:45:00,3.817362171,6.040769
2024-09-17 16:00:00,7.193139592,6.166602
2024-09-17 16:15:00,2.588759287,6.234813
2024-09-17 16:30:00,1.217915475,6.5077586
2024-09-17 16:45:00,7.457318495999999,6.6072874
2024-09-17 17:00:00,10.20950825,6.3954086
2024-09-17 17:15:00,10.22532314,6.341382
2024-09-17 17:30:00,7.981269357000001,6.3060436
2024-09-17 17:45:00,9.420347139,6.3326793
2024-09-17 18:00:00,5.727855646,6.34208
2024-09-17 18:15:00,10.5776881,6.3942175
2024-09-17 18:30:00,9.209028594,6.316277
2024-09-17 18:45:00,4.571253703,6.360913
2024-09-17 19:00:00,7.233336961000001,6.7249737
2024-09-17 19:15:00,1.761563358,6.746886
2024-09-17 19:30:00,2.644508362,6.8863473
2024-09-17 19:45:00,11.18854898,7.044012
2024-09-17 20:00:00,1.191215362,6.770225
2024-09-17 20:15:00,3.1262283810000002,6.767933
2024-09-17 20:30:00,2.608828773,6.718618
2024-09-17 20:45:00,8.041706347,6.7406454
2024-09-17 21:00:00,2.224748133,6.376347
2024-09-17 21:15:00,1.444452545,6.4734817
2024-09-17 21:30:00,11.457208419999999,6.5154405
2024-09-17 21:45:00,9.784008298,6.5780582
2024-09-17 22:00:00,4.862375044,6.5671043
2024-09-17 22:15:00,2.095250686,6.478739
2024-09-17 22:30:00,8.021065787,6.548186
2024-09-17 22:45:00,10.3844882,6.5209036
2024-09-17 23:00:00,11.44115156,6.4537086
2024-09-17 23:15:00,2.454298112,6.3794293
2024-09-17 23:30:00,7.68682293,6.6120887
2024-09-17 23:45:00,5.653542605,6.804875
2024-09-18 00:00:00,2.807789744,6.876956
2024-09-18 00:15:00,9.62650579,6.7913866
2024-09-18 00:30:00,9.552671164,6.623302
2024-09-18 00:45:00,11.87878048,6.693638
2024-09-18 01:00:00,1.982937682,6.3717055
2024-09-18 01:15:00,3.693260027,6.4070053
2024-09-18 01:30:00,9.755098628,6.264938
2024-09-18 01:45:00,5.11825717,6.3345532
2024-09-18 02:00:00,6.115053514,6.261768
2024-09-18 02:15:00,7.531635199,6.312856
2024-09-18 02:30:00,5.320682214,6.422218
2024-09-18 02:45:00,1.4760677949999998,6.4613776
2024-09-18 03:00:00,7.487308267,6.4776273
2024-09-18 03:15:00,3.587777377,6.480794
2024-09-18 03:30:00,11.730770659999997,6.6235723
2024-09-18 03:45:00,8.245311227,6.5125866
2024-09-18 04:00:00,9.750478923,6.5982394
2024-09-18 04:15:00,11.33636354,6.5380177
2024-09-18 04:30:00,1.781533667,6.4326363
2024-09-18 04:45:00,2.605299268,6.840634
2024-09-18 05:00:00,9.304494786,6.7421103
2024-09-18 05:15:00,9.976515028,6.5838757
2024-09-18 05:30:00,1.199495628,6.324651
2024-09-18 05:45:00,10.98473398,6.2866726
2024-09-18 06:00:00,6.213006462,6.091199
2024-09-18 06:15:00,5.801636199,6.1975636
2024-09-18 06:30:00,10.33860475,6.239553
2024-09-18 06:45:00,4.0261402749999995,6.2866764
2024-09-18 07:00:00,6.6095706850000004,6.4268856
2024-09-18 07:15:00,4.345969808999999,6.3977904
2024-09-18 07:30:00,2.470948028,6.61471
2024-09-18 07:45:00,4.800853451999999,6.6140804
2024-09-18 08:00:00,3.102457585,6.682652
2024-09-18 08:15:00,6.681391554999999,6.7266483
2024-09-18 08:30:00,6.778514315,6.731541
2024-09-18 08:45:00,5.399353959,6.9036694
2024-09-18 09:00:00,2.929832151,6.723509
2024-09-18 09:15:00,2.465001791,6.4824977
2024-09-18 09:30:00,2.33191166,6.571582
2024-09-18 09:45:00,2.491388214,6.8148384
2024-09-18 10:00:00,4.438687764999999,6.900793
2024-09-18 10:15:00,1.184282761,7.0029607
2024-09-18 10:30:00,1.867144653,7.1768284
2024-09-18 10:45:00,6.309060632,7.1509395
2024-09-18 11:00:00,3.033311581,7.115105
2024-09-18 11:15:00,3.7779621980000004,7.0384984
2024-09-18 11:30:00,4.794333612999999,6.643227
2024-09-18 11:45:00,1.610433814,6.5207286
2024-09-18 12:00:00,3.2804453490000003,6.632454
2024-09-18 12:15:00,8.99934001,6.59113
2024-09-18 12:30:00,4.830159860999999,6.444907
2024-09-18 12:45:00,2.984734146,6.509398
2024-09-18 13:00:00,3.14902934,6.514295
2024-09-18 13:15:00,11.11078138,6.391103
2024-09-18 13:30:00,2.593255037,6.3251762
2024-09-18 13:45:00,10.10252322,6.300967
2024-09-18 14:00:00,2.015993957,6.274647
2024-09-18 14:15:00,9.929246693,6.2791157
2024-09-18 14:30:00,6.247441046,6.1646547
2024-09-18 14:45:00,7.552173541,6.2166376
2024-09-18 15:00:00,3.6194983689999995,6.1751676
2024-09-18 15:15:00,11.25054716,6.2254534
2024-09-18 15:30:00,7.062071612,6.100814
2024-09-18 15:45:00,8.23449933,6.091376
2024-09-18 16:00:00,6.975411473000001,6.0359616
2024-09-18 16:15:00,2.378956992,5.8826995
2024-09-18 16:30:00,9.937139021,5.8270135
2024-09-18 16:45:00,3.171531614,5.7950196
2024-09-18 17:00:00,4.094772974,5.8537264
2024-09-18 17:15:00,7.961686595,5.88999
2024-09-18 17:30:00,2.152991781,5.9099274
2024-09-18 17:45:00,11.37206309,6.152798
2024-09-18 18:00:00,2.476561936,6.183549
2024-09-18 18:15:00,8.385455861,6.5076003
2024-09-18 18:30:00,7.834120267,6.466784
2024-09-18 18:45:00,8.699386151,6.44119
2024-09-18 19:00:00,5.396204617999999,6.4312563
2024-09-18 19:15:00,5.191209062999999,6.558246
2024-09-18 19:30:00,11.60989127,6.771572
2024-09-18 19:45:00,9.777109078,6.7349567
2024-09-18 20:00:00,5.900612105999999,6.780038
2024-09-18 20:15:00,2.98443768,6.8932076
2024-09-18 20:30:00,9.824302399,6.996809
2024-09-18 20:45:00,8.272653833,6.708674
2024-09-18 21:00:00,2.709912957,6.6791887
2024-09-18 21:15:00,3.051003398,6.672591
2024-09-18 21:30:00,6.99751214,6.970005
2024-09-18 21:45:00,6.538835359999999,6.9714494
2024-09-18 22:00:00,5.292257628999999,7.0389113
2024-09-18 22:15:00,5.930527229999999,7.077226
2024-09-18 22:30:00,3.0036247949999995,7.1609144
2024-09-18 22:45:00,3.648194186,7.3879266
2024-09-18 23:00:00,6.104390843,7.3460784
2024-09-18 23:15:00,1.750848405,7.3003287
2024-09-18 23:30:00,4.858369923999999,7.230033
2024-09-18 23:45:00,3.330978732,7.0676622
2024-09-19 00:00:00,2.798142177,7.328424
2024-09-19 00:15:00,2.633192311,7.169953
2024-09-19 00:30:00,2.52055634,7.123174
2024-09-19 00:45:00,2.728535289,7.0008097
2024-09-19 01:00:00,5.236890729999999,6.9539895
2024-09-19 01:15:00,2.21997003,7.050968
2024-09-19 01:30:00,10.41960762,7.088997
2024-09-19 01:45:00,6.421737898,6.9446397
2024-09-19 02:00:00,6.222866074000001,6.99711
2024-09-19 02:15:00,3.230737645,6.81658
2024-09-19 02:30:00,10.31706797,6.794788
2024-09-19 02:45:00,9.284540878,6.6742387
2024-09-19 03:00:00,1.466774885,6.6948504
2024-09-19 03:15:00,8.415931912,6.6261973
2024-09-19 03:30:00,3.1562911629999997,6.5484133
2024-09-19 03:45:00,7.2510394940000005,6.757537
2024-09-19 04:00:00,9.399619321,6.6866746
2024-09-19 04:15:00,10.8295662,6.608783
2024-09-19 04:30:00,3.004699968,6.4940376
2024-09-19 04:45:00,10.39181792,6.460367
2024-09-19 05:00:00,1.98613075,6.319032
2024-09-19 05:15:00,10.05014108,6.311825
2024-09-19 05:30:00,8.962018317,6.165728
2024-09-19 05:45:00,10.51025982,6.3694735
2024-09-19 06:00:00,4.672884022,6.3976927
2024-09-19 06:15:00,11.504044690000002,6.4608526
2024-09-19 06:30:00,10.26808226,6.4197483
2024-09-19 06:45:00,4.787203889999999,6.284235
2024-09-19 07:00:00,4.741254916,6.4146333
2024-09-19 07:15:00,4.902877044999999,6.407965
2024-09-19 07:30:00,7.164000948000001,6.455976
2024-09-19 07:45:00,3.0104438009999996,6.3269935
2024-09-19 08:00:00,5.727605359,6.492284
2024-09-19 08:15:00,1.916357795,6.6738906
2024-09-19 08:30:00,4.886327375999999,7.020574
2024-09-19 08:45:00,7.798210508,7.29501
2024-09-19 09:00:00,7.365687916,7.367025
2024-09-19 09:15:00,4.467198514999999,7.282974
2024-09-19 09:30:00,3.865171329,7.6521463
2024-09-19 09:45:00,4.473697079,7.6589923
2024-09-19 10:00:00,1.740386026,7.6578093
2024-09-19 10:15:00,3.642206764,7.4700184
2024-09-19 10:30:00,8.717126338,7.3367343
2024-09-19 10:45:00,2.877813297,7.148665
2024-09-19 11:00:00,2.540152931,7.2149253
2024-09-19 11:15:00,9.317197911,7.1294327
2024-09-19 11:30:00,3.5901850040000003,7.3804746
2024-09-19 11:45:00,3.857607878,7.465307
2024-09-19 12:00:00,5.847068459,7.433745
2024-09-19 12:15:00,6.081553991,7.380682
2024-09-19 12:30:00,3.05006388,7.2043324
2024-09-19 12:45:00,7.108225032999999,7.165789
2024-09-19 13:00:00,7.676124554,7.0401917
2024-09-19 13:15:00,6.383196487,6.8891683
2024-09-19 13:30:00,10.13939514,6.7413173
2024-09-19 13:45:00,10.71785299,6.4489036
2024-09-19 14:00:00,6.403664125000001,6.108843
2024-09-19 14:15:00,10.40005104,6.000738
2024-09-19 14:30:00,7.721407803,5.8263516
2024-09-19 14:45:00,6.910601249000001,5.6204863
2024-09-19 15:00:00,9.662521384,5.643283
2024-09-19 15:15:00,11.77535203,5.7131395
2024-09-19 15:30:00,11.83552557,5.6332374
2024-09-19 15:45:00,8.608020134,5.760894
2024-09-19 16:00:00,5.989278373,5.8272495
2024-09-19 16:15:00,4.202760968,5.847298
2024-09-19 16:30:00,6.621413393999999,5.9728894
2024-09-19 16:45:00,9.547048368,6.0233145
2024-09-19 17:00:00,1.396808531,5.9432683
2024-09-19 17:15:00,3.7850690110000005,6.269505
2024-09-19 17:30:00,4.657865494999999,6.420825
2024-09-19 17:45:00,8.419301783,6.4685726
2024-09-19 18:00:00,7.884219263,6.2766833
2024-09-19 18:15:00,5.305073295999999,6.162825
2024-09-19 18:30:00,10.59253338,6.269548
2024-09-19 18:45:00,6.702480305,6.1287055
2024-09-19 19:00:00,8.586260031,6.2477694
2024-09-19 19:15:00,7.841105385999999,6.284975
2024-09-19 19:30:00,9.590439024,6.3925695
2024-09-19 19:45:00,9.682501882,6.449835
2024-09-19 20:00:00,11.61970639,6.364696
2024-09-19 20:15:00,5.11494347,6.246207
2024-09-19 20:30:00,2.745379409,6.4564834
2024-09-19 20:45:00,9.093970968,6.6285734
2024-09-19 21:00:00,10.76653293,6.446476
2024-09-19 21:15:00,1.660798507,6.3158326
2024-09-19 21:30:00,4.445046050999999,6.572591
2024-09-19 21:45:00,9.574961365,6.913321
2024-09-19 22:00:00,8.347981132,6.9024754
2024-09-19 22:15:00,8.839605111,6.7561445
2024-09-19 22:30:00,6.789606878999999,6.677124
2024-09-19 22:45:00,5.16970253,6.7290297
2024-09-19 23:00:00,9.178951133,6.773441
2024-09-19 23:15:00,6.757334623,6.615631
2024-09-19 23:30:00,6.161942600999999,6.652349
2024-09-19 23:45:00,9.005068608,6.5406933
2024-09-20 00:00:00,3.0436812230000005,6.5646677
2024-09-20 00:15:00,7.081118504,6.6421304
2024-09-20 00:30:00,4.4222178119999995,6.5662465
2024-09-20 00:45:00,1.320437308,6.788634
2024-09-20 01:00:00,8.841746352,6.8279104
2024-09-20 01:15:00,6.086389429999999,6.7542872
2024-09-20 01:30:00,10.42163067,6.7963657
2024-09-20 01:45:00,6.1782975250000005,6.494486
2024-09-20 02:00:00,1.233546997,6.60809
2024-09-20 02:15:00,5.426585507,6.6881623
2024-09-20 02:30:00,2.9750775920000003,6.6175976
2024-09-20 02:45:00,10.67987124,6.5360427
2024-09-20 03:00:00,5.939737351,6.419931
2024-09-20 03:15:00,5.991074258,6.439532
2024-09-20 03:30:00,5.133082708999999,6.376766
2024-09-20 03:45:00,6.456107568,6.3380632
2024-09-20 04:00:00,2.045861051,6.2461934
2024-09-20 04:15:00,5.610896233,6.3932686
2024-09-20 04:30:00,7.537597181000001,6.449809
2024-09-20 04:45:00,5.016759981,6.531399
2024-09-20 05:00:00,4.917258787,6.518989
2024-09-20 05:15:00,10.00425062,6.538497
2024-09-20 05:30:00,6.708593436000001,6.4681535
2024-09-20 05:45:00,7.275151898,6.3708158
2024-09-20 06:00:00,4.099709280999999,6.2231355
2024-09-20 06:15:00,5.970794075,6.2618423
2024-09-20 06:30:00,1.8112324289999997,6.27163
2024-09-20 06:45:00,5.502827764,6.2803836
2024-09-20 07:00:00,9.19091121,6.3797436
2024-09-20 07:15:00,2.692245101,6.36378
2024-09-20 07:30:00,9.416293599,6.316868
2024-09-20 07:45:00,5.155384997,6.095667
2024-09-20 08:00:00,1.410988252,6.041564
2024-09-20 08:15:00,10.95998645,6.0307403
2024-09-20 08:30:00,2.943203511,6.145918
2024-09-20 08:45:00,4.85754042,6.1839137
2024-09-20 09:00:00,5.840965692999999,6.08483
2024-09-20 09:15:00,11.603257289999998,5.877891
2024-09-20 09:30:00,7.071601699,5.833927
2024-09-20 09:45:00,10.66748789,5.905242
2024-09-20 10:00:00,7.395651494999999,5.941827
2024-09-20 10:15:00,3.2039019739999994,6.108378
2024-09-20 10:30:00,6.779407133,6.1796002
2024-09-20 10:45:00,2.287454841,6.2904553
2024-09-20 11:00:00,2.396453399,6.249704
2024-09-20 11:15:00,2.273846114,6.185313
2024-09-20 11:30:00,1.192632806,6.3807797
2024-09-20 11:45:00,2.765345515,6.2526517
2024-09-20 12:00:00,4.848484654999999,6.2596455
2024-09-20 12:15:00,1.848932287,6.22638
2024-09-20 12:30:00,1.297026429,6.1873894
2024-09-20 12:45:00,2.376979087,6.2475753
2024-09-20 13:00:00,10.99152197,6.4054065
2024-09-20 13:15:00,7.050273478000001,6.4482603
2024-09-20 13:30:00,5.747756881999999,6.4214735
2024-09-20 13:45:00,6.398717394,6.416726
2024-09-20 14:00:00,6.274748225000001,6.394204
2024-09-20 14:15:00,2.195320176,6.346475
2024-09-20 14:30:00,7.416910444,6.286593
2024-09-20 14:45:00,10.220581,6.226477
2024-09-20 15:00:00,6.860154242,6.1666718
2024-09-20 15:15:00,10.29781694,6.072286
2024-09-20 15:30:00,2.586804096,6.0704236
2024-09-20 15:45:00,9.014975751,6.1782637
2024-09-20 16:00:00,8.240302242,6.257792
2024-09-20 16:15:00,7.689948055,6.224762
2024-09-20 16:30:00,7.065971795,6.201081
2024-09-20 16:45:00,2.459666567,6.2005415
2024-09-20 17:00:00,8.295042641,6.2433305
2024-09-20 17:15:00,5.127352129999999,6.311305
2024-09-20 17:30:00,1.757165551,6.293848
2024-09-20 17:45:00,3.25488629,6.3386455
2024-09-20 18:00:00,5.892795071,6.230003
2024-09-20 18:15:00,11.85964964,6.2404356
2024-09-20 18:30:00,5.44162307,6.21341
2024-09-20 18:45:00,2.608528411,6.281233
2024-09-20 19:00:00,9.76237002,6.3509207
2024-09-20 19:15:00,1.49352572,6.314553
2024-09-20 19:30:00,2.454662375,6.285852
2024-09-20 19:45:00,6.397692685,6.3667917
2024-09-20 20:00:00,2.184725599,6.5366426
2024-09-20 20:15:00,7.023900452,6.5457816
2024-09-20 20:30:00,2.812779923,6.5568404
2024-09-20 20:45:00,8.049645258,6.791827
2024-09-20 21:00:00,2.294071099,6.6898065
2024-09-20 21:15:00,9.739736545,6.711909
2024-09-20 21:30:00,8.349417954,6.662857
2024-09-20 21:45:00,11.33639369,6.6056185
2024-09-20 22:00:00,1.805147877,6.487247
2024-09-20 22:15:00,6.569474171,6.5501776
2024-09-20 22:30:00,8.521137926,6.7005744
2024-09-20 22:45:00,10.81553479,6.6310177
2024-09-20 23:00:00,6.031224097,6.4244976
2024-09-20 23:15:00,11.7784281,6.5324683
2024-09-20 23:30:00,2.359774452,6.594433
2024-09-20 23:45:00,5.629892726999999,6.6078467
2024-09-21 00:00:00,3.8384807829999996,6.6317997
2024-09-21 00:15:00,2.890797845,6.708819
2024-09-21 00:30:00,4.048278171,6.8414893
2024-09-21 00:45:00,8.341636392,7.0574713
2024-09-21 01:00:00,6.042122833,7.116968
2024-09-21 01:15:00,3.123724336,7.0398874
2024-09-21 01:30:00,1.493716112,6.9325547
2024-09-21 01:45:00,10.71814635,6.969502
2024-09-21 02:00:00,4.4786964099999995,6.6765566
2024-09-21 02:15:00,2.509876745,6.56769
2024-09-21 02:30:00,2.69971392,6.522059
2024-09-21 02:45:00,3.581172572,6.534029
2024-09-21 03:00:00,3.453027642,6.6001635
2024-09-21 03:15:00,4.100128420999999,6.707183
2024-09-21 03:30:00,3.380694412,6.807147
2024-09-21 03:45:00,5.872070414000001,6.802821
2024-09-21 04:00:00,8.922495651,6.9364767
2024-09-21 04:15:00,1.4802587530000002,6.889333
2024-09-21 04:30:00,3.2156439709999995,6.808816
2024-09-21 04:45:00,8.392857266,6.8327785
2024-09-21 05:00:00,2.766487137,6.743924
2024-09-21 05:15:00,9.141938252,6.708034
2024-09-21 05:30:00,6.369656511,6.5578566
2024-09-21 05:45:00,10.40363566,6.578934
2024-09-21 06:00:00,1.285442413,6.505465
2024-09-21 06:15:00,8.549834035,6.492542
2024-09-21 06:30:00,7.541629245999999,6.3174143
2024-09-21 06:45:00,5.852643551,6.196324
2024-09-21 07:00:00,2.608325454,6.010357
2024-09-21 07:15:00,3.5748496,5.918508
2024-09-21 07:30:00,8.983370074,6.08307
2024-09-21 07:45:00,2.753760463,6.1110086
2024-09-21 08:00:00,6.349668721,5.878215
2024-09-21 08:15:00,3.0965062920000004,5.945289
2024-09-21 08:30:00,6.587883662,6.0148616
2024-09-21 08:45:00,3.713681041,6.1735253
2024-09-21 09:00:00,4.80387864,6.2248397
2024-09-21 09:15:00,10.0001796,6.301623
2024-09-21 09:30:00,1.543818751,6.4232984
2024-09-21 09:45:00,10.60316385,6.4477873
2024-09-21 10:00:00,4.337236597999999,6.51622
2024-09-21 10:15:00,7.572443969999999,6.741736
2024-09-21 10:30:00,3.538154933,6.7561245
2024-09-21 10:45:00,4.877313314999999,6.630721
2024-09-21 11:00:00,5.63122266,6.6230974
2024-09-21 11:15:00,7.8962588049999995,6.503284
2024-09-21 11:30:00,9.77406916,6.440224
2024-09-21 11:45:00,10.229757,6.402525
2024-09-21 12:00:00,4.778996552,6.3443155
2024-09-21 12:15:00,2.012925976,6.2631426
2024-09-21 12:30:00,11.07089152,6.330486
2024-09-21 12:45:00,1.498070374,6.331794
2024-09-21 13:00:00,10.32599848,6.3950195
2024-09-21 13:15:00,1.426711377,6.323863
2024-09-21 13:30:00,11.34964754,6.292471
2024-09-21 13:45:00,1.201843991,6.094336
2024-09-21 14:00:00,1.35402801,6.2437997
2024-09-21 14:15:00,6.772142696,6.367091
2024-09-21 14:30:00,7.723341625,6.291928
2024-09-21 14:45:00,4.490759223,6.2999263
2024-09-21 15:00:00,7.300672088999999,6.3910475
2024-09-21 15:15:00,10.12941096,6.40552
2024-09-21 15:30:00,9.320782647,6.4819536
2024-09-21 15:45:00,10.32565065,6.3627324
2024-09-21 16:00:00,2.9004419199999996,6.2647424
2024-09-21 16:15:00,3.437187972,6.474942
2024-09-21 16:30:00,7.314778749,6.655845
2024-09-21 16:45:00,8.848475026,6.5604186
2024-09-21 17:00:00,2.249472582,6.472348
2024-09-21 17:15:00,3.036574229,6.6136327
2024-09-21 17:30:00,10.39879876,6.60824
2024-09-21 17:45:00,1.4539947330000003,6.532581
2024-09-21 18:00:00,5.369702589,6.552601
2024-09-21 18:15:00,3.359231995,6.6146693
2024-09-21 18:30:00,8.743521681,6.510514
2024-09-21 18:45:00,10.3062516,6.499741
2024-09-21 19:00:00,3.501628249,6.4186687
2024-09-21 19:15:00,6.925489929,6.653392
2024-09-21 19:30:00,9.472972594,6.7240124
2024-09-21 19:45:00,7.444750134,6.797171
2024-09-21 20:00:00,7.729750126,6.835724
2024-09-21 20:15:00,5.540351571,6.9322414
2024-09-21 20:30:00,8.349667771,7.0101542
2024-09-21 20:45:00,10.8560093,7.094952
2024-09-21 21:00:00,4.036890146999999,6.9814997
2024-09-21 21:15:00,3.147090116,7.0494275
2024-09-21 21:30:00,11.14412609,7.1324344
2024-09-21 21:45:00,1.83233833,7.014332
2024-09-21 22:00:00,10.45931105,7.1313033
2024-09-21 22:15:00,10.0202364,6.9069786
2024-09-21 22:30:00,3.60006442,6.641119
2024-09-21 22:45:00,5.584194011,6.8447514
2024-09-21 23:00:00,2.303013132,6.9489765
2024-09-21 23:15:00,4.872864770999999,7.0077786
2024-09-21 23:30:00,6.245071126,6.9253483
2024-09-21 23:45:00,6.386684566999999,7.0056324
2024-09-22 00:00:00,2.46267431,7.160312
2024-09-22 00:15:00,5.283469215,7.3367777
2024-09-22 00:30:00,7.494139092,7.4727225
2024-09-22 00:45:00,5.716915615,7.40338
2024-09-22 01:00:00,10.12855206,7.3459854
2024-09-22 01:15:00,11.13842802,7.1955247
2024-09-22 01:30:00,10.00509651,7.041349
2024-09-22 01:45:00,1.6720873440000001,6.946296
2024-09-22 02:00:00,3.619958768,6.921215
2024-09-22 02:15:00,2.04812111,6.8585916
2024-09-22 02:30:00,5.592245591999999,7.019683
2024-09-22 02:45:00,8.327051956,7.112931
2024-09-22 03:00:00,1.389117805,7.1527953
2024-09-22 03:15:00,4.162504035,7.2206607
2024-09-22 03:30:00,2.10024263,7.371992
2024-09-22 03:45:00,5.271604953999999,7.302501
2024-09-22 04:00:00,11.33536629,7.3552732
2024-09-22 04:15:00,5.407558831999999,7.4539075
2024-09-22 04:30:00,7.963230553,7.5169926
2024-09-22 04:45:00,5.190332094,7.395487
2024-09-22 05:00:00,8.421321119,7.280435
2024-09-22 05:15:00,9.053948837,7.1089516
2024-09-22 05:30:00,2.599567803,7.0892086
2024-09-22 05:45:00,8.060539886,7.096024
2024-09-22 06:00:00,5.083496614999999,6.904365
2024-09-22 06:15:00,9.538371414,6.8768115
2024-09-22 06:30:00,2.841250608,6.836927
2024-09-22 06:45:00,9.578214349,6.7500463
2024-09-22 07:00:00,6.23767459,6.524425
2024-09-22 07:15:00,3.9060544729999997,6.463897
2024-09-22 07:30:00,4.667311567999999,6.581704
2024-09-22 07:45:00,1.139805843,6.468028
2024-09-22 08:00:00,10.80788333,6.5721645
2024-09-22 08:15:00,3.439543646,6.434576
2024-09-22 08:30:00,10.42836959,6.592129
2024-09-22 08:45:00,9.945321194,6.4294305
2024-09-22 09:00:00,4.928148745,6.273593
2024-09-22 09:15:00,3.4769957090000005,6.287674
2024-09-22 09:30:00,5.668966715999999,6.371266
2024-09-22 09:45:00,11.23186704,6.280871
2024-09-22 10:00:00,10.00560544,6.25689
2024-09-22 10:15:00,6.067239222,6.349021
2024-09-22 10:30:00,6.559610955,6.282821
2024-09-22 10:45:00,5.586255383,6.3695555
2024-09-22 11:00:00,11.29480123,6.5962505
2024-09-22 11:15:00,11.23581642,6.528802
2024-09-22 11:30:00,3.9393326999999996,6.508768
2024-09-22 11:45:00,11.2235261,6.332577
2024-09-22 12:00:00,11.71701213,6.158723
2024-09-22 12:15:00,6.164476017999999,6.1684265
2024-09-22 12:30:00,5.290080499,6.383644
2024-09-22 12:45:00,9.984259672,6.4309254
2024-09-22 13:00:00,11.13129468,6.3771424
2024-09-22 13:15:00,5.362413381,6.276214
2024-09-22 13:30:00,6.389434113,6.3489475
2024-09-22 13:45:00,4.711793039,6.312293
2024-09-22 14:00:00,3.2452238810000003,6.2521353
2024-09-22 14:15:00,11.822159950000001,6.65589
2024-09-22 14:30:00,2.8953315550000003,6.3922544
2024-09-22 14:45:00,9.793418205,6.7358556
2024-09-22 15:00:00,5.275180508999999,6.551105
2024-09-22 15:15:00,1.860129223,6.6895013
2024-09-22 15:30:00,4.575620467,6.846297
2024-09-22 15:45:00,1.989741475,6.6467834
2024-09-22 16:00:00,11.65808314,6.7311544
2024-09-22 16:15:00,3.681168829,6.5512333
2024-09-22 16:30:00,8.757194707,6.738536
2024-09-22 16:45:00,5.612426358,6.6901226
2024-09-22 17:00:00,8.327867487,6.698587
2024-09-22 17:15:00,3.798921558,6.7039547
2024-09-22 17:30:00,2.085737671,6.9881835
2024-09-22 17:45:00,9.837637428,6.9759274
2024-09-22 18:00:00,8.430379532,6.8072023
2024-09-22 18:15:00,2.233719632,6.8134212
2024-09-22 18:30:00,8.337243105,7.00475
2024-09-22 18:45:00,7.787315829,6.832115
2024-09-22 19:00:00,2.873416545,6.6890583
2024-09-22 19:15:00,9.668892378,6.873519
2024-09-22 19:30:00,8.753320365,6.7134275
2024-09-22 19:45:00,6.331834634,6.6508365
2024-09-22 20:00:00,3.209165589,6.81611
2024-09-22 20:15:00,6.678957508,7.03659
2024-09-22 20:30:00,2.932545617,6.9860153
2024-09-22 20:45:00,3.0524318860000004,7.093282
2024-09-22 21:00:00,3.7492018660000004,7.185329
2024-09-22 21:15:00,7.653658214999999,7.1104407
2024-09-22 21:30:00,8.136017946,6.997803
2024-09-22 21:45:00,1.985769063,6.995219
2024-09-22 22:00:00,7.636048206,7.121161
2024-09-22 22:15:00,1.48273832,6.963255
2024-09-22 22:30:00,10.4969017,6.983012
2024-09-22 22:45:00,9.35826346,6.8732924
2024-09-22 23:00:00,9.125032509,6.6888695
2024-09-22 23:15:00,3.858294975,6.4280677
2024-09-22 23:30:00,11.36106427,6.4303718
2024-09-22 23:45:00,11.682291149999998,6.2787094
2024-09-23 00:00:00,6.467872589,6.242425
2024-09-23 00:15:00,1.526471769,6.0989594
2024-09-23 00:30:00,6.838103688,6.1802235
2024-09-23 00:45:00,2.74679756,6.2953863
2024-09-23 01:00:00,7.18171968,6.4112663
2024-09-23 01:15:00,11.28176036,6.4437037
2024-09-23 01:30:00,9.000978296,6.51558
2024-09-23 01:45:00,4.421156555,6.5648894
2024-09-23 02:00:00,5.1572124089999996,6.6193156
2024-09-23 02:15:00,10.97280106,6.7815514
2024-09-23 02:30:00,2.351226116,6.5743527
2024-09-23 02:45:00,10.23029869,6.752242
2024-09-23 03:00:00,2.020007393,6.400759
2024-09-23 03:15:00,5.612589816,6.459207
2024-09-23 03:30:00,9.172498755,6.6233997
2024-09-23 03:45:00,5.532756756999999,6.6597786
2024-09-23 04:00:00,7.168001539,6.9482336
2024-09-23 04:15:00,5.835244791,6.983323
2024-09-23 04:30:00,6.828235021,7.1329246
2024-09-23 04:45:00,3.000217259,7.098041
2024-09-23 05:00:00,7.166742106000001,7.0746803
2024-09-23 05:15:00,10.89758921,7.0266447
2024-09-23 05:30:00,3.125600912,6.8096976
2024-09-23 05:45:00,1.8659990139999998,6.89558
2024-09-23 06:00:00,5.2814903079999995,7.033515
2024-09-23 06:15:00,5.355593436,6.9428077
2024-09-23 06:30:00,2.53900143,6.8543086
2024-09-23 06:45:00,6.886090607,6.9191136
2024-09-23 07:00:00,5.81388327,7.0688705
2024-09-23 07:15:00,9.518415511,7.2170777
2024-09-23 07:30:00,5.756994374,7.093977
2024-09-23 07:45:00,11.20144728,7.0923753
2024-09-23 08:00:00,8.545733077,6.842393
2024-09-23 08:15:00,6.179242794000001,6.6492305
2024-09-23 08:30:00,6.800209939,6.6186485
2024-09-23 08:45:00,10.07920546,6.558316
2024-09-23 09:00:00,8.808023939,6.569139
2024-09-23 09:15:00,7.757595178999999,6.5945864
2024-09-23 09:30:00,4.044990935,6.5771937
2024-09-23 09:45:00,5.3332428919999995,6.699804
2024-09-23 10:00:00,8.739891773,6.9023585
2024-09-23 10:15:00,7.310709543,6.7468367
2024-09-23 10:30:00,11.55762754,6.6295757
2024-09-23 10:45:00,10.37094255,6.607124
2024-09-23 11:00:00,5.442516891,6.5582714
2024-09-23 11:15:00,4.065314703,6.5829763
2024-09-23 11:30:00,2.418921466,6.5392237
2024-09-23 11:45:00,5.573968844,6.5745397
2024-09-23 12:00:00,3.527444133,6.5258446
2024-09-23 12:15:00,1.271977335,6.6236286
2024-09-23 12:30:00,2.572604878,6.5323834
2024-09-23 12:45:00,5.621803942999999,6.598994
2024-09-23 13:00:00,10.09486967,6.487608
2024-09-23 13:15:00,4.412160321,6.236366
2024-09-23 13:30:00,5.812722330999999,6.1788163
2024-09-23 13:45:00,5.136152702,6.1502247
2024-09-23 14:00:00,4.813859762,6.2147985
2024-09-23 14:15:00,9.249602945,6.1366205
2024-09-23 14:30:00,6.719713453999999,5.949733
2024-09-23 14:45:00,5.26141484,6.061766
2024-09-23 15:00:00,10.6296999,6.0634274
2024-09-23 15:15:00,4.04614246,6.058371
2024-09-23 15:30:00,10.06846018,6.2872047
2024-09-23 15:45:00,6.198739462,6.163816
2024-09-23 16:00:00,5.641068092,6.1799974
2024-09-23 16:15:00,1.894381066,6.1810284
2024-09-23 16:30:00,10.7252418,6.4696846
2024-09-23 16:45:00,4.098410512,6.2591906
2024-09-23 17:00:00,7.898685274,6.4137325
2024-09-23 17:15:00,10.78276038,6.280452
2024-09-23 17:30:00,6.602256093,6.1615696
2024-09-23 17:45:00,7.700629697,6.141966
2024-09-23 18:00:00,4.734768211,6.172376
2024-09-23 18:15:00,8.21324762,6.2206564
2024-09-23 18:30:00,8.538304493,6.0351133
2024-09-23 18:45:00,5.579343120999999,5.996629
2024-09-23 19:00:00,8.111721718,6.0496845
2024-09-23 19:15:00,3.981795573,6.096226
2024-09-23 19:30:00,7.834040439,6.2882147
2024-09-23 19:45:00,8.110833271,6.2977624
2024-09-23 20:00:00,5.827515184,6.3745513
2024-09-23 20:15:00,3.7632708459999997,6.436164
2024-09-23 20:30:00,8.96087879,6.4067917
2024-09-23 20:45:00,9.238219723,6.2450843
2024-09-23 21:00:00,1.6913443989999999,6.158805
2024-09-23 21:15:00,6.492869334,6.035872
2024-09-23 21:30:00,2.131297896,5.904008
2024-09-23 21:45:00,4.491928399999999,5.904982
2024-09-23 22:00:00,5.201430799,5.8657327
2024-09-23 22:15:00,3.0111151540000005,5.886976
2024-09-23 22:30:00,6.130593343,5.9087777
2024-09-23 22:45:00,8.268198054,5.9100647
2024-09-23 23:00:00,5.605171012,6.081873
2024-09-23 23:15:00,3.612332713,6.155131
2024-09-23 23:30:00,5.389420544999999,6.277145
2024-09-23 23:45:00,6.975294350999999,6.198362
2024-09-24 00:00:00,11.19134157,6.352783
2024-09-24 00:15:00,6.033842857999999,6.2228656
2024-09-24 00:30:00,10.25405152,6.2548532
2024-09-24 00:45:00,11.02682313,6.1201305
2024-09-24 01:00:00,7.156506627000001,5.9121766
2024-09-24 01:15:00,2.702104406,5.679397
2024-09-24 01:30:00,9.783226168,5.6761446
2024-09-24 01:45:00,10.01342498,5.6830306
2024-09-24 02:00:00,10.56625918,5.649499
2024-09-24 02:15:00,10.94149269,5.6794524
2024-09-24 02:30:00,4.112394908999999,5.696055
2024-09-24 02:45:00,4.47754313,5.8122706
2024-09-24 03:00:00,7.844504632,5.8799486
2024-09-24 03:15:00,6.962337319,5.677961
2024-09-24 03:30:00,9.626501074,5.5239267
2024-09-24 03:45:00,3.767462056,5.4168916
2024-09-24 04:00:00,8.307951528,5.650854
2024-09-24 04:15:00,10.77645669,5.7681246
2024-09-24 04:30:00,3.516029679,5.8138504
2024-09-24 04:45:00,4.340570809,5.8884487
2024-09-24 05:00:00,5.406318507,5.976305
2024-09-24 05:15:00,2.073705357,5.968334
2024-09-24 05:30:00,2.9209446280000004,6.121269
2024-09-24 05:45:00,5.279912195999999,6.087534
2024-09-24 06:00:00,1.792135221,6.032112
2024-09-24 06:15:00,5.035623809999999,6.1186147
2024-09-24 06:30:00,3.755586475,6.2847843
2024-09-24 06:45:00,10.06098585,6.499181
2024-09-24 07:00:00,7.690058433999999,6.37267
2024-09-24 07:15:00,10.82764628,6.457741
2024-09-24 07:30:00,3.177192899,6.2663255
2024-09-24 07:45:00,2.070308121,6.2332277
2024-09-24 08:00:00,4.5940692379999994,5.968637
2024-09-24 08:15:00,1.7939087829999998,5.939573
2024-09-24 08:30:00,10.60584395,5.951326
2024-09-24 08:45:00,3.1464387100000004,5.8606963
2024-09-24 09:00:00,2.664835024,5.765577
2024-09-24 09:15:00,9.33066142,5.548863
2024-09-24 09:30:00,8.851100178,5.595772
2024-09-24 09:45:00,1.7207420799999997,5.6573653
2024-09-24 10:00:00,6.385465266,5.5115743
2024-09-24 10:15:00,5.760423915,5.591463
2024-09-24 10:30:00,5.313155004,5.8361697
2024-09-24 10:45:00,2.380486542,5.71576
2024-09-24 11:00:00,9.227325051,5.713567
2024-09-24 11:15:00,3.699146756,5.8886323
2024-09-24 11:30:00,6.193558958,5.934147
2024-09-24 11:45:00,10.697104,6.0164924
2024-09-24 12:00:00,4.222201565,6.065949
2024-09-24 12:15:00,1.490547364,6.1126027
2024-09-24 12:30:00,10.37389131,6.0770774
2024-09-24 12:45:00,6.078151751000001,5.9864564
2024-09-24 13:00:00,6.372240206000001,5.9906354
2024-09-24 13:15:00,6.884518368,5.8700905
2024-09-24 13:30:00,2.819508659,6.019153
2024-09-24 13:45:00,8.982522518,5.8759456
2024-09-24 14:00:00,3.567900683,5.9227905
2024-09-24 14:15:00,4.354264798999999,5.981446
2024-09-24 14:30:00,7.445873402,5.9231405
2024-09-24 14:45:00,8.751241112,6.129293
2024-09-24 15:00:00,8.718192744,6.106309
2024-09-24 15:15:00,1.988528274,5.9399796
2024-09-24 15:30:00,8.978487553,6.0272107
2024-09-24 15:45:00,8.549295734,6.1478877
2024-09-24 16:00:00,7.10244709,6.087247
2024-09-24 16:15:00,10.75598473,6.0993223
2024-09-24 16:30:00,4.682841195,6.0365644
2024-09-24 16:45:00,8.418285723,6.1681733
2024-09-24 17:00:00,7.060530217000001,6.124836
2024-09-24 17:15:00,5.204428643,6.2323403
2024-09-24 17:30:00,9.015548809,6.224944
2024-09-24 17:45:00,5.471857331999999,6.0372868
2024-09-24 18:00:00,7.052160953,6.241077
2024-09-24 18:15:00,7.094088788,6.1735153
2024-09-24 18:30:00,6.336761053999999,6.0246572
2024-09-24 18:45:00,5.815258541,6.0909667
2024-09-24 19:00:00,2.734069832,6.1532226
2024-09-24 19:15:00,3.557660168,6.2439404
2024-09-24 19:30:00,2.506444434,6.2091136
2024-09-24 19:45:00,8.253858525,6.2225633
2024-09-24 20:00:00,8.274777497,6.161475
2024-09-24 20:15:00,7.792312867,6.244802
2024-09-24 20:30:00,10.64212228,6.373202
2024-09-24 20:45:00,3.9093000010000005,6.1462135
2024-09-24 21:00:00,9.822026252,6.1576896
2024-09-24 21:15:00,3.0799283459999995,6.10176
2024-09-24 21:30:00,1.951897922,6.266495
2024-09-24 21:45:00,1.130909758,6.2742925
2024-09-24 22:00:00,7.061719875,6.372475
2024-09-24 22:15:00,8.879391104,6.1863832
2024-09-24 22:30:00,9.751653533,6.173744
2024-09-24 22:45:00,6.272779905,6.096363
2024-09-24 23:00:00,1.712793822,6.090948
2024-09-24 23:15:00,1.575211265,6.077919
2024-09-24 23:30:00,10.82583288,6.1242895
2024-09-24 23:45:00,2.051759358,6.15009
2024-09-25 00:00:00,9.588294294,6.1073613
2024-09-25 00:15:00,1.831134001,6.113841
2024-09-25 00:30:00,2.9670020420000003,6.3690033
2024-09-25 00:45:00,3.056545361,6.085358
2024-09-25 01:00:00,3.837999068,6.1253853
2024-09-25 01:15:00,5.590994782999999,6.0828724
2024-09-25 01:30:00,2.463357469,6.1005917
2024-09-25 01:45:00,11.633884440000001,6.0433164
2024-09-25 02:00:00,1.234377908,6.0149508
2024-09-25 02:15:00,9.178821718,5.9980435
2024-09-25 02:30:00,6.665249902000001,6.1022854
2024-09-25 02:45:00,2.082076216,6.288561
2024-09-25 03:00:00,2.258943573,6.080953
2024-09-25 03:15:00,7.109439801,5.9794207
2024-09-25 03:30:00,4.382580021,6.047388
2024-09-25 03:45:00,5.598306219,5.974565
2024-09-25 04:00:00,6.653326289999999,5.954009
2024-09-25 04:15:00,7.182412326000001,6.0051594
2024-09-25 04:30:00,7.114362745,6.0434003
2024-09-25 04:45:00,1.852011953,6.1281867
2024-09-25 05:00:00,9.322493259,6.1518865
2024-09-25 05:15:00,4.207548351,6.135169
2024-09-25 05:30:00,2.323053684,6.1086416
2024-09-25 05:45:00,2.164327844,5.9287615
2024-09-25 06:00:00,3.425079575,5.8823657
2024-09-25 06:15:00,7.648621919,5.878164
2024-09-25 06:30:00,5.641395884,5.870191
2024-09-25 06:45:00,2.408705351,5.9731054
2024-09-25 07:00:00,1.561382069,5.958698
2024-09-25 07:15:00,1.406814326,5.8823094
2024-09-25 07:30:00,5.195086046999999,5.8191967
2024-09-25 07:45:00,9.131872408,5.856856
2024-09-25 08:00:00,7.122516526,5.754475
2024-09-25 08:15:00,9.468863341,5.823267
2024-09-25 08:30:00,4.669283072,5.8760457
2024-09-25 08:45:00,2.534630444,5.7891264
2024-09-25 09:00:00,10.41665396,5.615857
2024-09-25 09:15:00,8.771800277,5.8240886
2024-09-25 09:30:00,7.208775205,5.803644
2024-09-25 09:45:00,10.39943239,5.7132463
2024-09-25 10:00:00,8.109312103,5.8462043
2024-09-25 10:15:00,6.26256085,5.863827
2024-09-25 10:30:00,6.130626849,5.7134266
2024-09-25 10:45:00,7.107803053,5.80683
2024-09-25 11:00:00,6.149101646000001,5.781301
2024-09-25 11:15:00,4.157579812999999,5.7529144
2024-09-25 11:30:00,11.13923748,5.8436036
2024-09-25 11:45:00,10.55754051,5.6906505
2024-09-25 12:00:00,2.893940604,5.8614326
2024-09-25 12:15:00,6.219531496,5.781753
2024-09-25 12:30:00,9.666408907,5.7877784
2024-09-25 12:45:00,1.797531985,5.8165274
2024-09-25 13:00:00,2.406971179,5.941635
2024-09-25 13:15:00,6.813397455,6.0970025
2024-09-25 13:30:00,1.454001061,6.217372
2024-09-25 13:45:00,10.24638013,6.3568754
2024-09-25 14:00:00,10.10262595,6.2108564
2024-09-25 14:15:00,9.368039414,6.4362264
2024-09-25 14:30:00,9.356691344,6.3571334
2024-09-25 14:45:00,8.018592107,6.368103
2024-09-25 15:00:00,2.737704968,6.212319
2024-09-25 15:15:00,1.391612458,6.3850107
2024-09-25 15:30:00,9.604099002,6.736078
2024-09-25 15:45:00,8.523847862,6.572514
2024-09-25 16:00:00,5.063639482,6.55369
2024-09-25 16:15:00,9.247815879,6.612471
2024-09-25 16:30:00,1.747296383,6.370073
2024-09-25 16:45:00,4.542590702999999,6.4922876
2024-09-25 17:00:00,4.96375719,6.517716
2024-09-25 17:15:00,2.112927689,6.495254
2024-09-25 17:30:00,8.939289957,6.519946
2024-09-25 17:45:00,9.209073539,6.563385
2024-09-25 18:00:00,6.754530793999999,6.5597043
2024-09-25 18:15:00,5.545631629999999,6.5133333
2024-09-25 18:30:00,7.319582261,6.4412565
2024-09-25 18:45:00,9.999432816,6.400776
2024-09-25 19:00:00,4.840223078999999,6.235926
2024-09-25 19:15:00,4.65336511,6.392537
2024-09-25 19:30:00,7.763377768,6.487137
2024-09-25 19:45:00,8.442027247,6.6860013
2024-09-25 20:00:00,5.990735651,6.664769
2024-09-25 20:15:00,9.630669732,6.7626276
2024-09-25 20:30:00,5.109364674999999,6.8003316
2024-09-25 20:45:00,8.131888229,6.7883754
2024-09-25 21:00:00,8.05602531,6.8241324
2024-09-25 21:15:00,4.293132224999999,6.8438816
2024-09-25 21:30:00,1.338005309,6.8350477
2024-09-25 21:45:00,9.927904796,6.926418
2024-09-25 22:00:00,6.153784591000001,6.8213067
2024-09-25 22:15:00,2.270489072,6.8829603
2024-09-25 22:30:00,12.00471619,6.9127755
2024-09-25 22:45:00,4.380580513,6.7328897
2024-09-25 23:00:00,6.155949666999999,6.693609
2024-09-25 23:15:00,6.251715305,6.5614486
2024-09-25 23:30:00,5.070987766999999,6.565244
2024-09-25 23:45:00,2.81316928,6.270481
2024-09-26 00:00:00,8.629537884,6.204807
2024-09-26 00:15:00,2.929213242,6.316769
2024-09-26 00:30:00,8.914634887,6.49335
2024-09-26 00:45:00,9.503260979,6.4400764
2024-09-26 01:00:00,1.422952348,6.3539844
2024-09-26 01:15:00,9.459927784,6.5225043
2024-09-26 01:30:00,7.530663695,6.6049285
2024-09-26 01:45:00,3.217917005,6.782236
2024-09-26 02:00:00,7.653826873,6.673185
2024-09-26 02:15:00,5.349019063999999,6.580376
2024-09-26 02:30:00,1.997722823,6.450554
2024-09-26 02:45:00,6.470626374,6.4427485
2024-09-26 03:00:00,11.25873137,6.444316
2024-09-26 03:15:00,7.767671083999999,6.5005636
2024-09-26 03:30:00,4.696177138999999,6.3900805
2024-09-26 03:45:00,6.9618121,6.254005
2024-09-26 04:00:00,8.682962465,6.268075
2024-09-26 04:15:00,2.844073715,6.1719804
2024-09-26 04:30:00,6.459626621,6.146183
2024-09-26 04:45:00,6.370429288,6.1917553
2024-09-26 05:00:00,5.370035963,6.088883
2024-09-26 05:15:00,8.884835093,5.9631824
2024-09-26 05:30:00,7.080079153000001,5.993706
2024-09-26 05:45:00,8.228754045,6.104014
2024-09-26 06:00:00,7.35465316,6.169038
2024-09-26 06:15:00,9.308425193,6.260297
2024-09-26 06:30:00,7.981479160999999,6.0346155
2024-09-26 06:45:00,8.350991506,6.1283684
2024-09-26 07:00:00,3.529118535,5.9606147
2024-09-26 07:15:00,9.883531338,6.101819
2024-09-26 07:30:00,2.796197653,6.077678
2024-09-26 07:45:00,4.644060981999999,6.1297016
2024-09-26 08:00:00,10.22548035,6.196674
2024-09-26 08:15:00,2.333794862,6.019732
2024-09-26 08:30:00,9.934553728,5.955843
2024-09-26 08:45:00,6.236190341,5.859381
2024-09-26 09:00:00,2.986693451,6.0180836
2024-09-26 09:15:00,8.852076296,5.9968004
2024-09-26 09:30:00,4.085640833,6.0230055
2024-09-26 09:45:00,8.688399112,6.20085
2024-09-26 10:00:00,9.803431969,6.1198134
2024-09-26 10:15:00,7.113453856999999,6.329887
2024-09-26 10:30:00,8.912243624,6.3305516
2024-09-26 10:45:00,10.14582877,6.2668643
2024-09-26 11:00:00,6.593621185,6.1765747
2024-09-26 11:15:00,2.807767646,6.1733637
2024-09-26 11:30:00,8.143359135,6.315404
2024-09-26 11:45:00,5.651887906,6.532017
2024-09-26 12:00:00,6.361767601,6.672515
2024-09-26 12:15:00,7.368746121,6.577369
2024-09-26 12:30:00,8.580079601,6.5164595
2024-09-26 12:45:00,7.5488377149999994,6.2380333
2024-09-26 13:00:00,3.6453776420000006,6.130806
2024-09-26 13:15:00,8.291858612,6.098597
2024-09-26 13:30:00,8.788912373,6.0655694
2024-09-26 13:45:00,1.573934586,5.954119
2024-09-26 14:00:00,4.357125425999999,6.1866355
2024-09-26 14:15:00,10.97857481,6.4596176
2024-09-26 14:30:00,3.0276634069999995,6.2913465
2024-09-26 14:45:00,3.02382285,6.543801
2024-09-26 15:00:00,6.948272279,6.5825815
2024-09-26 15:15:00,5.102301696,6.61713
2024-09-26 15:30:00,7.996304800000001,6.4999537
2024-09-26 15:45:00,3.8937754289999997,6.4130025
2024-09-26 16:00:00,5.145690246,6.5425177
2024-09-26 16:15:00,11.02928512,6.518795
2024-09-26 16:30:00,5.240082354,6.327869
2024-09-26 16:45:00,2.204729587,6.3480453
2024-09-26 17:00:00,8.601335573,6.359553
2024-09-26 17:15:00,6.876275769,6.389651
2024-09-26 17:30:00,6.110343426999999,6.3235993
2024-09-26 17:45:00,10.30067143,6.2060194
2024-09-26 18:00:00,2.622882501,6.1238713
2024-09-26 18:15:00,6.507221882,6.262537
2024-09-26 18:30:00,2.998689992,6.273069
2024-09-26 18:45:00,2.05947702,6.4337106
2024-09-26 19:00:00,5.777414229,6.340194
2024-09-26 19:15:00,11.06316125,6.275206
2024-09-26 19:30:00,8.32412198,6.0764914
2024-09-26 19:45:00,3.6803018629999995,6.1283073
2024-09-26 20:00:00,6.050104914000001,6.0129023
2024-09-26 20:15:00,9.585280294,6.015783
2024-09-26 20:30:00,3.1505115519999998,5.9447327
2024-09-26 20:45:00,3.140584683,5.885805
2024-09-26 21:00:00,3.263161543,5.9938836
2024-09-26 21:15:00,7.442359342,6.175787
2024-09-26 21:30:00,1.492345725,5.9075413
2024-09-26 21:45:00,7.212791166999999,5.9271545
2024-09-26 22:00:00,9.688152875,6.01882
2024-09-26 22:15:00,9.247567803,6.1853027
2024-09-26 22:30:00,8.370885145,6.1512003
2024-09-26 22:45:00,3.3386781170000006,6.1680703
2024-09-26 23:00:00,10.11301712,6.127708
2024-09-26 23:15:00,11.04733825,6.1428814
2024-09-26 23:30:00,3.2255996519999997,6.1186733
2024-09-26 23:45:00,10.00153211,6.1466913
2024-09-27 00:00:00,10.21098715,6.1981096
2024-09-27 00:15:00,11.03689221,6.110156
2024-09-27 00:30:00,4.360398563999999,6.1089272
2024-09-27 00:45:00,11.08171267,6.2956147
2024-09-27 01:00:00,2.9579122840000003,6.0186954
2024-09-27 01:15:00,2.864832029,6.301657
2024-09-27 01:30:00,2.39204918,6.329066
2024-09-27 01:45:00,5.743649424999999,6.2944827
2024-09-27 02:00:00,1.314253186,6.0312276
2024-09-27 02:15:00,4.954304236,6.238257
2024-09-27 02:30:00,7.587325205,6.206214
2024-09-27 02:45:00,1.958063474,6.1842585
2024-09-27 03:00:00,9.47510696,6.196457
2024-09-27 03:15:00,4.3604809939999996,6.171822
2024-09-27 03:30:00,1.791009849,6.4024963
2024-09-27 03:45:00,4.848940112,6.2901106
2024-09-27 04:00:00,2.594336913,6.499554
2024-09-27 04:15:00,8.826724139,6.505977
2024-09-27 04:30:00,4.513024023,6.436127
2024-09-27 04:45:00,2.361033802,6.5503244
2024-09-27 05:00:00,5.488182336999999,6.5045624
2024-09-27 05:15:00,5.8130314,6.5758038
2024-09-27 05:30:00,4.127274654,6.53122
2024-09-27 05:45:00,4.464214789999999,6.325861
2024-09-27 06:00:00,8.994733802,6.3300643
2024-09-27 06:15:00,7.766630842,6.39541
2024-09-27 06:30:00,3.266271631,6.2478786
2024-09-27 06:45:00,11.0976052,6.193183
2024-09-27 07:00:00,4.391956573,6.1500854
2024-09-27 07:15:00,6.423875203,6.1731453
2024-09-27 07:30:00,6.995712678,6.0079637
2024-09-27 07:45:00,3.203160439,6.057483
2024-09-27 08:00:00,4.249298600999999,6.1343017
2024-09-27 08:15:00,5.7971591689999995,6.2079387
2024-09-27 08:30:00,3.799372463,6.3085337
2024-09-27 08:45:00,4.287885669999999,6.3788776
2024-09-27 09:00:00,7.205208908000001,6.389642
2024-09-27 09:15:00,8.960465761,6.1195564
2024-09-27 09:30:00,9.031180383,5.972727
2024-09-27 09:45:00,2.334062613,6.008137
2024-09-27 10:00:00,8.79059922,5.8852406
2024-09-27 10:15:00,10.92793163,5.8636928
2024-09-27 10:30:00,7.3146037349999995,5.8762803
2024-09-27 10:45:00,7.2899058750000005,5.8812056
2024-09-27 11:00:00,10.79636156,5.9210935
2024-09-27 11:15:00,10.65157089,5.957679
2024-09-27 11:30:00,6.738596106000001,5.7460084
2024-09-27 11:45:00,8.891838626,5.9977527
2024-09-27 12:00:00,3.102912807,5.9429903
2024-09-27 12:15:00,5.4919386139999995,5.9560785
2024-09-27 12:30:00,8.711891976,5.7878838
2024-09-27 12:45:00,4.517907916999999,5.848527
2024-09-27 13:00:00,5.628012982,5.9073114
2024-09-27 13:15:00,2.852382018,5.914536
2024-09-27 13:30:00,10.40323559,6.1574817
2024-09-27 13:45:00,10.90783794,6.052847
2024-09-27 14:00:00,6.438445573999999,5.984693
2024-09-27 14:15:00,3.234236954,6.1254177
2024-09-27 14:30:00,8.009480547,6.3467083
2024-09-27 14:45:00,3.2975092700000004,6.155581
2024-09-27 15:00:00,3.48614298,6.4389944
2024-09-27 15:15:00,10.5786371,6.467075
2024-09-27 15:30:00,2.215143711,6.5280905
2024-09-27 15:45:00,5.014438447999999,6.7328844
2024-09-27 16:00:00,6.682227186,6.716833
2024-09-27 16:15:00,2.321247664,6.8947444
2024-09-27 16:30:00,1.6455286290000002,6.7930875
2024-09-27 16:45:00,7.017903787999999,6.788503
2024-09-27 17:00:00,2.416209983,6.7657123
2024-09-27 17:15:00,3.787846795,6.721536
2024-09-27 17:30:00,6.167690796999999,6.7136173
2024-09-27 17:45:00,4.763988645,6.6842303
2024-09-27 18:00:00,8.237597864,6.675679
2024-09-27 18:15:00,11.37237484,6.399044
2024-09-27 18:30:00,8.569269955,6.27169
2024-09-27 18:45:00,10.713081,6.2266645
2024-09-27 19:00:00,5.112611644999999,6.1796384
2024-09-27 19:15:00,4.512131844,6.026348
2024-09-27 19:30:00,3.40950759,6.0160637
2024-09-27 19:45:00,10.08369013,6.227747
2024-09-27 20:00:00,4.974025497,6.10508
2024-09-27 20:15:00,8.429249068,6.317853
2024-09-27 20:30:00,8.64810317,6.215115
2024-09-27 20:45:00,1.666382511,6.2614303
2024-09-27 21:00:00,10.49071246,6.3563647
2024-09-27 21:15:00,6.452893102,6.192448
2024-09-27 21:30:00,3.5138435400000003,6.317288
2024-09-27 21:45:00,11.31033874,6.3374505
2024-09-27 22:00:00,9.01286823,6.259058
2024-09-27 22:15:00,7.080714873,6.223835
2024-09-27 22:30:00,10.83164528,6.1667786
2024-09-27 22:45:00,9.213368048,6.089934
2024-09-27 23:00:00,2.54305741,6.15628
2024-09-27 23:15:00,11.55309159,6.0974174
2024-09-27 23:30:00,6.846921927000001,6.070847
2024-09-27 23:45:00,4.219627918,6.3368187
2024-09-28 00:00:00,9.129471699,6.475923
2024-09-28 00:15:00,1.625380346,6.5193973
2024-09-28 00:30:00,7.441566172,6.720667
2024-09-28 00:45:00,2.7988072,6.6425595
2024-09-28 01:00:00,2.083108443,6.9217052
2024-09-28 01:15:00,4.777068346999999,6.7616196
2024-09-28 01:30:00,4.85591084,6.630179
2024-09-28 01:45:00,7.179605706000001,6.519875
2024-09-28 02:00:00,7.372931386,6.514179
2024-09-28 02:15:00,8.150624315,6.464554
2024-09-28 02:30:00,2.987893169,6.4883547
2024-09-28 02:45:00,9.70792977,6.6929
2024-09-28 03:00:00,9.358557725,6.5626645
2024-09-28 03:15:00,3.4772580630000003,6.554449
2024-09-28 03:30:00,5.887444355,6.4879217
2024-09-28 03:45:00,6.583252392000001,6.394734
2024-09-28 04:00:00,10.97782864,6.4785075
2024-09-28 04:15:00,11.17215065,6.2586193
2024-09-28 04:30:00,1.9016352919999997,6.2929215
2024-09-28 04:45:00,11.05659863,6.4464436
2024-09-28 05:00:00,1.8356171110000001,6.533679
2024-09-28 05:15:00,6.727596322,6.635627
2024-09-28 05:30:00,4.289154432999999,6.587555
2024-09-28 05:45:00,5.3656518,6.689528
2024-09-28 06:00:00,7.5883148579999995,6.490473
2024-09-28 06:15:00,7.489256560000001,6.52137
2024-09-28 06:30:00,2.956039659,6.4898286
2024-09-28 06:45:00,11.20483076,6.551685
2024-09-28 07:00:00,1.435850691,6.246527
2024-09-28 07:15:00,4.919562413,6.346215
2024-09-28 07:30:00,9.23418938,6.457048
2024-09-28 07:45:00,10.21310267,6.645551
2024-09-28 08:00:00,9.49863579,6.440685
2024-09-28 08:15:00,5.008419096,6.2569356
2024-09-28 08:30:00,7.950234507,6.3373027
2024-09-28 08:45:00,8.977545583,6.2993975
2024-09-28 09:00:00,7.278738069,6.349649
2024-09-28 09:15:00,8.261008292,6.4303207
2024-09-28 09:30:00,6.947171893,6.3382316
2024-09-28 09:45:00,1.84560612,6.2328596
2024-09-28 10:00:00,4.165081902,6.277613
2024-09-28 10:15:00,8.716406097,6.4067564
2024-09-28 10:30:00,3.716009853,6.5138564
2024-09-28 10:45:00,5.955508184,6.545997
2024-09-28 11:00:00,7.14852002,6.5124474
2024-09-28 11:15:00,8.317649417,6.6340218
2024-09-28 11:30:00,3.872071525,6.6385183
2024-09-28 11:45:00,7.172674113,6.4935412
2024-09-28 12:00:00,7.698922379,6.3761625
2024-09-28 12:15:00,9.734392515,6.3564243
2024-09-28 12:30:00,7.016859033,6.3084016
2024-09-28 12:45:00,4.172356272,6.3434625
2024-09-28 13:00:00,6.769713105,6.4295764
2024-09-28 13:15:00,2.312462402,6.245046
2024-09-28 13:30:00,7.694346565,6.3666525
2024-09-28 13:45:00,10.21650906,6.417937
2024-09-28 14:00:00,6.687200859999999,6.4068894
2024-09-28 14:15:00,4.28713812,6.430255
2024-09-28 14:30:00,5.237659281,6.460127
2024-09-28 14:45:00,10.73242646,6.469298
2024-09-28 15:00:00,9.470983371,6.232798
2024-09-28 15:15:00,9.562665744,6.22528
2024-09-28 15:30:00,6.820689870999999,6.1803894
2024-09-28 15:45:00,5.605712632,6.251251
2024-09-28 16:00:00,2.503174313,6.241976
2024-09-28 16:15:00,11.22544384,6.4345613
2024-09-28 16:30:00,3.008641372,6.2913485
2024-09-28 16:45:00,4.040861363,6.3102336
2024-09-28 17:00:00,8.920647303,6.2670207
2024-09-28 17:15:00,4.578043824999999,6.343127
2024-09-28 17:30:00,7.521883481,6.357355
2024-09-28 17:45:00,8.794025479,6.3375487
2024-09-28 18:00:00,7.276695165,6.3156757
2024-09-28 18:15:00,6.269846209,6.414421
2024-09-28 18:30:00,1.726313625,6.501072
2024-09-28 18:45:00,6.376588007,6.551918
2024-09-28 19:00:00,5.886111655999999,6.470329
2024-09-28 19:15:00,9.900565252,6.570192
2024-09-28 19:30:00,5.799435019,6.5432925
2024-09-28 19:45:00,7.499632274,6.55785
2024-09-28 20:00:00,9.474942546,6.5308743
2024-09-28 20:15:00,6.055260007,6.2795672
2024-09-28 20:30:00,3.719420509,6.2059417
2024-09-28 20:45:00,11.42627974,6.311981
2024-09-28 21:00:00,10.73102298,6.1968594
2024-09-28 21:15:00,10.24753465,6.1504035
2024-09-28 21:30:00,4.22529219,6.06708
2024-09-28 21:45:00,4.21667258,6.045316
2024-09-28 22:00:00,10.55033375,6.1955714
2024-09-28 22:15:00,2.535913523,6.081448
2024-09-28 22:30:00,7.7599858699999995,6.093472
2024-09-28 22:45:00,4.075442059,5.983756
2024-09-28 23:00:00,8.14883865,6.1308126
2024-09-28 23:15:00,10.03625269,6.0509977
2024-09-28 23:30:00,5.103738996999999,5.9747095
2024-09-28 23:45:00,2.691693359,6.2762523
2024-09-29 00:00:00,8.704249535,6.2568336
2024-09-29 00:15:00,1.744981114,6.289872
2024-09-29 00:30:00,1.303430803,6.192688
2024-09-29 00:45:00,10.00336755,5.993947
2024-09-29 01:00:00,9.471026869,5.9913883
2024-09-29 01:15:00,7.099558217,6.0282745
2024-09-29 01:30:00,7.925060697,6.2262692
2024-09-29 01:45:00,11.30718324,6.2605367
2024-09-29 02:00:00,1.833441491,6.231771
2024-09-29 02:15:00,3.351676874,6.3113465
2024-09-29 02:30:00,9.212792569,6.3499384
2024-09-29 02:45:00,3.818226961,6.173915
2024-09-29 03:00:00,3.3060541630000007,6.19623
2024-09-29 03:15:00,6.045864741000001,6.309344
2024-09-29 03:30:00,8.396226079,6.2518463
2024-09-29 03:45:00,3.418113519,6.2982874
2024-09-29 04:00:00,5.346480475999999,6.3738055
2024-09-29 04:15:00,6.533825578,6.4040246
2024-09-29 04:30:00,2.891231848,6.305491
2024-09-29 04:45:00,6.20276998,6.3364573
2024-09-29 05:00:00,9.930815053,6.3069124
2024-09-29 05:15:00,8.723044808,6.227813
2024-09-29 05:30:00,6.157054658000001,6.245558
2024-09-29 05:45:00,2.263430664,6.357828
2024-09-29 06:00:00,1.366739825,6.428158
2024-09-29 06:15:00,1.921345277,6.258781
2024-09-29 06:30:00,9.49056885,5.8920903
2024-09-29 06:45:00,8.285572202,5.8960857
2024-09-29 07:00:00,8.737739723,5.758904
2024-09-29 07:15:00,4.406267288,5.958879
2024-09-29 07:30:00,2.159737824,6.0338497
2024-09-29 07:45:00,8.650936607,6.1484995
2024-09-29 08:00:00,10.46135138,5.765422
2024-09-29 08:15:00,6.082479397,5.732975
2024-09-29 08:30:00,9.056779334,5.763876
2024-09-29 08:45:00,8.400518892,5.8525596
2024-09-29 09:00:00,10.13033584,5.7844267
2024-09-29 09:15:00,1.426944541,5.6936116
2024-09-29 09:30:00,11.35928779,5.869787
2024-09-29 09:45:00,9.907168467,5.7781377
2024-09-29 10:00:00,10.44123839,5.986334
2024-09-29 10:15:00,11.54336306,5.950624
2024-09-29 10:30:00,7.393634606,5.8385005
2024-09-29 10:45:00,2.022958566,5.9727364
2024-09-29 11:00:00,9.552930075,6.086371
2024-09-29 11:15:00,2.541232263,5.857261
2024-09-29 11:30:00,8.483913676,5.867583
2024-09-29 11:45:00,5.330155387,5.731099
2024-09-29 12:00:00,1.189073336,6.0007153
2024-09-29 12:15:00,5.801717707,6.275647
2024-09-29 12:30:00,9.380434018,6.2714505
2024-09-29 12:45:00,1.980369804,6.542434
2024-09-29 13:00:00,1.20973824,6.826701
2024-09-29 13:15:00,5.618229006,6.9901752
2024-09-29 13:30:00,1.155910227,6.832661
2024-09-29 13:45:00,11.59397855,6.80795
2024-09-29 14:00:00,9.909133026,6.444865
2024-09-29 14:15:00,8.159561724,6.468263
2024-09-29 14:30:00,1.306705005,6.431047
2024-09-29 14:45:00,7.230917042,6.6506944
2024-09-29 15:00:00,8.27674535,6.548267
2024-09-29 15:15:00,7.087943232999999,6.5488243
2024-09-29 15:30:00,10.74161412,6.450798
2024-09-29 15:45:00,9.907837746,6.4564934
2024-09-29 16:00:00,4.853529817,6.370978
2024-09-29 16:15:00,8.373660004,6.4935203
2024-09-29 16:30:00,5.683353274999999,6.3175488
2024-09-29 16:45:00,9.946699698,6.232385
2024-09-29 17:00:00,7.644961140000001,6.0288577
2024-09-29 17:15:00,6.997574151,6.2530127
2024-09-29 17:30:00,6.448272719,6.295698
2024-09-29 17:45:00,5.027502978,6.245954
2024-09-29 18:00:00,2.744810241,6.39889
2024-09-29 18:15:00,3.902827523,6.4597535
2024-09-29 18:30:00,4.785281044,6.4924793
2024-09-29 18:45:00,2.814256058,6.407152
2024-09-29 19:00:00,9.097851042,6.409696
2024-09-29 19:15:00,1.250712455,6.3343754
2024-09-29 19:30:00,11.25912851,6.5007915
2024-09-29 19:45:00,2.411483299,6.441237
2024-09-29 20:00:00,1.7307062130000002,6.604756
2024-09-29 20:15:00,10.87978027,6.6860313
2024-09-29 20:30:00,11.59965908,6.6208215
2024-09-29 20:45:00,3.1060034290000003,6.4234915
2024-09-29 21:00:00,2.596994512,6.654619
2024-09-29 21:15:00,3.0174945669999995,6.712206
2024-09-29 21:30:00,6.55033648,6.7912245
2024-09-29 21:45:00,4.252831845,6.3986254
2024-09-29 22:00:00,4.849110019,6.3110094
2024-09-29 22:15:00,9.85616086,6.3858886
2024-09-29 22:30:00,10.73432575,6.4690366
2024-09-29 22:45:00,12.24573976,6.3697877
2024-09-29 23:00:00,6.391313181,6.372606
2024-09-29 23:15:00,3.5367179060000002,6.4692984
2024-09-29 23:30:00,7.242893633,6.296036
2024-09-29 23:45:00,9.740413262,6.187482
2024-09-30 00:00:00,1.436247666,5.9549227
2024-09-30 00:15:00,10.51496043,6.035983
2024-09-30 00:30:00,3.662690179,5.9959126
2024-09-30 00:45:00,4.244126237999999,6.058277
2024-09-30 01:00:00,4.934334269,6.2574196
2024-09-30 01:15:00,10.76198962,6.3171077
2024-09-30 01:30:00,2.9409249730000004,6.386951
2024-09-30 01:45:00,3.536878331,6.825265
2024-09-30 02:00:00,9.063595135,6.873829
2024-09-30 02:15:00,10.10274072,6.874484
2024-09-30 02:30:00,2.157829547,6.7291923
2024-09-30 02:45:00,6.523609895999999,6.8790517
2024-09-30 03:00:00,11.04084941,6.7029614
2024-09-30 03:15:00,10.08212871,6.4665885
2024-09-30 03:30:00,10.91840946,6.374852
2024-09-30 03:45:00,10.52496949,6.413888
2024-09-30 04:00:00,4.411349808,6.402076
2024-09-30 04:15:00,3.206695847,6.577403
2024-09-30 04:30:00,11.02945643,6.854145
2024-09-30 04:45:00,8.523248153,6.55208
2024-09-30 05:00:00,4.902426987,6.4928203
2024-09-30 05:15:00,8.79214603,6.2382965
2024-09-30 05:30:00,4.255837256,6.2058825
2024-09-30 05:45:00,7.824250366,6.399985
2024-09-30 06:00:00,3.61598185,6.367246
2024-09-30 06:15:00,6.798049695,6.3593316
2024-09-30 06:30:00,11.01636833,6.4644113
2024-09-30 06:45:00,9.171781515,6.255667
2024-09-30 07:00:00,7.552351922000001,6.186837
2024-09-30 07:15:00,3.786926342,6.153148
2024-09-30 07:30:00,1.802886529,6.272008
2024-09-30 07:45:00,8.077819725,6.2477016
2024-09-30 08:00:00,6.894509686,6.3822846
2024-09-30 08:15:00,3.480456426,6.501856
2024-09-30 08:30:00,10.85170852,6.7193365
2024-09-30 08:45:00,6.259053824,6.6778584
2024-09-30 09:00:00,7.300200371,6.7212043
2024-09-30 09:15:00,4.215931848,6.8450317
2024-09-30 09:30:00,9.71494181,7.0385647
2024-09-30 09:45:00,10.01803116,6.7859836
2024-09-30 10:00:00,8.854811956,6.5748696
2024-09-30 10:15:00,2.111534554,6.5090237
2024-09-30 10:30:00,1.9983992410000002,6.705619
2024-09-30 10:45:00,6.029053225000001,6.7143683
2024-09-30 11:00:00,2.640343414,6.4655504
2024-09-30 11:15:00,4.857553434,6.6331987
2024-09-30 11:30:00,2.807355865,6.5860386
2024-09-30 11:45:00,4.578587124999999,6.6035767
2024-09-30 12:00:00,10.66044615,6.7597876
2024-09-30 12:15:00,9.441856093,6.8584776
2024-09-30 12:30:00,2.619251887,6.6921473
2024-09-30 12:45:00,8.08200786,6.6102114
2024-09-30 13:00:00,1.533989334,6.517351
2024-09-30 13:15:00,11.44107197,6.5136976
2024-09-30 13:30:00,7.128615335,6.235659
2024-09-30 13:45:00,6.881958729,6.192667
2024-09-30 14:00:00,3.7702351,6.2484727
2024-09-30 14:15:00,5.755915296,6.4149046
2024-09-30 14:30:00,6.793365248999999,6.2864776
2024-09-30 14:45:00,7.611769616000001,6.2725945
2024-09-30 15:00:00,1.6799345440000002,6.241784
2024-09-30 15:15:00,4.485029228,6.5164237
2024-09-30 15:30:00,5.0793095379999995,6.506773
2024-09-30 15:45:00,2.721825454,6.45319
2024-09-30 16:00:00,3.724846865,6.4743195
2024-09-30 16:15:00,3.7500733239999997,6.5754743
2024-09-30 16:30:00,9.75485893,6.590788
2024-09-30 16:45:00,8.232231471,6.5410833
2024-09-30 17:00:00,10.60980563,6.53705
2024-09-30 17:15:00,4.185057664,6.383767
2024-09-30 17:30:00,10.95752263,6.3408265
2024-09-30 17:45:00,9.902909447,6.2032185
2024-09-30 18:00:00,5.810379847999999,6.019817
2024-09-30 18:15:00,7.297227216999999,6.0201373
2024-09-30 18:30:00,7.384736694999999,5.8968472
2024-09-30 18:45:00,4.046192568,5.7790885
2024-09-30 19:00:00,3.893072829,5.8813157
2024-09-30 19:15:00,2.735028811,5.9812274
2024-09-30 19:30:00,10.33696114,6.2087893
2024-09-30 19:45:00,6.944385303,6.2985163
2024-09-30 20:00:00,4.872752566,6.4618435
2024-09-30 20:15:00,6.058999740000001,6.529268
2024-09-30 20:30:00,1.96460672,6.710345
2024-09-30 20:45:00,2.231080828,6.862032
2024-09-30 21:00:00,9.3029738,6.847128
2024-09-30 21:15:00,9.988041224,6.6584125
2024-09-30 21:30:00,4.380057076999999,6.52645
2024-09-30 21:45:00,5.203679716999999,6.5671706
2024-09-30 22:00:00,4.661017371999999,6.469354
2024-09-30 22:15:00,6.406640251999999,6.435432
2024-09-30 22:30:00,5.480415715,6.454319
2024-09-30 22:45:00,4.893870173,6.569725
2024-09-30 23:00:00,8.34960066,6.69406
2024-09-30 23:15:00,3.973168654999999,6.7550592
2024-09-30 23:30:00,10.6694157,7.0023847
2024-09-30 23:45:00,4.423224916999999,6.847863
2024-10-01 00:00:00,3.419198687,6.8699045
2024-10-01 00:15:00,11.36241388,6.5670533
2024-10-01 00:30:00,3.578649549,6.2993064
2024-10-01 00:45:00,6.523982737,6.27601
2024-10-01 01:00:00,4.602824175,6.1289725
2024-10-01 01:15:00,1.8659465130000001,6.337876
2024-10-01 01:30:00,10.50422154,6.2758512
2024-10-01 01:45:00,4.957378,6.219385
2024-10-01 02:00:00,7.401889653,6.4830017
2024-10-01 02:15:00,10.29724255,6.416522
2024-10-01 02:30:00,6.683447035000001,6.438471
2024-10-01 02:45:00,7.834272298000001,6.3801603
2024-10-01 03:00:00,9.684027305,6.2250705
2024-10-01 03:15:00,4.806579208999999,6.3166265
2024-10-01 03:30:00,7.820418943,6.2816596
2024-10-01 03:45:00,3.399726646,6.173418
2024-10-01 04:00:00,1.672704215,6.3062434
2024-10-01 04:15:00,11.1732029,6.3961153
2024-10-01 04:30:00,1.996300857,6.3255854
2024-10-01 04:45:00,5.297987327999999,6.429296
2024-10-01 05:00:00,1.9602901609999999,6.3369207
2024-10-01 05:15:00,10.83972961,6.4181814
2024-10-01 05:30:00,2.276686799,6.2075267
2024-10-01 05:45:00,8.980723105,6.010241
2024-10-01 06:00:00,8.571830943,5.88413
2024-10-01 06:15:00,1.703306981,6.1113358
2024-10-01 06:30:00,8.350868451,6.0861998
2024-10-01 06:45:00,11.5210014,6.078078
2024-10-01 07:00:00,6.5389751590000005,6.201249
2024-10-01 07:15:00,4.134907018,6.1186657
2024-10-01 07:30:00,6.837771443,6.2638865
2024-10-01 07:45:00,2.324509326,6.316226
2024-10-01 08:00:00,11.31009523,6.420617
2024-10-01 08:15:00,5.123261023,6.236489
2024-10-01 08:30:00,5.585752767,6.478663
2024-10-01 08:45:00,5.255255136999999,6.403293
2024-10-01 09:00:00,1.376217416,6.602642
2024-10-01 09:15:00,1.483854238,6.542572
2024-10-01 09:30:00,6.704608323,6.5477185
2024-10-01 09:45:00,6.140728967,6.5952907
2024-10-01 10:00:00,11.36244644,6.62075
2024-10-01 10:15:00,4.125497921999999,6.7693
2024-10-01 10:30:00,4.867555909,6.907844
2024-10-01 10:45:00,11.36354758,6.56542
2024-10-01 11:00:00,1.69457993,6.500162
2024-10-01 11:15:00,7.563053888,6.52708
2024-10-01 11:30:00,2.385463138,6.3767915
2024-10-01 11:45:00,11.28998053,6.3852897
2024-10-01 12:00:00,4.242693521,6.3215847
2024-10-01 12:15:00,10.14128936,6.5653377
2024-10-01 12:30:00,10.50567622,6.427523
2024-10-01 12:45:00,10.04564116,6.56697
2024-10-01 13:00:00,7.111469035,6.3251247
2024-10-01 13:15:00,11.59244064,6.291235
2024-10-01 13:30:00,7.703289220000001,6.204258
2024-10-01 13:45:00,8.97317582,6.3702145
2024-10-01 14:00:00,3.6189310649999995,6.024102
2024-10-01 14:15:00,5.321842337999999,6.450391
2024-10-01 14:30:00,7.927576203,6.59313
2024-10-01 14:45:00,2.653530171,6.4597483
2024-10-01 15:00:00,10.98666922,6.5605803
2024-10-01 15:15:00,2.364191245,6.3217115
2024-10-01 15:30:00,8.496750034,6.6421857
2024-10-01 15:45:00,1.773093914,6.628491
2024-10-01 16:00:00,2.259551197,6.9042907
2024-10-01 16:15:00,7.921379865,7.0556083
2024-10-01 16:30:00,5.877379301999999,6.9904566
2024-10-01 16:45:00,1.260226586,7.0011325
2024-10-01 17:00:00,5.513939938,7.158331
2024-10-01 17:15:00,3.6824700730000006,7.1150002
2024-10-01 17:30:00,9.962216771,7.065355
2024-10-01 17:45:00,8.226128352,6.8789854
2024-10-01 18:00:00,9.118536956,6.7760544
2024-10-01 18:15:00,11.10618062,6.567187
2024-10-01 18:30:00,8.123484816,6.413403
2024-10-01 18:45:00,2.693662254,6.443464
2024-10-01 19:00:00,10.67000833,6.386993
2024-10-01 19:15:00,2.382062519,6.145092
2024-10-01 19:30:00,3.263969791,6.381534
2024-10-01 19:45:00,4.033028351,6.4700127
2024-10-01 20:00:00,3.0264860570000005,6.5258517
2024-10-01 20:15:00,1.230218403,6.567724
2024-10-01 20:30:00,5.726351173,6.69812
2024-10-01 20:45:00,7.854956597,6.6902704
2024-10-01 21:00:00,5.320943933,6.639817
2024-10-01 21:15:00,3.5014643130000005,6.7237167
2024-10-01 21:30:00,9.907177574,6.765747
2024-10-01 21:45:00,5.266082618,6.7707615
2024-10-01 22:00:00,9.864735804,6.768345
2024-10-01 22:15:00,3.022514337,6.706416
2024-10-01 22:30:00,4.604611742,6.629013
2024-10-01 22:45:00,9.039370057,6.6471014
2024-10-01 23:00:00,1.496489811,6.489176
2024-10-01 23:15:00,10.27499707,6.6668315
2024-10-01 23:30:00,5.422522797,6.483824
2024-10-01 23:45:00,11.17176793,6.4819546
2024-10-02 00:00:00,8.371544916,6.217158
2024-10-02 00:15:00,11.1275657,6.2809453
2024-10-02 00:30:00,1.70780269,6.113309
2024-10-02 00:45:00,9.038391695,6.147867
2024-10-02 01:00:00,10.80537141,6.0386724
2024-10-02 01:15:00,11.09841442,5.983554
2024-10-02 01:30:00,1.4798203419999998,5.846707
2024-10-02 01:45:00,1.951858909,6.045206
2024-10-02 02:00:00,8.345211982,6.254504
2024-10-02 02:15:00,1.517259548,6.3907433
2024-10-02 02:30:00,1.276424837,6.530527
2024-10-02 02:45:00,6.747593306000001,6.760977
2024-10-02 03:00:00,6.469929523999999,6.892176
2024-10-02 03:15:00,7.553148428000001,6.806471
2024-10-02 03:30:00,1.296483333,6.655735
2024-10-02 03:45:00,6.574130590000001,6.547326
2024-10-02 04:00:00,3.9699207989999996,6.740314
2024-10-02 04:15:00,8.819743912,6.9204845
2024-10-02 04:30:00,4.863164180999999,6.8883104
2024-10-02 04:45:00,4.813435409,7.011982
2024-10-02 05:00:00,7.985943762000001,7.0342503
2024-10-02 05:15:00,7.853566752,7.0264287
2024-10-02 05:30:00,1.716970989,6.9772434
2024-10-02 05:45:00,7.867434550999999,6.988412
2024-10-02 06:00:00,8.188640797,6.8932786
2024-10-02 06:15:00,5.818089796999999,7.024883
2024-10-02 06:30:00,10.12895576,7.0429273
2024-10-02 06:45:00,1.197370053,6.733263
2024-10-02 07:00:00,10.89143823,6.689648
2024-10-02 07:15:00,4.930097981,6.3961415
2024-10-02 07:30:00,7.368732898,6.5274205
2024-10-02 07:45:00,1.4953021570000002,6.3436294
2024-10-02 08:00:00,8.563613006,6.5313783
2024-10-02 08:15:00,6.180704723,6.4918284
2024-10-02 08:30:00,11.34909755,6.634363
2024-10-02 08:45:00,5.568798293999999,6.53089
2024-10-02 09:00:00,8.838718747,6.5426407
2024-10-02 09:15:00,1.820521607,6.4241877
2024-10-02 09:30:00,1.883233563,6.622034
2024-10-02 09:45:00,11.37750935,6.587761
2024-10-02 10:00:00,3.91604113,6.403506
2024-10-02 10:15:00,9.767941935,6.5011353
2024-10-02 10:30:00,1.9877396319999998,6.3858905
2024-10-02 10:45:00,7.717677621,6.7094727
2024-10-02 11:00:00,7.142435509999999,6.605659
2024-10-02 11:15:00,11.704711840000002,6.706916
2024-10-02 11:30:00,5.129544605,6.6311636
2024-10-02 11:45:00,1.5869604050000001,6.844984
2024-10-02 12:00:00,5.939570436,6.9595356
2024-10-02 12:15:00,9.810093257,6.8663473
2024-10-02 12:30:00,1.793076541,6.6504946
2024-10-02 12:45:00,1.5959831429999998,6.7560506
2024-10-02 13:00:00,9.626306014,6.735124
2024-10-02 13:15:00,10.05203906,6.476102
2024-10-02 13:30:00,3.255224174,6.3753166
2024-10-02 13:45:00,7.756782065,6.5733776
2024-10-02 14:00:00,1.8705473159999997,6.540454
2024-10-02 14:15:00,9.178675781,6.6462975
2024-10-02 14:30:00,4.394286944,6.533912
2024-10-02 14:45:00,3.729491818,6.786759
2024-10-02 15:00:00,7.8678664,6.792698
2024-10-02 15:15:00,10.65527473,6.7569704
2024-10-02 15:30:00,1.654228364,6.568307
2024-10-02 15:45:00,2.541570718,6.7666078
2024-10-02 16:00:00,3.7811977799999994,6.8605256
2024-10-02 16:15:00,10.46401513,6.99478
2024-10-02 16:30:00,10.82991545,6.8852673
2024-10-02 16:45:00,10.01764221,6.786067
2024-10-02 17:00:00,5.122252629999999,6.789752
2024-10-02 17:15:00,3.575356328,6.9181776
2024-10-02 17:30:00,3.138755283,7.03205
2024-10-02 17:45:00,10.24308854,6.994231
2024-10-02 18:00:00,3.658454833,6.697659
2024-10-02 18:15:00,6.86270826,6.8091416
2024-10-02 18:30:00,4.568732196,6.892334
2024-10-02 18:45:00,6.594560005,6.944812
2024-10-02 19:00:00,4.867801622,6.8797994
2024-10-02 19:15:00,4.350545251,6.996431
2024-10-02 19:30:00,5.890652597999999,7.1738997
2024-10-02 19:45:00,4.356294218,7.25183
2024-10-02 20:00:00,9.956703244,7.0904965
2024-10-02 20:15:00,7.059398552000001,6.9601526
2024-10-02 20:30:00,3.053653888,6.992675
2024-10-02 20:45:00,3.4431091150000004,6.937366
2024-10-02 21:00:00,1.781774496,7.0421305
2024-10-02 21:15:00,4.124291426,7.228098
2024-10-02 21:30:00,8.295250724,7.2593346
2024-10-02 21:45:00,3.1820846089999995,7.0998845
2024-10-02 22:00:00,2.206494214,7.2097077
2024-10-02 22:15:00,4.171513160999999,7.2653365
2024-10-02 22:30:00,7.418370214,7.266149
2024-10-02 22:45:00,6.397716196999999,7.06357
2024-10-02 23:00:00,4.236965842999999,7.0521207
2024-10-02 23:15:00,10.11130189,7.0015836
2024-10-02 23:30:00,5.975065923,6.7730536
2024-10-02 23:45:00,5.567556247,6.583614
2024-10-03 00:00:00,1.4813075719999997,6.5031686
2024-10-03 00:15:00,7.461722515,6.832834
2024-10-03 00:30:00,5.706289591000001,6.7008877
2024-10-03 00:45:00,2.612933691,6.754959
2024-10-03 01:00:00,3.612352606,6.7151337
2024-10-03 01:15:00,3.201857345,6.834845
2024-10-03 01:30:00,2.343653872,6.9285607
2024-10-03 01:45:00,6.047197307000001,6.9235578
2024-10-03 02:00:00,5.042714768999999,6.9492855
2024-10-03 02:15:00,5.081382878,7.090316
2024-10-03 02:30:00,4.080515146,7.085429
2024-10-03 02:45:00,5.817726445,7.0182395
2024-10-03 03:00:00,6.712116793,6.948625
2024-10-03 03:15:00,7.265603836,6.841374
2024-10-03 03:30:00,3.260860058,6.754928
2024-10-03 03:45:00,8.785527879,6.6564317
2024-10-03 04:00:00,1.497816492,6.6868663
2024-10-03 04:15:00,9.034150622,6.924104
2024-10-03 04:30:00,4.09831687,6.8829775
2024-10-03 04:45:00,5.023226523999999,6.8852463
2024-10-03 05:00:00,7.025368065,6.821029
2024-10-03 05:15:00,7.521706346,6.479171
2024-10-03 05:30:00,5.365344502,6.401082
2024-10-03 05:45:00,10.69361492,6.419356
2024-10-03 06:00:00,9.399252368,6.26819
2024-10-03 06:15:00,3.541961715,6.178618
2024-10-03 06:30:00,7.337249407,6.261273
2024-10-03 06:45:00,8.828120581,6.3207316
2024-10-03 07:00:00,3.6132723590000007,6.252176
2024-10-03 07:15:00,1.4332366459999997,6.164095
2024-10-03 07:30:00,11.799104,6.331476
2024-10-03 07:45:00,11.19125448,6.4281526
2024-10-03 08:00:00,4.78220994,6.313856
2024-10-03 08:15:00,3.662167543,6.3738365
2024-10-03 08:30:00,2.631083547,6.315609
2024-10-03 08:45:00,8.733780625,6.378164
2024-10-03 09:00:00,9.422513333,6.270812
2024-10-03 09:15:00,5.563157763999999,6.535329
2024-10-03 09:30:00,3.3489827090000004,6.543813
2024-10-03 09:45:00,5.909280457,6.591446
2024-10-03 10:00:00,6.200585394999999,6.539024
2024-10-03 10:15:00,6.97577765,6.5229707
2024-10-03 10:30:00,5.611784642999999,6.6549234
2024-10-03 10:45:00,1.14593827,6.5901804
2024-10-03 11:00:00,6.184066876,6.6084943
2024-10-03 11:15:00,4.635596392999999,6.647806
2024-10-03 11:30:00,7.216540083000001,6.719477
2024-10-03 11:45:00,1.995252588,6.822185
2024-10-03 12:00:00,10.62448731,6.815973
2024-10-03 12:15:00,9.699089174,6.8442664
2024-10-03 12:30:00,6.822769882,6.836581
2024-10-03 12:45:00,9.325341939,6.50449
2024-10-03 13:00:00,5.166098284,6.2830453
2024-10-03 13:15:00,6.915608034,6.3499074
2024-10-03 13:30:00,7.015804554,6.154988
2024-10-03 13:45:00,4.77572401,6.2690353
2024-10-03 14:00:00,10.93121382,6.2191215
2024-10-03 14:15:00,7.099894714999999,6.0494494
2024-10-03 14:30:00,11.28882666,6.148311
2024-10-03 14:45:00,5.803529408,6.0920424
2024-10-03 15:00:00,1.4264658809999997,6.2362475
2024-10-03 15:15:00,4.608488081999999,6.607892
2024-10-03 15:30:00,8.033986886,6.6862783
2024-10-03 15:45:00,10.74635723,6.650047
2024-10-03 16:00:00,7.340733283,6.56016
2024-10-03 16:15:00,6.013864841000001,6.5410147
2024-10-03 16:30:00,2.055769543,6.504935
2024-10-03 16:45:00,2.603409857,6.6804214
2024-10-03 17:00:00,1.695488445,6.7615814
2024-10-03 17:15:00,8.445216298,6.896868
2024-10-03 17:30:00,9.580213518,6.674945
2024-10-03 17:45:00,2.61379876,6.665065
2024-10-03 18:00:00,4.343692462,6.7626114
2024-10-03 18:15:00,6.044362447,6.7588286
2024-10-03 18:30:00,2.636639178,6.6906195
2024-10-03 18:45:00,5.676554718999999,6.776924
2024-10-03 19:00:00,11.63488589,6.834109
2024-10-03 19:15:00,8.813562409,7.162323
2024-10-03 19:30:00,2.692060152,7.112863
2024-10-03 19:45:00,2.225627476,7.093604
2024-10-03 20:00:00,5.629820592999999,6.9453874
2024-10-03 20:15:00,10.94144929,6.8386106
2024-10-03 20:30:00,8.9058904,6.7095995
2024-10-03 20:45:00,4.266072621,6.7697663
2024-10-03 21:00:00,1.396763464,6.7855906
2024-10-03 21:15:00,5.614062057,6.751627
2024-10-03 21:30:00,2.68502428,6.785747
2024-10-03 21:45:00,3.154597788,6.8390627
2024-10-03 22:00:00,2.899069647,6.779442
2024-10-03 22:15:00,8.855092647,6.7364597
2024-10-03 22:30:00,1.5463424250000002,6.7739196
2024-10-03 22:45:00,7.156101281,6.8340387
2024-10-03 23:00:00,8.69779605,6.7659516
2024-10-03 23:15:00,2.6486213,6.772849
2024-10-03 23:30:00,10.83219106,6.625847
2024-10-03 23:45:00,2.023799271,6.4204965
2024-10-04 00:00:00,8.502123892,6.546617
2024-10-04 00:15:00,2.871244159,6.5343494
2024-10-04 00:30:00,9.532476393,6.535606
2024-10-04 00:45:00,7.152824434,6.586922
2024-10-04 01:00:00,6.722286842000001,6.664186
2024-10-04 01:15:00,4.492860265,6.5546107
2024-10-04 01:30:00,4.262473073999999,6.7275343
2024-10-04 01:45:00,6.225645788,6.7037387
2024-10-04 02:00:00,8.353218404,6.629037
2024-10-04 02:15:00,2.830919839,6.661734
2024-10-04 02:30:00,9.650819617,6.848658
2024-10-04 02:45:00,6.0275141009999995,6.783508
2024-10-04 03:00:00,5.858368693,6.692761
2024-10-04 03:15:00,1.234858514,6.642365
2024-10-04 03:30:00,2.55956113,6.674037
2024-10-04 03:45:00,5.705127336,6.6140323
2024-10-04 04:00:00,11.19800393,6.6315074
2024-10-04 04:15:00,3.807610499,6.5339136
2024-10-04 04:30:00,1.30674393,6.6299763
2024-10-04 04:45:00,5.708994071,6.4488606
2024-10-04 05:00:00,1.359391158,6.577332
2024-10-04 05:15:00,4.702860260999999,6.5175524
2024-10-04 05:30:00,4.66864599,6.494174
2024-10-04 05:45:00,1.158120245,6.6290436
2024-10-04 06:00:00,9.111210007,6.5005827
2024-10-04 06:15:00,10.60343219,6.692268
2024-10-04 06:30:00,11.33367017,6.5785275
2024-10-04 06:45:00,6.675056066,6.5154915
2024-10-04 07:00:00,4.623603760999999,6.3514514
2024-10-04 07:15:00,9.028741068,6.0886664
2024-10-04 07:30:00,8.467253657,6.218383
2024-10-04 07:45:00,4.942374285,6.133691
2024-10-04 08:00:00,6.615101610999999,6.1826124
2024-10-04 08:15:00,9.179436291,6.25918
2024-10-04 08:30:00,3.1743218339999997,6.323705
2024-10-04 08:45:00,1.408726327,6.2179737
2024-10-04 09:00:00,7.199382395,6.3458405
2024-10-04 09:15:00,8.409043503,6.515617
2024-10-04 09:30:00,7.60509942,6.561187
2024-10-04 09:45:00,7.131865745,6.6079826
2024-10-04 10:00:00,5.090791992999999,6.567676
2024-10-04 10:15:00,7.874625145,6.676076
2024-10-04 10:30:00,1.697548689,6.672961
2024-10-04 10:45:00,2.724908574,6.6426606
2024-10-04 11:00:00,6.009983011000001,6.6753902
2024-10-04 11:15:00,10.65220279,6.4424086
2024-10-04 11:30:00,7.470444131,6.411098
2024-10-04 11:45:00,4.932583679,6.427931
2024-10-04 12:00:00,5.780416228999999,6.3553953
2024-10-04 12:15:00,9.542327374,6.4990106
2024-10-04 12:30:00,7.086335676,6.6023884
2024-10-04 12:45:00,1.7343374090000003,6.6564755
2024-10-04 13:00:00,5.215117373,6.634726
2024-10-04 13:15:00,4.893058731999999,6.7597375
2024-10-04 13:30:00,10.737496,6.7543674
2024-10-04 13:45:00,4.232642114,6.4965944
2024-10-04 14:00:00,1.8846216830000002,6.6063704
2024-10-04 14:15:00,4.721516631999999,6.696133
2024-10-04 14:30:00,1.598010681,6.7839584
2024-10-04 14:45:00,9.96954106,6.7321315
2024-10-04 15:00:00,7.048970639,6.584274
2024-10-04 15:15:00,5.7833090369999995,6.659922
2024-10-04 15:30:00,4.98389087,6.70798
2024-10-04 15:45:00,5.754575911,6.641031
2024-10-04 16:00:00,9.109540937,6.5441904
2024-10-04 16:15:00,2.896471498,6.4026847
2024-10-04 16:30:00,1.958324749,6.350622
2024-10-04 16:45:00,6.823692317,6.440869
2024-10-04 17:00:00,10.45905521,6.5748577
2024-10-04 17:15:00,7.208931575000001,6.591955
2024-10-04 17:30:00,9.431190245,6.5327744
2024-10-04 17:45:00,10.2575548,6.513584
2024-10-04 18:00:00,1.810664751,6.539958
2024-10-04 18:15:00,7.402420920000001,6.3665376
2024-10-04 18:30:00,9.522386271,6.26469
2024-10-04 18:45:00,7.549265947,6.144739
2024-10-04 19:00:00,7.142282880999999,6.0117207
2024-10-04 19:15:00,9.714039158,6.127215
2024-10-04 19:30:00,8.106640601,6.098358
2024-10-04 19:45:00,6.37007274,6.101515
2024-10-04 20:00:00,1.671002208,6.272793
2024-10-04 20:15:00,7.633512216000001,6.4584036
2024-10-04 20:30:00,3.3384383129999997,6.54568
2024-10-04 20:45:00,3.571664476,6.734407
2024-10-04 21:00:00,8.629002713,6.7901306
2024-10-04 21:15:00,5.964218774,6.718399
2024-10-04 21:30:00,8.655574371,6.825204
2024-10-04 21:45:00,5.056821511,6.661878
2024-10-04 22:00:00,10.53812337,6.740784
2024-10-04 22:15:00,5.199985637,6.5554094
2024-10-04 22:30:00,6.031750595000001,6.695779
2024-10-04 22:45:00,2.373151708,6.6277514
2024-10-04 23:00:00,6.640500557999999,6.8134036
2024-10-04 23:15:00,3.639386738,6.767995
2024-10-04 23:30:00,8.680508244,6.777525
2024-10-04 23:45:00,8.492774049,6.62571
2024-10-05 00:00:00,1.301034284,6.6693335
2024-10-05 00:15:00,6.524066285,6.7081347
2024-10-05 00:30:00,1.7337696280000001,6.646529
2024-10-05 00:45:00,6.955486424,6.7979484
2024-10-05 01:00:00,10.26339431,6.7856255
2024-10-05 01:15:00,10.26696388,6.8051867
2024-10-05 01:30:00,3.559616796,6.7179894
2024-10-05 01:45:00,2.558481557,6.725608
2024-10-05 02:00:00,9.344001338,6.4909954
2024-10-05 02:15:00,6.806300938,6.3698397
2024-10-05 02:30:00,5.424397368,6.310271
2024-10-05 02:45:00,9.862691582,6.2653246
2024-10-05 03:00:00,3.796495985,6.262136
2024-10-05 03:15:00,3.589025775,6.2799277
2024-10-05 03:30:00,7.412466715,6.263596
2024-10-05 03:45:00,3.924087988,6.3448706
2024-10-05 04:00:00,5.511419585999999,6.3141265
2024-10-05 04:15:00,6.028593067,6.3778567
2024-10-05 04:30:00,3.2850497570000003,6.406541
2024-10-05 04:45:00,1.713749899,6.47019
2024-10-05 05:00:00,9.853111319,6.462182
2024-10-05 05:15:00,9.367883102,6.512091
2024-10-05 05:30:00,7.277685308,6.4893947
2024-10-05 05:45:00,2.761084083,6.3333116
2024-10-05 06:00:00,5.636890566999999,6.242465
2024-10-05 06:15:00,2.833092405,6.2328258
2024-10-05 06:30:00,9.974837556,6.252502
2024-10-05 06:45:00,8.200882438,6.0868855
2024-10-05 07:00:00,1.462010412,6.1016784
2024-10-05 07:15:00,1.288831231,6.1331973
2024-10-05 07:30:00,11.51523413,6.250113
2024-10-05 07:45:00,1.514069938,6.3338666
2024-10-05 08:00:00,10.70618531,6.4991775
2024-10-05 08:15:00,11.15964617,6.5142264
2024-10-05 08:30:00,4.465989873,6.6805115
2024-10-05 08:45:00,6.522044914,6.6663427
2024-10-05 09:00:00,8.502324086,6.7122965
2024-10-05 09:15:00,6.385627088000001,6.548975
2024-10-05 09:30:00,3.332399967,6.494821
2024-10-05 09:45:00,7.367889539,6.5503726
2024-10-05 10:00:00,3.6878510450000004,6.3641567
2024-10-05 10:15:00,2.819604139,6.4295964
2024-10-05 10:30:00,6.450539592,6.454342
2024-10-05 10:45:00,4.669941113999999,6.48668
2024-10-05 11:00:00,1.328068821,6.5678563
2024-10-05 11:15:00,10.84197739,6.5791674
2024-10-05 11:30:00,1.585039444,6.5302763
2024-10-05 11:45:00,10.08489533,6.742154
2024-10-05 12:00:00,3.076978193,6.607765
2024-10-05 12:15:00,2.541391364,6.6897817
2024-10-05 12:30:00,1.906668074,6.7027726
2024-10-05 12:45:00,5.664391579,6.7726126
2024-10-05 13:00:00,7.257963505,6.7397118
2024-10-05 13:15:00,9.755375681,6.598951
2024-10-05 13:30:00,9.140188036,6.578786
2024-10-05 13:45:00,2.968259464,6.5712442
2024-10-05 14:00:00,2.769550042,6.563334
2024-10-05 14:15:00,1.234920091,6.6168423
2024-10-05 14:30:00,8.404645519,6.6223307
2024-10-05 14:45:00,1.419216464,6.512569
2024-10-05 15:00:00,2.770455036,6.595301
2024-10-05 15:15:00,7.815108451000001,6.7258363
2024-10-05 15:30:00,2.827376618,6.696823
2024-10-05 15:45:00,2.841387699,6.689305
2024-10-05 16:00:00,3.6599627570000006,6.6627398
2024-10-05 16:15:00,5.021732081999999,6.6134353
2024-10-05 16:30:00,1.225966166,6.6093216
2024-10-05 16:45:00,8.856601182,6.5920196
2024-10-05 17:00:00,9.216612408,6.5336943
2024-10-05 17:15:00,5.151946071999999,6.458295
2024-10-05 17:30:00,10.12146768,6.4498615
2024-10-05 17:45:00,4.278972719,6.3967743
2024-10-05 18:00:00,11.04472084,6.4418063
2024-10-05 18:15:00,5.083078718,6.482651
2024-10-05 18:30:00,7.884261777,6.5535064
2024-10-05 18:45:00,4.438657349,6.538345
2024-10-05 19:00:00,5.913012441,6.492888
2024-10-05 19:15:00,7.834466452000001,6.5993905
2024-10-05 19:30:00,4.566931578,6.605256
2024-10-05 19:45:00,7.879867727000001,6.699982
2024-10-05 20:00:00,2.615228898,6.7147803
2024-10-05 20:15:00,5.896255535000001,6.8156247
2024-10-05 20:30:00,3.950062997999999,6.721191
2024-10-05 20:45:00,10.67367995,6.662711
2024-10-05 21:00:00,10.37084594,6.622172
2024-10-05 21:15:00,6.083020138999999,6.649288
2024-10-05 21:30:00,5.853615125,6.624978
2024-10-05 21:45:00,9.49718406,6.5733085
2024-10-05 22:00:00,8.278930464,6.379967
2024-10-05 22:15:00,8.323797647,6.4103394
2024-10-05 22:30:00,6.98151283,6.434198
2024-10-05 22:45:00,10.01668002,6.391309
2024-10-05 23:00:00,3.268958273,6.3640895
2024-10-05 23:15:00,10.02575201,6.4170184
2024-10-05 23:30:00,6.212669119,6.338686
2024-10-05 23:45:00,7.499810004,6.411742
2024-10-06 00:00:00,11.23443967,6.398207
2024-10-06 00:15:00,5.434040226,6.4182234
2024-10-06 00:30:00,8.52390987,6.379367
2024-10-06 00:45:00,6.194095709,6.4186907
2024-10-06 01:00:00,11.0453195,6.5504923
2024-10-06 01:15:00,5.90431558,6.418434
2024-10-06 01:30:00,4.034169563,6.48561
2024-10-06 01:45:00,5.8943880790000005,6.4310155
2024-10-06 02:00:00,10.48621989,6.441528
2024-10-06 02:15:00,6.185247867,6.302064
2024-10-06 02:30:00,2.589097838,6.4461045
2024-10-06 02:45:00,6.9864345,6.5848103
2024-10-06 03:00:00,5.1530768369999995,6.554278
2024-10-06 03:15:00,7.811338991000001,6.611411
2024-10-06 03:30:00,3.7925040449999994,6.5207806
2024-10-06 03:45:00,4.537384408,6.4697347
2024-10-06 04:00:00,6.571351735,6.476993
2024-10-06 04:15:00,2.38456472,6.597947
2024-10-06 04:30:00,3.380836072,6.7876387
2024-10-06 04:45:00,8.681700235,6.675354
2024-10-06 05:00:00,10.47981198,6.7354064
2024-10-06 05:15:00,11.23248798,6.6110306
2024-10-06 05:30:00,10.95760287,6.5400863
2024-10-06 05:45:00,11.32640197,6.527518
2024-10-06 06:00:00,9.754535246,6.5210314
2024-10-06 06:15:00,8.579302828,6.554203
2024-10-06 06:30:00,3.6538299689999993,6.357475
2024-10-06 06:45:00,5.657229038,6.327643
2024-10-06 07:00:00,5.195591425999999,6.179086
2024-10-06 07:15:00,8.382576786,6.2061534
2024-10-06 07:30:00,6.305832485000001,6.2855444
2024-10-06 07:45:00,5.138725166999999,6.4301333
2024-10-06 08:00:00,9.183531127,6.64021
2024-10-06 08:15:00,8.672776725,6.6650434
2024-10-06 08:30:00,4.877463384,6.765713
2024-10-06 08:45:00,5.607237063,6.7790494
2024-10-06 09:00:00,10.8095858,6.7822967
2024-10-06 09:15:00,9.132048789,6.5774508
2024-10-06 09:30:00,7.943661252,6.518666
2024-10-06 09:45:00,8.231749365,6.4191236
2024-10-06 10:00:00,2.14600043,6.29547
2024-10-06 10:15:00,7.082507617,6.244887
2024-10-06 10:30:00,4.435281646,6.144713
2024-10-06 10:45:00,1.8988160559999998,6.258483
2024-10-06 11:00:00,8.723958983,6.370224
2024-10-06 11:15:00,4.6126473699999995,6.4212613
2024-10-06 11:30:00,4.211045335,6.5695443
2024-10-06 11:45:00,8.037456514,6.6901093
2024-10-06 12:00:00,8.464270807,6.755532
2024-10-06 12:15:00,6.104835115,6.5467043
2024-10-06 12:30:00,6.634205205,6.601494
2024-10-06 12:45:00,10.53900788,6.5858393
2024-10-06 13:00:00,2.181199891,6.4918394
2024-10-06 13:15:00,1.906999896,6.4112225
2024-10-06 13:30:00,8.123918665,6.5103483
2024-10-06 13:45:00,7.303349611999999,6.3210073
2024-10-06 14:00:00,3.1823423810000007,6.2068257
2024-10-06 14:15:00,6.837830996999999,6.2434793
2024-10-06 14:30:00,8.779963348,6.3012514
2024-10-06 14:45:00,9.110306421,6.3011074
2024-10-06 15:00:00,7.285080134999999,6.3433375
2024-10-06 15:15:00,2.543383543,6.4390974
2024-10-06 15:30:00,4.2608750209999995,6.5000925
2024-10-06 15:45:00,5.377223248,6.6412754
2024-10-06 16:00:00,8.578763838,6.4386826
2024-10-06 16:15:00,6.510791567999999,6.3080273
2024-10-06 16:30:00,8.796226498,6.366823
2024-10-06 16:45:00,10.20970821,6.3961253
2024-10-06 17:00:00,7.4325004670000006,6.399652
2024-10-06 17:15:00,3.672165131,6.299844
2024-10-06 17:30:00,2.646944238,6.2619915
2024-10-06 17:45:00,1.145201674,6.27889
2024-10-06 18:00:00,2.836522283,6.443257
2024-10-06 18:15:00,4.07696664,6.355218
2024-10-06 18:30:00,3.6807663050000006,6.194857
2024-10-06 18:45:00,7.534416301,6.252693
2024-10-06 19:00:00,2.629050688,6.2574015
2024-10-06 19:15:00,5.5894490789999995,6.212274
2024-10-06 19:30:00,1.220690899,6.299563
2024-10-06 19:45:00,3.7105648550000003,6.3661056
2024-10-06 20:00:00,1.595549703,6.35951
2024-10-06 20:15:00,8.847614639,6.3029346
2024-10-06 20:30:00,4.904714576999999,6.3011284
2024-10-06 20:45:00,5.887346502999999,6.2792225
2024-10-06 21:00:00,8.853507561,6.2154617
2024-10-06 21:15:00,9.961299152,6.136829
2024-10-06 21:30:00,6.56596671,6.1758914
2024-10-06 21:45:00,7.610982675999999,6.1763463
2024-10-06 22:00:00,8.361468984,6.1579623
2024-10-06 22:15:00,3.806861888,6.1435986
2024-10-06 22:30:00,8.162105107,6.161624
2024-10-06 22:45:00,7.786743255000001,6.154246
2024-10-06 23:00:00,6.0325110859999995,6.221666
2024-10-06 23:15:00,4.231138549999999,6.224964
2024-10-06 23:30:00,11.06737849,6.2270846
2024-10-06 23:45:00,11.47410385,6.146025
2024-10-07 00:00:00,7.927311273,6.0969267
2024-10-07 00:15:00,4.858123611999999,6.117511
2024-10-07 00:30:00,9.128752762,6.1321507
2024-10-07 00:45:00,8.145465096,6.1473985
2024-10-07 01:00:00,6.941122463999999,6.222608
2024-10-07 01:15:00,2.518771079,6.089946
2024-10-07 01:30:00,10.55468767,6.1817636
2024-10-07 01:45:00,3.409939538,6.2842875
2024-10-07 02:00:00,5.3287381,6.4967365
2024-10-07 02:15:00,4.622915285999999,6.624678
2024-10-07 02:30:00,2.755137665,6.6849246
2024-10-07 02:45:00,1.387688761,6.6850276
2024-10-07 03:00:00,11.20953187,6.59712
2024-10-07 03:15:00,8.714360855,6.5080333
2024-10-07 03:30:00,1.394896954,6.5168943
2024-10-07 03:45:00,8.140015799,6.462552
2024-10-07 04:00:00,2.465463717,6.5834875
2024-10-07 04:15:00,8.964487555,6.583505
2024-10-07 04:30:00,6.298338703000001,6.471164
2024-10-07 04:45:00,11.0558908,6.390527
2024-10-07 05:00:00,5.824050811000001,6.4118614
2024-10-07 05:15:00,9.478293384,6.381013
2024-10-07 05:30:00,1.597363425,6.462678
2024-10-07 05:45:00,10.64605837,6.595738
2024-10-07 06:00:00,7.031890108000001,6.6130977
2024-10-07 06:15:00,4.465095839,6.550227
2024-10-07 06:30:00,2.323262381,6.4469404
2024-10-07 06:45:00,7.761141045999999,6.3478265
2024-10-07 07:00:00,8.649810154,6.2914615
2024-10-07 07:15:00,1.990470663,6.3343325
2024-10-07 07:30:00,2.807015416,6.4077415
2024-10-07 07:45:00,5.138018090999999,6.591005
2024-10-07 08:00:00,10.08013893,6.605166
2024-10-07 08:15:00,11.39247152,6.580014
2024-10-07 08:30:00,9.051527494,6.569631
2024-10-07 08:45:00,1.211431151,6.598
2024-10-07 09:00:00,10.73039164,6.5995417
2024-10-07 09:15:00,1.500830711,6.4812613
2024-10-07 09:30:00,10.83241436,6.418291
2024-10-07 09:45:00,5.667248804999999,6.2681594
2024-10-07 10:00:00,8.386717848,6.469267
2024-10-07 10:15:00,1.929644816,6.424006
2024-10-07 10:30:00,2.90673756,6.7060356
2024-10-07 10:45:00,5.977297986000001,6.643464
2024-10-07 11:00:00,1.503724483,6.6202254
2024-10-07 11:15:00,4.982128841999999,6.507452
2024-10-07 11:30:00,9.073579255,6.4999194
2024-10-07 11:45:00,7.678420075000001,6.4886756
2024-10-07 12:00:00,4.8136468,6.4674406
2024-10-07 12:15:00,1.154193054,6.5549955
2024-10-07 12:30:00,4.001046922999999,6.4833207
2024-10-07 12:45:00,9.231769025,6.1869936
2024-10-07 13:00:00,4.810120644,5.8901033
2024-10-07 13:15:00,4.762319781999999,5.830285
2024-10-07 13:30:00,1.825759952,5.851074
2024-10-07 13:45:00,7.549949861000001,5.767249
2024-10-07 14:00:00,7.594896637000001,5.660435
2024-10-07 14:15:00,5.748144276999999,5.7261677
2024-10-07 14:30:00,8.746142869,5.763636
2024-10-07 14:45:00,10.10367506,5.8604
2024-10-07 15:00:00,8.842643378,5.98323
2024-10-07 15:15:00,7.281532369,6.0260544
2024-10-07 15:30:00,10.56501189,5.5941596
2024-10-07 15:45:00,5.038892000999999,5.6118474
2024-10-07 16:00:00,7.803241756000001,5.6670647
2024-10-07 16:15:00,7.028195792,5.738152
2024-10-07 16:30:00,9.668645739,5.676656
2024-10-07 16:45:00,6.281034330000001,5.6471314
2024-10-07 17:00:00,6.770369859,5.7847676
2024-10-07 17:15:00,5.62239927,5.8671827
2024-10-07 17:30:00,2.615527626,6.0648227
2024-10-07 17:45:00,9.959298948,6.1057568
2024-10-07 18:00:00,10.6864721,5.962223
2024-10-07 18:15:00,8.787761626,5.9145174
2024-10-07 18:30:00,4.840247367999999,5.9815316
2024-10-07 18:45:00,4.827645168,6.145801
2024-10-07 19:00:00,1.502772994,6.3105564
2024-10-07 19:15:00,1.9651246320000002,6.5176463
2024-10-07 19:30:00,6.710109155999999,6.515546
2024-10-07 19:45:00,1.6283879840000002,6.4721622
2024-10-07 20:00:00,2.159451095,6.655818
2024-10-07 20:15:00,3.896517775,6.602751
2024-10-07 20:30:00,5.506667897,6.549874
2024-10-07 20:45:00,5.982056837,6.648288
2024-10-07 21:00:00,4.444440862,6.538757
2024-10-07 21:15:00,10.97248102,6.5213246
2024-10-07 21:30:00,11.34022055,6.419702
2024-10-07 21:45:00,1.788753101,6.397148
2024-10-07 22:00:00,11.405850620000002,6.3078294
2024-10-07 22:15:00,2.9757586539999994,6.2535443
2024-10-07 22:30:00,4.525171788999999,6.318224
2024-10-07 22:45:00,9.575972487,6.3644466
2024-10-07 23:00:00,8.268719929,6.486377
2024-10-07 23:15:00,1.642041463,6.4007964
2024-10-07 23:30:00,8.839904069,6.304407
2024-10-07 23:45:00,8.222600108,6.3662767
2024-10-08 00:00:00,11.26503245,6.5069323
2024-10-08 00:15:00,10.76937263,6.433541
2024-10-08 00:30:00,10.83195404,6.395716
2024-10-08 00:45:00,6.048557341000001,6.302457
2024-10-08 01:00:00,8.750473064,6.3282547
2024-10-08 01:15:00,11.0302571,6.3153934
2024-10-08 01:30:00,1.179914752,6.1919055
2024-10-08 01:45:00,9.664670411,6.497415
2024-10-08 02:00:00,1.7135100499999998,6.436194
2024-10-08 02:15:00,11.977341330000002,6.7502184
2024-10-08 02:30:00,1.312185442,6.4280405
2024-10-08 02:45:00,7.091043215,6.596424
2024-10-08 03:00:00,6.688612722999999,6.487495
2024-10-08 03:15:00,4.326551057,6.6718283
2024-10-08 03:30:00,9.272490728,6.684691
2024-10-08 03:45:00,3.718019103,6.80112
2024-10-08 04:00:00,4.269885410999999,6.842447
2024-10-08 04:15:00,3.266590095,6.9371095
2024-10-08 04:30:00,8.274410095,7.0515795
2024-10-08 04:45:00,3.014671558,6.933518
2024-10-08 05:00:00,10.34775778,7.119401
2024-10-08 05:15:00,4.149516920999999,6.97678
2024-10-08 05:30:00,6.712539768,7.0308456
2024-10-08 05:45:00,5.838784215,6.977504
2024-10-08 06:00:00,8.949379388,6.806602
2024-10-08 06:15:00,3.54481316,6.599815
2024-10-08 06:30:00,9.231670969,6.689763
2024-10-08 06:45:00,9.565975956,6.6493855
2024-10-08 07:00:00,4.760225612,6.7091627
2024-10-08 07:15:00,2.28084876,6.5680304
2024-10-08 07:30:00,6.1057056890000005,6.5877113
2024-10-08 07:45:00,11.40404952,6.585743
2024-10-08 08:00:00,1.369432007,6.4430103
2024-10-08 08:15:00,9.208772847,6.413511
2024-10-08 08:30:00,8.404496966,6.470305
2024-10-08 08:45:00,3.162786878,6.4722676
2024-10-08 09:00:00,5.787441428,6.3328776
2024-10-08 09:15:00,7.821134162,6.2054124
2024-10-08 09:30:00,9.106215641,6.1467867
2024-10-08 09:45:00,10.28423972,6.1318927
2024-10-08 10:00:00,9.875873565,6.21806
2024-10-08 10:15:00,4.561138547,6.3294506
2024-10-08 10:30:00,2.278591817,6.384148
2024-10-08 10:45:00,2.284823367,6.5388136
2024-10-08 11:00:00,11.602293400000002,6.6040606
2024-10-08 11:15:00,11.22429632,6.295345
2024-10-08 11:30:00,9.318653768,6.369042
2024-10-08 11:45:00,10.57766317,6.242476
2024-10-08 12:00:00,4.184077056999999,6.068015
2024-10-08 12:15:00,10.38719833,6.1333313
2024-10-08 12:30:00,6.346168639000001,5.9538116
2024-10-08 12:45:00,9.554479657,6.0777006
2024-10-08 13:00:00,8.061535004,6.0521526
2024-10-08 13:15:00,10.03104197,5.952658
2024-10-08 13:30:00,5.343004580999999,5.682742
2024-10-08 13:45:00,11.16392396,5.897897
2024-10-08 14:00:00,3.479649156,5.7902656
2024-10-08 14:15:00,8.163158333,6.1499376
2024-10-08 14:30:00,9.520359019,6.2328086
2024-10-08 14:45:00,7.202490637,6.2582545
2024-10-08 15:00:00,4.1276993,6.1676946
2024-10-08 15:15:00,6.86030769,6.456148
2024-10-08 15:30:00,6.197311832,6.403923
2024-10-08 15:45:00,3.1018792060000004,6.3420095
2024-10-08 16:00:00,9.415816082,6.513342
2024-10-08 16:15:00,3.68372739,6.5397663
2024-10-08 16:30:00,9.353495185,6.6792464
2024-10-08 16:45:00,3.574413548,6.5139437
2024-10-08 17:00:00,6.049606207000001,6.615032
2024-10-08 17:15:00,8.301426006,6.495454
2024-10-08 17:30:00,11.762401390000003,6.5560474
2024-10-08 17:45:00,3.782394277,6.2955303
2024-10-08 18:00:00,7.942981322,6.57369
2024-10-08 18:15:00,2.854524434,6.6101837
2024-10-08 18:30:00,9.664000212,6.9186063
2024-10-08 18:45:00,10.27012345,6.6537895
2024-10-08 19:00:00,9.891024041,6.632676
2024-10-08 19:15:00,11.09066448,6.5855837
2024-10-08 19:30:00,4.974293684,6.46411
2024-10-08 19:45:00,8.048973088,6.6082163
2024-10-08 20:00:00,4.691238667,6.4248924
2024-10-08 20:15:00,9.087937322,6.4271593
2024-10-08 20:30:00,5.335867832,6.113055
2024-10-08 20:45:00,6.813053334,6.1535654
2024-10-08 21:00:00,2.656240326,6.133264
2024-10-08 21:15:00,10.0977878,6.651219
2024-10-08 21:30:00,6.073061802,6.3924794
2024-10-08 21:45:00,7.807650261000001,6.3950243
2024-10-08 22:00:00,8.425474941,6.3978086
2024-10-08 22:15:00,3.851208448,6.3981624
2024-10-08 22:30:00,9.029238094,6.6938343
2024-10-08 22:45:00,9.686482695,6.4538684
2024-10-08 23:00:00,6.782947409,6.4804225
2024-10-08 23:15:00,11.0392675,6.2483892
2024-10-08 23:30:00,2.833817676,5.9094944
2024-10-08 23:45:00,5.384070711999999,6.125554
2024-10-09 00:00:00,1.5703712579999998,6.1961
2024-10-09 00:15:00,5.33243428,6.42438
2024-10-09 00:30:00,11.99109094,6.3699865
2024-10-09 00:45:00,6.272858907999999,6.292916
2024-10-09 01:00:00,5.531731199,6.416122
2024-10-09 01:15:00,8.481499204,6.2842617
2024-10-09 01:30:00,1.620562948,6.192674
2024-10-09 01:45:00,4.720921772,6.2256217
2024-10-09 02:00:00,6.559385297,6.290925
2024-10-09 02:15:00,6.26123265,6.3340344
2024-10-09 02:30:00,7.4844031950000005,6.264308
2024-10-09 02:45:00,2.621006567,6.2849107
2024-10-09 03:00:00,5.112624652,6.289307
2024-10-09 03:15:00,8.17359331,6.4270954
2024-10-09 03:30:00,4.381818547,6.3297286
2024-10-09 03:45:00,7.357391388000001,6.6110196
2024-10-09 04:00:00,11.45614769,6.575428
2024-10-09 04:15:00,10.90513049,6.62275
2024-10-09 04:30:00,8.912734613,6.4290967
2024-10-09 04:45:00,3.202761978,6.3202667
2024-10-09 05:00:00,9.412980081,6.387007
2024-10-09 05:15:00,5.230665988,6.1736336
2024-10-09 05:30:00,11.11479922,6.3231363
2024-10-09 05:45:00,7.349293033,5.7549314
2024-10-09 06:00:00,3.448522436,5.9491296
2024-10-09 06:15:00,4.4418011239999995,5.9598737
2024-10-09 06:30:00,4.674858389,6.129285
2024-10-09 06:45:00,3.6239631159999997,6.1201816
2024-10-09 07:00:00,8.671620608,6.174439
2024-10-09 07:15:00,4.30803192,6.122985
2024-10-09 07:30:00,3.0487939269999997,6.13609
2024-10-09 07:45:00,7.226798794,6.2770333
2024-10-09 08:00:00,5.564794382999999,6.324267
2024-10-09 08:15:00,1.359827324,6.429659
2024-10-09 08:30:00,4.129379926999999,6.417813
2024-10-09 08:45:00,1.470382254,6.5537095
2024-10-09 09:00:00,8.72642749,6.516431
2024-10-09 09:15:00,11.00607866,6.519634
2024-10-09 09:30:00,6.012641583999999,6.4958158
2024-10-09 09:45:00,6.737992727,6.647753
2024-10-09 10:00:00,9.372496939,6.4905424
2024-10-09 10:15:00,1.321813778,6.3975387
2024-10-09 10:30:00,3.051626869,6.2416053
2024-10-09 10:45:00,8.061544126,6.012943
2024-10-09 11:00:00,8.103292829,6.042433
2024-10-09 11:15:00,7.637941924,6.061136
2024-10-09 11:30:00,10.99695019,6.168932
2024-10-09 11:45:00,5.278463376999999,6.1140275
2024-10-09 12:00:00,6.945538591,6.242533
2024-10-09 12:15:00,10.6992522,6.351526
2024-10-09 12:30:00,10.1096721,6.1279573
2024-10-09 12:45:00,1.408371665,5.9294324
2024-10-09 13:00:00,4.873837182,5.9557295
2024-10-09 13:15:00,8.533145941,6.051008
2024-10-09 13:30:00,1.200228373,5.974278
2024-10-09 13:45:00,10.26448336,6.117477
2024-10-09 14:00:00,6.031057665999999,6.0627236
2024-10-09 14:15:00,2.064584098,6.258437
2024-10-09 14:30:00,5.747203909,6.4280925
2024-10-09 14:45:00,6.226535177000001,6.4244256
2024-10-09 15:00:00,4.805835233999999,6.377882
2024-10-09 15:15:00,5.72662697,6.431868
2024-10-09 15:30:00,10.4318852,6.5193925
2024-10-09 15:45:00,4.626643403999999,6.449239
2024-10-09 16:00:00,11.02956018,6.5617523
2024-10-09 16:15:00,7.935123857,6.4504457
2024-10-09 16:30:00,10.57053396,6.3563004
2024-10-09 16:45:00,3.53998472,6.291708
2024-10-09 17:00:00,6.621404632999999,6.469997
2024-10-09 17:15:00,7.331050214,6.3734922
2024-10-09 17:30:00,2.133130955,6.267834
2024-10-09 17:45:00,6.356160495,6.409429
2024-10-09 18:00:00,10.7282355,6.4363775
2024-10-09 18:15:00,1.763888763,6.3772
2024-10-09 18:30:00,7.118439478,6.696223
2024-10-09 18:45:00,11.85016729,6.8001533
2024-10-09 19:00:00,6.337848183,6.4908524
2024-10-09 19:15:00,4.401458205,6.597123
2024-10-09 19:30:00,7.31308562,6.8118963
2024-10-09 19:45:00,6.870921657999999,6.832596
2024-10-09 20:00:00,2.260213875,6.856757
2024-10-09 20:15:00,3.348084705,6.873059
2024-10-09 20:30:00,7.901872881999999,7.0186996
2024-10-09 20:45:00,7.104383868,6.7988534
2024-10-09 21:00:00,4.801847337999999,6.851744
2024-10-09 21:15:00,10.86069333,6.8661914
2024-10-09 21:30:00,8.209884917,6.76185
2024-10-09 21:45:00,3.617706096,6.679846
2024-10-09 22:00:00,6.037968856,6.5800533
2024-10-09 22:15:00,8.919857441,6.618242
2024-10-09 22:30:00,7.891298020000001,6.534984
2024-10-09 22:45:00,3.6382982250000007,6.467548
2024-10-09 23:00:00,7.817208820000001,6.346134
2024-10-09 23:15:00,4.924552625,6.222942
2024-10-09 23:30:00,5.852923323,6.0867248
2024-10-09 23:45:00,7.77786276,6.124619
2024-10-10 00:00:00,7.2974907,6.3278213
2024-10-10 00:15:00,8.384110223,6.278479
2024-10-10 00:30:00,5.350984505,6.2193365
2024-10-10 00:45:00,8.742163737,6.1814137
2024-10-10 01:00:00,1.331824857,6.0473866
2024-10-10 01:15:00,3.0149329699999994,6.1613417
2024-10-10 01:30:00,11.79138603,6.195338
2024-10-10 01:45:00,2.008572548,6.1841035
2024-10-10 02:00:00,8.052371003,6.141368
2024-10-10 02:15:00,10.80306178,6.098975
2024-10-10 02:30:00,9.825228873,6.265375
2024-10-10 02:45:00,10.24250353,6.2273054
2024-10-10 03:00:00,11.50085785,6.207611
2024-10-10 03:15:00,4.597609454,6.211877
2024-10-10 03:30:00,4.702715218,6.3863106
2024-10-10 03:45:00,2.46540451,6.218818
2024-10-10 04:00:00,3.412909396,6.2464085
2024-10-10 04:15:00,7.942769465,6.076172
2024-10-10 04:30:00,4.602544668,6.0389695
2024-10-10 04:45:00,4.54297493,6.209337
2024-10-10 05:00:00,7.617148500999999,6.273362
2024-10-10 05:15:00,2.196316438,6.4710727
2024-10-10 05:30:00,1.7193963110000001,6.508752
2024-10-10 05:45:00,9.478195575,6.6234
2024-10-10 06:00:00,9.597187884,6.678767
2024-10-10 06:15:00,5.298434349,6.401132
2024-10-10 06:30:00,7.044578341,6.3119717
2024-10-10 06:45:00,3.3907769999999995,6.177966
2024-10-10 07:00:00,5.110439691,6.07576
2024-10-10 07:15:00,1.4460244330000003,6.0709605
2024-10-10 07:30:00,4.016364951,6.104943
2024-10-10 07:45:00,1.369446196,5.9753118
2024-10-10 08:00:00,5.501352282,6.0718455
2024-10-10 08:15:00,6.593364717000001,6.2070446
2024-10-10 08:30:00,6.487598927,6.424077
2024-10-10 08:45:00,4.577763769,6.510444
2024-10-10 09:00:00,3.375637391,6.4498186
2024-10-10 09:15:00,5.747539634,6.40174
2024-10-10 09:30:00,10.67230826,6.487851
2024-10-10 09:45:00,11.48006077,6.5253525
2024-10-10 10:00:00,4.555551259,6.3417273
2024-10-10 10:15:00,10.62465385,6.5472283
2024-10-10 10:30:00,5.470408031,6.317952
2024-10-10 10:45:00,7.542795466,6.2679954
2024-10-10 11:00:00,9.699836954,6.139082
2024-10-10 11:15:00,4.958443366999999,6.131277
2024-10-10 11:30:00,3.155910631,6.1790504
2024-10-10 11:45:00,4.080579672,6.255206
2024-10-10 12:00:00,9.891254371,6.228623
2024-10-10 12:15:00,10.56703803,6.086684
2024-10-10 12:30:00,2.44572011,6.031072
2024-10-10 12:45:00,7.964850813,6.2827144
2024-10-10 13:00:00,1.5080648009999997,6.2263103
2024-10-10 13:15:00,10.79636713,6.275757
2024-10-10 13:30:00,10.23907004,6.1166434
2024-10-10 13:45:00,8.573162736,6.1221333
2024-10-10 14:00:00,9.570815074,6.209383
2024-10-10 14:15:00,6.917970431,6.1047344
2024-10-10 14:30:00,2.795201622,6.072261
2024-10-10 14:45:00,10.37709489,6.139263
2024-10-10 15:00:00,2.544165524,6.030468
2024-10-10 15:15:00,3.389466387,6.223426
2024-10-10 15:30:00,5.471594413,6.3556094
2024-10-10 15:45:00,6.143422977,6.4325104
2024-10-10 16:00:00,2.163591481,6.424346
2024-10-10 16:15:00,8.869727712,6.521238
2024-10-10 16:30:00,2.552317539,6.4624453
2024-10-10 16:45:00,8.200048576,6.667181
2024-10-10 17:00:00,6.253618164,6.65544
2024-10-10 17:15:00,10.02325377,6.720801
2024-10-10 17:30:00,4.301837359,6.5073853
2024-10-10 17:45:00,10.08760908,6.6211863
2024-10-10 18:00:00,3.733764023,6.4759088
2024-10-10 18:15:00,6.720436117,6.5657268
2024-10-10 18:30:00,6.097546293999999,6.4149547
2024-10-10 18:45:00,4.488955638,6.7018013
2024-10-10 19:00:00,1.166640237,6.6657743
2024-10-10 19:15:00,5.228155463,6.7054596
2024-10-10 19:30:00,2.355204535,6.6255946
2024-10-10 19:45:00,3.5316468269999994,6.764559
2024-10-10 20:00:00,8.626665087,6.8368354
2024-10-10 20:15:00,6.865110488,6.8669534
2024-10-10 20:30:00,6.518763697999999,6.8079824
2024-10-10 20:45:00,6.951505365,6.642283
2024-10-10 21:00:00,2.43950406,6.502088
2024-10-10 21:15:00,2.739924249,6.4496555
2024-10-10 21:30:00,6.613523567,6.5605044
2024-10-10 21:45:00,5.564753271,6.538356
2024-10-10 22:00:00,6.367119767,6.5278335
2024-10-10 22:15:00,10.17938788,6.5670156
2024-10-10 22:30:00,3.148852724,6.4018583
2024-10-10 22:45:00,10.39232871,6.4369245
2024-10-10 23:00:00,10.75271943,6.1383905
2024-10-10 23:15:00,10.32555274,5.997612
2024-10-10 23:30:00,7.633409105999999,5.893967
2024-10-10 23:45:00,9.640149048,5.9430184
2024-10-11 00:00:00,11.535888620000001,6.013289
2024-10-11 00:15:00,6.075242541,5.767299
2024-10-11 00:30:00,10.65201354,5.708708
2024-10-11 00:45:00,11.00163555,5.800108
2024-10-11 01:00:00,4.433853575999999,5.669885
2024-10-11 01:15:00,5.812522964,5.8609133
2024-10-11 01:30:00,6.913175171,5.83305
2024-10-11 01:45:00,4.747776072999999,6.0057626
2024-10-11 02:00:00,4.343383837,6.12213
2024-10-11 02:15:00,5.095720607,6.1546693
2024-10-11 02:30:00,5.680047178,6.1227727
2024-10-11 02:45:00,4.067790937999999,6.225957
2024-10-11 03:00:00,6.093774621,6.1850214
2024-10-11 03:15:00,9.463692178,6.155721
2024-10-11 03:30:00,7.896601942000001,6.05159
2024-10-11 03:45:00,5.12251902,6.085026
2024-10-11 04:00:00,2.94697837,6.1061444
2024-10-11 04:15:00,9.892472835,6.1629357
2024-10-11 04:30:00,6.490272939999999,6.0138545
2024-10-11 04:45:00,11.37770461,5.9226036
2024-10-11 05:00:00,3.750825309,5.837106
2024-10-11 05:15:00,3.021225624,5.992623
2024-10-11 05:30:00,1.207160915,6.0978446
2024-10-11 05:45:00,1.953407677,6.380009
2024-10-11 06:00:00,4.897354781999999,6.348644
2024-10-11 06:15:00,3.2254998190000004,6.2777457
2024-10-11 06:30:00,1.540762129,6.460779
2024-10-11 06:45:00,3.631486729,6.6529636
2024-10-11 07:00:00,8.782709363,6.5687776
2024-10-11 07:15:00,8.284746454,6.7035804
2024-10-11 07:30:00,2.742767763,6.644186
2024-10-11 07:45:00,10.43534263,6.4731736
2024-10-11 08:00:00,2.786679711,6.4206367
2024-10-11 08:15:00,2.079786203,6.2956214
2024-10-11 08:30:00,2.608530682,6.2187223
2024-10-11 08:45:00,2.516683663,6.2824655
2024-10-11 09:00:00,7.891903912,6.2687287
2024-10-11 09:15:00,2.558517247,6.3759956
2024-10-11 09:30:00,7.330002584,6.5784698
2024-10-11 09:45:00,3.9765637380000003,6.5840225
2024-10-11 10:00:00,3.627125624,6.432098
2024-10-11 10:15:00,9.829141533,6.5553265
2024-10-11 10:30:00,3.4106078,6.4158864
2024-10-11 10:45:00,10.31365932,6.4783635
2024-10-11 11:00:00,4.301552512999999,6.167519
2024-10-11 11:15:00,11.98401224,6.143228
2024-10-11 11:30:00,11.4145433,6.0831585
2024-10-11 11:45:00,9.409318137,6.080542
2024-10-11 12:00:00,10.20351986,5.9445715
2024-10-11 12:15:00,9.805860563,5.7871523
2024-10-11 12:30:00,7.892841466,5.5499277
2024-10-11 12:45:00,10.065242,5.686494
2024-10-11 13:00:00,7.468046158000001,5.5390463
2024-10-11 13:15:00,9.546515339,5.551786
2024-10-11 13:30:00,10.47587157,5.520476
2024-10-11 13:45:00,8.815944887,5.4370704
2024-10-11 14:00:00,10.91789139,5.344033
2024-10-11 14:15:00,5.774526379,5.4610944
2024-10-11 14:30:00,10.24961792,5.424217
2024-10-11 14:45:00,3.482977103,5.6034236
2024-10-11 15:00:00,1.501681899,5.8097596
2024-10-11 15:15:00,2.643750531,6.1870556
2024-10-11 15:30:00,3.019170701,6.357542
2024-10-11 15:45:00,9.803587273,6.396198
2024-10-11 16:00:00,5.210668576999999,6.407201
2024-10-11 16:15:00,3.489294117,6.6305594
2024-10-11 16:30:00,9.190469904,6.8375635
2024-10-11 16:45:00,3.274280477,6.7451987
2024-10-11 17:00:00,1.8835906280000003,6.821382
2024-10-11 17:15:00,5.6330246719999995,6.997053
2024-10-11 17:30:00,2.003211983,7.0722456
2024-10-11 17:45:00,3.851115074,7.226669
2024-10-11 18:00:00,8.369449447,7.300848
2024-10-11 18:15:00,4.955322605999999,7.199791
2024-10-11 18:30:00,2.008224608,7.0833244
2024-10-11 18:45:00,5.396129339,7.136358
2024-10-11 19:00:00,6.330303609,7.127335
2024-10-11 19:15:00,3.79326103,7.052878
2024-10-11 19:30:00,2.786417572,7.163437
2024-10-11 19:45:00,8.823376827,7.3115215
2024-10-11 20:00:00,1.865331313,7.153077
2024-10-11 20:15:00,10.94428122,7.1319437
2024-10-11 20:30:00,1.287213841,6.97102
2024-10-11 20:45:00,7.969008772,7.1361566
2024-10-11 21:00:00,2.583251164,7.0676126
2024-10-11 21:15:00,7.094463025999999,7.058032
2024-10-11 21:30:00,3.235221811,6.9512606
2024-10-11 21:45:00,1.4625145,6.9775004
2024-10-11 22:00:00,10.04893348,6.9338346
2024-10-11 22:15:00,5.390181649999999,6.8387737
2024-10-11 22:30:00,4.048663927,6.7530375
2024-10-11 22:45:00,11.18274833,6.627171
2024-10-11 23:00:00,1.905732849,6.4408407
2024-10-11 23:15:00,4.957733525,6.3627467
2024-10-11 23:30:00,3.039264051,6.3205543
2024-10-11 23:45:00,11.38524903,6.3309402
2024-10-12 00:00:00,6.650190749,6.2626915
2024-10-12 00:15:00,9.534520664,6.187875
2024-10-12 00:30:00,2.741047604,6.141936
2024-10-12 00:45:00,4.455849564,6.0714235
2024-10-12 01:00:00,7.873652978,6.115141
2024-10-12 01:15:00,2.986480973,6.0177364
2024-10-12 01:30:00,6.375224712,6.0067863
2024-10-12 01:45:00,10.79149733,6.060031
2024-10-12 02:00:00,10.24406365,6.1380725
2024-10-12 02:15:00,4.839636688999999,6.099701
2024-10-12 02:30:00,6.3792727000000005,6.14742
2024-10-12 02:45:00,3.20016732,6.200067
2024-10-12 03:00:00,11.50632427,6.3535066
2024-10-12 03:15:00,6.250711948,6.1680527
2024-10-12 03:30:00,3.518921043,6.3151574
2024-10-12 03:45:00,9.870707943,6.445829
2024-10-12 04:00:00,5.554000512999999,6.45011
2024-10-12 04:15:00,7.375500843,6.5227895
2024-10-12 04:30:00,10.07210285,6.5649104
2024-10-12 04:45:00,4.273548979,6.5597296
2024-10-12 05:00:00,7.220354612,6.627373
2024-10-12 05:15:00,1.700567067,6.7043395
2024-10-12 05:30:00,3.629903062,6.984369
2024-10-12 05:45:00,2.445184246,6.893681
2024-10-12 06:00:00,7.398387691,7.0419374
2024-10-12 06:15:00,3.5544875999999994,7.06314
2024-10-12 06:30:00,9.107487931,7.3286414
2024-10-12 06:45:00,9.205231815,7.119657
2024-10-12 07:00:00,9.523592469,7.0475655
2024-10-12 07:15:00,2.62112465,6.8219743
2024-10-12 07:30:00,6.232809380999999,6.9308596
2024-10-12 07:45:00,8.411322014,6.921186
2024-10-12 08:00:00,4.588387636,6.843791
2024-10-12 08:15:00,3.812276752,6.9210725
2024-10-12 08:30:00,8.530769887,6.9251313
2024-10-12 08:45:00,5.100320984,7.012784
2024-10-12 09:00:00,3.3616003609999994,7.2158413
2024-10-12 09:15:00,7.069492699,7.098068
2024-10-12 09:30:00,7.428965854000001,6.985528
2024-10-12 09:45:00,9.095288252,6.8553095
2024-10-12 10:00:00,1.551730073,6.7635336
2024-10-12 10:15:00,2.909445197,6.6109633
2024-10-12 10:30:00,9.079571193,6.691427
2024-10-12 10:45:00,6.662964231999999,6.6770935
2024-10-12 11:00:00,9.824795273,6.641773
2024-10-12 11:15:00,5.376168973,6.480453
2024-10-12 11:30:00,5.722752182000001,6.4437947
2024-10-12 11:45:00,5.228462845999999,6.2476325
2024-10-12 12:00:00,8.346871467,6.467298
2024-10-12 12:15:00,7.274579881,6.188044
2024-10-12 12:30:00,5.305657084999999,6.222827
2024-10-12 12:45:00,3.235392799,6.235141
2024-10-12 13:00:00,1.244437729,6.400151
2024-10-12 13:15:00,2.050066799,6.4368935
2024-10-12 13:30:00,2.243479661,6.4766254
2024-10-12 13:45:00,6.829652257,6.558957
2024-10-12 14:00:00,9.507169498,6.521415
2024-10-12 14:15:00,5.62141922,6.4667196
2024-10-12 14:30:00,5.159739446,6.535922
2024-10-12 14:45:00,2.596581653,6.5728374
2024-10-12 15:00:00,10.30406416,6.647611
2024-10-12 15:15:00,8.300683096,6.4805107
2024-10-12 15:30:00,5.208419049,6.452987
2024-10-12 15:45:00,2.140992544,6.476719
2024-10-12 16:00:00,10.42122517,6.6139655
2024-10-12 16:15:00,2.845808589,6.499754
2024-10-12 16:30:00,8.103941329,6.546893
2024-10-12 16:45:00,4.833370374999999,6.4970336
2024-10-12 17:00:00,10.09858188,6.562033
2024-10-12 17:15:00,7.356779305,6.4641886
2024-10-12 17:30:00,3.5174647410000004,6.3940806
2024-10-12 17:45:00,1.245287487,6.5468225
2024-10-12 18:00:00,3.0962334610000006,6.7836823
2024-10-12 18:15:00,4.727127688,6.8275433
2024-10-12 18:30:00,8.022916654,6.6815968
2024-10-12 18:45:00,3.4545462830000004,6.549886
2024-10-12 19:00:00,4.124673512,6.521942
2024-10-12 19:15:00,5.640125333,6.6767797
2024-10-12 19:30:00,1.6497872140000003,6.773318
2024-10-12 19:45:00,9.58241639,6.7425666
2024-10-12 20:00:00,1.910924936,6.828799
2024-10-12 20:15:00,8.751565978,6.899074
2024-10-12 20:30:00,3.7495468350000003,6.885981
2024-10-12 20:45:00,5.910752223999999,6.8643627
2024-10-12 21:00:00,5.1215161149999995,6.819267
2024-10-12 21:15:00,3.491723806,6.738071
2024-10-12 21:30:00,3.6534951059999994,6.6010575
2024-10-12 21:45:00,10.84906749,6.6339
2024-10-12 22:00:00,4.264527762999999,6.5787973
2024-10-12 22:15:00,3.1599351679999996,6.533204
2024-10-12 22:30:00,3.643332079,6.621104
2024-10-12 22:45:00,8.499477553,6.707164
2024-10-12 23:00:00,4.495503188,6.6359205
2024-10-12 23:15:00,2.880235594,6.7227054
2024-10-12 23:30:00,5.225463324999999,6.711888
2024-10-12 23:45:00,2.373581304,6.6175003
2024-10-13 00:00:00,5.297753046,6.6998444
2024-10-13 00:15:00,10.06081241,6.776059
2024-10-13 00:30:00,5.021968655,6.7569346
2024-10-13 00:45:00,6.519515866,6.7063327
2024-10-13 01:00:00,9.523762661,6.654903
2024-10-13 01:15:00,6.181725458,6.6111326
2024-10-13 01:30:00,1.6087643430000003,6.5814095
2024-10-13 01:45:00,3.403609968,6.510013
2024-10-13 02:00:00,10.62730569,6.424248
2024-10-13 02:15:00,9.188556317,6.4054947
2024-10-13 02:30:00,8.551451514,6.390335
2024-10-13 02:45:00,7.11277283,6.526957
2024-10-13 03:00:00,4.469480077,6.4975414
2024-10-13 03:15:00,8.127544616,6.4140596
2024-10-13 03:30:00,8.217757811,6.2999144
2024-10-13 03:45:00,7.765271871,6.292867
2024-10-13 04:00:00,6.565266868,6.3420377
2024-10-13 04:15:00,4.1101467739999995,6.253805
2024-10-13 04:30:00,5.715249219,6.229848
2024-10-13 04:45:00,6.429609978000001,6.3980155
2024-10-13 05:00:00,3.4773887660000002,6.63077
2024-10-13 05:15:00,3.310826973,6.777506
2024-10-13 05:30:00,9.236029399,6.7975073
2024-10-13 05:45:00,4.393105865999999,6.796527
2024-10-13 06:00:00,10.96542396,6.8584285
2024-10-13 06:15:00,6.0773690149999995,6.681098
2024-10-13 06:30:00,7.543697391,6.717431
2024-10-13 06:45:00,6.275881738,6.673833
2024-10-13 07:00:00,6.081341208,6.675617
2024-10-13 07:15:00,10.5838618,6.932862
2024-10-13 07:30:00,2.086324833,6.7654963
2024-10-13 07:45:00,4.705815011,6.7354574
2024-10-13 08:00:00,3.9368207989999995,6.659474
2024-10-13 08:15:00,4.691249079,6.569776
2024-10-13 08:30:00,10.43294071,6.4899983
2024-10-13 08:45:00,1.83183594,6.612617
2024-10-13 09:00:00,3.763216447,6.6504674
2024-10-13 09:15:00,9.543230411,6.6680284
2024-10-13 09:30:00,3.737859514,6.627842
2024-10-13 09:45:00,9.865023694,6.5784426
2024-10-13 10:00:00,4.433025773999999,6.534312
2024-10-13 10:15:00,2.263257057,6.5618114
2024-10-13 10:30:00,6.265146307,6.4854193
2024-10-13 10:45:00,6.178563030000001,6.5141726
2024-10-13 11:00:00,1.590627825,6.4935417
2024-10-13 11:15:00,9.101674909,6.4205394
2024-10-13 11:30:00,2.470303829,6.414809
2024-10-13 11:45:00,3.476497051,6.475614
2024-10-13 12:00:00,6.996058587000001,6.4148254
2024-10-13 12:15:00,11.02592107,6.5377727
2024-10-13 12:30:00,1.434829459,6.562186
2024-10-13 12:45:00,9.95247653,6.512266
2024-10-13 13:00:00,8.942261662,6.4635744
2024-10-13 13:15:00,2.9223072020000003,6.2346864
2024-10-13 13:30:00,5.08495622,6.301296
2024-10-13 13:45:00,10.81514543,6.30746
2024-10-13 14:00:00,2.811416781,6.2460356
2024-10-13 14:15:00,2.355469894,6.235833
2024-10-13 14:30:00,8.875180142,6.294564
2024-10-13 14:45:00,5.913721117999999,6.337574
2024-10-13 15:00:00,4.189878633,6.2774405
2024-10-13 15:15:00,2.9264740219999994,6.2956324
2024-10-13 15:30:00,8.922724834,6.218973
2024-10-13 15:45:00,5.830183391,6.200685
2024-10-13 16:00:00,3.6853956979999998,6.053473
2024-10-13 16:15:00,10.32791424,6.0325336
2024-10-13 16:30:00,6.626924593999999,6.0275855
2024-10-13 16:45:00,4.794629427,6.052341
2024-10-13 17:00:00,8.454836829,6.1072464
2024-10-13 17:15:00,6.237664174,5.9271855
2024-10-13 17:30:00,1.287222752,6.0399923
2024-10-13 17:45:00,10.0005244,6.046882
2024-10-13 18:00:00,1.960833855,5.967768
2024-10-13 18:15:00,11.47466333,6.141469
2024-10-13 18:30:00,5.190711619999999,6.383603
2024-10-13 18:45:00,7.155939021,6.33719
2024-10-13 19:00:00,11.07212701,6.3455453
2024-10-13 19:15:00,4.015070765,6.4319687
2024-10-13 19:30:00,6.259219965999999,6.4993353
2024-10-13 19:45:00,8.420129824,6.475016
2024-10-13 20:00:00,5.792287655,6.545805
2024-10-13 20:15:00,4.759778859,6.5349026
2024-10-13 20:30:00,2.357069987,6.6058884
2024-10-13 20:45:00,6.085839030999999,6.7061076
2024-10-13 21:00:00,6.780618997,6.6656127
2024-10-13 21:15:00,3.363572937,6.5970454
2024-10-13 21:30:00,4.681642965,6.8030543
2024-10-13 21:45:00,4.278906263999999,6.7467456
2024-10-13 22:00:00,5.765374179,6.83981
2024-10-13 22:15:00,8.557587351,6.761715
2024-10-13 22:30:00,4.474261402,6.779918
2024-10-13 22:45:00,3.786346237,6.6308603
2024-10-13 23:00:00,9.979051925,6.660048
2024-10-13 23:15:00,9.860731402,6.5620003
2024-10-13 23:30:00,9.709167703,6.4201126
2024-10-13 23:45:00,9.001011682,6.393556
2024-10-14 00:00:00,10.33038956,6.271328
2024-10-14 00:15:00,8.343454439,6.245914
2024-10-14 00:30:00,2.862877495,6.2543383
2024-10-14 00:45:00,1.5371909,6.4122977
2024-10-14 01:00:00,2.8648628819999997,6.5249996
2024-10-14 01:15:00,4.851901683,6.614245
2024-10-14 01:30:00,1.646529372,6.5646377
2024-10-14 01:45:00,8.959786761,6.5815926
2024-10-14 02:00:00,7.93696754,6.5837364
2024-10-14 02:15:00,8.522292447,6.696907
2024-10-14 02:30:00,2.110314733,6.72881
2024-10-14 02:45:00,4.561843806999999,6.7232533
2024-10-14 03:00:00,5.630861747,6.767865
2024-10-14 03:15:00,7.055250293,7.0093203
2024-10-14 03:30:00,9.615232367,6.8572617
2024-10-14 03:45:00,11.3230054,6.738699
2024-10-14 04:00:00,2.116618962,6.7423224
2024-10-14 04:15:00,7.569509028,6.6912885
2024-10-14 04:30:00,2.53067001,6.701592
2024-10-14 04:45:00,4.558063483999999,6.677753
2024-10-14 05:00:00,9.034112218,6.6145473
2024-10-14 05:15:00,12.117770370000002,6.638664
2024-10-14 05:30:00,6.854337712,6.5863547
2024-10-14 05:45:00,4.683934563,6.616569
2024-10-14 06:00:00,3.5463648589999996,6.603547
2024-10-14 06:15:00,9.564321833,6.6571984
2024-10-14 06:30:00,10.64544043,6.610845
2024-10-14 06:45:00,9.81291454,6.5909166
2024-10-14 07:00:00,6.721233157000001,6.5582604
2024-10-14 07:15:00,6.928806499000001,6.5411153
2024-10-14 07:30:00,10.59845756,6.4686756
2024-10-14 07:45:00,10.69501166,6.3720074
2024-10-14 08:00:00,11.02183814,6.345299
2024-10-14 08:15:00,8.115472996,6.2941055
2024-10-14 08:30:00,3.158668135,6.3171153
2024-10-14 08:45:00,4.593928568999999,6.306967
2024-10-14 09:00:00,3.825013574,6.438274
2024-10-14 09:15:00,2.991337781,6.5350013
2024-10-14 09:30:00,3.7383410469999996,6.372627
2024-10-14 09:45:00,9.755071521,6.4707136
2024-10-14 10:00:00,8.680868686,6.6089807
2024-10-14 10:15:00,1.57950276,6.695177
2024-10-14 10:30:00,2.512235013,6.77035
2024-10-14 10:45:00,11.71423145,6.838816
2024-10-14 11:00:00,3.598549838,6.6930923
2024-10-14 11:15:00,7.77483913,6.819942
2024-10-14 11:30:00,3.133782077,6.7831497
2024-10-14 11:45:00,3.428797129,6.7893715
2024-10-14 12:00:00,6.506049539,6.6893363
2024-10-14 12:15:00,6.344618135,6.6483374
2024-10-14 12:30:00,7.579860839,6.6040516
2024-10-14 12:45:00,2.819521079,6.585365
2024-10-14 13:00:00,3.780338364,6.6054306
2024-10-14 13:15:00,7.416616607000001,6.5618978
2024-10-14 13:30:00,2.299250107,6.292887
2024-10-14 13:45:00,10.74456431,6.358175
2024-10-14 14:00:00,2.9579997639999998,6.2092214
2024-10-14 14:15:00,5.885261299999999,6.2420177
2024-10-14 14:30:00,2.349870157,6.1322136
2024-10-14 14:45:00,8.167871058,6.2074466
2024-10-14 15:00:00,4.475673502,6.0151315
2024-10-14 15:15:00,1.958414582,6.081855
2024-10-14 15:30:00,7.182321754,6.04821
2024-10-14 15:45:00,11.745211110000001,6.023871
2024-10-14 16:00:00,9.621318173,5.8469515
2024-10-14 16:15:00,8.197989677,5.8719163
2024-10-14 16:30:00,1.254880591,5.786505
2024-10-14 16:45:00,10.53179836,5.939853
2024-10-14 17:00:00,10.52100548,5.9615784
2024-10-14 17:15:00,1.5787406989999997,5.931313
2024-10-14 17:30:00,2.493231093,5.8876557
2024-10-14 17:45:00,6.087321391,5.957308
2024-10-14 18:00:00,5.123605888,5.9495754
2024-10-14 18:15:00,4.394837271,5.937424
2024-10-14 18:30:00,3.0085718229999996,5.888103
2024-10-14 18:45:00,7.330733365,5.970337
2024-10-14 19:00:00,9.484417288,6.0120645
2024-10-14 19:15:00,10.73089707,6.0217986
2024-10-14 19:30:00,4.121975648,5.9683943
2024-10-14 19:45:00,8.360161533,6.00847
2024-10-14 20:00:00,9.330986608,6.0380225
2024-10-14 20:15:00,6.439574229,6.040173
2024-10-14 20:30:00,10.48479365,6.0256596
2024-10-14 20:45:00,1.453300215,5.964173
2024-10-14 21:00:00,10.05732088,6.3035
2024-10-14 21:15:00,10.13825809,6.157792
2024-10-14 21:30:00,2.405099462,6.187834
2024-10-14 21:45:00,5.757518704,6.4477167
2024-10-14 22:00:00,6.9193279169999995,6.5224695
2024-10-14 22:15:00,5.307367585999999,6.4751434
2024-10-14 22:30:00,10.92818256,6.5893855
2024-10-14 22:45:00,8.276470402,6.406772
2024-10-14 23:00:00,2.530118203,6.4199514
2024-10-14 23:15:00,10.80169249,6.3447657
2024-10-14 23:30:00,1.648052433,6.3167925
2024-10-14 23:45:00,7.681578812,6.555025
2024-10-15 00:00:00,6.4770708,6.4184756
2024-10-15 00:15:00,1.862725113,6.341745
2024-10-15 00:30:00,8.315513054,6.2045655
2024-10-15 00:45:00,11.936730229999998,6.1897635
2024-10-15 01:00:00,6.247733546,6.3572884
2024-10-15 01:15:00,6.274106562000001,6.6365743
2024-10-15 01:30:00,5.046349795,6.6545496
2024-10-15 01:45:00,10.37206533,6.751616
2024-10-15 02:00:00,11.36282523,6.439648
2024-10-15 02:15:00,5.607306928999999,6.4813147
2024-10-15 02:30:00,10.07513451,6.5074086
2024-10-15 02:45:00,3.2594588350000007,6.594986
2024-10-15 03:00:00,5.555909746,6.6451793
2024-10-15 03:15:00,3.510279566,6.737459
2024-10-15 03:30:00,3.508796588,6.811773
2024-10-15 03:45:00,10.43166281,6.59034
2024-10-15 04:00:00,8.30907845,6.520307
2024-10-15 04:15:00,1.733658062,6.5316834
2024-10-15 04:30:00,9.690961653,6.589444
2024-10-15 04:45:00,7.119024615000001,6.745324
2024-10-15 05:00:00,9.436859625,6.658901
2024-10-15 05:15:00,7.480932069999999,6.2761645
2024-10-15 05:30:00,5.113305196999999,6.3115454
2024-10-15 05:45:00,6.4808867,6.295425
2024-10-15 06:00:00,2.611016205,6.369082
2024-10-15 06:15:00,4.13460276,6.5272107
2024-10-15 06:30:00,1.439314537,6.462236
2024-10-15 06:45:00,5.162825028,6.542668
2024-10-15 07:00:00,2.172768392,6.662779
2024-10-15 07:15:00,8.0312298,6.7264566
2024-10-15 07:30:00,10.75338425,6.6195593
2024-10-15 07:45:00,9.013353415,6.6298747
2024-10-15 08:00:00,3.380254797,6.615603
2024-10-15 08:15:00,6.766279122,6.491819
2024-10-15 08:30:00,8.662262857,6.347484
2024-10-15 08:45:00,9.692122644,6.3512707
2024-10-15 09:00:00,3.961010195,6.1740108
2024-10-15 09:15:00,6.049239578,6.0938616
2024-10-15 09:30:00,2.37162549,6.06396
2024-10-15 09:45:00,9.200383844,6.3605227
2024-10-15 10:00:00,5.55758134,6.3573756
2024-10-15 10:15:00,1.600669967,6.522024
2024-10-15 10:30:00,6.498438908000001,6.508265
2024-10-15 10:45:00,8.957568587,6.4042726
2024-10-15 11:00:00,1.5180333340000003,6.270187
2024-10-15 11:15:00,5.180648279999999,6.142876
2024-10-15 11:30:00,5.822153820999999,6.079585
2024-10-15 11:45:00,10.94934071,6.1464615
2024-10-15 12:00:00,3.33172673,6.118036
2024-10-15 12:15:00,9.700627319,6.1525445
2024-10-15 12:30:00,2.495801615,6.1375537
2024-10-15 12:45:00,10.48198583,6.2414484
2024-10-15 13:00:00,4.373118524,5.8950124
2024-10-15 13:15:00,2.675197804,5.9726753
2024-10-15 13:30:00,5.218558552,6.052756
2024-10-15 13:45:00,1.24556348,6.2719474
2024-10-15 14:00:00,2.36161532,6.3126907
2024-10-15 14:15:00,6.000409544,6.40817
2024-10-15 14:30:00,11.02814082,6.334159
2024-10-15 14:45:00,5.646830893,6.314109
2024-10-15 15:00:00,7.834204416,6.451488
2024-10-15 15:15:00,8.647652509,6.453452
2024-10-15 15:30:00,1.448120441,6.3961477
2024-10-15 15:45:00,4.542219067,6.4643483
2024-10-15 16:00:00,11.680439549999997,6.6067863
2024-10-15 16:15:00,1.324334333,6.4245124
2024-10-15 16:30:00,5.791875405999999,6.6202555
2024-10-15 16:45:00,8.89680541,6.5617537
2024-10-15 17:00:00,4.171740341999999,6.5578003
2024-10-15 17:15:00,11.17474695,6.4524903
2024-10-15 17:30:00,5.994742541,6.3353148
2024-10-15 17:45:00,10.51336236,6.4275537
2024-10-15 18:00:00,6.729335597,6.2017055
2024-10-15 18:15:00,5.267275918,6.518728
2024-10-15 18:30:00,8.48686279,6.548542
2024-10-15 18:45:00,10.56382216,6.469019
2024-10-15 19:00:00,5.098105291,6.296607
2024-10-15 19:15:00,10.73717007,6.4554353
2024-10-15 19:30:00,8.056903271,6.511907
2024-10-15 19:45:00,5.163409335,6.4302697
2024-10-15 20:00:00,1.706104075,6.5722528
2024-10-15 20:15:00,4.356181523,6.7198014
2024-10-15 20:30:00,10.16415904,6.85893
2024-10-15 20:45:00,2.052419218,6.757348
2024-10-15 21:00:00,6.917011362000001,6.796399
2024-10-15 21:15:00,6.713343140000001,6.763068
2024-10-15 21:30:00,7.475803316,6.7422085
2024-10-15 21:45:00,11.02800119,6.6820602
2024-10-15 22:00:00,8.981730063,6.6526823
2024-10-15 22:15:00,6.346636370000001,6.497159
2024-10-15 22:30:00,9.839694911,6.503191
2024-10-15 22:45:00,8.59622223,6.3170323
2024-10-15 23:00:00,10.4859982,6.1577306
2024-10-15 23:15:00,9.209539374,6.032405
2024-10-15 23:30:00,9.245652256,6.1350093
2024-10-15 23:45:00,2.02268734,6.017567
2024-10-16 00:00:00,1.220052165,6.2369843
2024-10-16 00:15:00,10.6617999,6.236389
2024-10-16 00:30:00,3.8125454330000004,6.1998076
2024-10-16 00:45:00,2.718757442,6.3832903
2024-10-16 01:00:00,2.767413733,6.484305
2024-10-16 01:15:00,8.747023839,6.4758563
2024-10-16 01:30:00,1.5560547490000003,6.4624033
2024-10-16 01:45:00,7.997939287,6.78216
2024-10-16 02:00:00,6.686917005000001,6.7297616
2024-10-16 02:15:00,2.703461429,6.8518553
2024-10-16 02:30:00,2.64508251,6.794315
2024-10-16 02:45:00,2.740717625,6.8838854
2024-10-16 03:00:00,4.076873126,6.943849
2024-10-16 03:15:00,7.869578539,6.898857
2024-10-16 03:30:00,3.258376223,6.958335
2024-10-16 03:45:00,8.167616276,7.1743326
2024-10-16 04:00:00,11.01568171,7.254172
2024-10-16 04:15:00,9.868784661,7.1900744
2024-10-16 04:30:00,9.365954799,6.9736795
2024-10-16 04:45:00,10.84967412,6.8399158
2024-10-16 05:00:00,7.110390158,6.7200093
2024-10-16 05:15:00,10.01152724,6.527562
2024-10-16 05:30:00,9.038025365,6.4238477
2024-10-16 05:45:00,11.2483281,6.3667912
2024-10-16 06:00:00,7.806151112,5.8659625
2024-10-16 06:15:00,4.098219649,5.7156196
2024-10-16 06:30:00,3.314363412,5.9477124
2024-10-16 06:45:00,4.230856041,6.037115
2024-10-16 07:00:00,8.361310682,5.93334
2024-10-16 07:15:00,8.009994004,5.970832
2024-10-16 07:30:00,3.273566555,6.058876
2024-10-16 07:45:00,9.680885877,6.306642
2024-10-16 08:00:00,11.64814691,6.4439936
2024-10-16 08:15:00,8.893094184,6.5227256
2024-10-16 08:30:00,1.756690737,6.5537252
2024-10-16 08:45:00,7.768212497000001,6.603792
2024-10-16 09:00:00,11.0042206,6.585604
2024-10-16 09:15:00,4.587000512999999,6.3905673
2024-10-16 09:30:00,7.0998090309999995,6.3718157
2024-10-16 09:45:00,3.5068310369999995,6.2714186
2024-10-16 10:00:00,9.725660236,6.398868
2024-10-16 10:15:00,10.25589942,6.3569417
2024-10-16 10:30:00,4.942791287999999,6.3965173
2024-10-16 10:45:00,5.017026535,6.5338016
2024-10-16 11:00:00,1.105658599,6.646074
2024-10-16 11:15:00,4.373133426,6.784397
2024-10-16 11:30:00,9.642930592,6.66347
2024-10-16 11:45:00,1.461930822,6.4836903
2024-10-16 12:00:00,3.0971138509999996,6.6148453
2024-10-16 12:15:00,8.903411449,6.76653
2024-10-16 12:30:00,7.67084568,6.7018394
2024-10-16 12:45:00,11.34335822,6.5713916
2024-10-16 13:00:00,4.947381576,6.432062
2024-10-16 13:15:00,2.552148094,6.5970407
2024-10-16 13:30:00,8.30526128,6.749786
2024-10-16 13:45:00,1.924060113,6.557137
2024-10-16 14:00:00,2.289120013,6.7839513
2024-10-16 14:15:00,7.030945207,6.86331
2024-10-16 14:30:00,5.673139200999999,6.819304
2024-10-16 14:45:00,3.737940893,6.7311916
2024-10-16 15:00:00,6.077533744,6.624537
2024-10-16 15:15:00,9.66855256,6.5946426
2024-10-16 15:30:00,8.703674778,6.4537377
2024-10-16 15:45:00,6.379860412,6.4874754
2024-10-16 16:00:00,4.4355068829999995,6.383351
2024-10-16 16:15:00,7.119732094000001,6.444336
2024-10-16 16:30:00,1.181846921,6.341408
2024-10-16 16:45:00,8.255931439,6.4443545
2024-10-16 17:00:00,9.85789322,6.3457255
2024-10-16 17:15:00,2.514659886,6.261823
2024-10-16 17:30:00,5.047967567999999,6.430103
2024-10-16 17:45:00,2.702718631,6.4043922
2024-10-16 18:00:00,11.46238466,6.3698134
2024-10-16 18:15:00,9.532025295,6.3425355
2024-10-16 18:30:00,1.379612744,6.411129
2024-10-16 18:45:00,11.4598828,6.7131257
2024-10-16 19:00:00,2.567452238,6.7573752
2024-10-16 19:15:00,1.953693791,6.7649693
2024-10-16 19:30:00,1.446605719,6.7692566
2024-10-16 19:45:00,9.463251792,7.03056
2024-10-16 20:00:00,10.87773988,6.9026327
2024-10-16 20:15:00,2.13455137,6.7936277
2024-10-16 20:30:00,10.92855177,6.818858
2024-10-16 20:45:00,4.497135289,6.739815
2024-10-16 21:00:00,7.804519365999999,6.7834983
2024-10-16 21:15:00,11.67557088,6.62747
2024-10-16 21:30:00,1.254209552,6.5512137
2024-10-16 21:45:00,6.978863218000001,6.6060023
2024-10-16 22:00:00,7.90408404,6.7212944
2024-10-16 22:15:00,5.1912235749999995,6.6987834
2024-10-16 22:30:00,2.430247934,6.5867095
2024-10-16 22:45:00,7.811487091000001,6.812685
2024-10-16 23:00:00,1.63844283,6.956603
2024-10-16 23:15:00,11.40278128,7.2400227
2024-10-16 23:30:00,6.180126858,7.1697288
2024-10-16 23:45:00,10.75401215,7.223747
2024-10-17 00:00:00,10.12368844,7.1703935
2024-10-17 00:15:00,1.224562193,7.1194973
2024-10-17 00:30:00,5.794834999,7.1788244
2024-10-17 00:45:00,10.52100182,7.038851
2024-10-17 01:00:00,5.306459445999999,7.0116735
2024-10-17 01:15:00,4.653443511,6.7518096
2024-10-17 01:30:00,8.486592436,6.814257
2024-10-17 01:45:00,8.307221272,6.824573
2024-10-17 02:00:00,7.760570441,6.6261277
2024-10-17 02:15:00,4.852094315,6.7748923
2024-10-17 02:30:00,1.8557830200000003,6.9552116
2024-10-17 02:45:00,10.23830746,7.21009
2024-10-17 03:00:00,4.682135881,7.1338406
2024-10-17 03:15:00,8.967749407,7.2828975
2024-10-17 03:30:00,4.900670441,6.926329
2024-10-17 03:45:00,6.105476319,6.8390145
2024-10-17 04:00:00,4.993865584,6.9352303
2024-10-17 04:15:00,1.9607932870000002,7.024046
2024-10-17 04:30:00,4.335919413999999,7.0843606
2024-10-17 04:45:00,11.463339720000002,7.0949597
2024-10-17 05:00:00,2.271535678,7.1307397
2024-10-17 05:15:00,6.885943082,7.2567577
2024-10-17 05:30:00,10.91409174,7.316346
2024-10-17 05:45:00,1.414219753,6.9982724
2024-10-17 06:00:00,1.9633513839999999,7.3725605
2024-10-17 06:15:00,10.33251045,7.1962605
2024-10-17 06:30:00,9.217286853,6.820487
2024-10-17 06:45:00,6.356343169,6.763046
2024-10-17 07:00:00,6.317954199,6.8115335
2024-10-17 07:15:00,10.87348295,6.5975547
2024-10-17 07:30:00,1.400328719,6.390844
2024-10-17 07:45:00,3.763463912,6.652211
2024-10-17 08:00:00,4.275759666999999,6.6455393
2024-10-17 08:15:00,2.444548918,6.757626
2024-10-17 08:30:00,4.816833295,6.9930634
2024-10-17 08:45:00,5.173372338999999,7.1538386
2024-10-17 09:00:00,12.0314215,7.288228
2024-10-17 09:15:00,6.043774904,7.1632385
2024-10-17 09:30:00,10.44937259,7.296502
2024-10-17 09:45:00,9.623316588,7.0926514
2024-10-17 10:00:00,9.033673078,7.033317
2024-10-17 10:15:00,4.735519597999999,7.0193734
2024-10-17 10:30:00,5.310056802,6.972386
2024-10-17 10:45:00,1.677138453,6.93098
2024-10-17 11:00:00,5.043674552,6.7921433
2024-10-17 11:15:00,10.02465496,6.537646
2024-10-17 11:30:00,9.758337862,6.456091
2024-10-17 11:45:00,9.551885785,6.230951
2024-10-17 12:00:00,3.399178608,6.191913
2024-10-17 12:15:00,3.4187923800000006,6.1938524
2024-10-17 12:30:00,8.095764084,6.3465514
2024-10-17 12:45:00,7.687345881000001,6.2568965
2024-10-17 13:00:00,3.073794521,6.134745
2024-10-17 13:15:00,8.448771882,6.166894
2024-10-17 13:30:00,5.269242989,6.2054133
2024-10-17 13:45:00,10.97608859,6.2810063
2024-10-17 14:00:00,4.721393710999999,6.369608
2024-10-17 14:15:00,3.618554499,6.6554418
2024-10-17 14:30:00,3.1187026759999994,6.8953514
2024-10-17 14:45:00,10.32847055,7.1121306
2024-10-17 15:00:00,9.95721235,6.791126
2024-10-17 15:15:00,5.376182806999999,6.6609163
2024-10-17 15:30:00,3.4483011589999997,6.7124143
2024-10-17 15:45:00,4.2826727479999995,6.9696126
2024-10-17 16:00:00,5.040647405999999,7.040324
2024-10-17 16:15:00,1.58145448,6.922767
2024-10-17 16:30:00,1.9511045100000002,7.0679007
2024-10-17 16:45:00,10.9607042,7.28606
2024-10-17 17:00:00,8.50744872,7.022878
2024-10-17 17:15:00,9.001777759,6.9563313
2024-10-17 17:30:00,6.324536855,6.7933354
2024-10-17 17:45:00,4.965912806,6.733319
2024-10-17 18:00:00,2.180559733,6.7615304
2024-10-17 18:15:00,7.039373752,6.803259
2024-10-17 18:30:00,9.208982283,6.841847
2024-10-17 18:45:00,3.153190641,6.7689714
2024-10-17 19:00:00,4.789403885999999,6.9014554
2024-10-17 19:15:00,10.88096291,7.008672
2024-10-17 19:30:00,9.704933666,6.8621883
2024-10-17 19:45:00,9.756136734,6.7700367
2024-10-17 20:00:00,1.5838023199999998,6.8326273
2024-10-17 20:15:00,2.761061012,7.016586
2024-10-17 20:30:00,3.9980468890000003,7.1287775
2024-10-17 20:45:00,4.312989631,7.12639
2024-10-17 21:00:00,2.476749851,7.1219616
2024-10-17 21:15:00,4.097985202,7.2252016
2024-10-17 21:30:00,5.537199564999999,7.2770233
2024-10-17 21:45:00,1.75386007,7.2177653
2024-10-17 22:00:00,5.348651992,7.4538727
2024-10-17 22:15:00,6.169786137,7.310723
2024-10-17 22:30:00,1.650123466,7.055929
2024-10-17 22:45:00,7.697650114,7.052282
2024-10-17 23:00:00,2.067892947,6.9252863
2024-10-17 23:15:00,8.12359846,6.9690323
2024-10-17 23:30:00,11.42578759,7.011359
2024-10-17 23:45:00,1.6935126259999997,6.9266286
2024-10-18 00:00:00,4.029082487,6.8194094
2024-10-18 00:15:00,2.649873002,6.927025
2024-10-18 00:30:00,4.894660238,6.964347
2024-10-18 00:45:00,9.949319982,6.7777967
2024-10-18 01:00:00,10.36214789,6.7943134
2024-10-18 01:15:00,9.702262886,6.651496
2024-10-18 01:30:00,8.273346754,6.512755
2024-10-18 01:45:00,9.090970637,6.437298
2024-10-18 02:00:00,2.38729006,6.5683374
2024-10-18 02:15:00,3.524468176,6.6438084
2024-10-18 02:30:00,4.9274768149999995,6.691785
2024-10-18 02:45:00,1.7208190689999998,6.7313
2024-10-18 03:00:00,9.607483325,6.95395
2024-10-18 03:15:00,3.73252497,6.868098
2024-10-18 03:30:00,1.6673341799999999,6.7893476
2024-10-18 03:45:00,1.910703724,6.92999
2024-10-18 04:00:00,11.12653575,7.072661
2024-10-18 04:15:00,10.72134623,6.9141254
2024-10-18 04:30:00,11.06028393,6.8423386
2024-10-18 04:45:00,10.67109432,6.748619
2024-10-18 05:00:00,9.575563943,6.672411
2024-10-18 05:15:00,4.189078086,6.5290217
2024-10-18 05:30:00,4.381014677999999,6.465033
2024-10-18 05:45:00,5.3207069,6.809553
2024-10-18 06:00:00,8.838790531,6.7332883
2024-10-18 06:15:00,10.87234228,6.6933684
2024-10-18 06:30:00,5.612064006,6.805725
2024-10-18 06:45:00,4.1353945009999995,6.943084
2024-10-18 07:00:00,3.827343434,6.9882035
2024-10-18 07:15:00,4.024645165999999,7.1976314
2024-10-18 07:30:00,1.207182151,7.2032285
2024-10-18 07:45:00,3.538770308,7.3214073
2024-10-18 08:00:00,4.660672216,7.438543
2024-10-18 08:15:00,9.18405293,7.477005
2024-10-18 08:30:00,7.138927523,7.552916
2024-10-18 08:45:00,4.566767777999999,7.628648
2024-10-18 09:00:00,7.679088207000001,7.4801764
2024-10-18 09:15:00,9.635590859,7.380527
2024-10-18 09:30:00,7.435478900000001,7.054391
2024-10-18 09:45:00,1.801490175,6.8930073
2024-10-18 10:00:00,3.382811499,6.4369836
2024-10-18 10:15:00,4.179664172999999,6.3522973
2024-10-18 10:30:00,4.868225026,6.4513807
2024-10-18 10:45:00,1.467883287,6.7864523
2024-10-18 11:00:00,9.216890263,7.2005343
2024-10-18 11:15:00,6.136949408,7.161841
2024-10-18 11:30:00,10.2045181,7.413293
2024-10-18 11:45:00,6.492098803,7.137532
2024-10-18 12:00:00,11.59746886,6.9351816
2024-10-18 12:15:00,8.774119068,6.7232027
2024-10-18 12:30:00,10.88347932,6.6601496
2024-10-18 12:45:00,11.41058242,6.335633
2024-10-18 13:00:00,6.054592394,6.2882233
2024-10-18 13:15:00,7.686582185,6.1752195
2024-10-18 13:30:00,10.66474685,5.970846
2024-10-18 13:45:00,6.760902887000001,5.8234286
2024-10-18 14:00:00,1.788576171,5.917636
2024-10-18 14:15:00,8.2080993,6.123256
2024-10-18 14:30:00,10.07411876,6.1401734
2024-10-18 14:45:00,9.978780699,6.049876
2024-10-18 15:00:00,8.952728013,5.988168
2024-10-18 15:15:00,2.159278335,6.1197767
2024-10-18 15:30:00,8.828797266,6.2558527
2024-10-18 15:45:00,1.5067634979999998,6.201171
2024-10-18 16:00:00,11.29927216,6.3924108
2024-10-18 16:15:00,10.38897664,6.2142663
2024-10-18 16:30:00,11.69193813,6.126672
2024-10-18 16:45:00,4.270379779,6.0991673
2024-10-18 17:00:00,6.729618995,6.2945323
2024-10-18 17:15:00,7.528103905999999,6.3588333
2024-10-18 17:30:00,6.510911653,6.481479
2024-10-18 17:45:00,5.246243406,6.584882
2024-10-18 18:00:00,11.79753243,6.7608175
2024-10-18 18:15:00,10.17712266,6.6798105
2024-10-18 18:30:00,7.8715604390000005,6.6273627
2024-10-18 18:45:00,8.003087614,6.736089
2024-10-18 19:00:00,8.112256331,6.8657002
2024-10-18 19:15:00,7.103563396999999,6.771913
2024-10-18 19:30:00,7.672363213999999,6.645622
2024-10-18 19:45:00,9.349491632,6.8376136
2024-10-18 20:00:00,11.76817139,6.5090632
2024-10-18 20:15:00,9.90815751,6.4166
2024-10-18 20:30:00,2.460911576,6.4171963
2024-10-18 20:45:00,6.923849342,6.674788
2024-10-18 21:00:00,7.901891887,6.766204
2024-10-18 21:15:00,3.9774190949999992,6.6558533
2024-10-18 21:30:00,6.207739650000001,6.6861105
2024-10-18 21:45:00,10.07277744,6.576294
2024-10-18 22:00:00,3.993983461999999,6.4345894
2024-10-18 22:15:00,4.235311523999999,6.6316285
2024-10-18 22:30:00,10.8397809,6.7902236
2024-10-18 22:45:00,2.186137441,6.5386634
2024-10-18 23:00:00,10.13947622,6.786327
2024-10-18 23:15:00,4.341540791,6.445526
2024-10-18 23:30:00,6.197932704,6.5749493
2024-10-18 23:45:00,8.237756217,6.537353
2024-10-19 00:00:00,7.48028467,6.453572
2024-10-19 00:15:00,11.67223323,6.4569793
2024-10-19 00:30:00,1.4921601230000001,6.617756
2024-10-19 00:45:00,8.140359978,6.9179068
2024-10-19 01:00:00,9.731540614,6.8430896
2024-10-19 01:15:00,6.845038295,6.763833
2024-10-19 01:30:00,11.830002999999998,6.7436366
2024-10-19 01:45:00,5.673097800999999,6.4620423
2024-10-19 02:00:00,8.655314208,6.605511
2024-10-19 02:15:00,7.921099043000001,6.558735
2024-10-19 02:30:00,1.50958179,6.4191704
2024-10-19 02:45:00,6.867229537000001,6.281101
2024-10-19 03:00:00,3.7139614539999997,6.052948
2024-10-19 03:15:00,6.591317849000001,6.095716
2024-10-19 03:30:00,10.30340285,6.0036235
2024-10-19 03:45:00,7.447125451000001,6.0947003
2024-10-19 04:00:00,7.218818680999999,6.3121343
2024-10-19 04:15:00,8.518902749,6.4788494
2024-10-19 04:30:00,6.667393981,6.387296
2024-10-19 04:45:00,5.624038795999999,6.3822656
2024-10-19 05:00:00,5.328164589,6.362809
2024-10-19 05:15:00,8.847149499,6.341384
2024-10-19 05:30:00,9.318103798,6.313711
2024-10-19 05:45:00,5.4515138599999995,6.399942
2024-10-19 06:00:00,1.5867317890000001,6.420766
2024-10-19 06:15:00,6.863184516,6.4764857
2024-10-19 06:30:00,6.550433724000001,6.422892
2024-10-19 06:45:00,5.801806563,6.4485917
2024-10-19 07:00:00,5.059661880999999,6.5533447
2024-10-19 07:15:00,9.47038458,6.6139045
2024-10-19 07:30:00,6.201069191,6.6913123
2024-10-19 07:45:00,9.348888633,6.7155023
2024-10-19 08:00:00,7.16680637,6.7058797
2024-10-19 08:15:00,9.018355193,6.5906153
2024-10-19 08:30:00,9.900653444,6.3645487
2024-10-19 08:45:00,3.6618074739999997,6.228819
2024-10-19 09:00:00,9.655887574,6.331962
2024-10-19 09:15:00,8.471196208,6.196973
2024-10-19 09:30:00,6.942622644,6.30624
2024-10-19 09:45:00,6.60914094,6.253328
2024-10-19 10:00:00,4.611312583,6.202653
2024-10-19 10:15:00,6.605170472,6.437626
2024-10-19 10:30:00,5.099217279,6.5166755
2024-10-19 10:45:00,10.75394733,6.6624827
2024-10-19 11:00:00,6.914963009,6.6216846
2024-10-19 11:15:00,4.122309547999999,6.871275
2024-10-19 11:30:00,2.71099719,6.993371
2024-10-19 11:45:00,8.359784528,7.140366
2024-10-19 12:00:00,8.280696212,6.9534354
2024-10-19 12:15:00,5.014523158,6.6977468
2024-10-19 12:30:00,2.9204024,6.7792253
2024-10-19 12:45:00,8.616671639,6.831825
2024-10-19 13:00:00,3.791880095,6.5759296
2024-10-19 13:15:00,9.877446186,6.488273
2024-10-19 13:30:00,8.734554191,6.316307
2024-10-19 13:45:00,10.71683946,6.199214
2024-10-19 14:00:00,11.25211123,6.3912354
2024-10-19 14:15:00,4.495872382999999,6.2604823
2024-10-19 14:30:00,6.0456728900000005,6.437002
2024-10-19 14:45:00,5.141268033,6.4237337
2024-10-19 15:00:00,2.031951773,6.4861593
2024-10-19 15:15:00,5.456737283999999,6.4136243
2024-10-19 15:30:00,5.596929561,6.391962
2024-10-19 15:45:00,2.814292008,6.263767
2024-10-19 16:00:00,10.30617764,6.393632
2024-10-19 16:15:00,4.179506242999999,6.214937
2024-10-19 16:30:00,8.994339355,6.4616094
2024-10-19 16:45:00,2.022597874,6.396753
2024-10-19 17:00:00,1.5239307119999999,6.4446144
2024-10-19 17:15:00,11.91727033,6.503957
2024-10-19 17:30:00,2.49965998,6.315372
2024-10-19 17:45:00,9.14076145,6.490206
2024-10-19 18:00:00,7.579090919,6.367082
2024-10-19 18:15:00,6.062818729,6.408512
2024-10-19 18:30:00,1.5420203829999999,6.441963
2024-10-19 18:45:00,4.169725841,6.5625014
2024-10-19 19:00:00,11.13819917,6.56935
2024-10-19 19:15:00,10.62185573,6.3322783
2024-10-19 19:30:00,7.183681057,6.3507357
2024-10-19 19:45:00,7.318744835000001,6.4873676
2024-10-19 20:00:00,5.163848469,6.5706263
2024-10-19 20:15:00,8.856094342,6.688403
2024-10-19 20:30:00,10.15049955,6.464424
2024-10-19 20:45:00,8.957387073,6.445726
2024-10-19 21:00:00,6.802078149,6.3287435
2024-10-19 21:15:00,7.334385566,6.2385473
2024-10-19 21:30:00,3.28374814,6.0202127
2024-10-19 21:45:00,11.928061349999998,6.175897
2024-10-19 22:00:00,10.79098744,5.6539845
2024-10-19 22:15:00,10.40209553,5.95342
2024-10-19 22:30:00,2.813232024,5.5584216
2024-10-19 22:45:00,7.413934571,5.86387
2024-10-19 23:00:00,7.55040419,5.645542
2024-10-19 23:15:00,4.8384077119999995,5.7056932
2024-10-19 23:30:00,10.09693631,5.9610515
2024-10-19 23:45:00,8.950264864,5.9176927
2024-10-20 00:00:00,8.617419796,6.1558504
2024-10-20 00:15:00,1.496677667,6.1378193
2024-10-20 00:30:00,10.56493856,6.3034782
2024-10-20 00:45:00,8.388698832,6.11434
2024-10-20 01:00:00,11.86461485,6.1994905
2024-10-20 01:15:00,2.008547515,6.205877
2024-10-20 01:30:00,8.560913118,6.2699747
2024-10-20 01:45:00,9.026562239,6.0562034
2024-10-20 02:00:00,1.762528116,6.0550494
2024-10-20 02:15:00,1.871077836,6.162226
2024-10-20 02:30:00,9.176650529,6.3353324
2024-10-20 02:45:00,9.672789436,6.368467
2024-10-20 03:00:00,10.6964075,6.540524
2024-10-20 03:15:00,9.33842134,6.6012206
2024-10-20 03:30:00,3.71864255,6.659801
2024-10-20 03:45:00,11.34913901,6.6614685
2024-10-20 04:00:00,3.7695433530000004,6.2681966
2024-10-20 04:15:00,8.875693844,6.225182
2024-10-20 04:30:00,6.940618229,6.061702
2024-10-20 04:45:00,2.468828072,6.213709
2024-10-20 05:00:00,10.27261794,6.261014
2024-10-20 05:15:00,7.549545851999999,6.3565736
2024-10-20 05:30:00,1.947781333,6.4586678
2024-10-20 05:45:00,4.8515411859999995,6.531474
2024-10-20 06:00:00,8.586782401,6.4854097
2024-10-20 06:15:00,7.896535027,6.485704
2024-10-20 06:30:00,3.4825042419999996,6.4934916
2024-10-20 06:45:00,6.839113512,6.4801974
2024-10-20 07:00:00,4.439628937999999,6.5719094
2024-10-20 07:15:00,6.362006995,6.7141037
2024-10-20 07:30:00,4.242078607999999,6.628319
2024-10-20 07:45:00,6.779792711000001,6.7770576
2024-10-20 08:00:00,9.431317147,6.745206
2024-10-20 08:15:00,3.432951767,6.816005
2024-10-20 08:30:00,1.126585147,6.4744234
2024-10-20 08:45:00,2.649957355,6.44053
2024-10-20 09:00:00,9.937233005,6.314475
2024-10-20 09:15:00,5.325248651,6.1418123
2024-10-20 09:30:00,8.528662208,6.1309867
2024-10-20 09:45:00,1.4436342340000001,6.2296596
2024-10-20 10:00:00,2.78637737,6.101582
2024-10-20 10:15:00,6.731971622,6.217409
2024-10-20 10:30:00,9.046219896,6.474469
2024-10-20 10:45:00,9.461397077,6.5540113
2024-10-20 11:00:00,8.004293291,6.4107647
2024-10-20 11:15:00,8.424668289,6.469126
2024-10-20 11:30:00,3.007590601,6.632004
2024-10-20 11:45:00,7.591309908,6.5467124
2024-10-20 12:00:00,5.205862186,6.4989586
2024-10-20 12:15:00,10.69456501,6.765072
2024-10-20 12:30:00,7.239469325,6.7055006
2024-10-20 12:45:00,6.954730455999999,6.6239896
2024-10-20 13:00:00,7.372660097,6.741081
2024-10-20 13:15:00,9.541582475,6.5406322
2024-10-20 13:30:00,1.248827256,6.4593368
2024-10-20 13:45:00,10.42284574,6.506842
2024-10-20 14:00:00,1.431082725,6.4167266
2024-10-20 14:15:00,7.461742927,6.3874717
2024-10-20 14:30:00,6.220154153,6.2799764
2024-10-20 14:45:00,4.857316746,6.3601365
2024-10-20 15:00:00,2.507445476,6.487861
2024-10-20 15:15:00,2.515511283,6.535444
2024-10-20 15:30:00,9.157520415,6.5657973
2024-10-20 15:45:00,2.433259293,6.2292223
2024-10-20 16:00:00,8.424864709,6.248821
2024-10-20 16:15:00,11.80684589,6.359726
2024-10-20 16:30:00,8.650519492,6.364874
2024-10-20 16:45:00,2.015223084,6.3085294
2024-10-20 17:00:00,6.516730644,6.528466
2024-10-20 17:15:00,9.419662823,6.5341787
2024-10-20 17:30:00,10.54429334,6.262556
2024-10-20 17:45:00,8.72174798,6.3162227
2024-10-20 18:00:00,4.270984714999999,6.4383283
2024-10-20 18:15:00,3.674258767,6.666689
2024-10-20 18:30:00,9.13790746,6.7652235
2024-10-20 18:45:00,8.918639347,6.3592467
2024-10-20 19:00:00,6.254958969,6.433129
2024-10-20 19:15:00,2.104046554,6.4284205
2024-10-20 19:30:00,8.377114695,6.656263
2024-10-20 19:45:00,7.548116144000001,6.5228925
2024-10-20 20:00:00,1.257533788,6.4008846
2024-10-20 20:15:00,8.017579856,6.305668
2024-10-20 20:30:00,2.596758702,6.2798023
2024-10-20 20:45:00,9.316236603,6.3246794
2024-10-20 21:00:00,7.962651658000001,6.20969
2024-10-20 21:15:00,1.669298419,6.3804636
2024-10-20 21:30:00,6.616887259,6.654675
2024-10-20 21:45:00,8.726556444,6.7414584
2024-10-20 22:00:00,10.56371784,6.7804427
2024-10-20 22:15:00,2.038171993,6.749185
2024-10-20 22:30:00,1.9245636499999998,6.8529015
2024-10-20 22:45:00,9.543784504,6.8551006
2024-10-20 23:00:00,3.569906573,6.629387
2024-10-20 23:15:00,7.267293981,6.5752463
2024-10-20 23:30:00,7.343126064,6.5498133
2024-10-20 23:45:00,7.5749955270000005,6.4581923
2024-10-21 00:00:00,4.798802562999999,6.4629035
2024-10-21 00:15:00,1.560697535,6.4156833
2024-10-21 00:30:00,6.412305982,6.703765
2024-10-21 00:45:00,6.234573331,6.689195
2024-10-21 01:00:00,5.536996735,6.7834873
2024-10-21 01:15:00,3.857510324,6.705213
2024-10-21 01:30:00,9.845736853,6.786578
2024-10-21 01:45:00,4.887302839999999,6.7518396
2024-10-21 02:00:00,2.644820056,6.718877
2024-10-21 02:15:00,9.000211917,6.7296867
2024-10-21 02:30:00,7.924301166,6.7225285
2024-10-21 02:45:00,4.379303374,6.7183986
2024-10-21 03:00:00,2.65333415,6.707509
2024-10-21 03:15:00,5.76114229,6.884275
2024-10-21 03:30:00,1.8648861829999999,6.835976
2024-10-21 03:45:00,3.3281477939999995,6.831819
2024-10-21 04:00:00,11.1625948,6.723464
2024-10-21 04:15:00,2.774448112,6.611719
2024-10-21 04:30:00,4.2285566999999995,6.511283
2024-10-21 04:45:00,2.381755589,6.5398703
2024-10-21 05:00:00,10.79821395,6.61687
2024-10-21 05:15:00,11.12294231,6.654876
2024-10-21 05:30:00,1.748267802,6.607436
2024-10-21 05:45:00,10.05629138,6.5587955
2024-10-21 06:00:00,2.47422473,6.370082
2024-10-21 06:15:00,5.591186991,6.3630896
2024-10-21 06:30:00,6.9784988,6.377082
2024-10-21 06:45:00,5.507617958,6.478854
2024-10-21 07:00:00,2.678575782,6.6237245
2024-10-21 07:15:00,9.504385421,6.681437
2024-10-21 07:30:00,8.571095701,6.8130445
2024-10-21 07:45:00,10.6790361,6.67614
2024-10-21 08:00:00,4.76024962,6.590741
2024-10-21 08:15:00,5.879152067000001,6.583896
2024-10-21 08:30:00,4.661924029,6.6230545
2024-10-21 08:45:00,1.79157472,6.6013145
2024-10-21 09:00:00,1.728132983,6.559059
2024-10-21 09:15:00,9.265796641,6.6054955
2024-10-21 09:30:00,4.145595053,6.549684
2024-10-21 09:45:00,6.169354364,6.6186924
2024-10-21 10:00:00,11.02449352,6.486765
2024-10-21 10:15:00,1.311180753,6.445263
2024-10-21 10:30:00,6.807254398000001,6.4034877
2024-10-21 10:45:00,6.39724125,6.4348145
2024-10-21 11:00:00,11.75854839,6.547
2024-10-21 11:15:00,9.511270074,6.518891
2024-10-21 11:30:00,1.8322837690000002,6.7074227
2024-10-21 11:45:00,2.869093147,6.6051054
2024-10-21 12:00:00,1.4503800099999997,6.6803904
2024-10-21 12:15:00,3.174628406,6.480447
2024-10-21 12:30:00,3.461286975,6.3657355
2024-10-21 12:45:00,2.095785403,6.423447
2024-10-21 13:00:00,6.531048025999999,6.350661
2024-10-21 13:15:00,10.6467809,6.3598795
2024-10-21 13:30:00,9.693684453,6.4091225
2024-10-21 13:45:00,3.2775181980000005,6.3756204
2024-10-21 14:00:00,8.734814351,6.453373
2024-10-21 14:15:00,10.99393731,6.5132985
2024-10-21 14:30:00,9.924717644,6.349097
2024-10-21 14:45:00,6.115302983,6.124931
2024-10-21 15:00:00,4.282454581,6.0739174
2024-10-21 15:15:00,9.052244973,6.1032023
2024-10-21 15:30:00,8.90731312,6.0212
2024-10-21 15:45:00,4.206907045,6.018224
2024-10-21 16:00:00,3.394239227,6.174295
2024-10-21 16:15:00,8.760048317,5.9262457
2024-10-21 16:30:00,11.29484425,5.9583526
2024-10-21 16:45:00,1.410872706,6.1168714
2024-10-21 17:00:00,11.743180619999999,6.57373
2024-10-21 17:15:00,3.142655485,6.4197464
2024-10-21 17:30:00,4.9726332,6.5637074
2024-10-21 17:45:00,1.637358045,6.695498
2024-10-21 18:00:00,1.660834078,6.7973895
2024-10-21 18:15:00,4.024913523,6.7601686
2024-10-21 18:30:00,6.678368469,6.687325
2024-10-21 18:45:00,10.34666937,6.67745
2024-10-21 19:00:00,1.894751735,6.628537
2024-10-21 19:15:00,6.7484073,6.9267707
2024-10-21 19:30:00,5.762096995000001,6.878647
2024-10-21 19:45:00,10.83921417,7.030421
2024-10-21 20:00:00,3.198558891,6.8876743
2024-10-21 20:15:00,5.143072795999999,6.9848433
2024-10-21 20:30:00,1.46858229,7.1422267
2024-10-21 20:45:00,10.97743654,7.3430176
2024-10-21 21:00:00,7.135870183,7.06589
2024-10-21 21:15:00,7.111244446,7.1735735
2024-10-21 21:30:00,1.6298246790000002,7.0681963
2024-10-21 21:45:00,2.05293681,7.140409
2024-10-21 22:00:00,9.372050405,7.078853
2024-10-21 22:15:00,7.29201134,7.004127
2024-10-21 22:30:00,3.2959099750000003,6.9293213
2024-10-21 22:45:00,7.014477790000001,6.993345
2024-10-21 23:00:00,11.61280819,7.0077105
2024-10-21 23:15:00,2.172562641,7.008801
2024-10-21 23:30:00,11.53166361,6.9521017
2024-10-21 23:45:00,9.459231354,6.58558
2024-10-22 00:00:00,2.642801877,6.650491
2024-10-22 00:15:00,9.555587708,6.6453404
2024-10-22 00:30:00,9.024702233,6.8039823
2024-10-22 00:45:00,7.736099735000001,6.812799
2024-10-22 01:00:00,9.33472252,6.6917744
2024-10-22 01:15:00,2.581156904,6.6004257
2024-10-22 01:30:00,8.339695178,6.7079487
2024-10-22 01:45:00,7.925932903,6.33502
2024-10-22 02:00:00,3.9310085770000005,6.5445623
2024-10-22 02:15:00,8.652514456,6.7563972
2024-10-22 02:30:00,7.985548438,6.5761786
2024-10-22 02:45:00,3.44223437,6.4245086
2024-10-22 03:00:00,2.704131351,6.4744053
2024-10-22 03:15:00,4.857172021,6.5899215
2024-10-22 03:30:00,5.524643907999999,6.605508
2024-10-22 03:45:00,9.885911807,6.6448216
2024-10-22 04:00:00,5.34876106,6.5282416
2024-10-22 04:15:00,9.045200067,6.473108
2024-10-22 04:30:00,5.952299901,6.3417087
2024-10-22 04:45:00,1.766864481,6.265432
2024-10-22 05:00:00,7.836662407,6.380763
2024-10-22 05:15:00,10.60479485,6.3957663
2024-10-22 05:30:00,6.716067811000001,6.357724
2024-10-22 05:45:00,8.253382232,6.4015427
2024-10-22 06:00:00,9.358639062,6.500356
2024-10-22 06:15:00,5.530255115,6.4774394
2024-10-22 06:30:00,3.694707585,6.695236
2024-10-22 06:45:00,9.706714693,6.5456185
2024-10-22 07:00:00,9.694882894,6.4115214
2024-10-22 07:15:00,9.769415586,6.3572464
2024-10-22 07:30:00,9.687103607,6.327777
2024-10-22 07:45:00,2.656231786,6.3252907
2024-10-22 08:00:00,5.721148917000001,6.4061017
2024-10-22 08:15:00,3.2348247989999996,6.3536487
2024-10-22 08:30:00,2.849614798,6.8238087
2024-10-22 08:45:00,8.954801335,6.7460294
2024-10-22 09:00:00,5.997286283,6.4496574
2024-10-22 09:15:00,2.128139595,6.5872083
2024-10-22 09:30:00,5.484330093,6.690726
2024-10-22 09:45:00,11.07383619,6.91843
2024-10-22 10:00:00,3.275798434,6.67082
2024-10-22 10:15:00,4.934473683999999,6.7829986
2024-10-22 10:30:00,7.778650205000001,6.6962595
2024-10-22 10:45:00,3.246332353,6.612301
2024-10-22 11:00:00,11.1035931,6.808767
2024-10-22 11:15:00,7.894377626,6.621241
2024-10-22 11:30:00,3.650713863,6.7044973
2024-10-22 11:45:00,6.010926542,6.599919
2024-10-22 12:00:00,4.974413277,6.536562
2024-10-22 12:15:00,2.426888209,6.469576
2024-10-22 12:30:00,4.016120909999999,6.394483
2024-10-22 12:45:00,6.873829952,6.412656
2024-10-22 13:00:00,2.188973744,6.2692456
2024-10-22 13:15:00,1.5839912370000002,6.4303193
2024-10-22 13:30:00,6.898631353,6.583102
2024-10-22 13:45:00,5.774626145,6.630037
2024-10-22 14:00:00,3.0730821570000004,6.527475
2024-10-22 14:15:00,8.559603439,6.348131
2024-10-22 14:30:00,2.081683956,6.272209
2024-10-22 14:45:00,3.813496607,6.3506575
2024-10-22 15:00:00,2.104882311,6.3027368
2024-10-22 15:15:00,8.406865417,6.3537254
2024-10-22 15:30:00,7.600348024,6.2739677
2024-10-22 15:45:00,3.00560055,6.3378997
2024-10-22 16:00:00,6.7036839509999995,6.384268
2024-10-22 16:15:00,8.422759581,6.4945226
2024-10-22 16:30:00,1.4820005710000002,6.433635
2024-10-22 16:45:00,8.446871012,6.460663
2024-10-22 17:00:00,4.459715187999999,6.5023475
2024-10-22 17:15:00,2.447829373,6.522059
2024-10-22 17:30:00,9.784627381,6.3534207
2024-10-22 17:45:00,7.47826482,6.3678555
2024-10-22 18:00:00,6.787894258,6.253478
2024-10-22 18:15:00,9.150079907,6.1097975
2024-10-22 18:30:00,3.60156165,6.013316
2024-10-22 18:45:00,1.306448394,6.0702143
2024-10-22 19:00:00,11.503161039999998,6.1521144
2024-10-22 19:15:00,3.8270814470000003,6.1681285
2024-10-22 19:30:00,7.738866674,6.269679
2024-10-22 19:45:00,11.405984500000002,6.358534
2024-10-22 20:00:00,3.599668151,6.3053007
2024-10-22 20:15:00,11.38192533,6.340972
2024-10-22 20:30:00,6.863223711,6.4856725
2024-10-22 20:45:00,11.574066660000002,6.6583505
2024-10-22 21:00:00,1.956923749,6.4043074
2024-10-22 21:15:00,6.735283005,6.3957148
2024-10-22 21:30:00,10.5571554,6.538727
2024-10-22 21:45:00,2.684848687,6.571307
2024-10-22 22:00:00,3.995838813,6.492856
2024-10-22 22:15:00,3.23971254,6.6102033
2024-10-22 22:30:00,11.405956599999998,6.7453313
2024-10-22 22:45:00,4.007826231999999,6.6017847
2024-10-22 23:00:00,2.475100351,6.8797803
2024-10-22 23:15:00,9.059539487,7.106004
2024-10-22 23:30:00,6.613598169,7.019629
2024-10-22 23:45:00,7.474882122000001,7.050445
2024-10-23 00:00:00,7.404318279000001,6.9596415
2024-10-23 00:15:00,7.178105856,6.9061875
2024-10-23 00:30:00,5.876530675,6.823681
2024-10-23 00:45:00,11.41170364,6.733055
2024-10-23 01:00:00,2.806541459,6.404459
2024-10-23 01:15:00,10.4143047,6.4155555
2024-10-23 01:30:00,4.225052738999999,6.433886
2024-10-23 01:45:00,3.166032694,6.6013727
2024-10-23 02:00:00,7.726783826,6.7622347
2024-10-23 02:15:00,10.35019968,6.818172
2024-10-23 02:30:00,4.841630875,6.7129097
2024-10-23 02:45:00,1.921643767,6.7248497
2024-10-23 03:00:00,6.862225874000001,6.9664783
2024-10-23 03:15:00,11.39474419,7.02684
2024-10-23 03:30:00,5.189860194,6.84741
2024-10-23 03:45:00,1.39136569,6.8670125
2024-10-23 04:00:00,6.627685658,7.0031676
2024-10-23 04:15:00,5.228005045,7.083788
2024-10-23 04:30:00,1.84551939,7.0584025
2024-10-23 04:45:00,10.90355935,7.091648
2024-10-23 05:00:00,7.080568884,6.860479
2024-10-23 05:15:00,2.730036602,6.779688
2024-10-23 05:30:00,10.73627189,6.713517
2024-10-23 05:45:00,7.205099504,6.621256
2024-10-23 06:00:00,8.425611588,6.6019397
2024-10-23 06:15:00,7.398359871,6.428872
2024-10-23 06:30:00,10.44035613,6.3983207
2024-10-23 06:45:00,10.02329971,6.3314795
2024-10-23 07:00:00,1.271761724,6.3543515
2024-10-23 07:15:00,1.247184174,6.511813
2024-10-23 07:30:00,6.356687828999999,6.6876397
2024-10-23 07:45:00,4.38015299,6.7249527
2024-10-23 08:00:00,6.723852314000001,6.6812263
2024-10-23 08:15:00,4.423048563,6.7521996
2024-10-23 08:30:00,10.05890353,6.8775516
2024-10-23 08:45:00,3.016638453,6.7482023
2024-10-23 09:00:00,1.668660511,6.8497286
2024-10-23 09:15:00,4.418845499999999,6.7733955
2024-10-23 09:30:00,2.657600576,6.809358
2024-10-23 09:45:00,7.029633925,6.830542
2024-10-23 10:00:00,5.857690851,6.7418523
2024-10-23 10:15:00,7.869048664,6.8308854
2024-10-23 10:30:00,2.060067143,6.8115473
2024-10-23 10:45:00,9.414108629,6.8536744
2024-10-23 11:00:00,3.850138873,6.83732
2024-10-23 11:15:00,8.322005828,6.9763656
2024-10-23 11:30:00,4.014611763999999,6.6816382
2024-10-23 11:45:00,9.838003747,6.543208
2024-10-23 12:00:00,9.521365236,6.3638377
2024-10-23 12:15:00,4.355375622,6.3047867
2024-10-23 12:30:00,10.01124548,6.3505154
2024-10-23 12:45:00,4.591768210999999,6.20719
2024-10-23 13:00:00,10.88077941,6.0567403
2024-10-23 13:15:00,3.0406830350000003,5.690208
2024-10-23 13:30:00,3.834099028,5.706078
2024-10-23 13:45:00,9.894489981,5.732413
2024-10-23 14:00:00,2.026289664,5.697224
2024-10-23 14:15:00,8.529188454,5.9102244
2024-10-23 14:30:00,7.995823636,5.945589
2024-10-23 14:45:00,11.3823766,5.9969535
2024-10-23 15:00:00,11.0811379,5.956812
2024-10-23 15:15:00,6.27780684,6.0641603
2024-10-23 15:30:00,7.417506283000001,6.1272345
2024-10-23 15:45:00,2.819037653,6.213603
2024-10-23 16:00:00,3.638880524,6.3516774
2024-10-23 16:15:00,6.843494397,6.2478805
2024-10-23 16:30:00,3.545056796,6.256621
2024-10-23 16:45:00,3.3364290669999996,6.1920314
2024-10-23 17:00:00,1.368338894,6.276356
2024-10-23 17:15:00,2.003668489,6.427603
2024-10-23 17:30:00,8.261604173,6.4830194
2024-10-23 17:45:00,1.309919534,6.3807244
2024-10-23 18:00:00,10.25486645,6.6496806
2024-10-23 18:15:00,1.8283803680000001,6.52739
2024-10-23 18:30:00,2.698060079,6.5975213
2024-10-23 18:45:00,4.53576813,6.557548
2024-10-23 19:00:00,8.848110123,6.493351
2024-10-23 19:15:00,8.657521721,6.5290046
2024-10-23 19:30:00,3.8258646850000004,6.4907937
2024-10-23 19:45:00,4.553511392,6.5624948
2024-10-23 20:00:00,9.712146762,6.7432246
2024-10-23 20:15:00,6.295390010999999,6.7241244
2024-10-23 20:30:00,5.861449792,6.740666
2024-10-23 20:45:00,8.109182686,6.6576843
2024-10-23 21:00:00,6.219331421,6.751957
2024-10-23 21:15:00,5.690477771,6.7662716
2024-10-23 21:30:00,8.640463086,6.623115
2024-10-23 21:45:00,11.26139789,6.490455
2024-10-23 22:00:00,6.797869922000001,6.414878
2024-10-23 22:15:00,4.239709037999999,6.2356133
2024-10-23 22:30:00,11.3642466,6.1908193
2024-10-23 22:45:00,8.465912088,6.2246313
2024-10-23 23:00:00,8.12842024,6.0314145
2024-10-23 23:15:00,7.744840561000001,5.9823947
2024-10-23 23:30:00,9.175929237,5.9675875
2024-10-23 23:45:00,9.056671974,5.9791417
2024-10-24 00:00:00,9.045992411,5.9862733
2024-10-24 00:15:00,10.88508255,6.169175
2024-10-24 00:30:00,5.823736271,6.0744514
2024-10-24 00:45:00,3.523526968,6.1755815
2024-10-24 01:00:00,5.494507324,6.387009
2024-10-24 01:15:00,8.950560746,6.4351563
2024-10-24 01:30:00,6.418955723999999,6.3505793
2024-10-24 01:45:00,10.06411525,6.5483785
2024-10-24 02:00:00,3.887974048,6.3331285
2024-10-24 02:15:00,9.133551336,6.6013913
2024-10-24 02:30:00,3.7344187520000003,6.624887
2024-10-24 02:45:00,10.18063433,6.8278
2024-10-24 03:00:00,5.921423105,6.6041517
2024-10-24 03:15:00,11.94416191,6.6433587
2024-10-24 03:30:00,8.324479501,6.3264217
2024-10-24 03:45:00,8.862857825,6.438857
2024-10-24 04:00:00,1.5336064430000003,6.5030847
2024-10-24 04:15:00,8.592839276,6.486593
2024-10-24 04:30:00,5.716635503,6.2874875
2024-10-24 04:45:00,4.327843033,6.5372825
2024-10-24 05:00:00,9.054370948,6.3980346
2024-10-24 05:15:00,3.527733611,6.511434
2024-10-24 05:30:00,2.898679532,6.669619
2024-10-24 05:45:00,4.654033276,6.553267
2024-10-24 06:00:00,7.706941829,6.625553
2024-10-24 06:15:00,4.006450543,6.580952
2024-10-24 06:30:00,7.015893945,6.7630925
2024-10-24 06:45:00,5.147193821,6.777049
2024-10-24 07:00:00,4.8113306499999995,6.8594255
2024-10-24 07:15:00,3.042669939,6.704574
2024-10-24 07:30:00,4.318117906,6.5939145
2024-10-24 07:45:00,3.742766718,6.5640054
2024-10-24 08:00:00,3.6580064460000004,6.6589475
2024-10-24 08:15:00,1.9273448279999998,6.55162
2024-10-24 08:30:00,5.952466254,6.6096954
2024-10-24 08:45:00,3.88085264,6.559516
2024-10-24 09:00:00,10.74989578,6.603772
2024-10-24 09:15:00,7.509295599,6.374931
2024-10-24 09:30:00,5.817922568,6.5121713
2024-10-24 09:45:00,4.575673356,6.387789
2024-10-24 10:00:00,6.050962956,6.3013277
2024-10-24 10:15:00,4.64599917,6.3126397
2024-10-24 10:30:00,9.992951263,6.340431
2024-10-24 10:45:00,3.5753532699999995,6.2651663
2024-10-24 11:00:00,4.039658427999999,6.2548375
2024-10-24 11:15:00,8.661656316,6.1392865
2024-10-24 11:30:00,10.97666056,6.2166357
2024-10-24 11:45:00,8.028931555,6.0498343
2024-10-24 12:00:00,1.958735595,5.8388743
2024-10-24 12:15:00,10.2086535,5.9283333
2024-10-24 12:30:00,8.78009407,5.731451
2024-10-24 12:45:00,4.020942991,5.540254
2024-10-24 13:00:00,1.767030481,5.4214973
2024-10-24 13:15:00,8.882503834,5.696847
2024-10-24 13:30:00,3.6860618430000005,5.6676555
2024-10-24 13:45:00,6.466946432,5.7669034
2024-10-24 14:00:00,2.019321936,5.935139
2024-10-24 14:15:00,6.869044562,6.052425
2024-10-24 14:30:00,1.432185271,5.99947
2024-10-24 14:45:00,7.238565569,6.1782727
2024-10-24 15:00:00,9.568227308,6.1607747
2024-10-24 15:15:00,6.909651468,6.1554723
2024-10-24 15:30:00,10.86136481,6.189873
2024-10-24 15:45:00,6.817536892,6.1106424
2024-10-24 16:00:00,7.727227185,6.140873
2024-10-24 16:15:00,4.903392133,6.1413507
2024-10-24 16:30:00,4.315633,6.1355324
2024-10-24 16:45:00,4.391466582999999,6.2943816
2024-10-24 17:00:00,2.11846668,6.2223115
2024-10-24 17:15:00,3.762003742,6.346285
2024-10-24 17:30:00,5.240017508999999,6.5179873
2024-10-24 17:45:00,4.859118753999999,6.5414214
2024-10-24 18:00:00,6.366139113000001,6.586673
2024-10-24 18:15:00,5.8291467,6.4932475
2024-10-24 18:30:00,8.418622075,6.4698253
2024-10-24 18:45:00,5.147663739,6.2266655
2024-10-24 19:00:00,8.481494886,6.140616
2024-10-24 19:15:00,9.646257224,6.1378646
2024-10-24 19:30:00,5.671615025,6.0513773
2024-10-24 19:45:00,7.067129772,6.0134683
2024-10-24 20:00:00,8.396812911,6.0134726
2024-10-24 20:15:00,6.256253176,6.004142
2024-10-24 20:30:00,2.8925915139999994,6.2849874
2024-10-24 20:45:00,4.028971317,6.313255
2024-10-24 21:00:00,1.384539025,6.3730617
2024-10-24 21:15:00,8.097060062,6.4702835
2024-10-24 21:30:00,3.9333337219999995,6.271832
2024-10-24 21:45:00,9.206958405,6.3209286
2024-10-24 22:00:00,8.408538756,6.101884
2024-10-24 22:15:00,8.986926503,6.065092
2024-10-24 22:30:00,10.25034403,5.942747
2024-10-24 22:45:00,5.512979863,5.8592324
2024-10-24 23:00:00,2.9093651089999994,5.9581532
2024-10-24 23:15:00,10.85850304,6.035485
2024-10-24 23:30:00,11.24813663,5.8257866
2024-10-24 23:45:00,3.338181072,5.6895733
2024-10-25 00:00:00,8.920349091,5.8664246
2024-10-25 00:15:00,1.8898942580000002,6.0622787
2024-10-25 00:30:00,1.360206688,6.293019
2024-10-25 00:45:00,8.409223502,6.1966515
2024-10-25 01:00:00,3.909403386,6.22344
2024-10-25 01:15:00,9.383440515,6.328904
2024-10-25 01:30:00,6.284294777,6.3534346
2024-10-25 01:45:00,9.158263582,6.3509297
2024-10-25 02:00:00,2.363038884,6.3294344
2024-10-25 02:15:00,9.64189494,6.5197983
2024-10-25 02:30:00,3.2585661060000004,6.445175
2024-10-25 02:45:00,7.496652948,6.605198
2024-10-25 03:00:00,7.381650389000001,6.541281
2024-10-25 03:15:00,1.988239595,6.567578
2024-10-25 03:30:00,11.74654264,6.5775247
2024-10-25 03:45:00,4.200252815999999,6.4735494
2024-10-25 04:00:00,8.751622255,6.508273
2024-10-25 04:15:00,7.6082937610000005,6.47656
2024-10-25 04:30:00,1.564735729,6.4215636
2024-10-25 04:45:00,10.10666401,6.363363
2024-10-25 05:00:00,4.238179110999999,6.35046
2024-10-25 05:15:00,3.466551354,6.563197
2024-10-25 05:30:00,1.711054223,6.713264
2024-10-25 05:45:00,4.123679451,6.723368
2024-10-25 06:00:00,7.544647427,6.5726166
2024-10-25 06:15:00,3.238830696,6.5395384
2024-10-25 06:30:00,6.358983938,6.5612526
2024-10-25 06:45:00,9.683265298,6.6888885
2024-10-25 07:00:00,11.67785576,6.755276
2024-10-25 07:15:00,8.000719415,6.746522
2024-10-25 07:30:00,3.3024573019999997,6.6104913
2024-10-25 07:45:00,5.254014549,6.536329
2024-10-25 08:00:00,6.507369399,6.5159826
2024-10-25 08:15:00,10.06790152,6.3885727
2024-10-25 08:30:00,6.549785746,6.2867765
2024-10-25 08:45:00,6.005503145999999,6.33144
2024-10-25 09:00:00,3.735354747,6.299452
2024-10-25 09:15:00,5.887608495,6.19069
2024-10-25 09:30:00,4.466862001,6.0918126
2024-10-25 09:45:00,6.647822199,6.052484
2024-10-25 10:00:00,9.801209911,6.0709047
2024-10-25 10:15:00,11.17434165,6.1524787
2024-10-25 10:30:00,10.02308087,6.0970345
2024-10-25 10:45:00,10.03958936,6.1434245
2024-10-25 11:00:00,4.899062377,6.2174625
2024-10-25 11:15:00,8.766264319,6.254412
2024-10-25 11:30:00,5.045105548999999,6.1075435
2024-10-25 11:45:00,1.365245097,6.092589
2024-10-25 12:00:00,10.08479802,6.1306443
2024-10-25 12:15:00,1.639149584,6.0522494
2024-10-25 12:30:00,2.280435305,6.2052684
2024-10-25 12:45:00,1.312115968,6.2438354
2024-10-25 13:00:00,1.915472294,6.5442066
2024-10-25 13:15:00,1.687708013,6.499259
2024-10-25 13:30:00,7.749456236,6.4411945
2024-10-25 13:45:00,9.849911246,6.3594475
2024-10-25 14:00:00,8.938753807,6.287566
2024-10-25 14:15:00,7.735459392,6.20915
2024-10-25 14:30:00,9.262465018,6.15167
2024-10-25 14:45:00,5.706706468000001,6.0389075
2024-10-25 15:00:00,10.90151721,6.065074
2024-10-25 15:15:00,6.19414578,5.761373
2024-10-25 15:30:00,1.546886117,6.036956
2024-10-25 15:45:00,8.74762183,6.240254
2024-10-25 16:00:00,9.05561685,6.1382833
2024-10-25 16:15:00,3.53049458,6.0896425
2024-10-25 16:30:00,4.179744308999999,6.329259
2024-10-25 16:45:00,8.069506459,6.6537485
2024-10-25 17:00:00,6.944770345,6.4522185
2024-10-25 17:15:00,10.02592377,6.3383746
2024-10-25 17:30:00,5.909461098,6.259883
2024-10-25 17:45:00,7.793504552,6.3154726
2024-10-25 18:00:00,4.159260921,6.1571507
2024-10-25 18:15:00,11.1912101,6.2068076
2024-10-25 18:30:00,5.267600214999999,6.016991
2024-10-25 18:45:00,6.374452754000001,6.1881695
2024-10-25 19:00:00,7.798627438,6.2912393
2024-10-25 19:15:00,3.699152901,6.264915
2024-10-25 19:30:00,4.37565877,6.361064
2024-10-25 19:45:00,6.497880723,6.456148
2024-10-25 20:00:00,3.973949357999999,6.471781
2024-10-25 20:15:00,2.332310972,6.5833387
2024-10-25 20:30:00,9.761738793,6.634866
2024-10-25 20:45:00,4.861795371,6.4500604
2024-10-25 21:00:00,5.533200016,6.6572576
2024-10-25 21:15:00,7.192871765,6.7440357
2024-10-25 21:30:00,9.651155248,6.790913
2024-10-25 21:45:00,2.548638381,6.681191
2024-10-25 22:00:00,7.615697216,6.708241
2024-10-25 22:15:00,4.603904582,6.6459846
2024-10-25 22:30:00,9.667247328,6.6498837
2024-10-25 22:45:00,7.962093891,6.3659234
2024-10-25 23:00:00,2.523173334,6.2629857
2024-10-25 23:15:00,4.255554884999999,6.302978
2024-10-25 23:30:00,1.515379663,6.446956
2024-10-25 23:45:00,9.633488387,6.478388
2024-10-26 00:00:00,5.392072582,6.266246
2024-10-26 00:15:00,1.7414000869999997,6.3785377
2024-10-26 00:30:00,1.33158652,6.330996
2024-10-26 00:45:00,10.70084265,6.39918
2024-10-26 01:00:00,10.19850705,6.347181
2024-10-26 01:15:00,4.703994023999999,6.482123
2024-10-26 01:30:00,6.5175141,6.5164237
2024-10-26 01:45:00,6.641597612,6.443792
2024-10-26 02:00:00,6.503747078000001,6.4713397
2024-10-26 02:15:00,4.147391537999999,6.3164864
2024-10-26 02:30:00,5.209601703999999,6.330274
2024-10-26 02:45:00,3.049215469,6.3794084
2024-10-26 03:00:00,1.581704228,6.2817526
2024-10-26 03:15:00,2.664380908,6.236928
2024-10-26 03:30:00,1.288890126,6.4441357
2024-10-26 03:45:00,5.433366850999999,6.5537624
2024-10-26 04:00:00,8.043639325,6.7550015
2024-10-26 04:15:00,2.931167073,6.83177
2024-10-26 04:30:00,6.976160814,6.71293
2024-10-26 04:45:00,4.600288851,6.8697186
2024-10-26 05:00:00,2.35270831,6.6868024
2024-10-26 05:15:00,2.432379697,6.6777153
2024-10-26 05:30:00,7.348760485000001,6.5627975
2024-10-26 05:45:00,2.323780366,6.589616
2024-10-26 06:00:00,6.971591125,6.5082726
2024-10-26 06:15:00,2.978164733,6.392616
2024-10-26 06:30:00,9.968900131,6.329632
2024-10-26 06:45:00,1.6558817469999998,6.260976
2024-10-26 07:00:00,4.923480216,6.205369
2024-10-26 07:15:00,8.616458528,6.1496005
2024-10-26 07:30:00,8.882265335,6.2769156
2024-10-26 07:45:00,2.65180537,6.2396793
2024-10-26 08:00:00,3.133593329,6.059266
2024-10-26 08:15:00,6.681744142,6.0432014
2024-10-26 08:30:00,8.115562297,6.121311
2024-10-26 08:45:00,9.420189487,5.958281
2024-10-26 09:00:00,7.388554600999999,5.8635345
2024-10-26 09:15:00,8.590641504,5.925156
2024-10-26 09:30:00,5.539055598,5.9693675
2024-10-26 09:45:00,6.816751147,6.0386333
2024-10-26 10:00:00,5.493995245,5.8805203
2024-10-26 10:15:00,9.098488546,5.873926
2024-10-26 10:30:00,3.0050591,5.952767
2024-10-26 10:45:00,3.877781243,6.0781875
2024-10-26 11:00:00,9.439152106,6.0080733
2024-10-26 11:15:00,8.936926656,5.977835
2024-10-26 11:30:00,9.106059436,6.017301
2024-10-26 11:45:00,2.173020181,5.9943566
2024-10-26 12:00:00,5.923810119999999,6.096576
2024-10-26 12:15:00,6.642467659,6.109325
2024-10-26 12:30:00,9.161136539,6.165613
2024-10-26 12:45:00,5.861614384000001,6.109807
2024-10-26 13:00:00,6.885758925000001,6.1833763
2024-10-26 13:15:00,3.890242394,6.3516335
2024-10-26 13:30:00,9.732689152,6.493223
2024-10-26 13:45:00,10.5255388,6.4631925
2024-10-26 14:00:00,5.652125411,6.458659
2024-10-26 14:15:00,5.421869141999999,6.5566406
2024-10-26 14:30:00,4.239539159999999,6.65485
2024-10-26 14:45:00,4.22440902,6.7444787
2024-10-26 15:00:00,6.690581256000001,6.592762
2024-10-26 15:15:00,2.8656014789999995,6.6188836
2024-10-26 15:30:00,7.387256761,6.630055
2024-10-26 15:45:00,6.909524542,6.6692963
2024-10-26 16:00:00,8.992207638,6.6316166
2024-10-26 16:15:00,3.509758361,6.499652
2024-10-26 16:30:00,8.00548087,6.5522637
2024-10-26 16:45:00,1.346718068,6.4665246
2024-10-26 17:00:00,6.512846992,6.5457215
2024-10-26 17:15:00,9.819386906,6.41405
2024-10-26 17:30:00,8.30250232,6.454613
2024-10-26 17:45:00,10.04643828,6.4814835
2024-10-26 18:00:00,2.663324705,6.352649
2024-10-26 18:15:00,8.771636249,6.470469
2024-10-26 18:30:00,5.693944988,6.5164204
2024-10-26 18:45:00,4.159532315999999,6.5231447
2024-10-26 19:00:00,4.957440815,6.422621
2024-10-26 19:15:00,2.236960844,6.399598
2024-10-26 19:30:00,8.073251095,6.3500633
2024-10-26 19:45:00,7.782273667,6.3488345
2024-10-26 20:00:00,2.75759383,6.313633
2024-10-26 20:15:00,6.693482024,6.428387
2024-10-26 20:30:00,2.359672138,6.4144945
2024-10-26 20:45:00,4.233575322999999,6.432479
2024-10-26 21:00:00,1.46847085,6.389079
