timestamp,y_true,y_pred
2024-08-28 18:00:00,8.665666717,6.6755023
2024-08-28 18:15:00,9.962450518,6.5686755
2024-08-28 18:30:00,10.56282172,6.4771466
2024-08-28 18:45:00,10.59416241,6.5602217
2024-08-28 19:00:00,2.56990985,6.707311
2024-08-28 19:15:00,4.922063097,6.8332505
2024-08-28 19:30:00,6.511882781,7.0946836
2024-08-28 19:45:00,9.697109857,7.0314713
2024-08-28 20:00:00,1.215168505,6.567283
2024-08-28 20:15:00,10.63162863,6.1985936
2024-08-28 20:30:00,5.019014334,6.3433437
2024-08-28 20:45:00,7.510695351,6.2918644
2024-08-28 21:00:00,11.47886535,5.8684416
2024-08-28 21:15:00,10.72294353,5.7316837
2024-08-28 21:30:00,4.634936149,5.84821
2024-08-28 21:45:00,6.265779489,6.074215
2024-08-28 22:00:00,9.122319505,6.258065
2024-08-28 22:15:00,9.429844775,6.325989
2024-08-28 22:30:00,7.902673266,6.258501
2024-08-28 22:45:00,1.26127498,6.398767
2024-08-28 23:00:00,3.346479582,6.937219
2024-08-28 23:15:00,3.288064816,7.072775
2024-08-28 23:30:00,3.793297188,6.9446793
2024-08-28 23:45:00,2.030423776,6.7777867
2024-08-29 00:00:00,10.0068271,7.0367
2024-08-29 00:15:00,4.427785229,7.317497
2024-08-29 00:30:00,8.65920431,6.7836375
2024-08-29 00:45:00,11.14486403,6.5026608
2024-08-29 01:00:00,4.317664284,6.8473263
2024-08-29 01:15:00,5.921312993999999,6.8940334
2024-08-29 01:30:00,1.8453422240000001,6.5276656
2024-08-29 01:45:00,4.198847176999999,6.623991
2024-08-29 02:00:00,6.944165813000001,6.712017
2024-08-29 02:15:00,2.9777694419999996,6.8522873
2024-08-29 02:30:00,6.502304201000001,6.6229334
2024-08-29 02:45:00,4.206290013,6.791398
2024-08-29 03:00:00,11.61361643,6.9389334
2024-08-29 03:15:00,4.814934471,6.994579
2024-08-29 03:30:00,1.538446186,6.587619
2024-08-29 03:45:00,6.247371667,6.1614103
2024-08-29 04:00:00,4.5573759659999995,6.410375
2024-08-29 04:15:00,4.674545618,6.185794
2024-08-29 04:30:00,5.039377645,5.9894085
2024-08-29 04:45:00,9.727594444,6.316147
2024-08-29 05:00:00,6.453366684,6.180146
2024-08-29 05:15:00,3.827968264,5.9546857
2024-08-29 05:30:00,9.580156231,6.075919
2024-08-29 05:45:00,5.955986338,6.5573997
2024-08-29 06:00:00,2.536402767,6.679926
2024-08-29 06:15:00,11.676842,6.5650015
2024-08-29 06:30:00,1.396458139,6.6811237
2024-08-29 06:45:00,8.52278206,6.727878
2024-08-29 07:00:00,9.994010783,6.56501
2024-08-29 07:15:00,4.959506149,6.7010093
2024-08-29 07:30:00,2.721032453,6.0280704
2024-08-29 07:45:00,5.984436702,6.0179124
2024-08-29 08:00:00,5.738048883,6.2865725
2024-08-29 08:15:00,11.12690239,6.461428
2024-08-29 08:30:00,1.289261828,6.6873426
2024-08-29 08:45:00,7.31717771,6.5812044
2024-08-29 09:00:00,10.04252636,6.4152055
2024-08-29 09:15:00,7.4646002970000005,6.8874016
2024-08-29 09:30:00,8.126431345,6.4052005
2024-08-29 09:45:00,10.17430091,6.48562
2024-08-29 10:00:00,7.037628424,6.581814
2024-08-29 10:15:00,10.32041896,6.4570727
2024-08-29 10:30:00,3.3484372299999996,6.545233
2024-08-29 10:45:00,6.270203331000001,6.7475567
2024-08-29 11:00:00,1.434203029,6.9142613
2024-08-29 11:15:00,9.991940176,7.071644
2024-08-29 11:30:00,8.830377083,7.3250527
2024-08-29 11:45:00,6.822894543,7.265028
2024-08-29 12:00:00,5.074891622999999,7.052295
2024-08-29 12:15:00,4.587084216,7.154629
2024-08-29 12:30:00,3.169659959,7.2137375
2024-08-29 12:45:00,5.401906058,7.140436
2024-08-29 13:00:00,4.382119799999999,6.7229247
2024-08-29 13:15:00,7.350193051,6.5714827
2024-08-29 13:30:00,9.334256989,6.4894805
2024-08-29 13:45:00,8.652135906,6.367932
2024-08-29 14:00:00,6.520484416,6.6131053
2024-08-29 14:15:00,10.64499125,6.8040347
2024-08-29 14:30:00,3.140320492,7.067487
2024-08-29 14:45:00,8.070236152,7.314178
2024-08-29 15:00:00,1.952581769,7.2223997
2024-08-29 15:15:00,8.49644558,7.125777
2024-08-29 15:30:00,8.145230943,6.3426223
2024-08-29 15:45:00,8.798674938,5.962091
2024-08-29 16:00:00,8.230309402,5.823017
2024-08-29 16:15:00,2.561973172,6.2634296
2024-08-29 16:30:00,1.553132013,6.812228
2024-08-29 16:45:00,8.587167019,6.994699
2024-08-29 17:00:00,9.699910675,6.9180756
2024-08-29 17:15:00,1.562345406,6.382759
2024-08-29 17:30:00,2.75486645,6.150044
2024-08-29 17:45:00,9.456585317,6.086031
2024-08-29 18:00:00,10.88163012,6.3779635
2024-08-29 18:15:00,6.311547834,6.4878
2024-08-29 18:30:00,2.91485705,6.355808
2024-08-29 18:45:00,4.631045688,6.415196
2024-08-29 19:00:00,9.296885404,6.489544
2024-08-29 19:15:00,7.016567435,6.6861973
2024-08-29 19:30:00,1.8341647109999997,6.557575
2024-08-29 19:45:00,4.381320832,6.711844
2024-08-29 20:00:00,9.051245382,7.043398
2024-08-29 20:15:00,4.340862541,7.082742
2024-08-29 20:30:00,5.89924793,6.643435
2024-08-29 20:45:00,11.12661539,6.496292
2024-08-29 21:00:00,11.55054174,6.474466
2024-08-29 21:15:00,8.770151303,6.1672487
2024-08-29 21:30:00,3.6082608109999996,6.1081095
2024-08-29 21:45:00,3.773086637,6.098326
2024-08-29 22:00:00,4.132457913,6.3225436
2024-08-29 22:15:00,2.8993932529999995,5.9537735
2024-08-29 22:30:00,3.1210756179999994,5.7314544
2024-08-29 22:45:00,3.707332322,5.9316335
2024-08-29 23:00:00,7.659360093,6.290804
2024-08-29 23:15:00,7.529508902,7.133724
2024-08-29 23:30:00,4.544639735,6.926077
2024-08-29 23:45:00,3.283143959,6.4236436
2024-08-30 00:00:00,7.7850989,6.252532
2024-08-30 00:15:00,2.473921335,6.5545955
2024-08-30 00:30:00,2.857013416,6.205281
2024-08-30 00:45:00,5.049537003,6.054634
2024-08-30 01:00:00,7.000812827,6.3322396
2024-08-30 01:15:00,8.804224011,6.68394
2024-08-30 01:30:00,8.713221872,6.6704316
2024-08-30 01:45:00,5.172270274999999,6.214988
2024-08-30 02:00:00,8.323797045,6.256564
2024-08-30 02:15:00,3.257026845,6.1521945
2024-08-30 02:30:00,6.200239616000001,5.971244
2024-08-30 02:45:00,7.520710826,5.901741
2024-08-30 03:00:00,8.671360131,5.8765073
2024-08-30 03:15:00,1.901079773,6.061232
2024-08-30 03:30:00,2.177016226,6.033978
2024-08-30 03:45:00,1.8334699590000003,6.2053947
2024-08-30 04:00:00,6.772274736,6.45413
2024-08-30 04:15:00,6.982882018,6.7217712
2024-08-30 04:30:00,1.22573384,6.5166645
2024-08-30 04:45:00,7.173247923,6.359184
2024-08-30 05:00:00,8.645796106,6.606044
2024-08-30 05:15:00,2.425104417,6.8568015
2024-08-30 05:30:00,4.887059224999999,6.095057
2024-08-30 05:45:00,10.37155053,6.049833
2024-08-30 06:00:00,8.297376715,6.58793
2024-08-30 06:15:00,4.253902996999999,6.3185654
2024-08-30 06:30:00,8.796436662,6.2876887
2024-08-30 06:45:00,9.793198972,6.7324853
2024-08-30 07:00:00,4.42478655,6.7276273
2024-08-30 07:15:00,8.106004948,6.6759653
2024-08-30 07:30:00,2.238047908,6.580433
2024-08-30 07:45:00,1.696387181,6.3098664
2024-08-30 08:00:00,7.059404691999999,6.5826435
2024-08-30 08:15:00,6.12186987,6.397186
2024-08-30 08:30:00,9.152479638,6.257051
2024-08-30 08:45:00,8.860871934,6.269981
2024-08-30 09:00:00,4.126539162,6.3216014
2024-08-30 09:15:00,6.353677417000001,6.338686
2024-08-30 09:30:00,8.577982623,6.696661
2024-08-30 09:45:00,3.897891158,6.8499575
2024-08-30 10:00:00,4.936195514,6.6268277
2024-08-30 10:15:00,1.81935286,6.550224
2024-08-30 10:30:00,2.289219892,7.006554
2024-08-30 10:45:00,7.47109458,7.1298175
2024-08-30 11:00:00,5.916760539,7.4361744
2024-08-30 11:15:00,2.685185687,7.036736
2024-08-30 11:30:00,1.238633308,6.595157
2024-08-30 11:45:00,2.785260094,6.8512297
2024-08-30 12:00:00,8.528742649,7.150195
2024-08-30 12:15:00,2.216354494,6.995635
2024-08-30 12:30:00,5.684625701,6.9431143
2024-08-30 12:45:00,3.660201556,6.675555
2024-08-30 13:00:00,6.728622328999999,6.3237987
2024-08-30 13:15:00,6.238548133,5.936556
2024-08-30 13:30:00,11.42847385,6.1522374
2024-08-30 13:45:00,9.093109573,6.896609
2024-08-30 14:00:00,10.52443698,6.8055654
2024-08-30 14:15:00,7.2518467939999995,6.5427766
2024-08-30 14:30:00,8.800014267,6.953704
2024-08-30 14:45:00,10.67577966,6.9296813
2024-08-30 15:00:00,1.6008175440000003,6.813163
2024-08-30 15:15:00,10.71233538,6.8233647
2024-08-30 15:30:00,3.39876962,7.096225
2024-08-30 15:45:00,8.413357428,7.2633553
2024-08-30 16:00:00,9.074404871,6.9045534
2024-08-30 16:15:00,2.258167969,6.723127
2024-08-30 16:30:00,11.03589857,6.5387177
2024-08-30 16:45:00,11.29513741,6.4932566
2024-08-30 17:00:00,8.004765345,6.7879043
2024-08-30 17:15:00,2.702863044,6.3543572
2024-08-30 17:30:00,6.780457284,6.189935
2024-08-30 17:45:00,4.81642396,6.6517086
2024-08-30 18:00:00,10.45352958,6.748672
2024-08-30 18:15:00,5.248745259,6.529716
2024-08-30 18:30:00,8.365330733,6.3902545
2024-08-30 18:45:00,7.290135200000001,6.3804703
2024-08-30 19:00:00,4.002412961999999,6.682921
2024-08-30 19:15:00,7.00347648,6.699057
2024-08-30 19:30:00,5.342193454,6.530835
2024-08-30 19:45:00,5.318071164,6.3312316
2024-08-30 20:00:00,9.766681273,6.5309467
2024-08-30 20:15:00,2.794057122,6.355305
2024-08-30 20:30:00,5.385532317,6.3603067
2024-08-30 20:45:00,1.255272781,6.1539006
2024-08-30 21:00:00,3.533266736,6.0483456
2024-08-30 21:15:00,7.3901847919999994,6.318232
2024-08-30 21:30:00,2.098072567,5.8225374
2024-08-30 21:45:00,4.024132236,5.82687
2024-08-30 22:00:00,9.724135629,5.919315
2024-08-30 22:15:00,8.177628888,6.4924545
2024-08-30 22:30:00,1.841850176,5.674015
2024-08-30 22:45:00,11.40752388,5.463155
2024-08-30 23:00:00,10.80247876,6.0842814
2024-08-30 23:15:00,2.60191181,6.246199
2024-08-30 23:30:00,11.16809021,5.875493
2024-08-30 23:45:00,6.519322389,6.4239573
2024-08-31 00:00:00,10.2515954,6.8272266
2024-08-31 00:15:00,10.61931216,6.379491
2024-08-31 00:30:00,8.804056473,6.6117244
2024-08-31 00:45:00,4.270666006,6.522599
2024-08-31 01:00:00,10.98110376,6.7350636
2024-08-31 01:15:00,6.873729701,7.080963
2024-08-31 01:30:00,4.552200281,6.9633565
2024-08-31 01:45:00,6.215911787999999,6.818177
2024-08-31 02:00:00,5.477245441,6.6318665
2024-08-31 02:15:00,10.9920004,6.499843
2024-08-31 02:30:00,10.31300471,6.4776125
2024-08-31 02:45:00,1.574018378,6.4411716
2024-08-31 03:00:00,1.232736531,6.2440367
2024-08-31 03:15:00,1.829309984,6.4439387
2024-08-31 03:30:00,7.788123904,6.751613
2024-08-31 03:45:00,9.128809456,6.6051683
2024-08-31 04:00:00,6.286106968,6.2261596
2024-08-31 04:15:00,7.006727196,5.970139
2024-08-31 04:30:00,3.595679774,6.281519
2024-08-31 04:45:00,5.806544141,6.4574265
2024-08-31 05:00:00,3.790550185,6.3685985
2024-08-31 05:15:00,3.9985244059999996,6.494519
2024-08-31 05:30:00,5.18715339,6.602868
2024-08-31 05:45:00,1.568103798,6.85532
2024-08-31 06:00:00,10.65928394,6.691805
2024-08-31 06:15:00,11.10303142,7.306885
2024-08-31 06:30:00,9.685632009,7.3043323
2024-08-31 06:45:00,7.606335176,6.562216
2024-08-31 07:00:00,9.267051425,6.5110126
2024-08-31 07:15:00,11.00457256,6.5641007
2024-08-31 07:30:00,3.9298151969999995,6.7424984
2024-08-31 07:45:00,4.990361716,6.7814226
2024-08-31 08:00:00,8.930227763,6.905262
2024-08-31 08:15:00,7.315080308,6.7518926
2024-08-31 08:30:00,9.412647203,6.6438437
2024-08-31 08:45:00,4.362617528,6.4314003
2024-08-31 09:00:00,4.504542228,6.6074653
2024-08-31 09:15:00,7.209833886,6.7995224
2024-08-31 09:30:00,2.763634155,6.7033477
2024-08-31 09:45:00,1.5150993319999997,6.652841
2024-08-31 10:00:00,3.9094036380000006,6.7735586
2024-08-31 10:15:00,2.678762625,7.086631
2024-08-31 10:30:00,1.177699236,6.8077426
2024-08-31 10:45:00,9.374787684,6.912868
2024-08-31 11:00:00,6.6139766799999995,7.0441546
2024-08-31 11:15:00,7.879452042999999,6.7872014
2024-08-31 11:30:00,2.754285302,6.880192
2024-08-31 11:45:00,3.8022612960000006,6.948041
2024-08-31 12:00:00,1.8919622880000002,7.0102067
2024-08-31 12:15:00,12.25674328,6.904823
2024-08-31 12:30:00,2.31761065,7.20014
2024-08-31 12:45:00,2.041865325,6.790471
2024-08-31 13:00:00,7.83318748,6.616251
2024-08-31 13:15:00,4.49475673,6.736169
2024-08-31 13:30:00,10.49339147,6.5748277
2024-08-31 13:45:00,9.595237808,6.452797
2024-08-31 14:00:00,10.17049205,6.215701
2024-08-31 14:15:00,9.056378555,5.993474
2024-08-31 14:30:00,2.418601284,6.212845
2024-08-31 14:45:00,1.827063734,6.6840005
2024-08-31 15:00:00,1.757662952,6.596556
2024-08-31 15:15:00,9.826080398,6.4258666
2024-08-31 15:30:00,8.503010704,6.852939
2024-08-31 15:45:00,11.1890412,6.542551
2024-08-31 16:00:00,7.608856423,6.2141743
2024-08-31 16:15:00,3.582756417,6.5562162
2024-08-31 16:30:00,2.136084681,6.9168844
2024-08-31 16:45:00,4.979266475,7.0031586
2024-08-31 17:00:00,3.0663633699999995,6.784696
2024-08-31 17:15:00,7.7291665,6.5908904
2024-08-31 17:30:00,2.171720325,6.674274
2024-08-31 17:45:00,9.147679421,6.689394
2024-08-31 18:00:00,8.441734219,6.686773
2024-08-31 18:15:00,9.308073761,6.8420773
2024-08-31 18:30:00,11.57264019,6.702751
2024-08-31 18:45:00,8.253678587,7.2224464
2024-08-31 19:00:00,9.181918015,7.29386
2024-08-31 19:15:00,2.048612282,7.7344346
2024-08-31 19:30:00,10.92498581,7.978977
2024-08-31 19:45:00,3.203839552,7.354474
2024-08-31 20:00:00,6.335399575,6.91709
2024-08-31 20:15:00,10.53793047,6.701868
2024-08-31 20:30:00,2.983953686,6.6200275
2024-08-31 20:45:00,1.46146309,6.239789
2024-08-31 21:00:00,4.300003327999999,6.3766093
2024-08-31 21:15:00,2.61849212,6.668588
2024-08-31 21:30:00,8.000961139,6.7877054
2024-08-31 21:45:00,4.149325369999999,6.950349
2024-08-31 22:00:00,1.807471435,6.5550685
2024-08-31 22:15:00,10.42443208,6.3933377
2024-08-31 22:30:00,1.688338485,6.8346434
2024-08-31 22:45:00,3.749687446,6.9563985
2024-08-31 23:00:00,3.6977678459999996,6.608117
2024-08-31 23:15:00,1.336186489,6.6828756
2024-08-31 23:30:00,3.021705768,6.847654
2024-08-31 23:45:00,9.819412678,7.189889
2024-09-01 00:00:00,1.522760693,7.4884987
2024-09-01 00:15:00,1.396632063,6.9615498
2024-09-01 00:30:00,7.718894591,6.7944937
2024-09-01 00:45:00,2.021547319,7.27092
2024-09-01 01:00:00,4.8497772139999995,6.890402
2024-09-01 01:15:00,1.102625138,6.7161207
2024-09-01 01:30:00,5.086444412,6.783537
2024-09-01 01:45:00,4.331970505999999,6.752758
2024-09-01 02:00:00,7.447717994,6.568816
2024-09-01 02:15:00,6.018652857000001,6.1528907
2024-09-01 02:30:00,7.660750693,6.2532077
2024-09-01 02:45:00,11.08675583,6.3814945
2024-09-01 03:00:00,9.428320075,7.167307
2024-09-01 03:15:00,10.85901972,7.2207146
2024-09-01 03:30:00,1.725665739,7.5079975
2024-09-01 03:45:00,11.22004593,7.868656
2024-09-01 04:00:00,4.517104803,7.5905213
2024-09-01 04:15:00,3.822155354,7.2667356
2024-09-01 04:30:00,5.452896182999999,6.1959634
2024-09-01 04:45:00,9.44239092,6.4804354
2024-09-01 05:00:00,10.61371643,6.6138577
2024-09-01 05:15:00,6.828895609000001,6.1826477
2024-09-01 05:30:00,2.923304459,6.0412498
2024-09-01 05:45:00,3.170519025,6.5022635
2024-09-01 06:00:00,5.340179917999999,6.6977053
2024-09-01 06:15:00,4.693281803,6.5975213
2024-09-01 06:30:00,3.815440839,6.6631618
2024-09-01 06:45:00,10.35896368,6.471785
2024-09-01 07:00:00,3.838428335,6.7099223
2024-09-01 07:15:00,7.389649912,6.6637263
2024-09-01 07:30:00,6.163843564,6.532391
2024-09-01 07:45:00,11.19889954,6.6502423
2024-09-01 08:00:00,7.328981688000001,6.57748
2024-09-01 08:15:00,4.51904178,6.698077
2024-09-01 08:30:00,8.110552104,6.97749
2024-09-01 08:45:00,4.395708909,6.08101
2024-09-01 09:00:00,2.024615975,5.927477
2024-09-01 09:15:00,6.0933558,6.30362
2024-09-01 09:30:00,10.32391345,6.6720953
2024-09-01 09:45:00,9.752617097,6.8661547
2024-09-01 10:00:00,6.947886024,6.603257
2024-09-01 10:15:00,8.982226797,6.5669646
2024-09-01 10:30:00,7.054652456,7.2233934
2024-09-01 10:45:00,9.810686813,7.4690566
2024-09-01 11:00:00,2.31034616,7.4642277
2024-09-01 11:15:00,5.528542732,7.3582807
2024-09-01 11:30:00,3.569206423,7.3717613
2024-09-01 11:45:00,1.244146972,7.5253296
2024-09-01 12:00:00,9.48884599,7.4290833
2024-09-01 12:15:00,2.471457519,7.3312535
2024-09-01 12:30:00,4.887444772,7.2208886
2024-09-01 12:45:00,10.45106302,7.0239897
2024-09-01 13:00:00,9.011422176,7.1227174
2024-09-01 13:15:00,6.922433438,6.983063
2024-09-01 13:30:00,4.581764728999999,6.5529504
2024-09-01 13:45:00,6.425108335,6.915881
2024-09-01 14:00:00,1.698324023,7.207295
2024-09-01 14:15:00,8.086717837,7.4306326
2024-09-01 14:30:00,3.54276849,7.355938
2024-09-01 14:45:00,6.284220424999999,7.237996
2024-09-01 15:00:00,2.036150986,7.213004
2024-09-01 15:15:00,9.07800272,7.2607837
2024-09-01 15:30:00,10.72536835,6.953437
2024-09-01 15:45:00,5.667751501,6.836011
2024-09-01 16:00:00,1.9599151130000003,6.607485
2024-09-01 16:15:00,10.60693476,7.030318
2024-09-01 16:30:00,5.862662111,6.9920826
2024-09-01 16:45:00,1.994307307,6.2163634
2024-09-01 17:00:00,3.178945551,6.0960803
2024-09-01 17:15:00,2.498398523,6.5222287
2024-09-01 17:30:00,3.2350921029999995,6.790704
2024-09-01 17:45:00,2.835396338,6.746429
2024-09-01 18:00:00,11.07384435,6.935518
2024-09-01 18:15:00,3.228144314,7.274717
2024-09-01 18:30:00,5.974538288,6.932819
2024-09-01 18:45:00,9.430479515,6.651772
2024-09-01 19:00:00,7.88119413,7.249648
2024-09-01 19:15:00,10.87504685,7.0601707
2024-09-01 19:30:00,11.09996108,7.193493
2024-09-01 19:45:00,6.915221133999999,7.1997037
2024-09-01 20:00:00,9.037631856,7.2960587
2024-09-01 20:15:00,5.258281735,7.3452287
2024-09-01 20:30:00,5.825110164,7.188318
2024-09-01 20:45:00,2.164029782,7.11592
2024-09-01 21:00:00,7.933250291,6.9734526
2024-09-01 21:15:00,3.785383666,6.716811
2024-09-01 21:30:00,1.982288931,6.3738666
2024-09-01 21:45:00,2.1233777,6.509335
2024-09-01 22:00:00,8.954765805,6.2747264
2024-09-01 22:15:00,3.529864427,6.4962554
2024-09-01 22:30:00,9.543485534,5.9439983
2024-09-01 22:45:00,11.32985103,6.1941767
2024-09-01 23:00:00,4.629171529999999,6.900772
2024-09-01 23:15:00,9.40405382,6.784199
2024-09-01 23:30:00,5.6630959,7.039051
2024-09-01 23:45:00,9.259696429,7.0818577
2024-09-02 00:00:00,4.347666712,7.0520077
2024-09-02 00:15:00,10.49904179,7.2857327
2024-09-02 00:30:00,11.762561399999997,7.316095
2024-09-02 00:45:00,4.964504035,6.986125
2024-09-02 01:00:00,3.1585560630000002,6.948203
2024-09-02 01:15:00,8.714840313,7.0023766
2024-09-02 01:30:00,7.249969456,6.7984757
2024-09-02 01:45:00,11.28568549,6.45354
2024-09-02 02:00:00,9.902235432,6.6157174
2024-09-02 02:15:00,10.06132188,6.856671
2024-09-02 02:30:00,9.002685435,7.3032856
2024-09-02 02:45:00,5.081806542,7.519057
2024-09-02 03:00:00,10.54742602,7.859169
2024-09-02 03:15:00,6.065628984,7.346653
2024-09-02 03:30:00,5.412534362,7.12774
2024-09-02 03:45:00,3.207887451,7.1126533
2024-09-02 04:00:00,4.027173070999999,7.172362
2024-09-02 04:15:00,1.165489027,7.223069
2024-09-02 04:30:00,7.899233279,7.473238
2024-09-02 04:45:00,6.871750839000001,7.5124226
2024-09-02 05:00:00,5.118902502999999,7.0267444
2024-09-02 05:15:00,11.11460114,6.8562684
2024-09-02 05:30:00,8.770024181,7.1681876
2024-09-02 05:45:00,3.603052981,7.1166472
2024-09-02 06:00:00,4.70478484,7.109439
2024-09-02 06:15:00,6.631148684000001,7.2130785
2024-09-02 06:30:00,6.531216553,7.2851305
2024-09-02 06:45:00,4.106076387999999,6.403242
2024-09-02 07:00:00,3.856990282,6.7118125
2024-09-02 07:15:00,3.999100816999999,6.824184
2024-09-02 07:30:00,11.24753459,6.904721
2024-09-02 07:45:00,4.616483207,7.050592
2024-09-02 08:00:00,5.131637831,6.8152537
2024-09-02 08:15:00,8.469276225,7.0106034
2024-09-02 08:30:00,2.787571329,7.2220182
2024-09-02 08:45:00,8.388141352,6.9352045
2024-09-02 09:00:00,8.346088605,7.129751
2024-09-02 09:15:00,1.9227701490000002,7.328955
2024-09-02 09:30:00,3.0463953939999997,7.370073
2024-09-02 09:45:00,5.975978782,7.1200957
2024-09-02 10:00:00,9.889424726,7.084994
2024-09-02 10:15:00,8.318043349,6.9577255
2024-09-02 10:30:00,9.80579135,6.532051
2024-09-02 10:45:00,10.47999583,6.6911097
2024-09-02 11:00:00,6.464489342,7.066054
2024-09-02 11:15:00,8.029031265,7.0268607
2024-09-02 11:30:00,10.67112283,7.0635705
2024-09-02 11:45:00,9.321364878,7.179362
2024-09-02 12:00:00,5.111636628,7.35743
2024-09-02 12:15:00,4.946740049999999,6.944501
2024-09-02 12:30:00,4.729815047999999,6.8628025
2024-09-02 12:45:00,6.231696664,7.071166
2024-09-02 13:00:00,4.915303635,6.873269
2024-09-02 13:15:00,3.034177092,6.785163
2024-09-02 13:30:00,7.689461325,6.81218
2024-09-02 13:45:00,9.539358283,6.8749056
2024-09-02 14:00:00,5.941980684,6.813723
2024-09-02 14:15:00,3.397206345,6.4618573
2024-09-02 14:30:00,8.888743287,6.5405107
2024-09-02 14:45:00,8.547862253,6.7103634
2024-09-02 15:00:00,8.285759869,6.289302
2024-09-02 15:15:00,8.632952377,6.049055
2024-09-02 15:30:00,8.940264254,6.220593
2024-09-02 15:45:00,9.623349987,6.3078656
2024-09-02 16:00:00,9.680956192,6.3684435
2024-09-02 16:15:00,7.813345762,6.673098
2024-09-02 16:30:00,4.914883722,6.850896
2024-09-02 16:45:00,2.150984023,7.201328
2024-09-02 17:00:00,8.53392152,7.460038
2024-09-02 17:15:00,2.634690323,7.344017
2024-09-02 17:30:00,10.43160968,7.4723506
2024-09-02 17:45:00,5.15559215,7.3709693
2024-09-02 18:00:00,9.730654328,7.175066
2024-09-02 18:15:00,6.583290083,6.793179
2024-09-02 18:30:00,5.570308362999999,7.045297
2024-09-02 18:45:00,4.7131977879999996,6.8054566
2024-09-02 19:00:00,1.83949066,6.6416254
2024-09-02 19:15:00,1.309675035,6.6456223
2024-09-02 19:30:00,6.132267277999999,6.664946
2024-09-02 19:45:00,10.71333591,6.8995404
2024-09-02 20:00:00,6.926311017,6.9661236
2024-09-02 20:15:00,9.915880415,6.4455056
2024-09-02 20:30:00,11.7878566,6.439437
2024-09-02 20:45:00,2.8594958859999995,6.6168885
2024-09-02 21:00:00,8.172993418,6.5170283
2024-09-02 21:15:00,5.222681107,6.2711835
2024-09-02 21:30:00,3.1847945730000005,6.4899297
2024-09-02 21:45:00,3.440982564,6.328213
2024-09-02 22:00:00,3.716849469,6.4008064
2024-09-02 22:15:00,8.08022557,6.6935234
2024-09-02 22:30:00,4.71190799,6.5368047
2024-09-02 22:45:00,3.653187911,6.655645
2024-09-02 23:00:00,10.15627014,6.556724
2024-09-02 23:15:00,1.478319379,6.824367
2024-09-02 23:30:00,8.38232772,6.3906794
2024-09-02 23:45:00,10.83462021,6.1637697
2024-09-03 00:00:00,7.196449256999999,6.4015837
2024-09-03 00:15:00,7.19963085,6.271249
2024-09-03 00:30:00,1.7392191260000003,6.2032022
2024-09-03 00:45:00,6.099074557,6.4305277
2024-09-03 01:00:00,4.684872663,6.6098776
2024-09-03 01:15:00,8.924901369,6.488363
2024-09-03 01:30:00,9.78330098,6.430199
2024-09-03 01:45:00,2.9017350669999997,6.397748
2024-09-03 02:00:00,6.404991112,6.368513
2024-09-03 02:15:00,10.1980732,6.0847244
2024-09-03 02:30:00,7.199893219,6.0769877
2024-09-03 02:45:00,6.483408404,6.0594068
2024-09-03 03:00:00,10.96690371,5.922295
2024-09-03 03:15:00,11.37266072,6.170134
2024-09-03 03:30:00,3.795066197,6.0865746
2024-09-03 03:45:00,3.140938867,5.7905807
2024-09-03 04:00:00,9.741379493,5.97662
2024-09-03 04:15:00,3.634348988,6.432059
2024-09-03 04:30:00,10.23235017,6.2731996
2024-09-03 04:45:00,4.093768116999999,6.236656
2024-09-03 05:00:00,1.38238181,6.2832003
2024-09-03 05:15:00,5.380385581999999,5.9838595
2024-09-03 05:30:00,1.514019499,6.350285
2024-09-03 05:45:00,3.3210945690000004,6.4963436
2024-09-03 06:00:00,6.042047031,6.4078827
2024-09-03 06:15:00,1.5952635270000002,6.5677385
2024-09-03 06:30:00,1.438841177,6.7454977
2024-09-03 06:45:00,2.748035996,6.9165325
2024-09-03 07:00:00,6.299826339000001,6.8051944
2024-09-03 07:15:00,10.89758234,6.998558
2024-09-03 07:30:00,2.140360311,7.2371235
2024-09-03 07:45:00,7.558782325,6.672308
2024-09-03 08:00:00,5.992790401000001,6.4799848
2024-09-03 08:15:00,1.67719383,6.572467
2024-09-03 08:30:00,1.514070066,6.4255247
2024-09-03 08:45:00,3.624763104,6.0479145
2024-09-03 09:00:00,8.586073348,6.221985
2024-09-03 09:15:00,11.888646900000001,6.7247214
2024-09-03 09:30:00,6.630058775,6.799506
2024-09-03 09:45:00,1.649823571,6.205754
2024-09-03 10:00:00,3.929449139,6.1885304
2024-09-03 10:15:00,10.95807005,6.3318777
2024-09-03 10:30:00,1.320259098,7.062615
2024-09-03 10:45:00,6.938504055999999,6.4511127
2024-09-03 11:00:00,3.073376109,6.645899
2024-09-03 11:15:00,1.8466641149999998,7.0603175
2024-09-03 11:30:00,3.843394116,7.0911984
2024-09-03 11:45:00,11.09586131,7.110542
2024-09-03 12:00:00,9.17852528,7.6899185
2024-09-03 12:15:00,3.18266164,7.289626
2024-09-03 12:30:00,1.80571461,7.0196977
2024-09-03 12:45:00,6.55626533,6.8846707
2024-09-03 13:00:00,1.696991035,6.8042154
2024-09-03 13:15:00,5.538528897,6.761464
2024-09-03 13:30:00,9.215601204,6.5156727
2024-09-03 13:45:00,6.714547031,6.4882245
2024-09-03 14:00:00,9.830876437,6.268914
2024-09-03 14:15:00,9.84761869,6.373676
2024-09-03 14:30:00,6.798459435,6.8769655
2024-09-03 14:45:00,9.758346079,6.6838856
2024-09-03 15:00:00,2.020763298,6.550468
2024-09-03 15:15:00,3.18327336,6.6764736
2024-09-03 15:30:00,8.091658373,6.6550674
2024-09-03 15:45:00,1.233535925,6.813363
2024-09-03 16:00:00,1.171615906,6.6690936
2024-09-03 16:15:00,5.282793239,6.480584
2024-09-03 16:30:00,9.779449646,6.587776
2024-09-03 16:45:00,11.767755720000002,6.6571393
2024-09-03 17:00:00,8.259560088,6.353044
2024-09-03 17:15:00,10.80499002,6.2733016
2024-09-03 17:30:00,9.557419689,6.3196526
2024-09-03 17:45:00,3.1483483360000006,6.397423
2024-09-03 18:00:00,5.245233201,6.2842956
2024-09-03 18:15:00,7.869301646,6.4362946
2024-09-03 18:30:00,2.693096213,6.7515645
2024-09-03 18:45:00,4.270706858999999,6.7215757
2024-09-03 19:00:00,8.743496243,6.653712
2024-09-03 19:15:00,5.027662985,7.0399714
2024-09-03 19:30:00,10.83435461,6.8689046
2024-09-03 19:45:00,5.327905006999999,6.7525096
2024-09-03 20:00:00,3.384966122,6.6673326
2024-09-03 20:15:00,3.249347512,6.495726
2024-09-03 20:30:00,8.421050573,6.5012245
2024-09-03 20:45:00,5.194714589,6.5702047
2024-09-03 21:00:00,3.675479703,6.631764
2024-09-03 21:15:00,8.392496712,6.5228148
2024-09-03 21:30:00,5.265935045,6.6177187
2024-09-03 21:45:00,9.441582317,6.261576
2024-09-03 22:00:00,6.435502847000001,6.4874945
2024-09-03 22:15:00,11.787393510000001,6.5107126
2024-09-03 22:30:00,5.133760150999999,6.389076
2024-09-03 22:45:00,4.007297296,6.5235114
2024-09-03 23:00:00,7.483905916000001,6.506078
2024-09-03 23:15:00,8.344053982,6.537239
2024-09-03 23:30:00,1.404868004,6.7716036
2024-09-03 23:45:00,8.422148429,6.6816745
2024-09-04 00:00:00,2.908634287,6.768203
2024-09-04 00:15:00,10.45810693,6.8400435
2024-09-04 00:30:00,7.286141923,6.804639
2024-09-04 00:45:00,2.407415727,6.991718
2024-09-04 01:00:00,1.685461662,6.652906
2024-09-04 01:15:00,9.48410147,6.8590317
2024-09-04 01:30:00,10.24459105,6.955608
2024-09-04 01:45:00,5.293331048999999,6.753804
2024-09-04 02:00:00,2.140222801,6.2978277
2024-09-04 02:15:00,5.235429569999999,6.458576
2024-09-04 02:30:00,8.915750816,6.8622003
2024-09-04 02:45:00,7.772342353,6.450094
2024-09-04 03:00:00,9.459732591,6.0250463
2024-09-04 03:15:00,8.64164364,6.0915484
2024-09-04 03:30:00,4.482740784999999,6.2242775
2024-09-04 03:45:00,4.861540034999999,6.4300647
2024-09-04 04:00:00,7.964826026,6.5630403
2024-09-04 04:15:00,4.217445249999999,6.8936963
2024-09-04 04:30:00,9.368385302,7.045474
2024-09-04 04:45:00,4.566517565,7.196406
2024-09-04 05:00:00,6.06562747,7.0601935
2024-09-04 05:15:00,1.700315834,6.653436
2024-09-04 05:30:00,2.542910638,6.9976497
2024-09-04 05:45:00,2.59665302,7.100009
2024-09-04 06:00:00,4.721709074,7.156547
2024-09-04 06:15:00,2.420301931,6.9404497
2024-09-04 06:30:00,5.62727932,7.0021396
2024-09-04 06:45:00,3.884889613,7.1343703
2024-09-04 07:00:00,3.920536895,7.0385838
2024-09-04 07:15:00,5.915399922000001,6.874753
2024-09-04 07:30:00,10.16531882,7.1254487
2024-09-04 07:45:00,9.349534507,7.501857
2024-09-04 08:00:00,9.607472597,7.484093
2024-09-04 08:15:00,11.23601866,7.4052715
2024-09-04 08:30:00,1.313756717,7.751732
2024-09-04 08:45:00,8.5446999,7.4910326
2024-09-04 09:00:00,2.46992074,7.575285
2024-09-04 09:15:00,10.38014129,7.745981
2024-09-04 09:30:00,3.551002849,7.303209
2024-09-04 09:45:00,5.075185088,7.0642343
2024-09-04 10:00:00,11.96519124,6.412998
2024-09-04 10:15:00,10.42900384,7.062358
2024-09-04 10:30:00,1.55606785,6.622283
2024-09-04 10:45:00,1.5422134110000003,6.4476833
2024-09-04 11:00:00,9.878247896,7.2208776
2024-09-04 11:15:00,1.855729591,7.7647047
2024-09-04 11:30:00,10.22866052,7.5737514
2024-09-04 11:45:00,10.26517317,7.4698777
2024-09-04 12:00:00,1.381742421,7.6707263
2024-09-04 12:15:00,3.36100611,7.5150266
2024-09-04 12:30:00,1.26662178,7.335543
2024-09-04 12:45:00,1.9373394580000003,7.2275643
2024-09-04 13:00:00,6.697823668000001,6.807287
2024-09-04 13:15:00,8.33805303,7.0003395
2024-09-04 13:30:00,6.339661032,6.8048325
2024-09-04 13:45:00,4.912509478,6.545216
2024-09-04 14:00:00,3.346492627,6.963704
2024-09-04 14:15:00,3.5073732360000003,7.1249633
2024-09-04 14:30:00,6.887767836000001,7.1692734
2024-09-04 14:45:00,9.526166407,7.165111
2024-09-04 15:00:00,5.299513376,7.658233
2024-09-04 15:15:00,10.51834729,7.170838
2024-09-04 15:30:00,1.694338074,7.0863113
2024-09-04 15:45:00,9.758214981,6.9694524
2024-09-04 16:00:00,4.647999495,6.882112
2024-09-04 16:15:00,10.25578992,7.1286516
2024-09-04 16:30:00,10.06885376,7.014145
2024-09-04 16:45:00,8.627461587,7.1166306
2024-09-04 17:00:00,5.0394691609999995,6.649315
2024-09-04 17:15:00,6.174481684,6.7022376
2024-09-04 17:30:00,6.692786794999999,6.847075
2024-09-04 17:45:00,5.7358109509999995,7.059388
2024-09-04 18:00:00,8.821670729,6.91856
2024-09-04 18:15:00,9.45695295,6.972808
2024-09-04 18:30:00,1.227964045,6.828506
2024-09-04 18:45:00,2.803552548,6.844722
2024-09-04 19:00:00,4.650480882,7.1358433
2024-09-04 19:15:00,7.766456468000001,7.245467
2024-09-04 19:30:00,3.669928993,7.2250214
2024-09-04 19:45:00,4.782549891999999,7.1778774
2024-09-04 20:00:00,5.879204785,7.307763
2024-09-04 20:15:00,7.477665313,7.290313
2024-09-04 20:30:00,10.67475034,7.1297717
2024-09-04 20:45:00,10.18280237,6.95394
2024-09-04 21:00:00,4.853477572999999,6.980573
2024-09-04 21:15:00,9.615443282,7.074528
2024-09-04 21:30:00,9.824808957,6.9977565
2024-09-04 21:45:00,6.317618058,6.733415
2024-09-04 22:00:00,4.159179382,6.5058465
2024-09-04 22:15:00,10.92969767,6.7617025
2024-09-04 22:30:00,10.90211908,6.8719773
2024-09-04 22:45:00,3.3028868929999997,6.7687855
2024-09-04 23:00:00,9.401068818,6.511846
2024-09-04 23:15:00,1.5756837550000002,6.5571227
2024-09-04 23:30:00,1.212361654,6.959946
2024-09-04 23:45:00,4.6190454149999995,6.9840946
2024-09-05 00:00:00,5.534524429,7.191918
2024-09-05 00:15:00,6.894691257999999,7.192283
2024-09-05 00:30:00,5.237138889,7.1195946
2024-09-05 00:45:00,2.421541461,7.192878
2024-09-05 01:00:00,4.469686826999999,7.238998
2024-09-05 01:15:00,9.830803626,7.352086
2024-09-05 01:30:00,4.616084171,7.368894
2024-09-05 01:45:00,7.025102965,7.102957
2024-09-05 02:00:00,7.815207431,6.385895
2024-09-05 02:15:00,8.692116151,6.6025643
2024-09-05 02:30:00,6.3114739580000006,6.7254696
2024-09-05 02:45:00,2.456365827,6.721598
2024-09-05 03:00:00,10.35847895,7.011732
2024-09-05 03:15:00,3.8690075790000003,7.1011577
2024-09-05 03:30:00,4.6550568199999995,7.2983747
2024-09-05 03:45:00,9.125417801,7.146
2024-09-05 04:00:00,8.946636093,6.852898
2024-09-05 04:15:00,10.72844846,6.4286146
2024-09-05 04:30:00,1.4403730269999997,6.517113
2024-09-05 04:45:00,10.34200616,6.8506002
2024-09-05 05:00:00,9.369893483,6.760891
2024-09-05 05:15:00,6.883915497,6.8853583
2024-09-05 05:30:00,2.717864881,6.267308
2024-09-05 05:45:00,7.130065617,6.4466963
2024-09-05 06:00:00,3.122530027,6.653029
2024-09-05 06:15:00,10.38265889,6.5951343
2024-09-05 06:30:00,8.188747258,6.39375
2024-09-05 06:45:00,7.284895424999999,6.4025645
2024-09-05 07:00:00,9.434698719,6.1985264
2024-09-05 07:15:00,6.67220305,6.209974
2024-09-05 07:30:00,1.6521817519999997,6.543989
2024-09-05 07:45:00,3.6905151670000005,6.8805356
2024-09-05 08:00:00,11.33603093,7.1080627
2024-09-05 08:15:00,9.414411261,7.2384443
2024-09-05 08:30:00,10.86361972,6.8746552
2024-09-05 08:45:00,2.097271612,6.523235
2024-09-05 09:00:00,3.676624044,6.518716
2024-09-05 09:15:00,1.809366461,6.4956903
2024-09-05 09:30:00,9.006495342,6.7451563
2024-09-05 09:45:00,3.067909196,6.5894127
2024-09-05 10:00:00,5.403626982,6.3251886
2024-09-05 10:15:00,3.874553363,6.5059633
2024-09-05 10:30:00,10.92247999,6.6290936
2024-09-05 10:45:00,7.264480539,7.2352
2024-09-05 11:00:00,9.785930282,7.5795827
2024-09-05 11:15:00,7.74270197,7.6211143
2024-09-05 11:30:00,7.172930792,7.6245427
2024-09-05 11:45:00,5.067875999999999,7.4569902
2024-09-05 12:00:00,3.61395886,7.1698728
2024-09-05 12:15:00,4.777390745,7.1122975
2024-09-05 12:30:00,3.8544027790000004,7.093639
2024-09-05 12:45:00,7.8720457239999995,6.9224253
2024-09-05 13:00:00,5.751832986,6.76987
2024-09-05 13:15:00,6.688635746,6.6204777
2024-09-05 13:30:00,9.05902325,6.633661
2024-09-05 13:45:00,3.998494695,6.771311
2024-09-05 14:00:00,5.450460001,6.693379
2024-09-05 14:15:00,6.538746873,6.3958297
2024-09-05 14:30:00,1.762660779,6.4669003
2024-09-05 14:45:00,2.565439665,6.525096
2024-09-05 15:00:00,1.8082713919999998,6.587297
2024-09-05 15:15:00,9.545655191,6.540289
2024-09-05 15:30:00,4.323207408,6.9991474
2024-09-05 15:45:00,5.310083458,6.6860237
2024-09-05 16:00:00,8.548216944,6.295098
2024-09-05 16:15:00,11.44236929,6.679489
2024-09-05 16:30:00,9.624550759,6.7232194
2024-09-05 16:45:00,1.804080895,6.553904
2024-09-05 17:00:00,4.388568841,6.5155354
2024-09-05 17:15:00,1.739161675,6.6604733
2024-09-05 17:30:00,1.766077412,6.912842
2024-09-05 17:45:00,2.555222577,6.8434205
2024-09-05 18:00:00,4.248081934,7.080675
2024-09-05 18:15:00,3.768831155,7.193726
2024-09-05 18:30:00,4.741668274999999,7.1426873
2024-09-05 18:45:00,9.991218718,7.156489
2024-09-05 19:00:00,9.744571607,7.51295
2024-09-05 19:15:00,4.817664161,7.5459037
2024-09-05 19:30:00,7.662943933999999,6.949114
2024-09-05 19:45:00,4.717808637,6.778945
2024-09-05 20:00:00,5.248016478,6.533134
2024-09-05 20:15:00,8.452312895,6.2973623
2024-09-05 20:30:00,5.510959682999999,6.4463
2024-09-05 20:45:00,6.555506194,6.222275
2024-09-05 21:00:00,2.212402132,5.5494685
2024-09-05 21:15:00,6.494679376,5.8185616
2024-09-05 21:30:00,8.805965944,6.212169
2024-09-05 21:45:00,10.4125902,6.2574663
2024-09-05 22:00:00,2.592401671,6.158335
2024-09-05 22:15:00,5.380589488999999,6.2489934
2024-09-05 22:30:00,6.105674201,6.676287
2024-09-05 22:45:00,9.967636626,6.738993
2024-09-05 23:00:00,4.001349829,6.8158464
2024-09-05 23:15:00,2.83850909,6.4966183
2024-09-05 23:30:00,2.532189734,6.4466047
2024-09-05 23:45:00,2.766243607,6.653505
2024-09-06 00:00:00,9.665727528,6.866698
2024-09-06 00:15:00,8.007385864,7.0152917
2024-09-06 00:30:00,5.553915449,6.48452
2024-09-06 00:45:00,9.919322007,5.9025335
2024-09-06 01:00:00,4.009720171999999,6.057539
2024-09-06 01:15:00,10.77065024,5.8770056
2024-09-06 01:30:00,9.022275674,5.979934
2024-09-06 01:45:00,1.428776278,6.280421
2024-09-06 02:00:00,6.089434108999999,6.349464
2024-09-06 02:15:00,10.26672509,6.585478
2024-09-06 02:30:00,5.177177498,6.820925
2024-09-06 02:45:00,10.79056182,6.379146
2024-09-06 03:00:00,9.47688776,6.2152925
2024-09-06 03:15:00,8.946160096,6.6104045
2024-09-06 03:30:00,2.505380201,6.2979145
2024-09-06 03:45:00,2.439921182,6.1971183
2024-09-06 04:00:00,8.134603566,6.4739695
2024-09-06 04:15:00,7.904580943,6.6594653
2024-09-06 04:30:00,2.575556307,6.325232
2024-09-06 04:45:00,10.93706052,6.1753497
2024-09-06 05:00:00,10.61639003,6.4974794
2024-09-06 05:15:00,5.618759342999999,6.7419686
2024-09-06 05:30:00,7.318591654999999,6.635656
2024-09-06 05:45:00,5.967760497,6.9905505
2024-09-06 06:00:00,1.481254291,6.7345552
2024-09-06 06:15:00,2.103738086,6.7599483
2024-09-06 06:30:00,8.793052402,7.1814775
2024-09-06 06:45:00,5.905938337,7.188694
2024-09-06 07:00:00,7.175774101,6.830567
2024-09-06 07:15:00,7.391168400000001,6.6706476
2024-09-06 07:30:00,4.95424612,6.9511685
2024-09-06 07:45:00,1.463147781,6.9367275
2024-09-06 08:00:00,9.473600951,7.1699877
2024-09-06 08:15:00,5.717775047999999,7.5037246
2024-09-06 08:30:00,2.602557098,6.9842105
2024-09-06 08:45:00,1.396834545,6.4964347
2024-09-06 09:00:00,1.308117514,6.4890385
2024-09-06 09:15:00,1.434671999,6.564863
2024-09-06 09:30:00,2.622530049,6.6450887
2024-09-06 09:45:00,3.4852381040000004,6.786771
2024-09-06 10:00:00,3.6578947230000005,6.691493
2024-09-06 10:15:00,7.968183696,6.811727
2024-09-06 10:30:00,3.678358031,6.5132747
2024-09-06 10:45:00,7.624153684,6.042705
2024-09-06 11:00:00,9.444221653,6.1093154
2024-09-06 11:15:00,5.463590403,6.8855095
2024-09-06 11:30:00,8.901477895,6.899251
2024-09-06 11:45:00,2.207971396,7.390407
2024-09-06 12:00:00,4.8667774999999995,7.233024
2024-09-06 12:15:00,8.346434746,7.128963
2024-09-06 12:30:00,10.35267973,6.8609667
2024-09-06 12:45:00,6.972288825,6.5429983
2024-09-06 13:00:00,5.098665971999999,6.3155637
2024-09-06 13:15:00,4.400362243,6.4533587
2024-09-06 13:30:00,4.858691653999999,6.9705586
2024-09-06 13:45:00,7.477868349,7.0757813
2024-09-06 14:00:00,4.659449808,7.0565553
2024-09-06 14:15:00,5.854972412000001,6.638122
2024-09-06 14:30:00,8.557341495,6.3013353
2024-09-06 14:45:00,3.539621953,6.3806033
2024-09-06 15:00:00,8.337706284,6.2728276
2024-09-06 15:15:00,9.033601847,6.3388476
2024-09-06 15:30:00,9.394938598,6.64736
2024-09-06 15:45:00,1.400476639,6.3814383
2024-09-06 16:00:00,2.480914896,6.5253577
2024-09-06 16:15:00,10.86558715,7.334205
2024-09-06 16:30:00,2.368739127,7.676706
2024-09-06 16:45:00,6.335078017,7.72219
2024-09-06 17:00:00,2.829099121,7.0230727
2024-09-06 17:15:00,9.145492696,7.0836697
2024-09-06 17:30:00,2.196908002,7.049293
2024-09-06 17:45:00,2.084573511,7.0193267
2024-09-06 18:00:00,6.773060541,6.875235
2024-09-06 18:15:00,3.499315822,7.1077657
2024-09-06 18:30:00,8.090229145,6.8855467
2024-09-06 18:45:00,8.463863831,6.7718973
2024-09-06 19:00:00,6.983290369,6.4971
2024-09-06 19:15:00,9.678272518,6.104653
2024-09-06 19:30:00,8.033445772,6.3469687
2024-09-06 19:45:00,3.020686136,6.427247
2024-09-06 20:00:00,1.924167167,6.232315
2024-09-06 20:15:00,8.827721079,6.5089636
2024-09-06 20:30:00,8.95131125,6.5729613
2024-09-06 20:45:00,9.142418109,6.2551694
2024-09-06 21:00:00,3.082073275,5.889092
2024-09-06 21:15:00,3.401399582,6.289623
2024-09-06 21:30:00,7.405686998999999,6.5958004
2024-09-06 21:45:00,2.786715877,7.069088
2024-09-06 22:00:00,4.265240884999999,6.721921
2024-09-06 22:15:00,9.075126338,6.762123
2024-09-06 22:30:00,4.711591027999999,6.3419256
2024-09-06 22:45:00,1.305031992,5.9601784
2024-09-06 23:00:00,8.316226331,5.855547
2024-09-06 23:15:00,3.1676894870000005,6.243822
2024-09-06 23:30:00,3.179098127,5.8431144
2024-09-06 23:45:00,1.3806711,5.5645113
2024-09-07 00:00:00,7.451407239,5.98209
2024-09-07 00:15:00,6.32079391,6.54743
2024-09-07 00:30:00,2.316933733,6.218403
2024-09-07 00:45:00,1.730221396,5.5004888
2024-09-07 01:00:00,6.394345922,5.4307156
2024-09-07 01:15:00,8.909213621,5.862289
2024-09-07 01:30:00,11.07735336,5.916763
2024-09-07 01:45:00,1.95068622,6.1350093
2024-09-07 02:00:00,8.715500469,6.5122232
2024-09-07 02:15:00,3.0888759729999995,6.8503385
2024-09-07 02:30:00,1.52495894,6.879093
2024-09-07 02:45:00,4.822033583999999,6.5844374
2024-09-07 03:00:00,6.770016201,6.4974914
2024-09-07 03:15:00,7.248334229,6.359179
2024-09-07 03:30:00,1.554333914,6.2747073
2024-09-07 03:45:00,11.30083774,6.566005
2024-09-07 04:00:00,1.7392483790000002,7.3870816
2024-09-07 04:15:00,3.260861905,6.9972544
2024-09-07 04:30:00,5.760894715000001,6.1110024
2024-09-07 04:45:00,11.15452495,6.6533265
2024-09-07 05:00:00,11.01622686,6.599869
2024-09-07 05:15:00,1.187380367,6.570013
2024-09-07 05:30:00,3.516758231,6.70753
2024-09-07 05:45:00,6.244239857000001,7.031126
2024-09-07 06:00:00,8.132415552,7.023286
2024-09-07 06:15:00,8.279791427,6.5250425
2024-09-07 06:30:00,3.983067215,6.5390825
2024-09-07 06:45:00,3.135128934,6.449944
2024-09-07 07:00:00,1.374417594,6.300984
2024-09-07 07:15:00,9.271759275,6.3825793
2024-09-07 07:30:00,4.930173961,6.5791883
2024-09-07 07:45:00,10.51945503,6.18031
2024-09-07 08:00:00,4.412878581999999,6.25239
2024-09-07 08:15:00,8.900009937,6.2561564
2024-09-07 08:30:00,1.8274614900000001,6.527089
2024-09-07 08:45:00,9.555016362,6.7227697
2024-09-07 09:00:00,10.65109077,6.866597
2024-09-07 09:15:00,4.100600503999999,7.1572466
2024-09-07 09:30:00,2.730506905,7.2721367
2024-09-07 09:45:00,3.376221244,7.092363
2024-09-07 10:00:00,10.55352057,7.2175245
2024-09-07 10:15:00,4.181471968,7.4188247
2024-09-07 10:30:00,3.7351112350000006,6.955422
2024-09-07 10:45:00,11.36564549,6.8170276
2024-09-07 11:00:00,7.930894585000001,7.3659825
2024-09-07 11:15:00,9.586630648,7.015437
2024-09-07 11:30:00,9.050446307,6.8297896
2024-09-07 11:45:00,4.863782542,6.9992537
2024-09-07 12:00:00,9.620488667,6.9026175
2024-09-07 12:15:00,7.292562927,7.2456584
2024-09-07 12:30:00,8.275812711,7.177683
2024-09-07 12:45:00,4.741305647,7.132101
2024-09-07 13:00:00,11.37419038,7.17054
2024-09-07 13:15:00,9.772752187,6.758591
2024-09-07 13:30:00,2.840819279,6.3561416
2024-09-07 13:45:00,3.293683593,6.295146
2024-09-07 14:00:00,8.818101107,6.504859
2024-09-07 14:15:00,1.481554179,6.6300597
2024-09-07 14:30:00,4.661519553,6.475158
2024-09-07 14:45:00,6.725341331,6.5863423
2024-09-07 15:00:00,3.275168299,6.890093
2024-09-07 15:15:00,9.698952133,6.8071322
2024-09-07 15:30:00,10.80623127,6.7681384
2024-09-07 15:45:00,10.94781067,6.3838553
2024-09-07 16:00:00,2.524520194,5.872319
2024-09-07 16:15:00,1.947291881,5.89865
2024-09-07 16:30:00,6.926700343,6.327219
2024-09-07 16:45:00,9.23161011,6.679708
2024-09-07 17:00:00,4.2352405179999995,6.678579
2024-09-07 17:15:00,3.549334657,6.6845136
2024-09-07 17:30:00,6.713447082,6.731394
2024-09-07 17:45:00,6.039165272,6.7033877
2024-09-07 18:00:00,5.928337108,6.9514256
2024-09-07 18:15:00,5.288993972,7.0450187
2024-09-07 18:30:00,8.922718922,7.177314
2024-09-07 18:45:00,7.342495566,7.128506
2024-09-07 19:00:00,6.57007776,6.7893877
2024-09-07 19:15:00,9.105791605,6.7739387
2024-09-07 19:30:00,3.5349342290000005,6.965475
2024-09-07 19:45:00,10.70846539,7.037416
2024-09-07 20:00:00,5.080337902999999,7.0942426
2024-09-07 20:15:00,4.305735565999999,6.2868137
2024-09-07 20:30:00,6.730771391,6.3017206
2024-09-07 20:45:00,3.993715930999999,6.5477934
2024-09-07 21:00:00,3.668295258,6.8933644
2024-09-07 21:15:00,2.041617537,6.895138
2024-09-07 21:30:00,8.008598581,6.82412
2024-09-07 21:45:00,10.38652478,6.993122
2024-09-07 22:00:00,8.43533488,6.4703555
2024-09-07 22:15:00,6.9687894969999995,6.16971
2024-09-07 22:30:00,8.687494446,6.416038
2024-09-07 22:45:00,11.23931269,6.391057
2024-09-07 23:00:00,4.786078255,6.5952883
2024-09-07 23:15:00,5.626627966,6.625077
2024-09-07 23:30:00,4.1021091499999995,6.8419504
2024-09-07 23:45:00,1.390592553,6.956395
2024-09-08 00:00:00,4.746637633,7.1099005
2024-09-08 00:15:00,1.867550185,6.659443
2024-09-08 00:30:00,10.40867705,6.546228
2024-09-08 00:45:00,8.496833305,6.4654083
2024-09-08 01:00:00,4.503533185999999,5.8634753
2024-09-08 01:15:00,4.801750068,5.382235
2024-09-08 01:30:00,7.416395699,5.8007517
2024-09-08 01:45:00,8.982361945,6.5018497
2024-09-08 02:00:00,8.583109105,6.8171134
2024-09-08 02:15:00,1.472813219,6.926882
2024-09-08 02:30:00,9.189712256,6.925844
2024-09-08 02:45:00,10.85181749,6.735776
2024-09-08 03:00:00,2.254225474,6.53508
2024-09-08 03:15:00,8.824212128,6.347611
2024-09-08 03:30:00,4.020935056999999,6.591352
2024-09-08 03:45:00,2.9130147949999996,6.82976
2024-09-08 04:00:00,7.06190999,6.8962526
2024-09-08 04:15:00,6.73587863,6.724729
2024-09-08 04:30:00,6.126105896000001,6.5627265
2024-09-08 04:45:00,9.958583082,6.453399
2024-09-08 05:00:00,3.462088944,6.3173757
2024-09-08 05:15:00,7.638204879,6.0918803
2024-09-08 05:30:00,5.240168191,6.2934065
2024-09-08 05:45:00,11.04523405,6.47337
2024-09-08 06:00:00,2.49837746,6.731559
2024-09-08 06:15:00,1.8881823319999997,6.664351
2024-09-08 06:30:00,11.0039495,6.6423755
2024-09-08 06:45:00,6.97393209,6.8358245
2024-09-08 07:00:00,10.77192818,6.6277204
2024-09-08 07:15:00,5.360323426,6.52038
2024-09-08 07:30:00,7.847515008,6.450736
2024-09-08 07:45:00,8.224724798,6.592404
2024-09-08 08:00:00,11.619357050000001,6.4725156
2024-09-08 08:15:00,2.168170417,6.089783
2024-09-08 08:30:00,2.245303952,6.347818
2024-09-08 08:45:00,6.510849296,6.5172906
2024-09-08 09:00:00,1.730972186,6.606297
2024-09-08 09:15:00,8.378849052,6.7803907
2024-09-08 09:30:00,11.91858825,7.14407
2024-09-08 09:45:00,9.797680285,7.4240255
2024-09-08 10:00:00,3.7697037940000007,7.2133365
2024-09-08 10:15:00,9.527125297,7.1023803
2024-09-08 10:30:00,7.227830552,7.359568
2024-09-08 10:45:00,2.302076836,7.12667
2024-09-08 11:00:00,6.869758838999999,7.204793
2024-09-08 11:15:00,10.33937594,7.259156
2024-09-08 11:30:00,3.9325275129999997,7.205213
2024-09-08 11:45:00,8.059411907,7.341276
2024-09-08 12:00:00,1.673417224,7.7742653
2024-09-08 12:15:00,10.21305905,7.9125566
2024-09-08 12:30:00,3.22828448,7.8636703
2024-09-08 12:45:00,7.199478127,7.757256
2024-09-08 13:00:00,6.427590751,7.513384
2024-09-08 13:15:00,6.778979029,7.04793
2024-09-08 13:30:00,3.5157927559999997,6.7885537
2024-09-08 13:45:00,6.895359245999999,7.0309024
2024-09-08 14:00:00,7.619365992,7.0809455
2024-09-08 14:15:00,5.369861208999999,6.9846396
2024-09-08 14:30:00,7.885680651000001,7.0359325
2024-09-08 14:45:00,3.18094068,7.1970406
2024-09-08 15:00:00,6.443438600000001,7.306971
2024-09-08 15:15:00,8.745991314,7.1201262
2024-09-08 15:30:00,4.775099856,7.117981
2024-09-08 15:45:00,5.169357584999999,6.9241967
2024-09-08 16:00:00,2.855048427,6.933595
2024-09-08 16:15:00,7.895655814,7.184885
2024-09-08 16:30:00,2.546970927,7.045599
2024-09-08 16:45:00,6.428614897,6.962387
2024-09-08 17:00:00,3.1726666579999994,6.961747
2024-09-08 17:15:00,3.265520323,6.8249617
2024-09-08 17:30:00,2.191020563,6.636718
2024-09-08 17:45:00,4.793707165,6.585596
2024-09-08 18:00:00,10.07345707,6.6573334
2024-09-08 18:15:00,6.910349817,6.666033
2024-09-08 18:30:00,9.335185018,6.5786533
2024-09-08 18:45:00,2.347748311,6.325939
2024-09-08 19:00:00,4.359092065,6.5976596
2024-09-08 19:15:00,5.347555274,6.919686
2024-09-08 19:30:00,10.29427912,6.9018474
2024-09-08 19:45:00,7.8850185569999995,6.84147
2024-09-08 20:00:00,6.467765055,6.354796
2024-09-08 20:15:00,4.385392113,6.129982
2024-09-08 20:30:00,9.121827587,6.3353853
2024-09-08 20:45:00,10.98039772,6.5607142
2024-09-08 21:00:00,6.513391014,6.47299
2024-09-08 21:15:00,1.6564129820000002,6.449117
2024-09-08 21:30:00,3.9936815739999996,6.776992
2024-09-08 21:45:00,9.150957558,6.7470326
2024-09-08 22:00:00,5.454367952,6.204982
2024-09-08 22:15:00,8.041927734,5.644787
2024-09-08 22:30:00,7.000290521,5.7049217
2024-09-08 22:45:00,10.56006297,5.938965
2024-09-08 23:00:00,4.486655659999999,6.3395247
2024-09-08 23:15:00,5.944616696000001,6.257164
2024-09-08 23:30:00,1.790456565,6.3323402
2024-09-08 23:45:00,9.398604126,6.472461
2024-09-09 00:00:00,4.506155982,6.4170227
2024-09-09 00:15:00,8.53735962,5.8701577
2024-09-09 00:30:00,1.214439983,5.6224575
2024-09-09 00:45:00,10.46197448,5.3213577
2024-09-09 01:00:00,11.09618294,5.6138787
2024-09-09 01:15:00,5.674792913,5.822825
2024-09-09 01:30:00,6.017099151,5.9463477
2024-09-09 01:45:00,7.499405598,6.3002305
2024-09-09 02:00:00,11.431553999999998,6.5030546
2024-09-09 02:15:00,6.756478056999999,6.338151
2024-09-09 02:30:00,1.894373923,6.2532663
2024-09-09 02:45:00,7.26885174,6.1817613
2024-09-09 03:00:00,5.463723213999999,6.3750057
2024-09-09 03:15:00,8.959409365,6.4344306
2024-09-09 03:30:00,4.198074065999999,6.359914
2024-09-09 03:45:00,11.51591075,6.631582
2024-09-09 04:00:00,9.369901193,6.841482
2024-09-09 04:15:00,4.558803686,6.780832
2024-09-09 04:30:00,4.6613824809999995,6.22698
2024-09-09 04:45:00,6.419069291,6.381566
2024-09-09 05:00:00,2.105456116,6.2959714
2024-09-09 05:15:00,8.549413665,6.5698485
2024-09-09 05:30:00,7.249676616,6.8242426
2024-09-09 05:45:00,4.500022499,6.635889
2024-09-09 06:00:00,8.121148031,6.4221272
2024-09-09 06:15:00,2.180366681,6.530332
2024-09-09 06:30:00,11.15069909,6.510608
2024-09-09 06:45:00,1.811169888,6.6689944
2024-09-09 07:00:00,4.494318423999999,6.312226
2024-09-09 07:15:00,11.672631600000003,6.16344
2024-09-09 07:30:00,5.299419159999999,6.650716
2024-09-09 07:45:00,10.14779704,6.2604218
2024-09-09 08:00:00,2.8611212840000007,5.6330585
2024-09-09 08:15:00,2.022548066,5.808708
2024-09-09 08:30:00,2.116903677,6.254066
2024-09-09 08:45:00,11.994922870000002,6.765354
2024-09-09 09:00:00,2.13706408,7.029996
2024-09-09 09:15:00,7.681624877000001,6.3507094
2024-09-09 09:30:00,5.586279115,6.1275086
2024-09-09 09:45:00,10.43222481,6.2982802
2024-09-09 10:00:00,4.4216643819999994,6.37033
2024-09-09 10:15:00,1.353688664,6.4867506
2024-09-09 10:30:00,9.274668828,6.8769984
2024-09-09 10:45:00,7.064564187000001,7.148538
2024-09-09 11:00:00,5.461156229999999,6.4956303
2024-09-09 11:15:00,4.225208451,6.048619
2024-09-09 11:30:00,10.53978893,6.4817667
2024-09-09 11:45:00,2.402131407,6.8103747
2024-09-09 12:00:00,2.527788075,6.7114196
2024-09-09 12:15:00,1.339302742,6.241736
2024-09-09 12:30:00,1.8483437079999998,6.2500815
2024-09-09 12:45:00,9.343190961,6.2182856
2024-09-09 13:00:00,9.515830175,6.2367773
2024-09-09 13:15:00,2.209006961,6.0985374
2024-09-09 13:30:00,8.77041339,6.0718775
2024-09-09 13:45:00,7.692622445,5.6949353
2024-09-09 14:00:00,5.155199192999999,5.5240245
2024-09-09 14:15:00,2.034250027,5.335
2024-09-09 14:30:00,7.510198199999999,5.7099686
2024-09-09 14:45:00,9.313438144,6.185535
2024-09-09 15:00:00,5.161356423,6.7924967
2024-09-09 15:15:00,5.404661767,6.7216325
2024-09-09 15:30:00,9.520225272,6.603171
2024-09-09 15:45:00,3.376439186,6.882262
2024-09-09 16:00:00,2.914333684,6.841622
2024-09-09 16:15:00,8.253067377,6.676163
2024-09-09 16:30:00,7.535043515999999,6.798091
2024-09-09 16:45:00,10.57898581,6.537409
2024-09-09 17:00:00,4.630383799,6.2094564
2024-09-09 17:15:00,2.968974021,6.399795
2024-09-09 17:30:00,5.825391769,6.3806314
2024-09-09 17:45:00,5.327896857999999,6.367295
2024-09-09 18:00:00,11.48744432,6.3819547
2024-09-09 18:15:00,10.83101473,6.477373
2024-09-09 18:30:00,5.354724088,6.4593472
2024-09-09 18:45:00,5.602040181999999,6.2815995
2024-09-09 19:00:00,5.3523799599999995,6.375975
2024-09-09 19:15:00,8.150978982,6.94303
2024-09-09 19:30:00,6.577074515,6.880724
2024-09-09 19:45:00,4.17518791,6.7686567
2024-09-09 20:00:00,9.341672711,6.8029795
2024-09-09 20:15:00,10.704769,6.766964
2024-09-09 20:30:00,8.323684752,6.6108475
2024-09-09 20:45:00,3.184901675,6.162099
2024-09-09 21:00:00,9.032331999,6.2508416
2024-09-09 21:15:00,10.7754397,6.254524
2024-09-09 21:30:00,8.397933223,6.2923346
2024-09-09 21:45:00,3.916445517,6.044631
2024-09-09 22:00:00,1.251827472,6.567439
2024-09-09 22:15:00,5.031678516,6.799778
2024-09-09 22:30:00,5.962764869,6.8197317
2024-09-09 22:45:00,10.62189882,7.0203032
2024-09-09 23:00:00,7.255703148,6.9650044
2024-09-09 23:15:00,3.9529953299999994,6.791883
2024-09-09 23:30:00,7.572310901,6.9419928
2024-09-09 23:45:00,2.24796511,6.8598022
2024-09-10 00:00:00,3.4054985649999994,6.708511
2024-09-10 00:15:00,8.628635871,6.7744837
2024-09-10 00:30:00,4.165329261,7.0656223
2024-09-10 00:45:00,1.54571988,7.151425
2024-09-10 01:00:00,6.16593577,6.913796
2024-09-10 01:15:00,7.606858707,6.936546
2024-09-10 01:30:00,9.083175034,6.8478928
2024-09-10 01:45:00,4.168297849,6.596486
2024-09-10 02:00:00,5.9063739,6.6981707
2024-09-10 02:15:00,6.541525903999999,6.874235
2024-09-10 02:30:00,1.806862386,6.639336
2024-09-10 02:45:00,3.3177592200000006,6.4109626
2024-09-10 03:00:00,4.863399171,6.528933
2024-09-10 03:15:00,3.866829283,6.700923
2024-09-10 03:30:00,6.058471238,6.53669
2024-09-10 03:45:00,7.450721808,6.494329
2024-09-10 04:00:00,6.855702836000001,6.137493
2024-09-10 04:15:00,9.289614043,6.100208
2024-09-10 04:30:00,7.871614325,5.8042183
2024-09-10 04:45:00,4.1009352,5.7855425
2024-09-10 05:00:00,2.427965422,5.786588
2024-09-10 05:15:00,7.762100607999999,5.952789
2024-09-10 05:30:00,3.3283753010000003,6.550553
2024-09-10 05:45:00,4.516466064,6.502449
2024-09-10 06:00:00,9.413733377,6.0950994
2024-09-10 06:15:00,3.496038462,6.225968
2024-09-10 06:30:00,6.259959639,6.2008643
2024-09-10 06:45:00,2.038690922,6.0735455
2024-09-10 07:00:00,5.655216975,6.4645686
2024-09-10 07:15:00,10.78354357,6.636777
2024-09-10 07:30:00,11.42753745,6.854018
2024-09-10 07:45:00,10.53074945,6.494979
2024-09-10 08:00:00,7.818295804000001,6.06313
2024-09-10 08:15:00,3.99961307,5.9800596
2024-09-10 08:30:00,4.995821596,6.3407836
2024-09-10 08:45:00,3.1372324269999994,6.537922
2024-09-10 09:00:00,2.118709263,6.659691
2024-09-10 09:15:00,2.782524341,6.7431955
2024-09-10 09:30:00,5.661536114,6.7353034
2024-09-10 09:45:00,1.455565794,6.5375867
2024-09-10 10:00:00,11.27557594,6.499541
2024-09-10 10:15:00,6.749744005999999,7.257729
2024-09-10 10:30:00,2.8695619150000002,7.4268928
2024-09-10 10:45:00,5.3338029879999995,6.738293
2024-09-10 11:00:00,4.757142031999999,6.9223857
2024-09-10 11:15:00,9.310820571,6.7481976
2024-09-10 11:30:00,2.440024138,7.0933723
2024-09-10 11:45:00,5.561179854999999,7.1812477
2024-09-10 12:00:00,8.709670129,7.0873437
2024-09-10 12:15:00,4.810155169,7.228422
2024-09-10 12:30:00,4.810031651,6.9535933
2024-09-10 12:45:00,4.746431069,6.674704
2024-09-10 13:00:00,8.926456813,6.6059937
2024-09-10 13:15:00,2.253119246,6.5849524
2024-09-10 13:30:00,9.51160477,6.6179156
2024-09-10 13:45:00,1.8861875109999997,6.6062956
2024-09-10 14:00:00,4.3231025579999995,6.693431
2024-09-10 14:15:00,5.040573508999999,6.412643
2024-09-10 14:30:00,5.158726223999999,6.5543113
2024-09-10 14:45:00,2.958928906,6.6320243
2024-09-10 15:00:00,7.195656427,6.5115814
2024-09-10 15:15:00,5.71746757,6.3445306
2024-09-10 15:30:00,7.1346713610000005,6.254479
2024-09-10 15:45:00,7.558053915000001,6.329606
2024-09-10 16:00:00,3.055889851,6.471076
2024-09-10 16:15:00,10.92753177,6.563435
2024-09-10 16:30:00,10.05510922,6.7245092
2024-09-10 16:45:00,9.589717041,6.708733
2024-09-10 17:00:00,6.564054305,6.4136863
2024-09-10 17:15:00,8.954088875,6.297221
2024-09-10 17:30:00,7.519019169,6.4165554
2024-09-10 17:45:00,6.090924294999999,6.630195
2024-09-10 18:00:00,8.80553738,6.8066106
2024-09-10 18:15:00,7.311012017000001,6.837708
2024-09-10 18:30:00,1.165868645,6.8719525
2024-09-10 18:45:00,11.50995383,7.159465
2024-09-10 19:00:00,5.524432572,6.069515
2024-09-10 19:15:00,6.980429551,6.3585835
2024-09-10 19:30:00,5.576396952,6.1024604
2024-09-10 19:45:00,2.258151562,6.219214
2024-09-10 20:00:00,9.562583479,6.44415
2024-09-10 20:15:00,8.227112808,6.6877775
2024-09-10 20:30:00,10.23143722,6.7020874
2024-09-10 20:45:00,6.28024274,6.1301637
2024-09-10 21:00:00,9.374515726,6.101243
2024-09-10 21:15:00,9.248526723,6.224045
2024-09-10 21:30:00,4.169176353999999,6.20931
2024-09-10 21:45:00,1.153576352,6.049055
2024-09-10 22:00:00,9.876122433,6.5306168
2024-09-10 22:15:00,2.9779604030000004,6.265433
2024-09-10 22:30:00,10.87714168,6.2127
2024-09-10 22:45:00,7.438256309,6.341943
2024-09-10 23:00:00,8.04103434,6.4927454
2024-09-10 23:15:00,3.708966234,6.5540867
2024-09-10 23:30:00,5.014217619999999,6.41078
2024-09-10 23:45:00,4.627978304,6.2516656
2024-09-11 00:00:00,3.0732883489999994,6.366593
2024-09-11 00:15:00,8.476469088,6.4112616
2024-09-11 00:30:00,2.18310754,6.4711804
2024-09-11 00:45:00,6.323671266,6.1331973
2024-09-11 01:00:00,6.846351614,6.1098566
2024-09-11 01:15:00,11.23442028,6.2332892
2024-09-11 01:30:00,9.787676708,6.6648126
2024-09-11 01:45:00,6.060237700999999,6.266006
2024-09-11 02:00:00,10.29294894,6.1339655
2024-09-11 02:15:00,9.765918594,6.0643754
2024-09-11 02:30:00,1.4737617789999997,5.98289
2024-09-11 02:45:00,11.1773396,6.4974985
2024-09-11 03:00:00,8.141846786,6.9501495
2024-09-11 03:15:00,8.089993936,6.611218
2024-09-11 03:30:00,8.079671871,6.3085194
2024-09-11 03:45:00,3.605418083,6.3683853
2024-09-11 04:00:00,1.459441064,6.557058
2024-09-11 04:15:00,3.558697475,6.896357
2024-09-11 04:30:00,9.747595336,6.7033854
2024-09-11 04:45:00,7.851543493000001,6.7245874
2024-09-11 05:00:00,5.018539182,6.5164037
2024-09-11 05:15:00,3.755959092,6.3581815
2024-09-11 05:30:00,8.825556513,6.044957
2024-09-11 05:45:00,5.753371061,6.287152
2024-09-11 06:00:00,7.258714253,6.475167
2024-09-11 06:15:00,1.288376446,6.4114165
2024-09-11 06:30:00,5.140750235,6.461918
2024-09-11 06:45:00,1.30775739,6.339034
2024-09-11 07:00:00,9.172690211,6.8389587
2024-09-11 07:15:00,3.759895856,7.233964
2024-09-11 07:30:00,2.697861151,7.38608
2024-09-11 07:45:00,11.25723325,6.961629
2024-09-11 08:00:00,1.294902088,6.995928
2024-09-11 08:15:00,3.0930267210000006,6.588847
2024-09-11 08:30:00,3.7502518159999996,6.385384
2024-09-11 08:45:00,10.02402184,6.5276937
2024-09-11 09:00:00,8.747959522,6.761779
2024-09-11 09:15:00,11.36274227,6.5783486
2024-09-11 09:30:00,8.209273293,6.52247
2024-09-11 09:45:00,3.598634527,6.77264
2024-09-11 10:00:00,2.891994315,6.678612
2024-09-11 10:15:00,8.694689091,6.5701118
2024-09-11 10:30:00,9.765735518,6.5877414
2024-09-11 10:45:00,10.98168125,6.431144
2024-09-11 11:00:00,9.125459822,6.756805
2024-09-11 11:15:00,9.360379535,6.8300953
2024-09-11 11:30:00,7.973207948000001,6.7918863
2024-09-11 11:45:00,8.088751575,6.5756087
2024-09-11 12:00:00,2.399680156,6.5214458
2024-09-11 12:15:00,4.658510790999999,6.6277676
2024-09-11 12:30:00,6.126804564,6.5779815
2024-09-11 12:45:00,8.361648639,6.579652
2024-09-11 13:00:00,5.299252946,6.107103
2024-09-11 13:15:00,4.835020748999999,6.1843348
2024-09-11 13:30:00,6.720880473,6.473683
2024-09-11 13:45:00,5.394270648,6.5962577
2024-09-11 14:00:00,2.013168363,6.1561866
2024-09-11 14:15:00,11.4343614,6.039897
2024-09-11 14:30:00,10.69937065,5.913833
2024-09-11 14:45:00,1.533420051,6.029002
2024-09-11 15:00:00,6.925664118,6.246105
2024-09-11 15:15:00,9.011136563,6.157773
2024-09-11 15:30:00,7.280961345999999,6.4837637
2024-09-11 15:45:00,4.907759481,6.5282316
2024-09-11 16:00:00,8.893958393,6.2053065
2024-09-11 16:15:00,7.879854694,6.1020374
2024-09-11 16:30:00,3.925604116,6.211208
2024-09-11 16:45:00,7.495422089,6.588887
2024-09-11 17:00:00,4.011076318,6.9040623
2024-09-11 17:15:00,7.301015199,6.997268
2024-09-11 17:30:00,9.12951229,7.020664
2024-09-11 17:45:00,4.590169503,6.962416
2024-09-11 18:00:00,4.0861917739999996,7.00303
2024-09-11 18:15:00,9.017674433,7.1854024
2024-09-11 18:30:00,6.646998673999999,7.312768
2024-09-11 18:45:00,2.667936541,6.979517
2024-09-11 19:00:00,6.729119261999999,6.4991884
2024-09-11 19:15:00,7.618854576000001,6.3373747
2024-09-11 19:30:00,6.165988348,6.2750163
2024-09-11 19:45:00,7.548383667,6.095272
2024-09-11 20:00:00,4.91693845,6.082049
2024-09-11 20:15:00,9.686432908,6.3708477
2024-09-11 20:30:00,3.678252721,6.2767043
2024-09-11 20:45:00,4.218621234999999,6.233941
2024-09-11 21:00:00,9.029196837,6.611968
2024-09-11 21:15:00,1.757043271,6.60151
2024-09-11 21:30:00,11.63244268,6.5592914
2024-09-11 21:45:00,7.657714932,6.4296803
2024-09-11 22:00:00,8.767434403,6.2336454
2024-09-11 22:15:00,6.991238897,5.8704643
2024-09-11 22:30:00,8.710014553,5.9272633
2024-09-11 22:45:00,5.58647216,6.0680537
2024-09-11 23:00:00,6.664202150000001,5.933963
2024-09-11 23:15:00,7.573794303,6.1402245
2024-09-11 23:30:00,10.91361933,6.2189345
2024-09-11 23:45:00,1.403069675,6.0791464
2024-09-12 00:00:00,2.212301906,6.512489
2024-09-12 00:15:00,8.784057215,7.0646048
2024-09-12 00:30:00,4.554881071,6.8145237
2024-09-12 00:45:00,8.574554872,6.3028216
2024-09-12 01:00:00,3.5621986090000006,6.1959133
2024-09-12 01:15:00,7.658405004,6.251034
2024-09-12 01:30:00,5.859769057,6.306321
2024-09-12 01:45:00,2.467240055,6.4917936
2024-09-12 02:00:00,10.88940501,6.1936593
2024-09-12 02:15:00,9.444980703,6.3397017
2024-09-12 02:30:00,8.792197213,5.963901
2024-09-12 02:45:00,8.484419981,5.4185214
2024-09-12 03:00:00,1.31402133,5.410088
2024-09-12 03:15:00,6.47822448,5.7075753
2024-09-12 03:30:00,8.379323554,6.1807733
2024-09-12 03:45:00,3.3027753329999996,6.2103558
2024-09-12 04:00:00,7.483387723,5.857471
2024-09-12 04:15:00,11.45039346,6.0170493
2024-09-12 04:30:00,9.158167145,6.0084696
2024-09-12 04:45:00,6.7110791,5.8253717
2024-09-12 05:00:00,4.469938121,5.983486
2024-09-12 05:15:00,7.224381606,6.1177406
2024-09-12 05:30:00,8.344610104,6.5210176
2024-09-12 05:45:00,7.389916263,6.5506473
2024-09-12 06:00:00,8.432832776,6.6433644
2024-09-12 06:15:00,4.022857314,6.522351
2024-09-12 06:30:00,6.598886887,6.827287
2024-09-12 06:45:00,6.966852609,6.995747
2024-09-12 07:00:00,2.024538521,6.9352136
2024-09-12 07:15:00,3.011509869,6.841543
2024-09-12 07:30:00,4.357001866,6.8046227
2024-09-12 07:45:00,1.577026813,6.6092725
2024-09-12 08:00:00,3.730048197,6.3164716
2024-09-12 08:15:00,6.304143401,6.3396873
2024-09-12 08:30:00,6.617189346000001,5.9821897
2024-09-12 08:45:00,4.035037750999999,6.122483
2024-09-12 09:00:00,10.5880059,6.1261234
2024-09-12 09:15:00,6.277398192,6.429726
2024-09-12 09:30:00,7.470288557,6.1212096
2024-09-12 09:45:00,1.417850797,5.8321176
2024-09-12 10:00:00,5.063391237,6.016143
2024-09-12 10:15:00,6.7661375349999995,6.0831957
2024-09-12 10:30:00,4.122038493999999,6.6767383
2024-09-12 10:45:00,2.842086126,6.6083612
2024-09-12 11:00:00,3.193580635,6.8534875
2024-09-12 11:15:00,5.612653583,6.718678
2024-09-12 11:30:00,1.872439911,7.05053
2024-09-12 11:45:00,3.511052628,6.5864863
2024-09-12 12:00:00,8.649219304,6.513427
2024-09-12 12:15:00,3.493591562,6.6227508
2024-09-12 12:30:00,2.356368556,5.870857
2024-09-12 12:45:00,1.98468298,5.8663206
2024-09-12 13:00:00,12.107831600000003,6.1078725
2024-09-12 13:15:00,1.961330455,6.9589143
2024-09-12 13:30:00,5.687104575999999,6.97465
2024-09-12 13:45:00,6.267600519,6.6282916
2024-09-12 14:00:00,10.85547631,6.9290214
2024-09-12 14:15:00,10.47822115,6.755611
2024-09-12 14:30:00,3.8490434020000004,6.379769
2024-09-12 14:45:00,1.961887067,6.3835964
2024-09-12 15:00:00,5.731443282,6.5737844
2024-09-12 15:15:00,2.153250932,6.759138
2024-09-12 15:30:00,9.321349298,6.8479967
2024-09-12 15:45:00,8.737767723,7.05902
2024-09-12 16:00:00,11.07175354,7.1360397
2024-09-12 16:15:00,6.898696632999999,7.0329995
2024-09-12 16:30:00,4.989453769999999,6.947496
2024-09-12 16:45:00,6.649376762,6.7152967
2024-09-12 17:00:00,2.681886989,6.632757
2024-09-12 17:15:00,6.038918252999999,6.700135
2024-09-12 17:30:00,11.42739575,6.7589264
2024-09-12 17:45:00,8.382816205,6.6818523
2024-09-12 18:00:00,1.8460776049999998,6.499682
2024-09-12 18:15:00,8.907622659,6.4367595
2024-09-12 18:30:00,2.111614446,6.659561
2024-09-12 18:45:00,4.939100535,6.4985647
2024-09-12 19:00:00,8.983576858,6.302044
2024-09-12 19:15:00,2.575644219,6.50041
2024-09-12 19:30:00,4.106425808,6.3586683
2024-09-12 19:45:00,3.178545344,6.1429596
2024-09-12 20:00:00,10.0246417,6.3377876
2024-09-12 20:15:00,2.702342529,6.468367
2024-09-12 20:30:00,6.563149543,6.4396005
2024-09-12 20:45:00,3.955576836,6.628884
2024-09-12 21:00:00,6.41483792,6.816433
2024-09-12 21:15:00,2.797052937,6.6675854
2024-09-12 21:30:00,9.498772078,6.788244
2024-09-12 21:45:00,7.363414701000001,6.6436057
2024-09-12 22:00:00,1.622885207,6.150699
2024-09-12 22:15:00,10.48919348,5.73543
2024-09-12 22:30:00,10.63674662,6.084106
2024-09-12 22:45:00,4.145273189999999,6.2621264
2024-09-12 23:00:00,4.218463387999999,5.9203067
2024-09-12 23:15:00,6.315948101000001,6.320922
2024-09-12 23:30:00,7.477777922,6.4834437
2024-09-12 23:45:00,4.339505564999999,5.8366866
2024-09-13 00:00:00,9.463186414,5.857471
2024-09-13 00:15:00,1.981985275,6.175701
2024-09-13 00:30:00,5.453888139,6.1516986
2024-09-13 00:45:00,7.031509461,6.264091
2024-09-13 01:00:00,9.698530228,6.462388
2024-09-13 01:15:00,10.39077365,6.2943373
2024-09-13 01:30:00,3.897018479,5.8927917
2024-09-13 01:45:00,3.6468599719999997,5.9639635
2024-09-13 02:00:00,4.940659918999999,6.3505516
2024-09-13 02:15:00,5.531475679,6.3738203
2024-09-13 02:30:00,9.628717289,6.2760243
2024-09-13 02:45:00,1.220009607,5.895581
2024-09-13 03:00:00,8.62552536,5.782453
2024-09-13 03:15:00,3.231699612,6.2006974
2024-09-13 03:30:00,10.21363076,6.241842
2024-09-13 03:45:00,4.417851558999999,6.227933
2024-09-13 04:00:00,6.635589347,6.0634828
2024-09-13 04:15:00,4.368261209,5.3876185
2024-09-13 04:30:00,5.787684124999999,5.741773
2024-09-13 04:45:00,6.494062003999999,6.1209846
2024-09-13 05:00:00,8.866898396,6.473234
2024-09-13 05:15:00,2.511156065,6.3773904
2024-09-13 05:30:00,4.89725056,6.0862865
2024-09-13 05:45:00,7.892935373,6.305983
2024-09-13 06:00:00,7.645716882,6.419732
2024-09-13 06:15:00,9.215360635,6.2732778
2024-09-13 06:30:00,10.19759326,5.995893
2024-09-13 06:45:00,2.027661359,5.7912307
2024-09-13 07:00:00,8.618940041,6.0584273
2024-09-13 07:15:00,4.241860870999999,6.445365
2024-09-13 07:30:00,6.092382261000001,6.589648
2024-09-13 07:45:00,7.929054856,6.1822343
2024-09-13 08:00:00,2.757950332,6.3377085
2024-09-13 08:15:00,4.4944007699999995,6.7103906
2024-09-13 08:30:00,11.98455233,6.990637
2024-09-13 08:45:00,2.723510018,7.1371408
2024-09-13 09:00:00,2.071827705,6.713562
2024-09-13 09:15:00,9.531921697,6.5209346
2024-09-13 09:30:00,5.604402149,6.956168
2024-09-13 09:45:00,7.831668508000001,6.6174936
2024-09-13 10:00:00,4.294531115999999,6.1464896
2024-09-13 10:15:00,3.330381759,5.403771
2024-09-13 10:30:00,3.4356051229999998,5.701298
2024-09-13 10:45:00,3.3781300549999997,5.603741
2024-09-13 11:00:00,3.8790932139999996,5.9126496
2024-09-13 11:15:00,3.3419311319999996,5.764689
2024-09-13 11:30:00,9.302472676,5.8325315
2024-09-13 11:45:00,6.771644042,6.7106624
2024-09-13 12:00:00,4.295807871999999,6.7482452
2024-09-13 12:15:00,4.541472611999999,6.5090623
2024-09-13 12:30:00,10.80311018,6.4774547
2024-09-13 12:45:00,3.038928491,6.675916
2024-09-13 13:00:00,10.16368957,6.484536
2024-09-13 13:15:00,8.810811227,6.5412188
2024-09-13 13:30:00,7.698423029,6.5445037
2024-09-13 13:45:00,7.636542177,6.0048866
2024-09-13 14:00:00,5.747090521,5.934822
2024-09-13 14:15:00,5.867637764,6.3925962
2024-09-13 14:30:00,9.001334345,6.6468515
2024-09-13 14:45:00,9.460727663,6.7883945
2024-09-13 15:00:00,6.822332551000001,6.697869
2024-09-13 15:15:00,8.907742657,6.5216064
2024-09-13 15:30:00,9.080781039,6.391731
2024-09-13 15:45:00,4.745695058999999,6.671292
2024-09-13 16:00:00,7.208017994,6.832137
2024-09-13 16:15:00,5.758237922,6.9856186
2024-09-13 16:30:00,2.075434601,6.813302
2024-09-13 16:45:00,7.79948648,6.829658
2024-09-13 17:00:00,7.123653293000001,6.829287
2024-09-13 17:15:00,2.244559309,6.7061005
2024-09-13 17:30:00,1.925378852,6.8734617
2024-09-13 17:45:00,3.477853201,6.8145537
2024-09-13 18:00:00,9.678460122,7.2823896
2024-09-13 18:15:00,1.911651955,7.2336555
2024-09-13 18:30:00,5.730229954,7.046891
2024-09-13 18:45:00,3.176273669,6.8784566
2024-09-13 19:00:00,3.922406482,7.086132
2024-09-13 19:15:00,9.249783478,6.866447
2024-09-13 19:30:00,10.06925032,6.9050503
2024-09-13 19:45:00,7.254426778000001,6.583775
2024-09-13 20:00:00,10.10325514,6.002201
2024-09-13 20:15:00,9.915255153,6.0907063
2024-09-13 20:30:00,3.339110016,6.2655845
2024-09-13 20:45:00,6.957765937,6.44875
2024-09-13 21:00:00,8.971130945,6.454538
2024-09-13 21:15:00,7.236678833,6.4053807
2024-09-13 21:30:00,9.915211292,6.3851466
2024-09-13 21:45:00,7.652991946,6.288192
2024-09-13 22:00:00,3.980795959,6.0969095
2024-09-13 22:15:00,7.854125308,6.408298
2024-09-13 22:30:00,7.128806682,6.520177
2024-09-13 22:45:00,7.877188738,6.3220367
2024-09-13 23:00:00,2.101704259,6.197401
2024-09-13 23:15:00,2.447216425,6.4282203
2024-09-13 23:30:00,9.584169823,6.3486176
2024-09-13 23:45:00,5.8110894360000005,6.5857444
2024-09-14 00:00:00,3.298850849,6.231893
2024-09-14 00:15:00,2.091727252,6.1168222
2024-09-14 00:30:00,3.9925404930000004,6.186455
2024-09-14 00:45:00,4.351944774999999,6.0297556
2024-09-14 01:00:00,11.24573299,6.4458737
2024-09-14 01:15:00,9.306487507,6.7110868
2024-09-14 01:30:00,1.983350649,6.068796
2024-09-14 01:45:00,8.71548355,5.923594
2024-09-14 02:00:00,7.262775965000001,6.412873
2024-09-14 02:15:00,3.357721534,6.6375995
2024-09-14 02:30:00,9.089489196,6.599472
2024-09-14 02:45:00,1.361425358,6.477961
2024-09-14 03:00:00,8.419236335,6.797365
2024-09-14 03:15:00,10.21761199,6.953734
2024-09-14 03:30:00,10.42735521,6.7379837
2024-09-14 03:45:00,8.980318286,6.140306
2024-09-14 04:00:00,10.86387588,5.986966
2024-09-14 04:15:00,8.287213584,5.699469
2024-09-14 04:30:00,8.110235886,6.070056
2024-09-14 04:45:00,1.422037006,6.1639323
2024-09-14 05:00:00,2.870805822,6.6578345
2024-09-14 05:15:00,8.733663098,6.8300223
2024-09-14 05:30:00,11.69904989,6.730324
2024-09-14 05:45:00,8.698884309,6.391033
2024-09-14 06:00:00,7.132422757,6.123627
2024-09-14 06:15:00,2.9036388180000006,6.4983077
2024-09-14 06:30:00,11.14426694,6.7683573
2024-09-14 06:45:00,7.948438727,6.947259
2024-09-14 07:00:00,6.104263513,6.5936437
2024-09-14 07:15:00,10.32814909,6.6186028
2024-09-14 07:30:00,10.26066666,6.0645146
2024-09-14 07:45:00,4.770621168,5.972596
2024-09-14 08:00:00,6.492756436999999,6.16908
2024-09-14 08:15:00,2.313589272,5.943107
2024-09-14 08:30:00,10.79981418,6.5646935
2024-09-14 08:45:00,2.40895746,6.619034
2024-09-14 09:00:00,10.63539788,6.5449505
2024-09-14 09:15:00,3.01742328,6.3577533
2024-09-14 09:30:00,10.13673971,6.529812
2024-09-14 09:45:00,5.780515353,6.5322895
2024-09-14 10:00:00,7.126380643,6.5631514
2024-09-14 10:15:00,1.430134256,6.2703295
2024-09-14 10:30:00,5.265744364999999,6.555888
2024-09-14 10:45:00,6.188860798,6.891933
2024-09-14 11:00:00,1.251473076,6.676132
2024-09-14 11:15:00,7.454060543,6.5419197
2024-09-14 11:30:00,9.779441596,6.6925507
2024-09-14 11:45:00,1.4769520729999999,6.8510447
2024-09-14 12:00:00,6.09800942,6.651413
2024-09-14 12:15:00,1.41338606,6.5506744
2024-09-14 12:30:00,10.24358994,6.573304
2024-09-14 12:45:00,2.846956906,6.7217727
2024-09-14 13:00:00,1.7868447419999998,6.78734
2024-09-14 13:15:00,9.981490699,6.719728
2024-09-14 13:30:00,5.949257418,6.719801
2024-09-14 13:45:00,2.222393594,6.2993355
2024-09-14 14:00:00,8.055058122,6.4705215
2024-09-14 14:15:00,8.657805751,6.510063
2024-09-14 14:30:00,6.797129797999999,6.269442
2024-09-14 14:45:00,4.310885294,6.2296357
2024-09-14 15:00:00,5.836036458,6.579614
2024-09-14 15:15:00,11.38911798,6.6356845
2024-09-14 15:30:00,6.483549758,5.8494
2024-09-14 15:45:00,5.016879855999999,5.816879
2024-09-14 16:00:00,7.764115307,6.108919
2024-09-14 16:15:00,1.8983414600000001,6.4855046
2024-09-14 16:30:00,4.058627699,6.5997787
2024-09-14 16:45:00,3.418149601,6.4938164
2024-09-14 17:00:00,8.103225279,6.539732
2024-09-14 17:15:00,7.753835263,6.3268886
2024-09-14 17:30:00,8.418969078,6.0484433
2024-09-14 17:45:00,5.428498263999999,5.935851
2024-09-14 18:00:00,3.0143966980000005,6.3857455
2024-09-14 18:15:00,3.075649331,6.7935925
2024-09-14 18:30:00,10.8038803,7.0640926
2024-09-14 18:45:00,1.958529455,7.2498527
2024-09-14 19:00:00,7.550960778,6.9840307
2024-09-14 19:15:00,3.546837347,6.830211
2024-09-14 19:30:00,3.380536473,6.7515426
2024-09-14 19:45:00,2.25042424,6.392063
2024-09-14 20:00:00,11.68471646,6.3870316
2024-09-14 20:15:00,1.747212676,5.5804567
2024-09-14 20:30:00,2.539909549,5.251206
2024-09-14 20:45:00,4.760079567999999,5.656428
2024-09-14 21:00:00,6.059900392,6.049302
2024-09-14 21:15:00,11.19789838,5.9576807
2024-09-14 21:30:00,3.460719228,5.8905096
2024-09-14 21:45:00,8.526711194,5.8601174
2024-09-14 22:00:00,7.849219838,5.9767556
2024-09-14 22:15:00,6.596594558,6.2128797
2024-09-14 22:30:00,3.730401426,6.379854
2024-09-14 22:45:00,2.745071024,6.4374814
2024-09-14 23:00:00,2.934030522,6.682673
2024-09-14 23:15:00,4.70433646,6.660378
2024-09-14 23:30:00,2.604850479,6.8825912
2024-09-14 23:45:00,12.36673863,6.8062587
2024-09-15 00:00:00,5.318790332999999,7.439449
2024-09-15 00:15:00,6.900252562999999,6.7368684
2024-09-15 00:30:00,7.822150679,6.325283
2024-09-15 00:45:00,3.113092611,6.457734
2024-09-15 01:00:00,6.388929298,6.5281935
2024-09-15 01:15:00,1.862268,6.5708356
2024-09-15 01:30:00,10.48605008,6.6798406
2024-09-15 01:45:00,6.038416371,6.948744
2024-09-15 02:00:00,1.458493492,6.577913
2024-09-15 02:15:00,7.704809068000001,6.1172833
2024-09-15 02:30:00,2.111030062,6.5327096
2024-09-15 02:45:00,9.247619122,6.470004
2024-09-15 03:00:00,10.34336194,6.522379
2024-09-15 03:15:00,11.10021726,6.5245
2024-09-15 03:30:00,5.638397863999999,6.392999
2024-09-15 03:45:00,8.533634696,6.6568165
2024-09-15 04:00:00,2.697084215,6.950322
2024-09-15 04:15:00,1.940519749,6.7671447
2024-09-15 04:30:00,9.806402634,6.8011436
2024-09-15 04:45:00,8.657848036,6.9182944
2024-09-15 05:00:00,10.42709457,6.678536
2024-09-15 05:15:00,9.940247301,6.638085
2024-09-15 05:30:00,4.817668678,7.0081253
2024-09-15 05:45:00,4.482394713,7.214384
2024-09-15 06:00:00,5.648054338,7.0924454
2024-09-15 06:15:00,8.022776861,6.856959
2024-09-15 06:30:00,1.217312572,6.551046
2024-09-15 06:45:00,6.266939619,6.2823677
2024-09-15 07:00:00,1.345776575,6.2478876
2024-09-15 07:15:00,5.9329442729999995,6.4115195
2024-09-15 07:30:00,2.008039399,6.556629
2024-09-15 07:45:00,7.102077769,6.393789
2024-09-15 08:00:00,4.534902959999999,6.212447
2024-09-15 08:15:00,6.115444779,6.111657
2024-09-15 08:30:00,11.675368719999998,6.255858
2024-09-15 08:45:00,4.708813679,7.3384466
2024-09-15 09:00:00,8.496671923,7.1697655
2024-09-15 09:15:00,7.983455162,6.984248
2024-09-15 09:30:00,9.952717894,6.678392
2024-09-15 09:45:00,4.657692469999999,6.759175
2024-09-15 10:00:00,1.768060125,6.6940727
2024-09-15 10:15:00,11.28732098,6.9712696
2024-09-15 10:30:00,5.129407264999999,7.014667
2024-09-15 10:45:00,3.132816689,6.6724434
2024-09-15 11:00:00,11.1976063,6.415793
2024-09-15 11:15:00,3.149668941,7.202208
2024-09-15 11:30:00,6.807521431,7.0036173
2024-09-15 11:45:00,8.979317358,7.03681
2024-09-15 12:00:00,8.793986248,7.1503577
2024-09-15 12:15:00,1.458825714,7.049602
2024-09-15 12:30:00,3.298574394,7.029923
2024-09-15 12:45:00,10.40705749,7.207571
2024-09-15 13:00:00,7.056716117,7.330062
2024-09-15 13:15:00,8.147210618,6.824663
2024-09-15 13:30:00,5.581223795999999,6.3654094
2024-09-15 13:45:00,8.950097553,6.53735
2024-09-15 14:00:00,4.348184442,6.5439057
2024-09-15 14:15:00,3.73396903,6.4961767
2024-09-15 14:30:00,10.94512344,6.531771
2024-09-15 14:45:00,2.836068954,6.728836
2024-09-15 15:00:00,10.98428927,6.8842163
2024-09-15 15:15:00,10.98157958,6.5549183
2024-09-15 15:30:00,8.730954728,6.1395025
2024-09-15 15:45:00,7.49391174,5.939704
2024-09-15 16:00:00,1.249784006,6.409522
2024-09-15 16:15:00,7.558358243,6.661827
2024-09-15 16:30:00,8.563724219,5.7810116
2024-09-15 16:45:00,8.30090797,5.754101
2024-09-15 17:00:00,3.0129090669999994,5.526081
2024-09-15 17:15:00,6.662622907,5.981178
2024-09-15 17:30:00,6.934735189,6.2882385
2024-09-15 17:45:00,8.404731299,6.4578223
2024-09-15 18:00:00,9.108364618,6.5919976
2024-09-15 18:15:00,8.532517101,6.990542
2024-09-15 18:30:00,2.521883071,7.3845143
2024-09-15 18:45:00,1.337826933,7.677508
2024-09-15 19:00:00,2.649072242,7.5360165
2024-09-15 19:15:00,1.634741452,7.4754076
2024-09-15 19:30:00,5.523178088,7.555074
2024-09-15 19:45:00,4.235551914,7.5457745
2024-09-15 20:00:00,1.271391385,7.155436
2024-09-15 20:15:00,1.968102713,7.1352386
2024-09-15 20:30:00,5.413158327999999,7.2033954
2024-09-15 20:45:00,11.08758437,7.042934
2024-09-15 21:00:00,11.39021294,7.324666
2024-09-15 21:15:00,1.548582403,6.789905
2024-09-15 21:30:00,10.1531942,6.5742764
2024-09-15 21:45:00,6.340180467,6.607079
2024-09-15 22:00:00,8.11097869,6.4455075
2024-09-15 22:15:00,6.270211479,6.401983
2024-09-15 22:30:00,10.51610969,6.5621314
2024-09-15 22:45:00,6.211683689000001,6.6683426
2024-09-15 23:00:00,2.8519587770000006,6.5265713
2024-09-15 23:15:00,8.76530841,6.771208
2024-09-15 23:30:00,6.478986378,6.8352385
2024-09-15 23:45:00,2.4754887,6.6869526
2024-09-16 00:00:00,5.965776655,6.6427608
2024-09-16 00:15:00,7.962722497,6.782512
2024-09-16 00:30:00,4.258206688,6.62505
2024-09-16 00:45:00,10.18746462,6.41845
2024-09-16 01:00:00,9.874770533,6.7777734
2024-09-16 01:15:00,7.211054820000001,6.8092136
2024-09-16 01:30:00,1.740707728,6.704985
2024-09-16 01:45:00,7.283023339,7.155959
2024-09-16 02:00:00,5.738622158,7.072971
2024-09-16 02:15:00,9.004023943,6.954351
2024-09-16 02:30:00,3.730726373,6.7175584
2024-09-16 02:45:00,7.482324962,6.498009
2024-09-16 03:00:00,7.078739128,6.520243
2024-09-16 03:15:00,6.887016733000001,6.5989656
2024-09-16 03:30:00,2.327359828,6.4988203
2024-09-16 03:45:00,6.3654961199999995,6.7770634
2024-09-16 04:00:00,6.498777584,7.040078
2024-09-16 04:15:00,10.49164019,6.9405613
2024-09-16 04:30:00,6.291256238,6.9920173
2024-09-16 04:45:00,7.757078133,6.655018
2024-09-16 05:00:00,6.933262815,6.566596
2024-09-16 05:15:00,3.198982475,6.7074704
2024-09-16 05:30:00,3.021549136,6.8641787
2024-09-16 05:45:00,8.936980153,6.77925
2024-09-16 06:00:00,6.525536005,6.5404267
2024-09-16 06:15:00,10.44498504,6.134013
2024-09-16 06:30:00,10.2300909,6.0273485
2024-09-16 06:45:00,4.148128087999999,6.2597313
2024-09-16 07:00:00,2.064077611,6.4346733
2024-09-16 07:15:00,4.700691850999999,6.611289
2024-09-16 07:30:00,1.856713362,7.151706
2024-09-16 07:45:00,9.875764725,7.2631106
2024-09-16 08:00:00,2.824749165,7.240517
2024-09-16 08:15:00,10.43407775,6.8797045
2024-09-16 08:30:00,5.339715099999999,6.9956346
2024-09-16 08:45:00,3.782868011,6.8594136
2024-09-16 09:00:00,6.040518453000001,6.668792
2024-09-16 09:15:00,7.2089594,6.93971
2024-09-16 09:30:00,8.539193774,7.0207324
2024-09-16 09:45:00,4.458291132,6.9680343
2024-09-16 10:00:00,11.991440059999999,6.9504027
2024-09-16 10:15:00,5.621282489,7.2423377
2024-09-16 10:30:00,9.548206142,7.0075555
2024-09-16 10:45:00,1.528880631,7.1447425
2024-09-16 11:00:00,9.044240955,7.251009
2024-09-16 11:15:00,7.2305719779999995,7.211368
2024-09-16 11:30:00,7.377913766,7.2442527
2024-09-16 11:45:00,5.113951832999999,7.2254634
2024-09-16 12:00:00,7.075745701,7.432823
2024-09-16 12:15:00,10.57983162,7.1069293
2024-09-16 12:30:00,5.151216731999999,7.0110826
2024-09-16 12:45:00,2.166147493,6.902051
2024-09-16 13:00:00,9.007726659,6.5448055
2024-09-16 13:15:00,6.263326771,6.5700035
2024-09-16 13:30:00,5.449264868999999,6.5136995
2024-09-16 13:45:00,9.518081772,6.2858887
2024-09-16 14:00:00,6.90238369,6.842246
2024-09-16 14:15:00,7.588832353,6.7955866
2024-09-16 14:30:00,10.89623036,6.775768
2024-09-16 14:45:00,1.6693441140000003,6.849746
2024-09-16 15:00:00,3.7158592200000005,7.1795936
2024-09-16 15:15:00,9.923615939,7.3384004
2024-09-16 15:30:00,9.508837156,7.4848933
2024-09-16 15:45:00,3.07857681,7.3692384
2024-09-16 16:00:00,3.1254282,7.375845
2024-09-16 16:15:00,10.20983901,7.131654
2024-09-16 16:30:00,7.090126216,7.195894
2024-09-16 16:45:00,9.874922717,6.9118156
2024-09-16 17:00:00,10.76220489,6.629012
2024-09-16 17:15:00,1.961292388,6.573297
2024-09-16 17:30:00,10.71758353,6.394409
2024-09-16 17:45:00,8.258576048,6.423153
2024-09-16 18:00:00,10.06534328,6.2029886
2024-09-16 18:15:00,7.574603513,5.9204745
2024-09-16 18:30:00,4.339323976,6.053861
2024-09-16 18:45:00,7.994075053,6.2640066
2024-09-16 19:00:00,6.679358650999999,6.684747
2024-09-16 19:15:00,10.75801062,6.8171964
2024-09-16 19:30:00,7.130352639000001,6.84682
2024-09-16 19:45:00,1.39836495,6.7925744
2024-09-16 20:00:00,7.978543231,6.9928727
2024-09-16 20:15:00,1.62645059,6.7635736
2024-09-16 20:30:00,10.89653398,7.099352
2024-09-16 20:45:00,6.25941915,6.7857046
2024-09-16 21:00:00,11.77645575,6.8617697
2024-09-16 21:15:00,1.326143222,6.6052766
2024-09-16 21:30:00,6.924339424,6.500605
2024-09-16 21:45:00,3.416958214,6.6710773
2024-09-16 22:00:00,7.98079608,6.7967405
2024-09-16 22:15:00,5.895626291,6.7009687
2024-09-16 22:30:00,6.80702896,6.742635
2024-09-16 22:45:00,4.648485065999999,6.8010473
2024-09-16 23:00:00,1.667078619,6.7406716
2024-09-16 23:15:00,2.204528524,6.869505
2024-09-16 23:30:00,9.887948158,6.8307295
2024-09-16 23:45:00,8.762108639,7.1081576
2024-09-17 00:00:00,8.686667449,6.83472
2024-09-17 00:15:00,2.345277075,6.665464
2024-09-17 00:30:00,1.7065253640000002,6.798922
2024-09-17 00:45:00,1.344234969,6.952188
2024-09-17 01:00:00,6.380716407999999,7.0079823
2024-09-17 01:15:00,6.216595216,6.9830947
2024-09-17 01:30:00,2.326017058,6.576636
2024-09-17 01:45:00,4.858713422,6.3183475
2024-09-17 02:00:00,6.803970679,6.5664287
2024-09-17 02:15:00,7.686126774,6.844005
2024-09-17 02:30:00,9.788277224,6.177219
2024-09-17 02:45:00,7.300633787000001,6.5769367
2024-09-17 03:00:00,1.4671038469999997,6.5253086
2024-09-17 03:15:00,7.554412314,6.5375175
2024-09-17 03:30:00,2.109733735,6.711576
2024-09-17 03:45:00,7.224061350999999,6.963304
2024-09-17 04:00:00,5.225782442999999,6.7208924
2024-09-17 04:15:00,4.290735585,6.3470182
2024-09-17 04:30:00,5.963104504,6.2622967
2024-09-17 04:45:00,5.000605389,6.2863374
2024-09-17 05:00:00,10.48721508,6.36006
2024-09-17 05:15:00,3.492293361,6.8747764
2024-09-17 05:30:00,2.533141526,6.7461734
2024-09-17 05:45:00,9.946609024,6.5800915
2024-09-17 06:00:00,3.893283144,7.147227
2024-09-17 06:15:00,1.445747456,6.7322903
2024-09-17 06:30:00,5.108374358999999,6.1425695
2024-09-17 06:45:00,9.289745008,6.321309
2024-09-17 07:00:00,5.8971718520000005,6.3561044
2024-09-17 07:15:00,5.853424111000001,6.219731
2024-09-17 07:30:00,1.610979849,5.940484
2024-09-17 07:45:00,8.405812586,6.19631
2024-09-17 08:00:00,4.690557359,6.46699
2024-09-17 08:15:00,8.502390627,6.195982
2024-09-17 08:30:00,5.445677211999999,6.469557
2024-09-17 08:45:00,6.433795816000001,6.313028
2024-09-17 09:00:00,7.6220730670000005,6.023933
2024-09-17 09:15:00,3.069201699,6.1582546
2024-09-17 09:30:00,4.059133363,6.2667155
2024-09-17 09:45:00,7.283749231000001,6.4122186
2024-09-17 10:00:00,9.760016999,6.854449
2024-09-17 10:15:00,10.91799573,6.890826
2024-09-17 10:30:00,6.467269186,7.023377
2024-09-17 10:45:00,1.7738212900000003,7.0025043
2024-09-17 11:00:00,10.46681821,7.3761353
2024-09-17 11:15:00,5.496231525,7.8848577
2024-09-17 11:30:00,2.182632255,7.9774685
2024-09-17 11:45:00,11.678319860000002,7.318594
2024-09-17 12:00:00,3.894980883,7.4318624
2024-09-17 12:15:00,7.830993621999999,7.2630467
2024-09-17 12:30:00,2.528282228,7.0354996
2024-09-17 12:45:00,8.336672431,6.957975
2024-09-17 13:00:00,10.82110556,6.2630687
2024-09-17 13:15:00,11.30965316,6.3973846
2024-09-17 13:30:00,2.509420021,6.184321
2024-09-17 13:45:00,9.673382702,5.96796
2024-09-17 14:00:00,7.71733923,6.1950154
2024-09-17 14:15:00,9.369330004,6.5567
2024-09-17 14:30:00,4.450690289999999,6.3285356
2024-09-17 14:45:00,5.189205653999999,6.6619
2024-09-17 15:00:00,4.752645928999999,6.736884
2024-09-17 15:15:00,8.727323966,6.656866
2024-09-17 15:30:00,9.299855283,6.608836
2024-09-17 15:45:00,3.817362171,6.260176
2024-09-17 16:00:00,7.193139592,6.3307657
2024-09-17 16:15:00,2.588759287,6.1496496
2024-09-17 16:30:00,1.217915475,6.2785444
2024-09-17 16:45:00,7.457318495999999,6.770861
2024-09-17 17:00:00,10.20950825,6.8034954
2024-09-17 17:15:00,10.22532314,6.63039
2024-09-17 17:30:00,7.981269357000001,6.4627075
2024-09-17 17:45:00,9.420347139,6.5150576
2024-09-17 18:00:00,5.727855646,6.329026
2024-09-17 18:15:00,10.5776881,6.410379
2024-09-17 18:30:00,9.209028594,6.455445
2024-09-17 18:45:00,4.571253703,6.8422184
2024-09-17 19:00:00,7.233336961000001,6.928759
2024-09-17 19:15:00,1.761563358,6.983083
2024-09-17 19:30:00,2.644508362,7.2010694
2024-09-17 19:45:00,11.18854898,7.217395
2024-09-17 20:00:00,1.191215362,6.9350944
2024-09-17 20:15:00,3.1262283810000002,7.022046
2024-09-17 20:30:00,2.608828773,6.7642803
2024-09-17 20:45:00,8.041706347,6.8354135
2024-09-17 21:00:00,2.224748133,6.8145447
2024-09-17 21:15:00,1.444452545,6.5645757
2024-09-17 21:30:00,11.457208419999999,6.5384007
2024-09-17 21:45:00,9.784008298,7.038326
2024-09-17 22:00:00,4.862375044,6.636785
2024-09-17 22:15:00,2.095250686,6.143498
2024-09-17 22:30:00,8.021065787,6.282642
2024-09-17 22:45:00,10.3844882,6.382983
2024-09-17 23:00:00,11.44115156,6.183795
2024-09-17 23:15:00,2.454298112,5.662763
2024-09-17 23:30:00,7.68682293,5.455105
2024-09-17 23:45:00,5.653542605,5.8270597
2024-09-18 00:00:00,2.807789744,6.126884
2024-09-18 00:15:00,9.62650579,6.183223
2024-09-18 00:30:00,9.552671164,6.5323977
2024-09-18 00:45:00,11.87878048,6.478566
2024-09-18 01:00:00,1.982937682,6.238212
2024-09-18 01:15:00,3.693260027,6.3101664
2024-09-18 01:30:00,9.755098628,6.5385685
2024-09-18 01:45:00,5.11825717,6.60674
2024-09-18 02:00:00,6.115053514,6.158886
2024-09-18 02:15:00,7.531635199,5.948757
2024-09-18 02:30:00,5.320682214,6.1427884
2024-09-18 02:45:00,1.4760677949999998,6.307132
2024-09-18 03:00:00,7.487308267,6.3138657
2024-09-18 03:15:00,3.587777377,6.591302
2024-09-18 03:30:00,11.730770659999997,6.2735996
2024-09-18 03:45:00,8.245311227,6.7115245
2024-09-18 04:00:00,9.750478923,6.962858
2024-09-18 04:15:00,11.33636354,6.8951917
2024-09-18 04:30:00,1.781533667,7.2182913
2024-09-18 04:45:00,2.605299268,7.105564
2024-09-18 05:00:00,9.304494786,7.0306997
2024-09-18 05:15:00,9.976515028,6.9757895
2024-09-18 05:30:00,1.199495628,6.4502625
2024-09-18 05:45:00,10.98473398,6.268058
2024-09-18 06:00:00,6.213006462,6.32947
2024-09-18 06:15:00,5.801636199,6.3925853
2024-09-18 06:30:00,10.33860475,6.1895814
2024-09-18 06:45:00,4.0261402749999995,6.1937923
2024-09-18 07:00:00,6.6095706850000004,6.1310134
2024-09-18 07:15:00,4.345969808999999,6.5763936
2024-09-18 07:30:00,2.470948028,6.709918
2024-09-18 07:45:00,4.800853451999999,6.593558
2024-09-18 08:00:00,3.102457585,6.8964896
2024-09-18 08:15:00,6.681391554999999,6.866773
2024-09-18 08:30:00,6.778514315,6.699156
2024-09-18 08:45:00,5.399353959,6.6413565
2024-09-18 09:00:00,2.929832151,6.545474
2024-09-18 09:15:00,2.465001791,6.208112
2024-09-18 09:30:00,2.33191166,6.52878
2024-09-18 09:45:00,2.491388214,6.640417
2024-09-18 10:00:00,4.438687764999999,6.841249
2024-09-18 10:15:00,1.184282761,7.1905384
2024-09-18 10:30:00,1.867144653,7.2273965
2024-09-18 10:45:00,6.309060632,7.3794484
2024-09-18 11:00:00,3.033311581,7.650238
2024-09-18 11:15:00,3.7779621980000004,7.648346
2024-09-18 11:30:00,4.794333612999999,7.376764
2024-09-18 11:45:00,1.610433814,7.5512614
2024-09-18 12:00:00,3.2804453490000003,7.0777392
2024-09-18 12:15:00,8.99934001,6.7673254
2024-09-18 12:30:00,4.830159860999999,7.033937
2024-09-18 12:45:00,2.984734146,6.934472
2024-09-18 13:00:00,3.14902934,6.3379025
2024-09-18 13:15:00,11.11078138,6.366026
2024-09-18 13:30:00,2.593255037,7.2157946
2024-09-18 13:45:00,10.10252322,7.0013523
2024-09-18 14:00:00,2.015993957,7.0445495
2024-09-18 14:15:00,9.929246693,7.328923
2024-09-18 14:30:00,6.247441046,7.163437
2024-09-18 14:45:00,7.552173541,7.467587
2024-09-18 15:00:00,3.6194983689999995,7.0780687
2024-09-18 15:15:00,11.25054716,7.144605
2024-09-18 15:30:00,7.062071612,7.3229322
2024-09-18 15:45:00,8.23449933,7.086947
2024-09-18 16:00:00,6.975411473000001,6.513048
2024-09-18 16:15:00,2.378956992,6.631007
2024-09-18 16:30:00,9.937139021,6.68211
2024-09-18 16:45:00,3.171531614,6.688122
2024-09-18 17:00:00,4.094772974,6.7516923
2024-09-18 17:15:00,7.961686595,6.5886536
2024-09-18 17:30:00,2.152991781,6.759855
2024-09-18 17:45:00,11.37206309,6.5844827
2024-09-18 18:00:00,2.476561936,6.709463
2024-09-18 18:15:00,8.385455861,6.884358
2024-09-18 18:30:00,7.834120267,6.7586355
2024-09-18 18:45:00,8.699386151,6.819315
2024-09-18 19:00:00,5.396204617999999,6.612026
2024-09-18 19:15:00,5.191209062999999,6.8342957
2024-09-18 19:30:00,11.60989127,6.8979034
2024-09-18 19:45:00,9.777109078,6.9997053
2024-09-18 20:00:00,5.900612105999999,6.8690386
2024-09-18 20:15:00,2.98443768,6.568663
2024-09-18 20:30:00,9.824302399,6.530549
2024-09-18 20:45:00,8.272653833,6.6467767
2024-09-18 21:00:00,2.709912957,6.5880213
2024-09-18 21:15:00,3.051003398,6.3423214
2024-09-18 21:30:00,6.99751214,6.591198
2024-09-18 21:45:00,6.538835359999999,6.645829
2024-09-18 22:00:00,5.292257628999999,6.7499723
2024-09-18 22:15:00,5.930527229999999,6.6557865
2024-09-18 22:30:00,3.0036247949999995,6.872158
2024-09-18 22:45:00,3.648194186,6.8930845
2024-09-18 23:00:00,6.104390843,7.183166
2024-09-18 23:15:00,1.750848405,7.5340486
2024-09-18 23:30:00,4.858369923999999,7.256715
2024-09-18 23:45:00,3.330978732,7.318713
2024-09-19 00:00:00,2.798142177,7.1557117
2024-09-19 00:15:00,2.633192311,6.9360695
2024-09-19 00:30:00,2.52055634,7.150642
2024-09-19 00:45:00,2.728535289,7.37049
2024-09-19 01:00:00,5.236890729999999,7.4894657
2024-09-19 01:15:00,2.21997003,7.8582582
2024-09-19 01:30:00,10.41960762,7.4077973
2024-09-19 01:45:00,6.421737898,8.111433
2024-09-19 02:00:00,6.222866074000001,7.4234166
2024-09-19 02:15:00,3.230737645,6.5071487
2024-09-19 02:30:00,10.31706797,6.564863
2024-09-19 02:45:00,9.284540878,6.937657
2024-09-19 03:00:00,1.466774885,6.737543
2024-09-19 03:15:00,8.415931912,6.4949727
2024-09-19 03:30:00,3.1562911629999997,6.565526
2024-09-19 03:45:00,7.2510394940000005,6.5144467
2024-09-19 04:00:00,9.399619321,6.0282493
2024-09-19 04:15:00,10.8295662,6.341093
2024-09-19 04:30:00,3.004699968,6.4453497
2024-09-19 04:45:00,10.39181792,6.6094637
2024-09-19 05:00:00,1.98613075,6.9799
2024-09-19 05:15:00,10.05014108,6.7768097
2024-09-19 05:30:00,8.962018317,6.7413945
2024-09-19 05:45:00,10.51025982,7.022902
2024-09-19 06:00:00,4.672884022,6.5092936
2024-09-19 06:15:00,11.504044690000002,6.7890353
2024-09-19 06:30:00,10.26808226,7.0226893
2024-09-19 06:45:00,4.787203889999999,7.3569603
2024-09-19 07:00:00,4.741254916,6.9914494
2024-09-19 07:15:00,4.902877044999999,6.863431
2024-09-19 07:30:00,7.164000948000001,6.570537
2024-09-19 07:45:00,3.0104438009999996,6.6000423
2024-09-19 08:00:00,5.727605359,6.487174
2024-09-19 08:15:00,1.916357795,6.7291126
2024-09-19 08:30:00,4.886327375999999,6.951309
2024-09-19 08:45:00,7.798210508,7.1634827
2024-09-19 09:00:00,7.365687916,7.018532
2024-09-19 09:15:00,4.467198514999999,6.953272
2024-09-19 09:30:00,3.865171329,6.823648
2024-09-19 09:45:00,4.473697079,7.0398254
2024-09-19 10:00:00,1.740386026,7.1904554
2024-09-19 10:15:00,3.642206764,7.0894217
2024-09-19 10:30:00,8.717126338,7.365568
2024-09-19 10:45:00,2.877813297,7.795073
2024-09-19 11:00:00,2.540152931,7.527643
2024-09-19 11:15:00,9.317197911,7.331044
2024-09-19 11:30:00,3.5901850040000003,7.7961454
2024-09-19 11:45:00,3.857607878,7.3191566
2024-09-19 12:00:00,5.847068459,6.912036
2024-09-19 12:15:00,6.081553991,7.04103
2024-09-19 12:30:00,3.05006388,7.0464964
2024-09-19 12:45:00,7.108225032999999,6.876086
2024-09-19 13:00:00,7.676124554,6.9518743
2024-09-19 13:15:00,6.383196487,6.858973
2024-09-19 13:30:00,10.13939514,6.5374126
2024-09-19 13:45:00,10.71785299,7.163786
2024-09-19 14:00:00,6.403664125000001,7.4145336
2024-09-19 14:15:00,10.40005104,7.0978847
2024-09-19 14:30:00,7.721407803,7.4715185
2024-09-19 14:45:00,6.910601249000001,7.4112434
2024-09-19 15:00:00,9.662521384,7.1105666
2024-09-19 15:15:00,11.77535203,6.949948
2024-09-19 15:30:00,11.83552557,6.965659
2024-09-19 15:45:00,8.608020134,7.098297
2024-09-19 16:00:00,5.989278373,7.140933
2024-09-19 16:15:00,4.202760968,7.366525
2024-09-19 16:30:00,6.621413393999999,7.488341
2024-09-19 16:45:00,9.547048368,7.0495625
2024-09-19 17:00:00,1.396808531,6.9624896
2024-09-19 17:15:00,3.7850690110000005,7.3672857
2024-09-19 17:30:00,4.657865494999999,7.3351946
2024-09-19 17:45:00,8.419301783,7.305324
2024-09-19 18:00:00,7.884219263,7.0506387
2024-09-19 18:15:00,5.305073295999999,6.7466574
2024-09-19 18:30:00,10.59253338,6.6554117
2024-09-19 18:45:00,6.702480305,6.675493
2024-09-19 19:00:00,8.586260031,6.858679
2024-09-19 19:15:00,7.841105385999999,6.7091045
2024-09-19 19:30:00,9.590439024,6.7915993
2024-09-19 19:45:00,9.682501882,6.7062984
2024-09-19 20:00:00,11.61970639,6.523019
2024-09-19 20:15:00,5.11494347,6.3776793
2024-09-19 20:30:00,2.745379409,6.614483
2024-09-19 20:45:00,9.093970968,6.6735554
2024-09-19 21:00:00,10.76653293,6.880793
2024-09-19 21:15:00,1.660798507,6.742519
2024-09-19 21:30:00,4.445046050999999,6.631636
2024-09-19 21:45:00,9.574961365,7.0219297
2024-09-19 22:00:00,8.347981132,6.7699113
2024-09-19 22:15:00,8.839605111,6.4124365
2024-09-19 22:30:00,6.789606878999999,6.2157683
2024-09-19 22:45:00,5.16970253,6.4010215
2024-09-19 23:00:00,9.178951133,6.5348835
2024-09-19 23:15:00,6.757334623,6.5325494
2024-09-19 23:30:00,6.161942600999999,6.7705603
2024-09-19 23:45:00,9.005068608,6.394173
2024-09-20 00:00:00,3.0436812230000005,6.4745507
2024-09-20 00:15:00,7.081118504,6.5461392
2024-09-20 00:30:00,4.4222178119999995,6.7807183
2024-09-20 00:45:00,1.320437308,6.799897
2024-09-20 01:00:00,8.841746352,6.9146104
2024-09-20 01:15:00,6.086389429999999,7.183322
2024-09-20 01:30:00,10.42163067,6.8937387
2024-09-20 01:45:00,6.1782975250000005,6.7053027
2024-09-20 02:00:00,1.233546997,6.6948156
2024-09-20 02:15:00,5.426585507,7.0988417
2024-09-20 02:30:00,2.9750775920000003,7.186054
2024-09-20 02:45:00,10.67987124,7.2596188
2024-09-20 03:00:00,5.939737351,6.8983455
2024-09-20 03:15:00,5.991074258,6.709653
2024-09-20 03:30:00,5.133082708999999,6.4844456
2024-09-20 03:45:00,6.456107568,6.484009
2024-09-20 04:00:00,2.045861051,6.3800006
2024-09-20 04:15:00,5.610896233,6.5655093
2024-09-20 04:30:00,7.537597181000001,6.8684855
2024-09-20 04:45:00,5.016759981,6.7955112
2024-09-20 05:00:00,4.917258787,6.5029473
2024-09-20 05:15:00,10.00425062,6.484468
2024-09-20 05:30:00,6.708593436000001,6.4879565
2024-09-20 05:45:00,7.275151898,5.5540433
2024-09-20 06:00:00,4.099709280999999,5.2688
2024-09-20 06:15:00,5.970794075,5.7364855
2024-09-20 06:30:00,1.8112324289999997,6.1436768
2024-09-20 06:45:00,5.502827764,6.52169
2024-09-20 07:00:00,9.19091121,6.376114
2024-09-20 07:15:00,2.692245101,6.5691338
2024-09-20 07:30:00,9.416293599,6.2646546
2024-09-20 07:45:00,5.155384997,6.506861
2024-09-20 08:00:00,1.410988252,6.4299445
2024-09-20 08:15:00,10.95998645,6.1629033
2024-09-20 08:30:00,2.943203511,6.5855117
2024-09-20 08:45:00,4.85754042,6.464592
2024-09-20 09:00:00,5.840965692999999,6.2862506
2024-09-20 09:15:00,11.603257289999998,6.423597
2024-09-20 09:30:00,7.071601699,6.0346932
2024-09-20 09:45:00,10.66748789,5.85857
2024-09-20 10:00:00,7.395651494999999,6.198445
2024-09-20 10:15:00,3.2039019739999994,6.545826
2024-09-20 10:30:00,6.779407133,6.7654486
2024-09-20 10:45:00,2.287454841,6.883343
2024-09-20 11:00:00,2.396453399,7.0818768
2024-09-20 11:15:00,2.273846114,6.7726817
2024-09-20 11:30:00,1.192632806,6.897649
2024-09-20 11:45:00,2.765345515,6.8980904
2024-09-20 12:00:00,4.848484654999999,6.895994
2024-09-20 12:15:00,1.848932287,6.7367268
2024-09-20 12:30:00,1.297026429,6.4547787
2024-09-20 12:45:00,2.376979087,6.15632
2024-09-20 13:00:00,10.99152197,5.9581995
2024-09-20 13:15:00,7.050273478000001,6.754752
2024-09-20 13:30:00,5.747756881999999,6.708299
2024-09-20 13:45:00,6.398717394,6.383665
2024-09-20 14:00:00,6.274748225000001,6.9240937
2024-09-20 14:15:00,2.195320176,6.7411156
2024-09-20 14:30:00,7.416910444,6.562142
2024-09-20 14:45:00,10.220581,6.6581097
2024-09-20 15:00:00,6.860154242,6.440664
2024-09-20 15:15:00,10.29781694,5.714711
2024-09-20 15:30:00,2.586804096,5.926806
2024-09-20 15:45:00,9.014975751,6.4651656
2024-09-20 16:00:00,8.240302242,6.47795
2024-09-20 16:15:00,7.689948055,6.51599
2024-09-20 16:30:00,7.065971795,6.590171
2024-09-20 16:45:00,2.459666567,6.7390013
2024-09-20 17:00:00,8.295042641,6.799128
2024-09-20 17:15:00,5.127352129999999,6.738565
2024-09-20 17:30:00,1.757165551,6.688181
2024-09-20 17:45:00,3.25488629,6.6100216
2024-09-20 18:00:00,5.892795071,6.8082542
2024-09-20 18:15:00,11.85964964,6.720188
2024-09-20 18:30:00,5.44162307,6.9741898
2024-09-20 18:45:00,2.608528411,6.6692057
2024-09-20 19:00:00,9.76237002,6.571174
2024-09-20 19:15:00,1.49352572,7.175667
2024-09-20 19:30:00,2.454662375,7.1053176
2024-09-20 19:45:00,6.397692685,6.8983536
2024-09-20 20:00:00,2.184725599,6.715033
2024-09-20 20:15:00,7.023900452,6.5944295
2024-09-20 20:30:00,2.812779923,6.4168177
2024-09-20 20:45:00,8.049645258,6.3869834
2024-09-20 21:00:00,2.294071099,6.249371
2024-09-20 21:15:00,9.739736545,6.0856857
2024-09-20 21:30:00,8.349417954,6.2452655
2024-09-20 21:45:00,11.33639369,6.269526
2024-09-20 22:00:00,1.805147877,5.986113
2024-09-20 22:15:00,6.569474171,6.2576885
2024-09-20 22:30:00,8.521137926,6.4053926
2024-09-20 22:45:00,10.81553479,6.343274
2024-09-20 23:00:00,6.031224097,5.869332
2024-09-20 23:15:00,11.7784281,5.5752587
2024-09-20 23:30:00,2.359774452,4.6024575
2024-09-20 23:45:00,5.629892726999999,4.8884788
2024-09-21 00:00:00,3.8384807829999996,5.445111
2024-09-21 00:15:00,2.890797845,5.8034353
2024-09-21 00:30:00,4.048278171,5.9646006
2024-09-21 00:45:00,8.341636392,6.0085177
2024-09-21 01:00:00,6.042122833,6.1979036
2024-09-21 01:15:00,3.123724336,5.8593144
2024-09-21 01:30:00,1.493716112,6.2003627
2024-09-21 01:45:00,10.71814635,6.332111
2024-09-21 02:00:00,4.4786964099999995,7.048293
2024-09-21 02:15:00,2.509876745,6.6194
2024-09-21 02:30:00,2.69971392,6.4057965
2024-09-21 02:45:00,3.581172572,6.6901417
2024-09-21 03:00:00,3.453027642,6.3976026
2024-09-21 03:15:00,4.100128420999999,6.390875
2024-09-21 03:30:00,3.380694412,6.4854436
2024-09-21 03:45:00,5.872070414000001,6.4827404
2024-09-21 04:00:00,8.922495651,6.5120664
2024-09-21 04:15:00,1.4802587530000002,6.623139
2024-09-21 04:30:00,3.2156439709999995,6.434517
2024-09-21 04:45:00,8.392857266,6.4255443
2024-09-21 05:00:00,2.766487137,6.59443
2024-09-21 05:15:00,9.141938252,6.2398005
2024-09-21 05:30:00,6.369656511,6.5146646
2024-09-21 05:45:00,10.40363566,6.677169
2024-09-21 06:00:00,1.285442413,6.645435
2024-09-21 06:15:00,8.549834035,6.9607167
2024-09-21 06:30:00,7.541629245999999,7.333758
2024-09-21 06:45:00,5.852643551,7.245177
2024-09-21 07:00:00,2.608325454,6.3139606
2024-09-21 07:15:00,3.5748496,6.2952447
2024-09-21 07:30:00,8.983370074,6.519971
2024-09-21 07:45:00,2.753760463,5.698578
2024-09-21 08:00:00,6.349668721,4.8575974
2024-09-21 08:15:00,3.0965062920000004,5.158874
2024-09-21 08:30:00,6.587883662,5.8008046
2024-09-21 08:45:00,3.713681041,6.329425
2024-09-21 09:00:00,4.80387864,6.6615834
2024-09-21 09:15:00,10.0001796,6.2647796
2024-09-21 09:30:00,1.543818751,6.336333
2024-09-21 09:45:00,10.60316385,5.961707
2024-09-21 10:00:00,4.337236597999999,5.9949317
2024-09-21 10:15:00,7.572443969999999,6.2004585
2024-09-21 10:30:00,3.538154933,6.076446
2024-09-21 10:45:00,4.877313314999999,6.207092
2024-09-21 11:00:00,5.63122266,6.165388
2024-09-21 11:15:00,7.8962588049999995,6.3283186
2024-09-21 11:30:00,9.77406916,6.6378756
2024-09-21 11:45:00,10.229757,7.0314674
2024-09-21 12:00:00,4.778996552,7.4399424
2024-09-21 12:15:00,2.012925976,7.4191628
2024-09-21 12:30:00,11.07089152,7.2623444
2024-09-21 12:45:00,1.498070374,7.0658827
2024-09-21 13:00:00,10.32599848,7.2563124
2024-09-21 13:15:00,1.426711377,7.0026484
2024-09-21 13:30:00,11.34964754,6.7571125
2024-09-21 13:45:00,1.201843991,6.6839433
2024-09-21 14:00:00,1.35402801,6.9463925
2024-09-21 14:15:00,6.772142696,7.0507174
2024-09-21 14:30:00,7.723341625,7.2214255
2024-09-21 14:45:00,4.490759223,6.631858
2024-09-21 15:00:00,7.300672088999999,6.417445
2024-09-21 15:15:00,10.12941096,6.1597295
2024-09-21 15:30:00,9.320782647,6.7564473
2024-09-21 15:45:00,10.32565065,6.839366
2024-09-21 16:00:00,2.9004419199999996,6.470174
2024-09-21 16:15:00,3.437187972,6.972351
2024-09-21 16:30:00,7.314778749,7.1411715
2024-09-21 16:45:00,8.848475026,7.193505
2024-09-21 17:00:00,2.249472582,6.818198
2024-09-21 17:15:00,3.036574229,6.6834993
2024-09-21 17:30:00,10.39879876,6.669897
2024-09-21 17:45:00,1.4539947330000003,6.884475
2024-09-21 18:00:00,5.369702589,6.7692213
2024-09-21 18:15:00,3.359231995,6.729218
2024-09-21 18:30:00,8.743521681,6.8911424
2024-09-21 18:45:00,10.3062516,7.0735674
2024-09-21 19:00:00,3.501628249,6.9575634
2024-09-21 19:15:00,6.925489929,6.463766
2024-09-21 19:30:00,9.472972594,6.8370657
2024-09-21 19:45:00,7.444750134,7.1258736
2024-09-21 20:00:00,7.729750126,6.666948
2024-09-21 20:15:00,5.540351571,6.688143
2024-09-21 20:30:00,8.349667771,6.880074
2024-09-21 20:45:00,10.8560093,7.032135
2024-09-21 21:00:00,4.036890146999999,6.9470425
2024-09-21 21:15:00,3.147090116,6.952098
2024-09-21 21:30:00,11.14412609,7.1026025
2024-09-21 21:45:00,1.83233833,7.107743
2024-09-21 22:00:00,10.45931105,6.698314
2024-09-21 22:15:00,10.0202364,6.7650313
2024-09-21 22:30:00,3.60006442,6.744137
2024-09-21 22:45:00,5.584194011,6.653228
2024-09-21 23:00:00,2.303013132,6.493773
2024-09-21 23:15:00,4.872864770999999,6.763848
2024-09-21 23:30:00,6.245071126,7.361695
2024-09-21 23:45:00,6.386684566999999,7.1780214
2024-09-22 00:00:00,2.46267431,7.085041
2024-09-22 00:15:00,5.283469215,7.3945622
2024-09-22 00:30:00,7.494139092,7.2287536
2024-09-22 00:45:00,5.716915615,7.250421
2024-09-22 01:00:00,10.12855206,6.7791147
2024-09-22 01:15:00,11.13842802,6.681132
2024-09-22 01:30:00,10.00509651,6.7652507
2024-09-22 01:45:00,1.6720873440000001,7.0363073
2024-09-22 02:00:00,3.619958768,7.1824145
2024-09-22 02:15:00,2.04812111,7.234165
2024-09-22 02:30:00,5.592245591999999,7.436176
2024-09-22 02:45:00,8.327051956,7.587199
2024-09-22 03:00:00,1.389117805,6.5061903
2024-09-22 03:15:00,4.162504035,6.2850013
2024-09-22 03:30:00,2.10024263,6.3287907
2024-09-22 03:45:00,5.271604953999999,6.289848
2024-09-22 04:00:00,11.33536629,6.601465
2024-09-22 04:15:00,5.407558831999999,6.9103794
2024-09-22 04:30:00,7.963230553,6.4024796
2024-09-22 04:45:00,5.190332094,6.3560867
2024-09-22 05:00:00,8.421321119,6.4049163
2024-09-22 05:15:00,9.053948837,6.6044426
2024-09-22 05:30:00,2.599567803,6.6639643
2024-09-22 05:45:00,8.060539886,6.7579246
2024-09-22 06:00:00,5.083496614999999,7.173807
2024-09-22 06:15:00,9.538371414,7.503355
2024-09-22 06:30:00,2.841250608,7.3166637
2024-09-22 06:45:00,9.578214349,7.117448
2024-09-22 07:00:00,6.23767459,7.4352946
2024-09-22 07:15:00,3.9060544729999997,7.381573
2024-09-22 07:30:00,4.667311567999999,7.078244
2024-09-22 07:45:00,1.139805843,6.7518396
2024-09-22 08:00:00,10.80788333,6.8631077
2024-09-22 08:15:00,3.439543646,7.2626476
2024-09-22 08:30:00,10.42836959,6.809003
2024-09-22 08:45:00,9.945321194,7.132069
2024-09-22 09:00:00,4.928148745,7.3375907
2024-09-22 09:15:00,3.4769957090000005,7.307471
2024-09-22 09:30:00,5.668966715999999,7.636532
2024-09-22 09:45:00,11.23186704,7.573055
2024-09-22 10:00:00,10.00560544,7.5356402
2024-09-22 10:15:00,6.067239222,7.0586367
2024-09-22 10:30:00,6.559610955,6.718086
2024-09-22 10:45:00,5.586255383,7.025439
2024-09-22 11:00:00,11.29480123,7.382551
2024-09-22 11:15:00,11.23581642,7.331792
2024-09-22 11:30:00,3.9393326999999996,7.171285
2024-09-22 11:45:00,11.2235261,6.919656
2024-09-22 12:00:00,11.71701213,7.341387
2024-09-22 12:15:00,6.164476017999999,7.296263
2024-09-22 12:30:00,5.290080499,7.081616
2024-09-22 12:45:00,9.984259672,7.3345656
2024-09-22 13:00:00,11.13129468,7.038956
2024-09-22 13:15:00,5.362413381,6.6902356
2024-09-22 13:30:00,6.389434113,6.802401
2024-09-22 13:45:00,4.711793039,6.850995
2024-09-22 14:00:00,3.2452238810000003,6.999746
2024-09-22 14:15:00,11.822159950000001,7.1557627
2024-09-22 14:30:00,2.8953315550000003,7.0611534
2024-09-22 14:45:00,9.793418205,6.918565
2024-09-22 15:00:00,5.275180508999999,7.090005
2024-09-22 15:15:00,1.860129223,7.094747
2024-09-22 15:30:00,4.575620467,7.3440695
2024-09-22 15:45:00,1.989741475,6.933536
2024-09-22 16:00:00,11.65808314,7.055859
2024-09-22 16:15:00,3.681168829,7.2948623
2024-09-22 16:30:00,8.757194707,6.8790574
2024-09-22 16:45:00,5.612426358,6.8568807
2024-09-22 17:00:00,8.327867487,7.0274386
2024-09-22 17:15:00,3.798921558,6.8619823
2024-09-22 17:30:00,2.085737671,7.1457543
2024-09-22 17:45:00,9.837637428,7.0625477
2024-09-22 18:00:00,8.430379532,7.051524
2024-09-22 18:15:00,2.233719632,6.450596
2024-09-22 18:30:00,8.337243105,6.369816
2024-09-22 18:45:00,7.787315829,6.5124345
2024-09-22 19:00:00,2.873416545,6.609484
2024-09-22 19:15:00,9.668892378,6.5277843
2024-09-22 19:30:00,8.753320365,6.4514728
2024-09-22 19:45:00,6.331834634,6.0376325
2024-09-22 20:00:00,3.209165589,5.7860646
2024-09-22 20:15:00,6.678957508,6.581385
2024-09-22 20:30:00,2.932545617,6.725574
2024-09-22 20:45:00,3.0524318860000004,6.7447276
2024-09-22 21:00:00,3.7492018660000004,6.645304
2024-09-22 21:15:00,7.653658214999999,6.885992
2024-09-22 21:30:00,8.136017946,7.1582365
2024-09-22 21:45:00,1.985769063,6.7817745
2024-09-22 22:00:00,7.636048206,6.8247824
2024-09-22 22:15:00,1.48273832,6.82353
2024-09-22 22:30:00,10.4969017,6.933918
2024-09-22 22:45:00,9.35826346,6.733373
2024-09-22 23:00:00,9.125032509,6.741214
2024-09-22 23:15:00,3.858294975,6.797261
2024-09-22 23:30:00,11.36106427,7.0919876
2024-09-22 23:45:00,11.682291149999998,7.1534367
2024-09-23 00:00:00,6.467872589,6.898771
2024-09-23 00:15:00,1.526471769,6.4855285
2024-09-23 00:30:00,6.838103688,6.438469
2024-09-23 00:45:00,2.74679756,6.455601
2024-09-23 01:00:00,7.18171968,6.532656
2024-09-23 01:15:00,11.28176036,6.842994
2024-09-23 01:30:00,9.000978296,6.7560863
2024-09-23 01:45:00,4.421156555,6.2848177
2024-09-23 02:00:00,5.1572124089999996,6.376481
2024-09-23 02:15:00,10.97280106,6.7187943
2024-09-23 02:30:00,2.351226116,7.0336237
2024-09-23 02:45:00,10.23029869,6.813791
2024-09-23 03:00:00,2.020007393,6.491837
2024-09-23 03:15:00,5.612589816,6.353507
2024-09-23 03:30:00,9.172498755,6.4505343
2024-09-23 03:45:00,5.532756756999999,6.864975
2024-09-23 04:00:00,7.168001539,6.884473
2024-09-23 04:15:00,5.835244791,7.0087905
2024-09-23 04:30:00,6.828235021,7.113968
2024-09-23 04:45:00,3.000217259,6.9617176
2024-09-23 05:00:00,7.166742106000001,7.1475396
2024-09-23 05:15:00,10.89758921,7.431826
2024-09-23 05:30:00,3.125600912,7.322343
2024-09-23 05:45:00,1.8659990139999998,6.8403854
2024-09-23 06:00:00,5.2814903079999995,7.3206806
2024-09-23 06:15:00,5.355593436,7.247884
2024-09-23 06:30:00,2.53900143,7.076335
2024-09-23 06:45:00,6.886090607,6.7841153
2024-09-23 07:00:00,5.81388327,6.8938203
2024-09-23 07:15:00,9.518415511,6.851154
2024-09-23 07:30:00,5.756994374,6.220762
2024-09-23 07:45:00,11.20144728,6.25188
2024-09-23 08:00:00,8.545733077,6.9204464
2024-09-23 08:15:00,6.179242794000001,6.9294753
2024-09-23 08:30:00,6.800209939,6.8720956
2024-09-23 08:45:00,10.07920546,6.988527
2024-09-23 09:00:00,8.808023939,7.2483935
2024-09-23 09:15:00,7.757595178999999,7.138909
2024-09-23 09:30:00,4.044990935,7.193462
2024-09-23 09:45:00,5.3332428919999995,7.1448965
2024-09-23 10:00:00,8.739891773,7.2415323
2024-09-23 10:15:00,7.310709543,6.944063
2024-09-23 10:30:00,11.55762754,6.993606
2024-09-23 10:45:00,10.37094255,7.293672
2024-09-23 11:00:00,5.442516891,7.487128
2024-09-23 11:15:00,4.065314703,7.4368854
2024-09-23 11:30:00,2.418921466,7.6503453
2024-09-23 11:45:00,5.573968844,8.032721
2024-09-23 12:00:00,3.527444133,7.701256
2024-09-23 12:15:00,1.271977335,6.957755
2024-09-23 12:30:00,2.572604878,6.433753
2024-09-23 12:45:00,5.621803942999999,6.5189743
2024-09-23 13:00:00,10.09486967,6.831925
2024-09-23 13:15:00,4.412160321,7.066054
2024-09-23 13:30:00,5.812722330999999,6.924321
2024-09-23 13:45:00,5.136152702,6.7734737
2024-09-23 14:00:00,4.813859762,6.9208083
2024-09-23 14:15:00,9.249602945,6.8440547
2024-09-23 14:30:00,6.719713453999999,7.0731688
2024-09-23 14:45:00,5.26141484,6.8968706
2024-09-23 15:00:00,10.6296999,6.5147166
2024-09-23 15:15:00,4.04614246,6.5952864
2024-09-23 15:30:00,10.06846018,6.759639
2024-09-23 15:45:00,6.198739462,6.8064394
2024-09-23 16:00:00,5.641068092,7.147502
2024-09-23 16:15:00,1.894381066,7.1537733
2024-09-23 16:30:00,10.7252418,7.0535555
2024-09-23 16:45:00,4.098410512,7.221801
2024-09-23 17:00:00,7.898685274,7.164317
2024-09-23 17:15:00,10.78276038,6.751396
2024-09-23 17:30:00,6.602256093,6.772426
2024-09-23 17:45:00,7.700629697,6.3903136
2024-09-23 18:00:00,4.734768211,6.0416374
2024-09-23 18:15:00,8.21324762,6.1900744
2024-09-23 18:30:00,8.538304493,6.506235
2024-09-23 18:45:00,5.579343120999999,6.352754
2024-09-23 19:00:00,8.111721718,6.2760906
2024-09-23 19:15:00,3.981795573,6.4904337
2024-09-23 19:30:00,7.834040439,6.6779275
2024-09-23 19:45:00,8.110833271,6.5225334
2024-09-23 20:00:00,5.827515184,6.4560137
2024-09-23 20:15:00,3.7632708459999997,6.267553
2024-09-23 20:30:00,8.96087879,6.3703628
2024-09-23 20:45:00,9.238219723,6.442557
2024-09-23 21:00:00,1.6913443989999999,6.3681984
2024-09-23 21:15:00,6.492869334,6.6181235
2024-09-23 21:30:00,2.131297896,6.479111
2024-09-23 21:45:00,4.491928399999999,6.4201255
2024-09-23 22:00:00,5.201430799,6.211679
2024-09-23 22:15:00,3.0111151540000005,6.2587237
2024-09-23 22:30:00,6.130593343,6.1703625
2024-09-23 22:45:00,8.268198054,6.308153
2024-09-23 23:00:00,5.605171012,6.1743636
2024-09-23 23:15:00,3.612332713,5.9418287
2024-09-23 23:30:00,5.389420544999999,5.8567944
2024-09-23 23:45:00,6.975294350999999,6.0531583
2024-09-24 00:00:00,11.19134157,6.119266
2024-09-24 00:15:00,6.033842857999999,6.144207
2024-09-24 00:30:00,10.25405152,6.1292295
2024-09-24 00:45:00,11.02682313,6.0826726
2024-09-24 01:00:00,7.156506627000001,6.2318163
2024-09-24 01:15:00,2.702104406,5.9941072
2024-09-24 01:30:00,9.783226168,6.3641715
2024-09-24 01:45:00,10.01342498,6.4753675
2024-09-24 02:00:00,10.56625918,6.29282
2024-09-24 02:15:00,10.94149269,6.1141763
2024-09-24 02:30:00,4.112394908999999,6.22022
2024-09-24 02:45:00,4.47754313,6.2722507
2024-09-24 03:00:00,7.844504632,6.5345507
2024-09-24 03:15:00,6.962337319,6.428722
2024-09-24 03:30:00,9.626501074,6.2245445
2024-09-24 03:45:00,3.767462056,5.950264
2024-09-24 04:00:00,8.307951528,6.2361374
2024-09-24 04:15:00,10.77645669,6.5009713
2024-09-24 04:30:00,3.516029679,6.4814672
2024-09-24 04:45:00,4.340570809,6.3349733
2024-09-24 05:00:00,5.406318507,6.4746323
2024-09-24 05:15:00,2.073705357,6.5900497
2024-09-24 05:30:00,2.9209446280000004,6.5050335
2024-09-24 05:45:00,5.279912195999999,6.8815465
2024-09-24 06:00:00,1.792135221,6.793271
2024-09-24 06:15:00,5.035623809999999,6.6648726
2024-09-24 06:30:00,3.755586475,6.6382337
2024-09-24 06:45:00,10.06098585,6.6484323
2024-09-24 07:00:00,7.690058433999999,6.9263363
2024-09-24 07:15:00,10.82764628,6.4731445
2024-09-24 07:30:00,3.177192899,6.163613
2024-09-24 07:45:00,2.070308121,5.8299875
2024-09-24 08:00:00,4.5940692379999994,6.175086
2024-09-24 08:15:00,1.7939087829999998,6.428472
2024-09-24 08:30:00,10.60584395,6.5131783
2024-09-24 08:45:00,3.1464387100000004,6.745898
2024-09-24 09:00:00,2.664835024,6.47498
2024-09-24 09:15:00,9.33066142,6.4279275
2024-09-24 09:30:00,8.851100178,6.6462884
2024-09-24 09:45:00,1.7207420799999997,6.512222
2024-09-24 10:00:00,6.385465266,5.89473
2024-09-24 10:15:00,5.760423915,6.2117043
2024-09-24 10:30:00,5.313155004,6.659138
2024-09-24 10:45:00,2.380486542,6.324027
2024-09-24 11:00:00,9.227325051,6.3159823
2024-09-24 11:15:00,3.699146756,6.666764
2024-09-24 11:30:00,6.193558958,6.710598
2024-09-24 11:45:00,10.697104,6.7745247
2024-09-24 12:00:00,4.222201565,7.324637
2024-09-24 12:15:00,1.490547364,6.8501706
2024-09-24 12:30:00,10.37389131,6.9803305
2024-09-24 12:45:00,6.078151751000001,6.772431
2024-09-24 13:00:00,6.372240206000001,6.354528
2024-09-24 13:15:00,6.884518368,5.8544765
2024-09-24 13:30:00,2.819508659,6.152269
2024-09-24 13:45:00,8.982522518,6.4668083
2024-09-24 14:00:00,3.567900683,6.5402875
2024-09-24 14:15:00,4.354264798999999,6.5462785
2024-09-24 14:30:00,7.445873402,6.398833
2024-09-24 14:45:00,8.751241112,6.593424
2024-09-24 15:00:00,8.718192744,6.4420676
2024-09-24 15:15:00,1.988528274,6.10207
2024-09-24 15:30:00,8.978487553,6.096132
2024-09-24 15:45:00,8.549295734,6.18679
2024-09-24 16:00:00,7.10244709,6.061681
2024-09-24 16:15:00,10.75598473,5.475944
2024-09-24 16:30:00,4.682841195,5.166209
2024-09-24 16:45:00,8.418285723,5.5465193
2024-09-24 17:00:00,7.060530217000001,5.778882
2024-09-24 17:15:00,5.204428643,6.177062
2024-09-24 17:30:00,9.015548809,6.147544
2024-09-24 17:45:00,5.471857331999999,6.137734
2024-09-24 18:00:00,7.052160953,6.276572
2024-09-24 18:15:00,7.094088788,6.1965055
2024-09-24 18:30:00,6.336761053999999,6.1006575
2024-09-24 18:45:00,5.815258541,5.9662747
2024-09-24 19:00:00,2.734069832,6.4816213
2024-09-24 19:15:00,3.557660168,6.8834124
2024-09-24 19:30:00,2.506444434,6.7441673
2024-09-24 19:45:00,8.253858525,6.671095
2024-09-24 20:00:00,8.274777497,6.4743385
2024-09-24 20:15:00,7.792312867,6.147785
2024-09-24 20:30:00,10.64212228,5.7142553
2024-09-24 20:45:00,3.9093000010000005,5.4541726
2024-09-24 21:00:00,9.822026252,5.7732916
2024-09-24 21:15:00,3.0799283459999995,5.689237
2024-09-24 21:30:00,1.951897922,5.8958783
2024-09-24 21:45:00,1.130909758,6.0840964
2024-09-24 22:00:00,7.061719875,5.966612
2024-09-24 22:15:00,8.879391104,6.0216045
2024-09-24 22:30:00,9.751653533,5.9280205
2024-09-24 22:45:00,6.272779905,5.428833
2024-09-24 23:00:00,1.712793822,5.5231304
2024-09-24 23:15:00,1.575211265,5.9120536
2024-09-24 23:30:00,10.82583288,6.132977
2024-09-24 23:45:00,2.051759358,6.5865088
2024-09-25 00:00:00,9.588294294,6.6832023
2024-09-25 00:15:00,1.831134001,6.6080422
2024-09-25 00:30:00,2.9670020420000003,6.572425
2024-09-25 00:45:00,3.056545361,6.2861104
2024-09-25 01:00:00,3.837999068,6.46813
2024-09-25 01:15:00,5.590994782999999,6.3927336
2024-09-25 01:30:00,2.463357469,6.498153
2024-09-25 01:45:00,11.633884440000001,6.3981204
2024-09-25 02:00:00,1.234377908,6.608222
2024-09-25 02:15:00,9.178821718,6.40745
2024-09-25 02:30:00,6.665249902000001,6.025649
2024-09-25 02:45:00,2.082076216,6.0866346
2024-09-25 03:00:00,2.258943573,5.858629
2024-09-25 03:15:00,7.109439801,5.6884685
2024-09-25 03:30:00,4.382580021,5.9735045
2024-09-25 03:45:00,5.598306219,5.7438293
2024-09-25 04:00:00,6.653326289999999,5.961324
2024-09-25 04:15:00,7.182412326000001,6.3049426
2024-09-25 04:30:00,7.114362745,6.4699883
2024-09-25 04:45:00,1.852011953,6.458222
2024-09-25 05:00:00,9.322493259,6.3067207
2024-09-25 05:15:00,4.207548351,6.2464437
2024-09-25 05:30:00,2.323053684,6.35708
2024-09-25 05:45:00,2.164327844,6.262093
2024-09-25 06:00:00,3.425079575,6.29844
2024-09-25 06:15:00,7.648621919,6.172588
2024-09-25 06:30:00,5.641395884,6.524239
2024-09-25 06:45:00,2.408705351,6.347898
2024-09-25 07:00:00,1.561382069,6.539098
2024-09-25 07:15:00,1.406814326,6.85692
2024-09-25 07:30:00,5.195086046999999,6.895115
2024-09-25 07:45:00,9.131872408,6.972415
2024-09-25 08:00:00,7.122516526,7.1476645
2024-09-25 08:15:00,9.468863341,6.518498
2024-09-25 08:30:00,4.669283072,6.6414585
2024-09-25 08:45:00,2.534630444,6.498688
2024-09-25 09:00:00,10.41665396,6.428011
2024-09-25 09:15:00,8.771800277,6.854227
2024-09-25 09:30:00,7.208775205,6.4518456
2024-09-25 09:45:00,10.39943239,6.137608
2024-09-25 10:00:00,8.109312103,6.4378953
2024-09-25 10:15:00,6.26256085,6.784631
2024-09-25 10:30:00,6.130626849,6.579826
2024-09-25 10:45:00,7.107803053,6.9996676
2024-09-25 11:00:00,6.149101646000001,6.987716
2024-09-25 11:15:00,4.157579812999999,6.7649136
2024-09-25 11:30:00,11.13923748,6.934248
2024-09-25 11:45:00,10.55754051,7.026388
2024-09-25 12:00:00,2.893940604,7.151334
2024-09-25 12:15:00,6.219531496,6.917223
2024-09-25 12:30:00,9.666408907,6.498717
2024-09-25 12:45:00,1.797531985,6.4104304
2024-09-25 13:00:00,2.406971179,6.3557277
2024-09-25 13:15:00,6.813397455,6.647461
2024-09-25 13:30:00,1.454001061,6.8964577
2024-09-25 13:45:00,10.24638013,6.88031
2024-09-25 14:00:00,10.10262595,6.6995316
2024-09-25 14:15:00,9.368039414,6.6208024
2024-09-25 14:30:00,9.356691344,6.3244104
2024-09-25 14:45:00,8.018592107,6.3315067
2024-09-25 15:00:00,2.737704968,6.1996717
2024-09-25 15:15:00,1.391612458,6.1889024
2024-09-25 15:30:00,9.604099002,6.7218633
2024-09-25 15:45:00,8.523847862,7.040672
2024-09-25 16:00:00,5.063639482,6.9023376
2024-09-25 16:15:00,9.247815879,6.8357472
2024-09-25 16:30:00,1.747296383,6.5949745
2024-09-25 16:45:00,4.542590702999999,6.798439
2024-09-25 17:00:00,4.96375719,6.7269998
2024-09-25 17:15:00,2.112927689,6.7039533
2024-09-25 17:30:00,8.939289957,6.7286925
2024-09-25 17:45:00,9.209073539,7.3029814
2024-09-25 18:00:00,6.754530793999999,7.4069924
2024-09-25 18:15:00,5.545631629999999,7.100527
2024-09-25 18:30:00,7.319582261,6.6651845
2024-09-25 18:45:00,9.999432816,6.8703995
2024-09-25 19:00:00,4.840223078999999,6.968998
2024-09-25 19:15:00,4.65336511,6.5566907
2024-09-25 19:30:00,7.763377768,6.665294
2024-09-25 19:45:00,8.442027247,6.604276
2024-09-25 20:00:00,5.990735651,6.4245925
2024-09-25 20:15:00,9.630669732,6.023215
2024-09-25 20:30:00,5.109364674999999,5.97935
2024-09-25 20:45:00,8.131888229,5.9022374
2024-09-25 21:00:00,8.05602531,5.866312
2024-09-25 21:15:00,4.293132224999999,5.9608173
2024-09-25 21:30:00,1.338005309,5.8232594
2024-09-25 21:45:00,9.927904796,6.2459826
2024-09-25 22:00:00,6.153784591000001,6.5836935
2024-09-25 22:15:00,2.270489072,6.759547
2024-09-25 22:30:00,12.00471619,6.6512103
2024-09-25 22:45:00,4.380580513,6.7868805
2024-09-25 23:00:00,6.155949666999999,6.6050134
2024-09-25 23:15:00,6.251715305,6.1750426
2024-09-25 23:30:00,5.070987766999999,5.775788
2024-09-25 23:45:00,2.81316928,5.7895355
2024-09-26 00:00:00,8.629537884,6.098462
2024-09-26 00:15:00,2.929213242,6.357941
2024-09-26 00:30:00,8.914634887,6.4482617
2024-09-26 00:45:00,9.503260979,6.2940593
2024-09-26 01:00:00,1.422952348,6.4754176
2024-09-26 01:15:00,9.459927784,6.5211678
2024-09-26 01:30:00,7.530663695,6.7115693
2024-09-26 01:45:00,3.217917005,6.595476
2024-09-26 02:00:00,7.653826873,6.4349036
2024-09-26 02:15:00,5.349019063999999,6.490195
2024-09-26 02:30:00,1.997722823,6.496119
2024-09-26 02:45:00,6.470626374,6.6606703
2024-09-26 03:00:00,11.25873137,6.817501
2024-09-26 03:15:00,7.767671083999999,5.909763
2024-09-26 03:30:00,4.696177138999999,5.995057
2024-09-26 03:45:00,6.9618121,6.047668
2024-09-26 04:00:00,8.682962465,5.861547
2024-09-26 04:15:00,2.844073715,5.999379
2024-09-26 04:30:00,6.459626621,6.1529894
2024-09-26 04:45:00,6.370429288,6.3008866
2024-09-26 05:00:00,5.370035963,6.5771995
2024-09-26 05:15:00,8.884835093,6.741842
2024-09-26 05:30:00,7.080079153000001,6.6620865
2024-09-26 05:45:00,8.228754045,6.5969543
2024-09-26 06:00:00,7.35465316,6.628293
2024-09-26 06:15:00,9.308425193,6.679624
2024-09-26 06:30:00,7.981479160999999,6.867655
2024-09-26 06:45:00,8.350991506,7.006062
2024-09-26 07:00:00,3.529118535,5.8980107
2024-09-26 07:15:00,9.883531338,6.1519756
2024-09-26 07:30:00,2.796197653,6.4071846
2024-09-26 07:45:00,4.644060981999999,6.692503
2024-09-26 08:00:00,10.22548035,6.865118
2024-09-26 08:15:00,2.333794862,6.8060675
2024-09-26 08:30:00,9.934553728,6.762497
2024-09-26 08:45:00,6.236190341,6.5330434
2024-09-26 09:00:00,2.986693451,6.5702434
2024-09-26 09:15:00,8.852076296,6.6221104
2024-09-26 09:30:00,4.085640833,6.598857
2024-09-26 09:45:00,8.688399112,6.71802
2024-09-26 10:00:00,9.803431969,6.570785
2024-09-26 10:15:00,7.113453856999999,6.8601117
2024-09-26 10:30:00,8.912243624,6.5569663
2024-09-26 10:45:00,10.14582877,6.549646
2024-09-26 11:00:00,6.593621185,6.7873054
2024-09-26 11:15:00,2.807767646,6.9209447
2024-09-26 11:30:00,8.143359135,7.079941
2024-09-26 11:45:00,5.651887906,7.4885883
2024-09-26 12:00:00,6.361767601,7.2773952
2024-09-26 12:15:00,7.368746121,6.839759
2024-09-26 12:30:00,8.580079601,6.739678
2024-09-26 12:45:00,7.5488377149999994,6.7276125
2024-09-26 13:00:00,3.6453776420000006,6.6220856
2024-09-26 13:15:00,8.291858612,6.7389865
2024-09-26 13:30:00,8.788912373,6.6494813
2024-09-26 13:45:00,1.573934586,6.487048
2024-09-26 14:00:00,4.357125425999999,6.7844357
2024-09-26 14:15:00,10.97857481,6.7474303
2024-09-26 14:30:00,3.0276634069999995,6.9090996
2024-09-26 14:45:00,3.02382285,6.6805644
2024-09-26 15:00:00,6.948272279,6.1698895
2024-09-26 15:15:00,5.102301696,6.3094635
2024-09-26 15:30:00,7.996304800000001,6.376538
2024-09-26 15:45:00,3.8937754289999997,6.438486
2024-09-26 16:00:00,5.145690246,6.5540986
2024-09-26 16:15:00,11.02928512,6.4497504
2024-09-26 16:30:00,5.240082354,6.492941
2024-09-26 16:45:00,2.204729587,6.5299053
2024-09-26 17:00:00,8.601335573,6.8212795
2024-09-26 17:15:00,6.876275769,6.986557
2024-09-26 17:30:00,6.110343426999999,7.0868053
2024-09-26 17:45:00,10.30067143,6.7807455
2024-09-26 18:00:00,2.622882501,6.419793
2024-09-26 18:15:00,6.507221882,6.5588546
2024-09-26 18:30:00,2.998689992,6.6318355
2024-09-26 18:45:00,2.05947702,6.982942
2024-09-26 19:00:00,5.777414229,6.9359756
2024-09-26 19:15:00,11.06316125,6.9789877
2024-09-26 19:30:00,8.32412198,6.5357075
2024-09-26 19:45:00,3.6803018629999995,5.963861
2024-09-26 20:00:00,6.050104914000001,5.495112
2024-09-26 20:15:00,9.585280294,4.711582
2024-09-26 20:30:00,3.1505115519999998,5.4722853
2024-09-26 20:45:00,3.140584683,4.754598
2024-09-26 21:00:00,3.263161543,4.080631
2024-09-26 21:15:00,7.442359342,4.7782927
2024-09-26 21:30:00,1.492345725,5.3231535
2024-09-26 21:45:00,7.212791166999999,5.692142
2024-09-26 22:00:00,9.688152875,5.6487164
2024-09-26 22:15:00,9.247567803,5.9109707
2024-09-26 22:30:00,8.370885145,5.708368
2024-09-26 22:45:00,3.3386781170000006,5.478594
2024-09-26 23:00:00,10.11301712,5.465065
2024-09-26 23:15:00,11.04733825,5.761959
2024-09-26 23:30:00,3.2255996519999997,5.95181
2024-09-26 23:45:00,10.00153211,5.7601795
2024-09-27 00:00:00,10.21098715,5.279158
2024-09-27 00:15:00,11.03689221,5.6698093
2024-09-27 00:30:00,4.360398563999999,5.6446476
2024-09-27 00:45:00,11.08171267,6.2345157
2024-09-27 01:00:00,2.9579122840000003,6.4484243
2024-09-27 01:15:00,2.864832029,6.66214
2024-09-27 01:30:00,2.39204918,6.917189
2024-09-27 01:45:00,5.743649424999999,6.847264
2024-09-27 02:00:00,1.314253186,6.7642775
2024-09-27 02:15:00,4.954304236,6.7051187
2024-09-27 02:30:00,7.587325205,6.479862
2024-09-27 02:45:00,1.958063474,6.133787
2024-09-27 03:00:00,9.47510696,5.9973607
2024-09-27 03:15:00,4.3604809939999996,5.9268994
2024-09-27 03:30:00,1.791009849,6.058443
2024-09-27 03:45:00,4.848940112,5.798727
2024-09-27 04:00:00,2.594336913,5.843892
2024-09-27 04:15:00,8.826724139,5.9108586
2024-09-27 04:30:00,4.513024023,6.0005255
2024-09-27 04:45:00,2.361033802,6.243561
2024-09-27 05:00:00,5.488182336999999,6.3255877
2024-09-27 05:15:00,5.8130314,6.1854773
2024-09-27 05:30:00,4.127274654,6.4153237
2024-09-27 05:45:00,4.464214789999999,6.2269487
2024-09-27 06:00:00,8.994733802,6.2073355
2024-09-27 06:15:00,7.766630842,6.4674354
2024-09-27 06:30:00,3.266271631,6.304604
2024-09-27 06:45:00,11.0976052,6.10462
2024-09-27 07:00:00,4.391956573,6.407892
2024-09-27 07:15:00,6.423875203,6.2468467
2024-09-27 07:30:00,6.995712678,5.7228255
2024-09-27 07:45:00,3.203160439,5.9063835
2024-09-27 08:00:00,4.249298600999999,5.977795
2024-09-27 08:15:00,5.7971591689999995,6.0988426
2024-09-27 08:30:00,3.799372463,6.393534
2024-09-27 08:45:00,4.287885669999999,6.6223774
2024-09-27 09:00:00,7.205208908000001,6.6616383
2024-09-27 09:15:00,8.960465761,6.7267146
2024-09-27 09:30:00,9.031180383,6.439094
2024-09-27 09:45:00,2.334062613,5.980308
2024-09-27 10:00:00,8.79059922,5.930027
2024-09-27 10:15:00,10.92793163,6.0807295
2024-09-27 10:30:00,7.3146037349999995,6.2754955
2024-09-27 10:45:00,7.2899058750000005,6.177214
2024-09-27 11:00:00,10.79636156,6.1899166
2024-09-27 11:15:00,10.65157089,6.4722323
2024-09-27 11:30:00,6.738596106000001,6.4533525
2024-09-27 11:45:00,8.891838626,6.8706713
2024-09-27 12:00:00,3.102912807,6.896844
2024-09-27 12:15:00,5.4919386139999995,7.01372
2024-09-27 12:30:00,8.711891976,6.824644
2024-09-27 12:45:00,4.517907916999999,6.7721324
2024-09-27 13:00:00,5.628012982,6.806022
2024-09-27 13:15:00,2.852382018,6.3831925
2024-09-27 13:30:00,10.40323559,6.570436
2024-09-27 13:45:00,10.90783794,6.7308064
2024-09-27 14:00:00,6.438445573999999,6.771265
2024-09-27 14:15:00,3.234236954,6.30286
2024-09-27 14:30:00,8.009480547,6.393446
2024-09-27 14:45:00,3.2975092700000004,6.4905796
2024-09-27 15:00:00,3.48614298,6.52154
2024-09-27 15:15:00,10.5786371,6.638368
2024-09-27 15:30:00,2.215143711,6.5342526
2024-09-27 15:45:00,5.014438447999999,6.505091
2024-09-27 16:00:00,6.682227186,6.562831
2024-09-27 16:15:00,2.321247664,6.5257697
2024-09-27 16:30:00,1.6455286290000002,6.304143
2024-09-27 16:45:00,7.017903787999999,6.419423
2024-09-27 17:00:00,2.416209983,6.3981256
2024-09-27 17:15:00,3.787846795,6.276125
2024-09-27 17:30:00,6.167690796999999,6.3886466
2024-09-27 17:45:00,4.763988645,6.4672556
2024-09-27 18:00:00,8.237597864,6.493111
2024-09-27 18:15:00,11.37237484,6.2505603
2024-09-27 18:30:00,8.569269955,6.204654
2024-09-27 18:45:00,10.713081,6.2339587
2024-09-27 19:00:00,5.112611644999999,6.533066
2024-09-27 19:15:00,4.512131844,6.6530066
2024-09-27 19:30:00,3.40950759,6.4975977
2024-09-27 19:45:00,10.08369013,6.572204
2024-09-27 20:00:00,4.974025497,6.4600797
2024-09-27 20:15:00,8.429249068,6.1601386
2024-09-27 20:30:00,8.64810317,5.844731
2024-09-27 20:45:00,1.666382511,5.681129
2024-09-27 21:00:00,10.49071246,5.848984
2024-09-27 21:15:00,6.452893102,6.2254324
2024-09-27 21:30:00,3.5138435400000003,6.023254
2024-09-27 21:45:00,11.31033874,5.7817035
2024-09-27 22:00:00,9.01286823,6.1306863
2024-09-27 22:15:00,7.080714873,6.1143365
2024-09-27 22:30:00,10.83164528,6.024767
2024-09-27 22:45:00,9.213368048,6.250736
2024-09-27 23:00:00,2.54305741,6.1955934
2024-09-27 23:15:00,11.55309159,6.302154
2024-09-27 23:30:00,6.846921927000001,6.2153797
2024-09-27 23:45:00,4.219627918,5.9798846
2024-09-28 00:00:00,9.129471699,5.7036552
2024-09-28 00:15:00,1.625380346,5.5820355
2024-09-28 00:30:00,7.441566172,5.7244773
2024-09-28 00:45:00,2.7988072,6.061425
2024-09-28 01:00:00,2.083108443,6.753937
2024-09-28 01:15:00,4.777068346999999,7.256394
2024-09-28 01:30:00,4.85591084,7.310728
2024-09-28 01:45:00,7.179605706000001,6.663002
2024-09-28 02:00:00,7.372931386,6.260585
2024-09-28 02:15:00,8.150624315,6.2127094
2024-09-28 02:30:00,2.987893169,6.3153033
2024-09-28 02:45:00,9.70792977,6.6004934
2024-09-28 03:00:00,9.358557725,6.804538
2024-09-28 03:15:00,3.4772580630000003,6.36459
2024-09-28 03:30:00,5.887444355,6.340646
2024-09-28 03:45:00,6.583252392000001,6.47719
2024-09-28 04:00:00,10.97782864,6.8695226
2024-09-28 04:15:00,11.17215065,7.002118
2024-09-28 04:30:00,1.9016352919999997,6.784854
2024-09-28 04:45:00,11.05659863,6.5659556
2024-09-28 05:00:00,1.8356171110000001,6.6371474
2024-09-28 05:15:00,6.727596322,6.4533734
2024-09-28 05:30:00,4.289154432999999,5.8229294
2024-09-28 05:45:00,5.3656518,6.144948
2024-09-28 06:00:00,7.5883148579999995,6.0468435
2024-09-28 06:15:00,7.489256560000001,6.2380147
2024-09-28 06:30:00,2.956039659,6.502895
2024-09-28 06:45:00,11.20483076,6.4866433
2024-09-28 07:00:00,1.435850691,7.0135055
2024-09-28 07:15:00,4.919562413,6.647649
2024-09-28 07:30:00,9.23418938,6.471752
2024-09-28 07:45:00,10.21310267,6.4000034
2024-09-28 08:00:00,9.49863579,5.862488
2024-09-28 08:15:00,5.008419096,5.7750897
2024-09-28 08:30:00,7.950234507,6.183179
2024-09-28 08:45:00,8.977545583,6.540676
2024-09-28 09:00:00,7.278738069,6.4476094
2024-09-28 09:15:00,8.261008292,6.417552
2024-09-28 09:30:00,6.947171893,6.578879
2024-09-28 09:45:00,1.84560612,6.224196
2024-09-28 10:00:00,4.165081902,6.591596
2024-09-28 10:15:00,8.716406097,7.0446978
2024-09-28 10:30:00,3.716009853,7.2757416
2024-09-28 10:45:00,5.955508184,6.939261
2024-09-28 11:00:00,7.14852002,6.9653215
2024-09-28 11:15:00,8.317649417,7.153745
2024-09-28 11:30:00,3.872071525,6.953664
2024-09-28 11:45:00,7.172674113,6.747305
2024-09-28 12:00:00,7.698922379,6.3126388
2024-09-28 12:15:00,9.734392515,6.345766
2024-09-28 12:30:00,7.016859033,6.410658
2024-09-28 12:45:00,4.172356272,6.571181
2024-09-28 13:00:00,6.769713105,6.591679
2024-09-28 13:15:00,2.312462402,6.6878476
2024-09-28 13:30:00,7.694346565,6.6519275
2024-09-28 13:45:00,10.21650906,6.486387
2024-09-28 14:00:00,6.687200859999999,6.5567017
2024-09-28 14:15:00,4.28713812,6.516018
2024-09-28 14:30:00,5.237659281,6.5325994
2024-09-28 14:45:00,10.73242646,6.604944
2024-09-28 15:00:00,9.470983371,6.778211
2024-09-28 15:15:00,9.562665744,6.728288
2024-09-28 15:30:00,6.820689870999999,6.499626
2024-09-28 15:45:00,5.605712632,6.8968186
2024-09-28 16:00:00,2.503174313,6.944966
2024-09-28 16:15:00,11.22544384,7.203756
2024-09-28 16:30:00,3.008641372,6.8357
2024-09-28 16:45:00,4.040861363,6.5899353
2024-09-28 17:00:00,8.920647303,6.342946
2024-09-28 17:15:00,4.578043824999999,6.2748895
2024-09-28 17:30:00,7.521883481,6.124969
2024-09-28 17:45:00,8.794025479,6.3274827
2024-09-28 18:00:00,7.276695165,6.304457
2024-09-28 18:15:00,6.269846209,5.89238
2024-09-28 18:30:00,1.726313625,5.860483
2024-09-28 18:45:00,6.376588007,6.2759876
2024-09-28 19:00:00,5.886111655999999,6.500422
2024-09-28 19:15:00,9.900565252,6.4398317
2024-09-28 19:30:00,5.799435019,6.2584124
2024-09-28 19:45:00,7.499632274,6.1435246
2024-09-28 20:00:00,9.474942546,6.2950206
2024-09-28 20:15:00,6.055260007,6.288807
2024-09-28 20:30:00,3.719420509,5.8959465
2024-09-28 20:45:00,11.42627974,6.0902104
2024-09-28 21:00:00,10.73102298,6.193354
2024-09-28 21:15:00,10.24753465,6.1408896
2024-09-28 21:30:00,4.22529219,5.8553367
2024-09-28 21:45:00,4.21667258,5.8930664
2024-09-28 22:00:00,10.55033375,6.018892
2024-09-28 22:15:00,2.535913523,6.1146026
2024-09-28 22:30:00,7.7599858699999995,6.264511
2024-09-28 22:45:00,4.075442059,6.051382
2024-09-28 23:00:00,8.14883865,6.432006
2024-09-28 23:15:00,10.03625269,6.456377
2024-09-28 23:30:00,5.103738996999999,6.2059298
2024-09-28 23:45:00,2.691693359,6.0637655
2024-09-29 00:00:00,8.704249535,6.228665
2024-09-29 00:15:00,1.744981114,5.7943125
2024-09-29 00:30:00,1.303430803,5.955168
2024-09-29 00:45:00,10.00336755,5.6458163
2024-09-29 01:00:00,9.471026869,5.9833274
2024-09-29 01:15:00,7.099558217,6.025357
2024-09-29 01:30:00,7.925060697,5.86365
2024-09-29 01:45:00,11.30718324,6.0884476
2024-09-29 02:00:00,1.833441491,6.3890066
2024-09-29 02:15:00,3.351676874,6.4960465
2024-09-29 02:30:00,9.212792569,6.7942605
2024-09-29 02:45:00,3.818226961,6.687756
2024-09-29 03:00:00,3.3060541630000007,6.5371804
2024-09-29 03:15:00,6.045864741000001,6.4318233
2024-09-29 03:30:00,8.396226079,6.360582
2024-09-29 03:45:00,3.418113519,6.059416
2024-09-29 04:00:00,5.346480475999999,6.3477654
2024-09-29 04:15:00,6.533825578,6.6792197
2024-09-29 04:30:00,2.891231848,6.7151175
2024-09-29 04:45:00,6.20276998,6.4372506
2024-09-29 05:00:00,9.930815053,6.342617
2024-09-29 05:15:00,8.723044808,6.2819247
2024-09-29 05:30:00,6.157054658000001,6.060382
2024-09-29 05:45:00,2.263430664,5.9557447
2024-09-29 06:00:00,1.366739825,6.2341585
2024-09-29 06:15:00,1.921345277,6.722772
2024-09-29 06:30:00,9.49056885,6.6284657
2024-09-29 06:45:00,8.285572202,6.308278
2024-09-29 07:00:00,8.737739723,4.971471
2024-09-29 07:15:00,4.406267288,5.0987325
2024-09-29 07:30:00,2.159737824,5.8472185
2024-09-29 07:45:00,8.650936607,6.3309736
2024-09-29 08:00:00,10.46135138,5.956059
2024-09-29 08:15:00,6.082479397,5.7226458
2024-09-29 08:30:00,9.056779334,5.6434207
2024-09-29 08:45:00,8.400518892,6.1392345
2024-09-29 09:00:00,10.13033584,6.291976
2024-09-29 09:15:00,1.426944541,6.4241815
2024-09-29 09:30:00,11.35928779,6.48699
2024-09-29 09:45:00,9.907168467,6.459475
2024-09-29 10:00:00,10.44123839,6.670347
2024-09-29 10:15:00,11.54336306,6.1362042
2024-09-29 10:30:00,7.393634606,6.4664903
2024-09-29 10:45:00,2.022958566,6.982982
2024-09-29 11:00:00,9.552930075,7.3270464
2024-09-29 11:15:00,2.541232263,7.053522
2024-09-29 11:30:00,8.483913676,6.880062
2024-09-29 11:45:00,5.330155387,6.723268
2024-09-29 12:00:00,1.189073336,6.5949745
2024-09-29 12:15:00,5.801717707,6.774489
2024-09-29 12:30:00,9.380434018,6.802899
2024-09-29 12:45:00,1.980369804,6.7669344
2024-09-29 13:00:00,1.20973824,6.6694555
2024-09-29 13:15:00,5.618229006,6.8389964
2024-09-29 13:30:00,1.155910227,6.921259
2024-09-29 13:45:00,11.59397855,6.9487963
2024-09-29 14:00:00,9.909133026,7.0467935
2024-09-29 14:15:00,8.159561724,6.9878216
2024-09-29 14:30:00,1.306705005,7.1175714
2024-09-29 14:45:00,7.230917042,7.3847218
2024-09-29 15:00:00,8.27674535,6.9673924
2024-09-29 15:15:00,7.087943232999999,6.5982013
2024-09-29 15:30:00,10.74161412,6.437702
2024-09-29 15:45:00,9.907837746,6.9243093
2024-09-29 16:00:00,4.853529817,6.7822666
2024-09-29 16:15:00,8.373660004,6.917048
2024-09-29 16:30:00,5.683353274999999,6.702875
2024-09-29 16:45:00,9.946699698,6.495513
2024-09-29 17:00:00,7.644961140000001,6.3999176
2024-09-29 17:15:00,6.997574151,6.4907393
2024-09-29 17:30:00,6.448272719,6.4636955
2024-09-29 17:45:00,5.027502978,6.5978227
2024-09-29 18:00:00,2.744810241,6.7337856
2024-09-29 18:15:00,3.902827523,6.684326
2024-09-29 18:30:00,4.785281044,6.7943954
2024-09-29 18:45:00,2.814256058,6.453968
2024-09-29 19:00:00,9.097851042,6.4711256
2024-09-29 19:15:00,1.250712455,6.904893
2024-09-29 19:30:00,11.25912851,6.6406016
2024-09-29 19:45:00,2.411483299,6.5953784
2024-09-29 20:00:00,1.7307062130000002,6.4445367
2024-09-29 20:15:00,10.87978027,6.396249
2024-09-29 20:30:00,11.59965908,6.473196
2024-09-29 20:45:00,3.1060034290000003,6.5731196
2024-09-29 21:00:00,2.596994512,6.4474435
2024-09-29 21:15:00,3.0174945669999995,6.8240685
2024-09-29 21:30:00,6.55033648,6.6266093
2024-09-29 21:45:00,4.252831845,6.787819
2024-09-29 22:00:00,4.849110019,6.527395
2024-09-29 22:15:00,9.85616086,6.4873123
2024-09-29 22:30:00,10.73432575,6.542799
2024-09-29 22:45:00,12.24573976,6.640946
2024-09-29 23:00:00,6.391313181,6.684177
2024-09-29 23:15:00,3.5367179060000002,6.8722878
2024-09-29 23:30:00,7.242893633,6.471865
2024-09-29 23:45:00,9.740413262,6.1973777
2024-09-30 00:00:00,1.436247666,5.7858276
2024-09-30 00:15:00,10.51496043,5.8788557
2024-09-30 00:30:00,3.662690179,6.1869226
2024-09-30 00:45:00,4.244126237999999,6.5067635
2024-09-30 01:00:00,4.934334269,6.2725353
2024-09-30 01:15:00,10.76198962,6.3516345
2024-09-30 01:30:00,2.9409249730000004,6.6201663
2024-09-30 01:45:00,3.536878331,6.5051503
2024-09-30 02:00:00,9.063595135,6.6043167
2024-09-30 02:15:00,10.10274072,6.67234
2024-09-30 02:30:00,2.157829547,6.2970676
2024-09-30 02:45:00,6.523609895999999,6.2168245
2024-09-30 03:00:00,11.04084941,6.5111895
2024-09-30 03:15:00,10.08212871,6.402667
2024-09-30 03:30:00,10.91840946,5.5797243
2024-09-30 03:45:00,10.52496949,5.905402
2024-09-30 04:00:00,4.411349808,6.4419017
2024-09-30 04:15:00,3.206695847,6.752564
2024-09-30 04:30:00,11.02945643,7.003678
2024-09-30 04:45:00,8.523248153,6.880607
2024-09-30 05:00:00,4.902426987,6.7333283
2024-09-30 05:15:00,8.79214603,6.118215
2024-09-30 05:30:00,4.255837256,6.2721405
2024-09-30 05:45:00,7.824250366,6.477712
2024-09-30 06:00:00,3.61598185,6.5670195
2024-09-30 06:15:00,6.798049695,6.727641
2024-09-30 06:30:00,11.01636833,6.892382
2024-09-30 06:45:00,9.171781515,7.1554747
2024-09-30 07:00:00,7.552351922000001,6.525385
2024-09-30 07:15:00,3.786926342,6.4103746
2024-09-30 07:30:00,1.802886529,6.7299514
2024-09-30 07:45:00,8.077819725,7.160885
2024-09-30 08:00:00,6.894509686,7.1664333
2024-09-30 08:15:00,3.480456426,6.901144
2024-09-30 08:30:00,10.85170852,6.7767572
2024-09-30 08:45:00,6.259053824,7.2160983
2024-09-30 09:00:00,7.300200371,7.0801616
2024-09-30 09:15:00,4.215931848,6.9430547
2024-09-30 09:30:00,9.71494181,6.998402
2024-09-30 09:45:00,10.01803116,7.0634217
2024-09-30 10:00:00,8.854811956,6.9986525
2024-09-30 10:15:00,2.111534554,7.2950683
2024-09-30 10:30:00,1.9983992410000002,7.947543
2024-09-30 10:45:00,6.029053225000001,8.015604
2024-09-30 11:00:00,2.640343414,7.3242517
2024-09-30 11:15:00,4.857553434,6.8868403
2024-09-30 11:30:00,2.807355865,7.128123
2024-09-30 11:45:00,4.578587124999999,7.146345
2024-09-30 12:00:00,10.66044615,7.1561503
2024-09-30 12:15:00,9.441856093,7.127844
2024-09-30 12:30:00,2.619251887,6.798405
2024-09-30 12:45:00,8.08200786,6.418862
2024-09-30 13:00:00,1.533989334,6.6241636
2024-09-30 13:15:00,11.44107197,7.07012
2024-09-30 13:30:00,7.128615335,7.1994576
2024-09-30 13:45:00,6.881958729,7.287279
2024-09-30 14:00:00,3.7702351,6.8100653
2024-09-30 14:15:00,5.755915296,7.01646
2024-09-30 14:30:00,6.793365248999999,7.0993543
2024-09-30 14:45:00,7.611769616000001,7.185005
2024-09-30 15:00:00,1.6799345440000002,7.030384
2024-09-30 15:15:00,4.485029228,7.0003552
2024-09-30 15:30:00,5.0793095379999995,7.0625157
2024-09-30 15:45:00,2.721825454,7.064091
2024-09-30 16:00:00,3.724846865,6.971667
2024-09-30 16:15:00,3.7500733239999997,7.045659
2024-09-30 16:30:00,9.75485893,7.0195756
2024-09-30 16:45:00,8.232231471,7.1368594
2024-09-30 17:00:00,10.60980563,7.034578
2024-09-30 17:15:00,4.185057664,7.1044765
2024-09-30 17:30:00,10.95752263,7.289832
2024-09-30 17:45:00,9.902909447,7.451397
2024-09-30 18:00:00,5.810379847999999,7.127848
2024-09-30 18:15:00,7.297227216999999,6.6467147
2024-09-30 18:30:00,7.384736694999999,6.8847303
2024-09-30 18:45:00,4.046192568,7.1602626
2024-09-30 19:00:00,3.893072829,7.095343
2024-09-30 19:15:00,2.735028811,7.0268946
2024-09-30 19:30:00,10.33696114,6.8296714
2024-09-30 19:45:00,6.944385303,7.0625234
2024-09-30 20:00:00,4.872752566,6.648438
2024-09-30 20:15:00,6.058999740000001,6.2624173
2024-09-30 20:30:00,1.96460672,6.3727274
2024-09-30 20:45:00,2.231080828,6.892306
2024-09-30 21:00:00,9.3029738,7.0924754
2024-09-30 21:15:00,9.988041224,7.417484
2024-09-30 21:30:00,4.380057076999999,6.6677947
2024-09-30 21:45:00,5.203679716999999,6.1349516
2024-09-30 22:00:00,4.661017371999999,6.14443
2024-09-30 22:15:00,6.406640251999999,6.5024085
2024-09-30 22:30:00,5.480415715,6.737918
2024-09-30 22:45:00,4.893870173,6.7756925
2024-09-30 23:00:00,8.34960066,6.870952
2024-09-30 23:15:00,3.973168654999999,7.180508
2024-09-30 23:30:00,10.6694157,6.9543157
2024-09-30 23:45:00,4.423224916999999,6.852439
2024-10-01 00:00:00,3.419198687,6.716054
2024-10-01 00:15:00,11.36241388,6.764468
2024-10-01 00:30:00,3.578649549,7.3012586
2024-10-01 00:45:00,6.523982737,6.4935455
2024-10-01 01:00:00,4.602824175,6.15975
2024-10-01 01:15:00,1.8659465130000001,6.179075
2024-10-01 01:30:00,10.50422154,6.1023374
2024-10-01 01:45:00,4.957378,6.8358717
2024-10-01 02:00:00,7.401889653,6.676271
2024-10-01 02:15:00,10.29724255,6.4402266
2024-10-01 02:30:00,6.683447035000001,6.9660234
2024-10-01 02:45:00,7.834272298000001,6.7131906
2024-10-01 03:00:00,9.684027305,6.635245
2024-10-01 03:15:00,4.806579208999999,7.0828686
2024-10-01 03:30:00,7.820418943,7.095136
2024-10-01 03:45:00,3.399726646,7.015279
2024-10-01 04:00:00,1.672704215,6.9597564
2024-10-01 04:15:00,11.1732029,7.198738
2024-10-01 04:30:00,1.996300857,7.6052866
2024-10-01 04:45:00,5.297987327999999,7.442952
2024-10-01 05:00:00,1.9602901609999999,6.743637
2024-10-01 05:15:00,10.83972961,6.8984776
2024-10-01 05:30:00,2.276686799,6.91667
2024-10-01 05:45:00,8.980723105,6.4131393
2024-10-01 06:00:00,8.571830943,6.4778876
2024-10-01 06:15:00,1.703306981,6.999451
2024-10-01 06:30:00,8.350868451,6.8155737
2024-10-01 06:45:00,11.5210014,7.1748147
2024-10-01 07:00:00,6.5389751590000005,6.9701905
2024-10-01 07:15:00,4.134907018,6.2258325
2024-10-01 07:30:00,6.837771443,6.0418468
2024-10-01 07:45:00,2.324509326,6.357752
2024-10-01 08:00:00,11.31009523,6.6271486
2024-10-01 08:15:00,5.123261023,6.9336414
2024-10-01 08:30:00,5.585752767,6.7586637
2024-10-01 08:45:00,5.255255136999999,6.688448
2024-10-01 09:00:00,1.376217416,6.828155
2024-10-01 09:15:00,1.483854238,6.7363744
2024-10-01 09:30:00,6.704608323,6.697784
2024-10-01 09:45:00,6.140728967,6.9849014
2024-10-01 10:00:00,11.36244644,6.6598444
2024-10-01 10:15:00,4.125497921999999,6.7186723
2024-10-01 10:30:00,4.867555909,6.6428604
2024-10-01 10:45:00,11.36354758,6.653239
2024-10-01 11:00:00,1.69457993,7.232298
2024-10-01 11:15:00,7.563053888,6.885671
2024-10-01 11:30:00,2.385463138,6.9653373
2024-10-01 11:45:00,11.28998053,7.2054286
2024-10-01 12:00:00,4.242693521,7.3163333
2024-10-01 12:15:00,10.14128936,7.1117735
2024-10-01 12:30:00,10.50567622,6.2613883
2024-10-01 12:45:00,10.04564116,6.6841207
2024-10-01 13:00:00,7.111469035,6.3780084
2024-10-01 13:15:00,11.59244064,6.5701666
2024-10-01 13:30:00,7.703289220000001,6.6753535
2024-10-01 13:45:00,8.97317582,6.66429
2024-10-01 14:00:00,3.6189310649999995,5.5681186
2024-10-01 14:15:00,5.321842337999999,5.5604124
2024-10-01 14:30:00,7.927576203,6.128806
2024-10-01 14:45:00,2.653530171,6.6731577
2024-10-01 15:00:00,10.98666922,7.0971932
2024-10-01 15:15:00,2.364191245,7.4148145
2024-10-01 15:30:00,8.496750034,7.3732166
2024-10-01 15:45:00,1.773093914,6.896366
2024-10-01 16:00:00,2.259551197,7.1677713
2024-10-01 16:15:00,7.921379865,7.082602
2024-10-01 16:30:00,5.877379301999999,6.345395
2024-10-01 16:45:00,1.260226586,5.9449716
2024-10-01 17:00:00,5.513939938,6.025513
2024-10-01 17:15:00,3.6824700730000006,6.4359374
2024-10-01 17:30:00,9.962216771,6.8910165
2024-10-01 17:45:00,8.226128352,7.150449
2024-10-01 18:00:00,9.118536956,7.093776
2024-10-01 18:15:00,11.10618062,7.082063
2024-10-01 18:30:00,8.123484816,6.3986382
2024-10-01 18:45:00,2.693662254,6.235878
2024-10-01 19:00:00,10.67000833,6.403482
2024-10-01 19:15:00,2.382062519,6.6993017
2024-10-01 19:30:00,3.263969791,6.926953
2024-10-01 19:45:00,4.033028351,6.6229696
2024-10-01 20:00:00,3.0264860570000005,6.7664547
2024-10-01 20:15:00,1.230218403,6.74003
2024-10-01 20:30:00,5.726351173,7.0473866
2024-10-01 20:45:00,7.854956597,7.336027
2024-10-01 21:00:00,5.320943933,7.3460493
2024-10-01 21:15:00,3.5014643130000005,6.9252114
2024-10-01 21:30:00,9.907177574,6.8309903
2024-10-01 21:45:00,5.266082618,7.009202
2024-10-01 22:00:00,9.864735804,6.7374115
2024-10-01 22:15:00,3.022514337,6.275831
2024-10-01 22:30:00,4.604611742,6.2904215
2024-10-01 22:45:00,9.039370057,6.4215374
2024-10-01 23:00:00,1.496489811,6.6255345
2024-10-01 23:15:00,10.27499707,6.3668203
2024-10-01 23:30:00,5.422522797,6.5837307
2024-10-01 23:45:00,11.17176793,6.7726226
2024-10-02 00:00:00,8.371544916,6.837548
2024-10-02 00:15:00,11.1275657,6.863793
2024-10-02 00:30:00,1.70780269,6.477721
2024-10-02 00:45:00,9.038391695,6.776359
2024-10-02 01:00:00,10.80537141,7.014651
2024-10-02 01:15:00,11.09841442,7.0296054
2024-10-02 01:30:00,1.4798203419999998,6.4747934
2024-10-02 01:45:00,1.951858909,6.5001163
2024-10-02 02:00:00,8.345211982,6.710637
2024-10-02 02:15:00,1.517259548,6.653319
2024-10-02 02:30:00,1.276424837,6.616384
2024-10-02 02:45:00,6.747593306000001,6.460309
2024-10-02 03:00:00,6.469929523999999,6.70141
2024-10-02 03:15:00,7.553148428000001,6.649001
2024-10-02 03:30:00,1.296483333,6.5204854
2024-10-02 03:45:00,6.574130590000001,6.1431212
2024-10-02 04:00:00,3.9699207989999996,6.54068
2024-10-02 04:15:00,8.819743912,6.8098497
2024-10-02 04:30:00,4.863164180999999,7.005498
2024-10-02 04:45:00,4.813435409,6.9880486
2024-10-02 05:00:00,7.985943762000001,6.843976
2024-10-02 05:15:00,7.853566752,7.1429844
2024-10-02 05:30:00,1.716970989,7.104279
2024-10-02 05:45:00,7.867434550999999,6.6674447
2024-10-02 06:00:00,8.188640797,6.785057
2024-10-02 06:15:00,5.818089796999999,6.8265877
2024-10-02 06:30:00,10.12895576,6.615997
2024-10-02 06:45:00,1.197370053,6.719715
2024-10-02 07:00:00,10.89143823,6.7356977
2024-10-02 07:15:00,4.930097981,6.7366896
2024-10-02 07:30:00,7.368732898,6.525728
2024-10-02 07:45:00,1.4953021570000002,6.1809697
2024-10-02 08:00:00,8.563613006,6.314611
2024-10-02 08:15:00,6.180704723,6.970362
2024-10-02 08:30:00,11.34909755,6.926644
2024-10-02 08:45:00,5.568798293999999,6.751546
2024-10-02 09:00:00,8.838718747,6.8381357
2024-10-02 09:15:00,1.820521607,6.984445
2024-10-02 09:30:00,1.883233563,7.2017374
2024-10-02 09:45:00,11.37750935,7.442897
2024-10-02 10:00:00,3.91604113,7.4987226
2024-10-02 10:15:00,9.767941935,6.9848576
2024-10-02 10:30:00,1.9877396319999998,6.7849407
2024-10-02 10:45:00,7.717677621,7.0584707
2024-10-02 11:00:00,7.142435509999999,7.2386475
2024-10-02 11:15:00,11.704711840000002,7.6671467
2024-10-02 11:30:00,5.129544605,7.464096
2024-10-02 11:45:00,1.5869604050000001,7.567525
2024-10-02 12:00:00,5.939570436,7.305619
2024-10-02 12:15:00,9.810093257,7.2631607
2024-10-02 12:30:00,1.793076541,7.0710177
2024-10-02 12:45:00,1.5959831429999998,6.961894
2024-10-02 13:00:00,9.626306014,6.9884596
2024-10-02 13:15:00,10.05203906,7.016683
2024-10-02 13:30:00,3.255224174,6.803749
2024-10-02 13:45:00,7.756782065,6.2253447
2024-10-02 14:00:00,1.8705473159999997,6.5570235
2024-10-02 14:15:00,9.178675781,7.154712
2024-10-02 14:30:00,4.394286944,7.350907
2024-10-02 14:45:00,3.729491818,7.4755707
2024-10-02 15:00:00,7.8678664,7.3110495
2024-10-02 15:15:00,10.65527473,7.3362966
2024-10-02 15:30:00,1.654228364,7.3752685
2024-10-02 15:45:00,2.541570718,7.0519977
2024-10-02 16:00:00,3.7811977799999994,6.865261
2024-10-02 16:15:00,10.46401513,7.0696483
2024-10-02 16:30:00,10.82991545,7.1774216
2024-10-02 16:45:00,10.01764221,6.6661177
2024-10-02 17:00:00,5.122252629999999,6.473457
2024-10-02 17:15:00,3.575356328,6.849975
2024-10-02 17:30:00,3.138755283,7.098313
2024-10-02 17:45:00,10.24308854,7.0997214
2024-10-02 18:00:00,3.658454833,7.2477703
2024-10-02 18:15:00,6.86270826,7.2138934
2024-10-02 18:30:00,4.568732196,7.1130433
2024-10-02 18:45:00,6.594560005,7.133149
2024-10-02 19:00:00,4.867801622,7.274619
2024-10-02 19:15:00,4.350545251,7.433323
2024-10-02 19:30:00,5.890652597999999,7.425066
2024-10-02 19:45:00,4.356294218,7.5370636
2024-10-02 20:00:00,9.956703244,7.225058
2024-10-02 20:15:00,7.059398552000001,7.369126
2024-10-02 20:30:00,3.053653888,7.094502
2024-10-02 20:45:00,3.4431091150000004,6.997939
2024-10-02 21:00:00,1.781774496,7.131851
2024-10-02 21:15:00,4.124291426,7.256713
2024-10-02 21:30:00,8.295250724,7.20413
2024-10-02 21:45:00,3.1820846089999995,7.2877746
2024-10-02 22:00:00,2.206494214,6.9895883
2024-10-02 22:15:00,4.171513160999999,6.887751
2024-10-02 22:30:00,7.418370214,6.912601
2024-10-02 22:45:00,6.397716196999999,7.3433704
2024-10-02 23:00:00,4.236965842999999,7.03088
2024-10-02 23:15:00,10.11130189,6.8078003
2024-10-02 23:30:00,5.975065923,7.0612984
2024-10-02 23:45:00,5.567556247,7.1440578
2024-10-03 00:00:00,1.4813075719999997,7.086866
2024-10-03 00:15:00,7.461722515,6.8868427
2024-10-03 00:30:00,5.706289591000001,6.7482667
2024-10-03 00:45:00,2.612933691,6.6935263
2024-10-03 01:00:00,3.612352606,6.615655
2024-10-03 01:15:00,3.201857345,6.702651
2024-10-03 01:30:00,2.343653872,6.790321
2024-10-03 01:45:00,6.047197307000001,7.1710896
2024-10-03 02:00:00,5.042714768999999,7.3867216
2024-10-03 02:15:00,5.081382878,6.6316023
2024-10-03 02:30:00,4.080515146,6.020724
2024-10-03 02:45:00,5.817726445,6.328965
2024-10-03 03:00:00,6.712116793,6.5546513
2024-10-03 03:15:00,7.265603836,6.8313975
2024-10-03 03:30:00,3.260860058,6.752132
2024-10-03 03:45:00,8.785527879,6.844721
2024-10-03 04:00:00,1.497816492,6.9151726
2024-10-03 04:15:00,9.034150622,7.200382
2024-10-03 04:30:00,4.09831687,6.9479995
2024-10-03 04:45:00,5.023226523999999,6.8818464
2024-10-03 05:00:00,7.025368065,6.5990915
2024-10-03 05:15:00,7.521706346,6.699315
2024-10-03 05:30:00,5.365344502,6.9843235
2024-10-03 05:45:00,10.69361492,6.589913
2024-10-03 06:00:00,9.399252368,7.143153
2024-10-03 06:15:00,3.541961715,7.2715244
2024-10-03 06:30:00,7.337249407,7.098722
2024-10-03 06:45:00,8.828120581,7.3368697
2024-10-03 07:00:00,3.6132723590000007,7.1834745
2024-10-03 07:15:00,1.4332366459999997,6.9435163
2024-10-03 07:30:00,11.799104,6.944405
2024-10-03 07:45:00,11.19125448,7.3746495
2024-10-03 08:00:00,4.78220994,6.9199815
2024-10-03 08:15:00,3.662167543,6.324873
2024-10-03 08:30:00,2.631083547,6.504712
2024-10-03 08:45:00,8.733780625,6.633622
2024-10-03 09:00:00,9.422513333,6.8565927
2024-10-03 09:15:00,5.563157763999999,6.939699
2024-10-03 09:30:00,3.3489827090000004,6.8476276
2024-10-03 09:45:00,5.909280457,6.9164495
2024-10-03 10:00:00,6.200585394999999,7.0037756
2024-10-03 10:15:00,6.97577765,7.240076
2024-10-03 10:30:00,5.611784642999999,7.5576463
2024-10-03 10:45:00,1.14593827,7.5949993
2024-10-03 11:00:00,6.184066876,7.5389957
2024-10-03 11:15:00,4.635596392999999,7.910667
2024-10-03 11:30:00,7.216540083000001,7.6362367
2024-10-03 11:45:00,1.995252588,7.798683
2024-10-03 12:00:00,10.62448731,7.8120933
2024-10-03 12:15:00,9.699089174,7.7541456
2024-10-03 12:30:00,6.822769882,7.314672
2024-10-03 12:45:00,9.325341939,6.26547
2024-10-03 13:00:00,5.166098284,6.4873514
2024-10-03 13:15:00,6.915608034,6.56569
2024-10-03 13:30:00,7.015804554,6.773613
2024-10-03 13:45:00,4.77572401,6.819768
2024-10-03 14:00:00,10.93121382,6.944531
2024-10-03 14:15:00,7.099894714999999,6.8104644
2024-10-03 14:30:00,11.28882666,6.6777368
2024-10-03 14:45:00,5.803529408,6.560254
2024-10-03 15:00:00,1.4264658809999997,6.7461452
2024-10-03 15:15:00,4.608488081999999,7.1736984
2024-10-03 15:30:00,8.033986886,7.7757587
2024-10-03 15:45:00,10.74635723,7.6571016
2024-10-03 16:00:00,7.340733283,7.32783
2024-10-03 16:15:00,6.013864841000001,7.071213
2024-10-03 16:30:00,2.055769543,6.8932796
2024-10-03 16:45:00,2.603409857,7.085066
2024-10-03 17:00:00,1.695488445,7.589648
2024-10-03 17:15:00,8.445216298,7.658467
2024-10-03 17:30:00,9.580213518,7.5839176
2024-10-03 17:45:00,2.61379876,7.391632
2024-10-03 18:00:00,4.343692462,6.97476
2024-10-03 18:15:00,6.044362447,6.614446
2024-10-03 18:30:00,2.636639178,6.633082
2024-10-03 18:45:00,5.676554718999999,6.9671736
2024-10-03 19:00:00,11.63488589,7.168409
2024-10-03 19:15:00,8.813562409,5.945175
2024-10-03 19:30:00,2.692060152,5.749198
2024-10-03 19:45:00,2.225627476,5.7767963
2024-10-03 20:00:00,5.629820592999999,6.2305264
2024-10-03 20:15:00,10.94144929,6.6136894
2024-10-03 20:30:00,8.9058904,6.5018015
2024-10-03 20:45:00,4.266072621,6.053078
2024-10-03 21:00:00,1.396763464,6.211425
2024-10-03 21:15:00,5.614062057,6.6861873
2024-10-03 21:30:00,2.68502428,6.785915
2024-10-03 21:45:00,3.154597788,6.70283
2024-10-03 22:00:00,2.899069647,6.741075
2024-10-03 22:15:00,8.855092647,6.656488
2024-10-03 22:30:00,1.5463424250000002,7.028066
2024-10-03 22:45:00,7.156101281,7.039116
2024-10-03 23:00:00,8.69779605,7.3172555
2024-10-03 23:15:00,2.6486213,6.9727354
2024-10-03 23:30:00,10.83219106,6.338075
2024-10-03 23:45:00,2.023799271,6.041512
2024-10-04 00:00:00,8.502123892,6.177517
2024-10-04 00:15:00,2.871244159,5.9007154
2024-10-04 00:30:00,9.532476393,6.2583594
2024-10-04 00:45:00,7.152824434,6.441105
2024-10-04 01:00:00,6.722286842000001,6.6366425
2024-10-04 01:15:00,4.492860265,6.2620654
2024-10-04 01:30:00,4.262473073999999,6.3629804
2024-10-04 01:45:00,6.225645788,6.3473706
2024-10-04 02:00:00,8.353218404,6.7591343
2024-10-04 02:15:00,2.830919839,6.4926195
2024-10-04 02:30:00,9.650819617,6.212882
2024-10-04 02:45:00,6.0275141009999995,6.3950253
2024-10-04 03:00:00,5.858368693,6.499118
2024-10-04 03:15:00,1.234858514,6.18868
2024-10-04 03:30:00,2.55956113,6.385304
2024-10-04 03:45:00,5.705127336,6.7899804
2024-10-04 04:00:00,11.19800393,6.7615376
2024-10-04 04:15:00,3.807610499,6.716988
2024-10-04 04:30:00,1.30674393,6.418116
2024-10-04 04:45:00,5.708994071,6.647665
2024-10-04 05:00:00,1.359391158,6.7473764
2024-10-04 05:15:00,4.702860260999999,7.0102153
2024-10-04 05:30:00,4.66864599,6.733111
2024-10-04 05:45:00,1.158120245,6.5043435
2024-10-04 06:00:00,9.111210007,5.9897113
2024-10-04 06:15:00,10.60343219,6.0984044
2024-10-04 06:30:00,11.33367017,6.6836877
2024-10-04 06:45:00,6.675056066,6.712355
2024-10-04 07:00:00,4.623603760999999,6.9924006
2024-10-04 07:15:00,9.028741068,7.0921025
2024-10-04 07:30:00,8.467253657,6.996968
2024-10-04 07:45:00,4.942374285,6.521798
2024-10-04 08:00:00,6.615101610999999,6.297075
2024-10-04 08:15:00,9.179436291,6.1819553
2024-10-04 08:30:00,3.1743218339999997,6.3961935
2024-10-04 08:45:00,1.408726327,6.1802278
2024-10-04 09:00:00,7.199382395,6.531321
2024-10-04 09:15:00,8.409043503,7.108016
2024-10-04 09:30:00,7.60509942,6.711019
2024-10-04 09:45:00,7.131865745,6.2396007
2024-10-04 10:00:00,5.090791992999999,6.1624355
2024-10-04 10:15:00,7.874625145,6.7271147
2024-10-04 10:30:00,1.697548689,7.3543267
2024-10-04 10:45:00,2.724908574,7.8623137
2024-10-04 11:00:00,6.009983011000001,7.361118
2024-10-04 11:15:00,10.65220279,6.945264
2024-10-04 11:30:00,7.470444131,6.861746
2024-10-04 11:45:00,4.932583679,6.371894
2024-10-04 12:00:00,5.780416228999999,6.466373
2024-10-04 12:15:00,9.542327374,6.2976213
2024-10-04 12:30:00,7.086335676,6.398758
2024-10-04 12:45:00,1.7343374090000003,6.204107
2024-10-04 13:00:00,5.215117373,6.456249
2024-10-04 13:15:00,4.893058731999999,6.8037734
2024-10-04 13:30:00,10.737496,7.0030456
2024-10-04 13:45:00,4.232642114,6.880401
2024-10-04 14:00:00,1.8846216830000002,6.5659623
2024-10-04 14:15:00,4.721516631999999,6.8872323
2024-10-04 14:30:00,1.598010681,7.1976247
2024-10-04 14:45:00,9.96954106,7.3493943
2024-10-04 15:00:00,7.048970639,7.337268
2024-10-04 15:15:00,5.7833090369999995,7.118569
2024-10-04 15:30:00,4.98389087,6.8938394
2024-10-04 15:45:00,5.754575911,6.8937683
2024-10-04 16:00:00,9.109540937,6.607536
2024-10-04 16:15:00,2.896471498,6.9993777
2024-10-04 16:30:00,1.958324749,7.063239
2024-10-04 16:45:00,6.823692317,7.5500216
2024-10-04 17:00:00,10.45905521,7.3115697
2024-10-04 17:15:00,7.208931575000001,7.2229156
2024-10-04 17:30:00,9.431190245,7.1466355
2024-10-04 17:45:00,10.2575548,7.113384
2024-10-04 18:00:00,1.810664751,7.101532
2024-10-04 18:15:00,7.402420920000001,6.993212
2024-10-04 18:30:00,9.522386271,7.1017456
2024-10-04 18:45:00,7.549265947,7.112331
2024-10-04 19:00:00,7.142282880999999,6.625265
2024-10-04 19:15:00,9.714039158,6.517875
2024-10-04 19:30:00,8.106640601,6.47099
2024-10-04 19:45:00,6.37007274,6.109989
2024-10-04 20:00:00,1.671002208,6.122077
2024-10-04 20:15:00,7.633512216000001,6.426124
2024-10-04 20:30:00,3.3384383129999997,6.7362227
2024-10-04 20:45:00,3.571664476,6.6533995
2024-10-04 21:00:00,8.629002713,6.712378
2024-10-04 21:15:00,5.964218774,6.8872495
2024-10-04 21:30:00,8.655574371,6.4731016
2024-10-04 21:45:00,5.056821511,6.137475
2024-10-04 22:00:00,10.53812337,6.1091833
2024-10-04 22:15:00,5.199985637,6.1137624
2024-10-04 22:30:00,6.031750595000001,6.306177
2024-10-04 22:45:00,2.373151708,6.5701714
2024-10-04 23:00:00,6.640500557999999,6.919115
2024-10-04 23:15:00,3.639386738,6.864404
2024-10-04 23:30:00,8.680508244,6.7985253
2024-10-04 23:45:00,8.492774049,6.5989046
2024-10-05 00:00:00,1.301034284,6.410699
2024-10-05 00:15:00,6.524066285,6.0537205
2024-10-05 00:30:00,1.7337696280000001,6.2070217
2024-10-05 00:45:00,6.955486424,6.6049347
2024-10-05 01:00:00,10.26339431,6.7253847
2024-10-05 01:15:00,10.26696388,6.6425567
2024-10-05 01:30:00,3.559616796,6.308734
2024-10-05 01:45:00,2.558481557,6.5908384
2024-10-05 02:00:00,9.344001338,6.2527246
2024-10-05 02:15:00,6.806300938,6.5863085
2024-10-05 02:30:00,5.424397368,6.5943465
2024-10-05 02:45:00,9.862691582,6.4868016
2024-10-05 03:00:00,3.796495985,6.5212655
2024-10-05 03:15:00,3.589025775,6.430402
2024-10-05 03:30:00,7.412466715,6.413908
2024-10-05 03:45:00,3.924087988,6.742986
2024-10-05 04:00:00,5.511419585999999,6.450129
2024-10-05 04:15:00,6.028593067,6.635061
2024-10-05 04:30:00,3.2850497570000003,6.5830317
2024-10-05 04:45:00,1.713749899,6.5393543
2024-10-05 05:00:00,9.853111319,6.6949053
2024-10-05 05:15:00,9.367883102,6.999681
2024-10-05 05:30:00,7.277685308,6.6041613
2024-10-05 05:45:00,2.761084083,6.3498297
2024-10-05 06:00:00,5.636890566999999,6.2648883
2024-10-05 06:15:00,2.833092405,6.6934037
2024-10-05 06:30:00,9.974837556,6.673499
2024-10-05 06:45:00,8.200882438,6.0290504
2024-10-05 07:00:00,1.462010412,5.940113
2024-10-05 07:15:00,1.288831231,6.0208664
2024-10-05 07:30:00,11.51523413,6.4558926
2024-10-05 07:45:00,1.514069938,6.6852264
2024-10-05 08:00:00,10.70618531,6.376146
2024-10-05 08:15:00,11.15964617,6.5369473
2024-10-05 08:30:00,4.465989873,6.587446
2024-10-05 08:45:00,6.522044914,6.1061893
2024-10-05 09:00:00,8.502324086,6.3257475
2024-10-05 09:15:00,6.385627088000001,6.575511
2024-10-05 09:30:00,3.332399967,6.412975
2024-10-05 09:45:00,7.367889539,6.3437133
2024-10-05 10:00:00,3.6878510450000004,6.4187117
2024-10-05 10:15:00,2.819604139,6.2860923
2024-10-05 10:30:00,6.450539592,6.304157
2024-10-05 10:45:00,4.669941113999999,6.688549
2024-10-05 11:00:00,1.328068821,6.8598776
2024-10-05 11:15:00,10.84197739,6.611045
2024-10-05 11:30:00,1.585039444,7.202766
2024-10-05 11:45:00,10.08489533,7.0653453
2024-10-05 12:00:00,3.076978193,7.227374
2024-10-05 12:15:00,2.541391364,7.035774
2024-10-05 12:30:00,1.906668074,6.9680643
2024-10-05 12:45:00,5.664391579,7.007052
2024-10-05 13:00:00,7.257963505,6.800089
2024-10-05 13:15:00,9.755375681,6.6178026
2024-10-05 13:30:00,9.140188036,5.9678373
2024-10-05 13:45:00,2.968259464,5.902175
2024-10-05 14:00:00,2.769550042,6.4346766
2024-10-05 14:15:00,1.234920091,6.7565527
2024-10-05 14:30:00,8.404645519,7.1805263
2024-10-05 14:45:00,1.419216464,7.3448453
2024-10-05 15:00:00,2.770455036,7.0957026
2024-10-05 15:15:00,7.815108451000001,6.906993
2024-10-05 15:30:00,2.827376618,7.055806
2024-10-05 15:45:00,2.841387699,7.04411
2024-10-05 16:00:00,3.6599627570000006,7.137894
2024-10-05 16:15:00,5.021732081999999,7.095896
2024-10-05 16:30:00,1.225966166,7.0942345
2024-10-05 16:45:00,8.856601182,7.0452924
2024-10-05 17:00:00,9.216612408,7.1308913
2024-10-05 17:15:00,5.151946071999999,6.960146
2024-10-05 17:30:00,10.12146768,6.6082044
2024-10-05 17:45:00,4.278972719,6.829954
2024-10-05 18:00:00,11.04472084,6.8248863
2024-10-05 18:15:00,5.083078718,6.3280487
2024-10-05 18:30:00,7.884261777,6.2035775
2024-10-05 18:45:00,4.438657349,5.9126215
2024-10-05 19:00:00,5.913012441,6.326829
2024-10-05 19:15:00,7.834466452000001,6.4689293
2024-10-05 19:30:00,4.566931578,6.4736385
2024-10-05 19:45:00,7.879867727000001,6.4902444
2024-10-05 20:00:00,2.615228898,6.652223
2024-10-05 20:15:00,5.896255535000001,6.6341023
2024-10-05 20:30:00,3.950062997999999,7.111444
2024-10-05 20:45:00,10.67367995,7.032378
2024-10-05 21:00:00,10.37084594,6.9865947
2024-10-05 21:15:00,6.083020138999999,6.669373
2024-10-05 21:30:00,5.853615125,6.284025
2024-10-05 21:45:00,9.49718406,6.7216244
2024-10-05 22:00:00,8.278930464,6.7780423
2024-10-05 22:15:00,8.323797647,6.7817845
2024-10-05 22:30:00,6.98151283,6.742134
2024-10-05 22:45:00,10.01668002,6.624943
2024-10-05 23:00:00,3.268958273,6.468214
2024-10-05 23:15:00,10.02575201,6.743181
2024-10-05 23:30:00,6.212669119,6.913477
2024-10-05 23:45:00,7.499810004,6.8226676
2024-10-06 00:00:00,11.23443967,6.8498964
2024-10-06 00:15:00,5.434040226,6.815298
2024-10-06 00:30:00,8.52390987,6.4483666
2024-10-06 00:45:00,6.194095709,6.248412
2024-10-06 01:00:00,11.0453195,6.217824
2024-10-06 01:15:00,5.90431558,6.01735
2024-10-06 01:30:00,4.034169563,6.0540338
2024-10-06 01:45:00,5.8943880790000005,6.461626
2024-10-06 02:00:00,10.48621989,6.511717
2024-10-06 02:15:00,6.185247867,6.687887
2024-10-06 02:30:00,2.589097838,6.5997157
2024-10-06 02:45:00,6.9864345,6.7347617
2024-10-06 03:00:00,5.1530768369999995,6.8590355
2024-10-06 03:15:00,7.811338991000001,6.9609675
2024-10-06 03:30:00,3.7925040449999994,7.0694613
2024-10-06 03:45:00,4.537384408,7.048751
2024-10-06 04:00:00,6.571351735,6.5758786
2024-10-06 04:15:00,2.38456472,6.55591
2024-10-06 04:30:00,3.380836072,6.69313
2024-10-06 04:45:00,8.681700235,6.917007
2024-10-06 05:00:00,10.47981198,7.1076155
2024-10-06 05:15:00,11.23248798,6.985734
2024-10-06 05:30:00,10.95760287,6.8451138
2024-10-06 05:45:00,11.32640197,6.861267
2024-10-06 06:00:00,9.754535246,6.7096043
2024-10-06 06:15:00,8.579302828,6.721795
2024-10-06 06:30:00,3.6538299689999993,6.708244
2024-10-06 06:45:00,5.657229038,6.794182
2024-10-06 07:00:00,5.195591425999999,6.608401
2024-10-06 07:15:00,8.382576786,6.776718
2024-10-06 07:30:00,6.305832485000001,6.9113297
2024-10-06 07:45:00,5.138725166999999,6.794163
2024-10-06 08:00:00,9.183531127,6.8978243
2024-10-06 08:15:00,8.672776725,6.7982893
2024-10-06 08:30:00,4.877463384,6.290561
2024-10-06 08:45:00,5.607237063,6.5220366
2024-10-06 09:00:00,10.8095858,7.0788836
2024-10-06 09:15:00,9.132048789,7.045332
2024-10-06 09:30:00,7.943661252,6.7983236
2024-10-06 09:45:00,8.231749365,6.7255683
2024-10-06 10:00:00,2.14600043,6.7891207
2024-10-06 10:15:00,7.082507617,7.231752
2024-10-06 10:30:00,4.435281646,7.05049
2024-10-06 10:45:00,1.8988160559999998,6.838879
2024-10-06 11:00:00,8.723958983,6.966939
2024-10-06 11:15:00,4.6126473699999995,7.2329884
2024-10-06 11:30:00,4.211045335,7.140684
2024-10-06 11:45:00,8.037456514,7.368845
2024-10-06 12:00:00,8.464270807,7.5761414
2024-10-06 12:15:00,6.104835115,7.566092
2024-10-06 12:30:00,6.634205205,7.16262
2024-10-06 12:45:00,10.53900788,7.1088862
2024-10-06 13:00:00,2.181199891,7.028407
2024-10-06 13:15:00,1.906999896,6.720697
2024-10-06 13:30:00,8.123918665,6.616616
2024-10-06 13:45:00,7.303349611999999,6.713817
2024-10-06 14:00:00,3.1823423810000007,6.8317776
2024-10-06 14:15:00,6.837830996999999,6.9344544
2024-10-06 14:30:00,8.779963348,6.8445845
2024-10-06 14:45:00,9.110306421,6.614531
2024-10-06 15:00:00,7.285080134999999,6.402611
2024-10-06 15:15:00,2.543383543,6.6478057
2024-10-06 15:30:00,4.2608750209999995,6.8847923
2024-10-06 15:45:00,5.377223248,6.8544965
2024-10-06 16:00:00,8.578763838,6.8782516
2024-10-06 16:15:00,6.510791567999999,6.9886665
2024-10-06 16:30:00,8.796226498,6.8618584
2024-10-06 16:45:00,10.20970821,6.7661734
2024-10-06 17:00:00,7.4325004670000006,6.8670306
2024-10-06 17:15:00,3.672165131,6.0820394
2024-10-06 17:30:00,2.646944238,6.5022287
2024-10-06 17:45:00,1.145201674,6.5551977
2024-10-06 18:00:00,2.836522283,6.941296
2024-10-06 18:15:00,4.07696664,7.0471997
2024-10-06 18:30:00,3.6807663050000006,7.0149016
2024-10-06 18:45:00,7.534416301,6.7793427
2024-10-06 19:00:00,2.629050688,6.926253
2024-10-06 19:15:00,5.5894490789999995,6.787896
2024-10-06 19:30:00,1.220690899,6.644668
2024-10-06 19:45:00,3.7105648550000003,6.5913563
2024-10-06 20:00:00,1.595549703,6.633099
2024-10-06 20:15:00,8.847614639,6.693378
2024-10-06 20:30:00,4.904714576999999,6.7384424
2024-10-06 20:45:00,5.887346502999999,6.3261366
2024-10-06 21:00:00,8.853507561,6.1497245
2024-10-06 21:15:00,9.961299152,6.271998
2024-10-06 21:30:00,6.56596671,5.806269
2024-10-06 21:45:00,7.610982675999999,5.7672944
2024-10-06 22:00:00,8.361468984,6.0747323
2024-10-06 22:15:00,3.806861888,6.228101
2024-10-06 22:30:00,8.162105107,6.209057
2024-10-06 22:45:00,7.786743255000001,6.297428
2024-10-06 23:00:00,6.0325110859999995,6.4053664
2024-10-06 23:15:00,4.231138549999999,6.6396303
2024-10-06 23:30:00,11.06737849,6.364208
2024-10-06 23:45:00,11.47410385,6.482544
2024-10-07 00:00:00,7.927311273,6.157843
2024-10-07 00:15:00,4.858123611999999,5.933252
2024-10-07 00:30:00,9.128752762,6.432135
2024-10-07 00:45:00,8.145465096,6.3790417
2024-10-07 01:00:00,6.941122463999999,6.376223
2024-10-07 01:15:00,2.518771079,6.203567
2024-10-07 01:30:00,10.55468767,6.2605195
2024-10-07 01:45:00,3.409939538,6.49847
2024-10-07 02:00:00,5.3287381,6.721948
2024-10-07 02:15:00,4.622915285999999,6.505323
2024-10-07 02:30:00,2.755137665,6.653544
2024-10-07 02:45:00,1.387688761,6.851672
2024-10-07 03:00:00,11.20953187,6.9256506
2024-10-07 03:15:00,8.714360855,6.831428
2024-10-07 03:30:00,1.394896954,5.9588375
2024-10-07 03:45:00,8.140015799,5.6019335
2024-10-07 04:00:00,2.465463717,5.8989215
2024-10-07 04:15:00,8.964487555,6.1223745
2024-10-07 04:30:00,6.298338703000001,6.174455
2024-10-07 04:45:00,11.0558908,6.0329394
2024-10-07 05:00:00,5.824050811000001,6.523923
2024-10-07 05:15:00,9.478293384,6.5558534
2024-10-07 05:30:00,1.597363425,6.4859567
2024-10-07 05:45:00,10.64605837,6.250069
2024-10-07 06:00:00,7.031890108000001,6.378718
2024-10-07 06:15:00,4.465095839,5.8964434
2024-10-07 06:30:00,2.323262381,5.4734063
2024-10-07 06:45:00,7.761141045999999,5.7944465
2024-10-07 07:00:00,8.649810154,6.5627875
2024-10-07 07:15:00,1.990470663,6.4506974
2024-10-07 07:30:00,2.807015416,6.370818
2024-10-07 07:45:00,5.138018090999999,6.440046
2024-10-07 08:00:00,10.08013893,6.5778675
2024-10-07 08:15:00,11.39247152,6.750599
2024-10-07 08:30:00,9.051527494,6.718613
2024-10-07 08:45:00,1.211431151,6.4298606
2024-10-07 09:00:00,10.73039164,6.7871275
2024-10-07 09:15:00,1.500830711,6.8649983
2024-10-07 09:30:00,10.83241436,6.631219
2024-10-07 09:45:00,5.667248804999999,6.773986
2024-10-07 10:00:00,8.386717848,6.837593
2024-10-07 10:15:00,1.929644816,6.430959
2024-10-07 10:30:00,2.90673756,6.569527
2024-10-07 10:45:00,5.977297986000001,6.758025
2024-10-07 11:00:00,1.503724483,6.916189
2024-10-07 11:15:00,4.982128841999999,6.622514
2024-10-07 11:30:00,9.073579255,6.8672304
2024-10-07 11:45:00,7.678420075000001,7.210422
2024-10-07 12:00:00,4.8136468,7.3851786
2024-10-07 12:15:00,1.154193054,7.350873
2024-10-07 12:30:00,4.001046922999999,7.05383
2024-10-07 12:45:00,9.231769025,6.720926
2024-10-07 13:00:00,4.810120644,6.6812606
2024-10-07 13:15:00,4.762319781999999,6.2781277
2024-10-07 13:30:00,1.825759952,6.0691566
2024-10-07 13:45:00,7.549949861000001,6.4613953
2024-10-07 14:00:00,7.594896637000001,6.520244
2024-10-07 14:15:00,5.748144276999999,6.6450777
2024-10-07 14:30:00,8.746142869,6.6253715
2024-10-07 14:45:00,10.10367506,6.4296703
2024-10-07 15:00:00,8.842643378,6.626657
2024-10-07 15:15:00,7.281532369,6.611106
2024-10-07 15:30:00,10.56501189,6.3260627
2024-10-07 15:45:00,5.038892000999999,6.391924
2024-10-07 16:00:00,7.803241756000001,6.2681994
2024-10-07 16:15:00,7.028195792,6.3327813
2024-10-07 16:30:00,9.668645739,6.141939
2024-10-07 16:45:00,6.281034330000001,6.0943565
2024-10-07 17:00:00,6.770369859,6.1360726
2024-10-07 17:15:00,5.62239927,6.122621
2024-10-07 17:30:00,2.615527626,6.175982
2024-10-07 17:45:00,9.959298948,6.2695236
2024-10-07 18:00:00,10.6864721,6.45123
2024-10-07 18:15:00,8.787761626,6.3327227
2024-10-07 18:30:00,4.840247367999999,6.014955
2024-10-07 18:45:00,4.827645168,5.955267
2024-10-07 19:00:00,1.502772994,6.117306
2024-10-07 19:15:00,1.9651246320000002,6.8636856
2024-10-07 19:30:00,6.710109155999999,6.9036536
2024-10-07 19:45:00,1.6283879840000002,6.880762
2024-10-07 20:00:00,2.159451095,7.0193205
2024-10-07 20:15:00,3.896517775,7.138551
2024-10-07 20:30:00,5.506667897,6.954331
2024-10-07 20:45:00,5.982056837,6.9608088
2024-10-07 21:00:00,4.444440862,6.9076247
2024-10-07 21:15:00,10.97248102,6.8153253
2024-10-07 21:30:00,11.34022055,7.0660934
2024-10-07 21:45:00,1.788753101,6.8728123
2024-10-07 22:00:00,11.405850620000002,6.563213
2024-10-07 22:15:00,2.9757586539999994,6.901742
2024-10-07 22:30:00,4.525171788999999,6.819224
2024-10-07 22:45:00,9.575972487,6.645935
2024-10-07 23:00:00,8.268719929,6.8087406
2024-10-07 23:15:00,1.642041463,6.1310105
2024-10-07 23:30:00,8.839904069,5.8811784
2024-10-07 23:45:00,8.222600108,5.557245
2024-10-08 00:00:00,11.26503245,5.76609
2024-10-08 00:15:00,10.76937263,5.951984
2024-10-08 00:30:00,10.83195404,6.0775123
2024-10-08 00:45:00,6.048557341000001,6.0097585
2024-10-08 01:00:00,8.750473064,6.1032143
2024-10-08 01:15:00,11.0302571,6.435328
2024-10-08 01:30:00,1.179914752,6.653938
2024-10-08 01:45:00,9.664670411,6.8128757
2024-10-08 02:00:00,1.7135100499999998,6.6692057
2024-10-08 02:15:00,11.977341330000002,6.972113
2024-10-08 02:30:00,1.312185442,6.609802
2024-10-08 02:45:00,7.091043215,6.8099318
2024-10-08 03:00:00,6.688612722999999,6.4526014
2024-10-08 03:15:00,4.326551057,6.605943
2024-10-08 03:30:00,9.272490728,6.4606996
2024-10-08 03:45:00,3.718019103,6.5813546
2024-10-08 04:00:00,4.269885410999999,6.4722285
2024-10-08 04:15:00,3.266590095,6.392568
2024-10-08 04:30:00,8.274410095,6.7081385
2024-10-08 04:45:00,3.014671558,6.765223
2024-10-08 05:00:00,10.34775778,6.695352
2024-10-08 05:15:00,4.149516920999999,7.1414456
2024-10-08 05:30:00,6.712539768,7.07958
2024-10-08 05:45:00,5.838784215,6.8429055
2024-10-08 06:00:00,8.949379388,6.689373
2024-10-08 06:15:00,3.54481316,6.3639913
2024-10-08 06:30:00,9.231670969,6.247228
2024-10-08 06:45:00,9.565975956,6.655832
2024-10-08 07:00:00,4.760225612,6.947402
2024-10-08 07:15:00,2.28084876,6.2343707
2024-10-08 07:30:00,6.1057056890000005,6.1388364
2024-10-08 07:45:00,11.40404952,6.559908
2024-10-08 08:00:00,1.369432007,7.1355796
2024-10-08 08:15:00,9.208772847,6.8095713
2024-10-08 08:30:00,8.404496966,7.12819
2024-10-08 08:45:00,3.162786878,7.3752894
2024-10-08 09:00:00,5.787441428,6.9142747
2024-10-08 09:15:00,7.821134162,6.945885
2024-10-08 09:30:00,9.106215641,6.9366736
2024-10-08 09:45:00,10.28423972,6.9137087
2024-10-08 10:00:00,9.875873565,6.9249496
2024-10-08 10:15:00,4.561138547,7.1360083
2024-10-08 10:30:00,2.278591817,7.2286525
2024-10-08 10:45:00,2.284823367,7.35161
2024-10-08 11:00:00,11.602293400000002,7.428805
2024-10-08 11:15:00,11.22429632,7.5693073
2024-10-08 11:30:00,9.318653768,7.447486
2024-10-08 11:45:00,10.57766317,6.933304
2024-10-08 12:00:00,4.184077056999999,7.3813653
2024-10-08 12:15:00,10.38719833,7.666698
2024-10-08 12:30:00,6.346168639000001,7.4020586
2024-10-08 12:45:00,9.554479657,7.391166
2024-10-08 13:00:00,8.061535004,7.0104623
2024-10-08 13:15:00,10.03104197,7.02826
2024-10-08 13:30:00,5.343004580999999,7.095398
2024-10-08 13:45:00,11.16392396,6.9272103
2024-10-08 14:00:00,3.479649156,7.137682
2024-10-08 14:15:00,8.163158333,7.0137305
2024-10-08 14:30:00,9.520359019,6.755255
2024-10-08 14:45:00,7.202490637,6.6321044
2024-10-08 15:00:00,4.1276993,6.6271267
2024-10-08 15:15:00,6.86030769,6.8679442
2024-10-08 15:30:00,6.197311832,6.725287
2024-10-08 15:45:00,3.1018792060000004,6.8256035
2024-10-08 16:00:00,9.415816082,6.9208245
2024-10-08 16:15:00,3.68372739,7.1579094
2024-10-08 16:30:00,9.353495185,7.13743
2024-10-08 16:45:00,3.574413548,7.1315255
2024-10-08 17:00:00,6.049606207000001,7.244718
2024-10-08 17:15:00,8.301426006,7.010854
2024-10-08 17:30:00,11.762401390000003,6.6262302
2024-10-08 17:45:00,3.782394277,6.5411534
2024-10-08 18:00:00,7.942981322,6.570676
2024-10-08 18:15:00,2.854524434,6.4791946
2024-10-08 18:30:00,9.664000212,6.714286
2024-10-08 18:45:00,10.27012345,6.7676215
2024-10-08 19:00:00,9.891024041,6.858267
2024-10-08 19:15:00,11.09066448,6.750425
2024-10-08 19:30:00,4.974293684,6.7424784
2024-10-08 19:45:00,8.048973088,6.9848447
2024-10-08 20:00:00,4.691238667,7.215892
2024-10-08 20:15:00,9.087937322,7.017532
2024-10-08 20:30:00,5.335867832,6.7424884
2024-10-08 20:45:00,6.813053334,6.6169066
2024-10-08 21:00:00,2.656240326,6.745849
2024-10-08 21:15:00,10.0977878,7.2044563
2024-10-08 21:30:00,6.073061802,7.160323
2024-10-08 21:45:00,7.807650261000001,6.9856243
2024-10-08 22:00:00,8.425474941,6.633383
2024-10-08 22:15:00,3.851208448,6.5339174
2024-10-08 22:30:00,9.029238094,6.7564483
2024-10-08 22:45:00,9.686482695,7.2010837
2024-10-08 23:00:00,6.782947409,7.176831
2024-10-08 23:15:00,11.0392675,6.769667
2024-10-08 23:30:00,2.833817676,6.611063
2024-10-08 23:45:00,5.384070711999999,6.8129597
2024-10-09 00:00:00,1.5703712579999998,6.72134
2024-10-09 00:15:00,5.33243428,6.980137
2024-10-09 00:30:00,11.99109094,7.3090425
2024-10-09 00:45:00,6.272858907999999,7.35849
2024-10-09 01:00:00,5.531731199,7.014789
2024-10-09 01:15:00,8.481499204,6.7614627
2024-10-09 01:30:00,1.620562948,7.081276
2024-10-09 01:45:00,4.720921772,6.788089
2024-10-09 02:00:00,6.559385297,6.8755374
2024-10-09 02:15:00,6.26123265,6.892145
2024-10-09 02:30:00,7.4844031950000005,6.754239
2024-10-09 02:45:00,2.621006567,6.6001554
2024-10-09 03:00:00,5.112624652,6.547147
2024-10-09 03:15:00,8.17359331,6.6562133
2024-10-09 03:30:00,4.381818547,6.9956555
2024-10-09 03:45:00,7.357391388000001,6.795474
2024-10-09 04:00:00,11.45614769,7.031511
2024-10-09 04:15:00,10.90513049,7.203157
2024-10-09 04:30:00,8.912734613,6.7966313
2024-10-09 04:45:00,3.202761978,6.7945833
2024-10-09 05:00:00,9.412980081,6.711122
2024-10-09 05:15:00,5.230665988,6.593031
2024-10-09 05:30:00,11.11479922,6.7532554
2024-10-09 05:45:00,7.349293033,5.392549
2024-10-09 06:00:00,3.448522436,5.2017508
2024-10-09 06:15:00,4.4418011239999995,5.326292
2024-10-09 06:30:00,4.674858389,5.8133907
2024-10-09 06:45:00,3.6239631159999997,6.47168
2024-10-09 07:00:00,8.671620608,6.900066
2024-10-09 07:15:00,4.30803192,7.2489877
2024-10-09 07:30:00,3.0487939269999997,7.0270233
2024-10-09 07:45:00,7.226798794,6.742884
2024-10-09 08:00:00,5.564794382999999,7.0526366
2024-10-09 08:15:00,1.359827324,7.1133375
2024-10-09 08:30:00,4.129379926999999,6.845096
2024-10-09 08:45:00,1.470382254,6.7566237
2024-10-09 09:00:00,8.72642749,6.556623
2024-10-09 09:15:00,11.00607866,6.7840943
2024-10-09 09:30:00,6.012641583999999,6.983561
2024-10-09 09:45:00,6.737992727,6.6681347
2024-10-09 10:00:00,9.372496939,6.6701984
2024-10-09 10:15:00,1.321813778,6.7365637
2024-10-09 10:30:00,3.051626869,5.818817
2024-10-09 10:45:00,8.061544126,6.104044
2024-10-09 11:00:00,8.103292829,6.5489345
2024-10-09 11:15:00,7.637941924,6.600394
2024-10-09 11:30:00,10.99695019,7.02505
2024-10-09 11:45:00,5.278463376999999,7.6722374
2024-10-09 12:00:00,6.945538591,7.689081
2024-10-09 12:15:00,10.6992522,7.371256
2024-10-09 12:30:00,10.1096721,7.271263
2024-10-09 12:45:00,1.408371665,7.0217457
2024-10-09 13:00:00,4.873837182,7.0236607
2024-10-09 13:15:00,8.533145941,6.811829
2024-10-09 13:30:00,1.200228373,6.894072
2024-10-09 13:45:00,10.26448336,6.8784027
2024-10-09 14:00:00,6.031057665999999,6.89515
2024-10-09 14:15:00,2.064584098,7.0744643
2024-10-09 14:30:00,5.747203909,6.919497
2024-10-09 14:45:00,6.226535177000001,6.822404
2024-10-09 15:00:00,4.805835233999999,7.008956
2024-10-09 15:15:00,5.72662697,6.8454156
2024-10-09 15:30:00,10.4318852,6.7928243
2024-10-09 15:45:00,4.626643403999999,7.1935453
2024-10-09 16:00:00,11.02956018,7.2546
2024-10-09 16:15:00,7.935123857,7.2868204
2024-10-09 16:30:00,10.57053396,7.4648585
2024-10-09 16:45:00,3.53998472,6.9266863
2024-10-09 17:00:00,6.621404632999999,6.768706
2024-10-09 17:15:00,7.331050214,6.700459
2024-10-09 17:30:00,2.133130955,6.789584
2024-10-09 17:45:00,6.356160495,7.0330057
2024-10-09 18:00:00,10.7282355,6.975334
2024-10-09 18:15:00,1.763888763,7.1977925
2024-10-09 18:30:00,7.118439478,7.063915
2024-10-09 18:45:00,11.85016729,6.8987317
2024-10-09 19:00:00,6.337848183,7.236861
2024-10-09 19:15:00,4.401458205,7.1004987
2024-10-09 19:30:00,7.31308562,6.577631
2024-10-09 19:45:00,6.870921657999999,6.670606
2024-10-09 20:00:00,2.260213875,6.710178
2024-10-09 20:15:00,3.348084705,6.7086926
2024-10-09 20:30:00,7.901872881999999,6.8241906
2024-10-09 20:45:00,7.104383868,6.8108563
2024-10-09 21:00:00,4.801847337999999,6.4775014
2024-10-09 21:15:00,10.86069333,6.266995
2024-10-09 21:30:00,8.209884917,6.7798915
2024-10-09 21:45:00,3.617706096,6.8249564
2024-10-09 22:00:00,6.037968856,6.5679455
2024-10-09 22:15:00,8.919857441,6.5798006
2024-10-09 22:30:00,7.891298020000001,6.4920487
2024-10-09 22:45:00,3.6382982250000007,6.446338
2024-10-09 23:00:00,7.817208820000001,6.7370825
2024-10-09 23:15:00,4.924552625,6.5748425
2024-10-09 23:30:00,5.852923323,6.2742968
2024-10-09 23:45:00,7.77786276,6.2410398
2024-10-10 00:00:00,7.2974907,6.2982473
2024-10-10 00:15:00,8.384110223,6.4703984
2024-10-10 00:30:00,5.350984505,6.4833994
2024-10-10 00:45:00,8.742163737,6.5516458
2024-10-10 01:00:00,1.331824857,6.455265
2024-10-10 01:15:00,3.0149329699999994,6.2105703
2024-10-10 01:30:00,11.79138603,6.447183
2024-10-10 01:45:00,2.008572548,6.8128533
2024-10-10 02:00:00,8.052371003,6.76484
2024-10-10 02:15:00,10.80306178,6.4565725
2024-10-10 02:30:00,9.825228873,6.8758245
2024-10-10 02:45:00,10.24250353,6.7939453
2024-10-10 03:00:00,11.50085785,6.632065
2024-10-10 03:15:00,4.597609454,6.658169
2024-10-10 03:30:00,4.702715218,6.958762
2024-10-10 03:45:00,2.46540451,7.3082166
2024-10-10 04:00:00,3.412909396,7.232245
2024-10-10 04:15:00,7.942769465,7.349163
2024-10-10 04:30:00,4.602544668,6.946995
2024-10-10 04:45:00,4.54297493,5.841568
2024-10-10 05:00:00,7.617148500999999,5.7197123
2024-10-10 05:15:00,2.196316438,6.0926814
2024-10-10 05:30:00,1.7193963110000001,6.2306175
2024-10-10 05:45:00,9.478195575,6.383959
2024-10-10 06:00:00,9.597187884,6.8708086
2024-10-10 06:15:00,5.298434349,6.1673865
2024-10-10 06:30:00,7.044578341,5.754765
2024-10-10 06:45:00,3.3907769999999995,6.0568533
2024-10-10 07:00:00,5.110439691,6.376429
2024-10-10 07:15:00,1.4460244330000003,5.9644585
2024-10-10 07:30:00,4.016364951,5.7223377
2024-10-10 07:45:00,1.369446196,5.580426
2024-10-10 08:00:00,5.501352282,5.753798
2024-10-10 08:15:00,6.593364717000001,6.278564
2024-10-10 08:30:00,6.487598927,6.4120965
2024-10-10 08:45:00,4.577763769,6.386471
2024-10-10 09:00:00,3.375637391,6.285056
2024-10-10 09:15:00,5.747539634,6.2207503
2024-10-10 09:30:00,10.67230826,6.4329004
2024-10-10 09:45:00,11.48006077,6.576749
2024-10-10 10:00:00,4.555551259,6.920849
2024-10-10 10:15:00,10.62465385,6.9181185
2024-10-10 10:30:00,5.470408031,7.1568465
2024-10-10 10:45:00,7.542795466,7.3278112
2024-10-10 11:00:00,9.699836954,6.992991
2024-10-10 11:15:00,4.958443366999999,7.0490746
2024-10-10 11:30:00,3.155910631,6.8104324
2024-10-10 11:45:00,4.080579672,6.678608
2024-10-10 12:00:00,9.891254371,6.6709576
2024-10-10 12:15:00,10.56703803,6.9006715
2024-10-10 12:30:00,2.44572011,6.8674536
2024-10-10 12:45:00,7.964850813,6.690058
2024-10-10 13:00:00,1.5080648009999997,6.8729873
2024-10-10 13:15:00,10.79636713,6.879208
2024-10-10 13:30:00,10.23907004,6.4934263
2024-10-10 13:45:00,8.573162736,6.5874205
2024-10-10 14:00:00,9.570815074,6.1051464
2024-10-10 14:15:00,6.917970431,6.170239
2024-10-10 14:30:00,2.795201622,6.4814816
2024-10-10 14:45:00,10.37709489,6.938929
2024-10-10 15:00:00,2.544165524,6.9473324
2024-10-10 15:15:00,3.389466387,7.0016427
2024-10-10 15:30:00,5.471594413,6.685127
2024-10-10 15:45:00,6.143422977,6.5314054
2024-10-10 16:00:00,2.163591481,6.3801527
2024-10-10 16:15:00,8.869727712,6.646967
2024-10-10 16:30:00,2.552317539,6.59413
2024-10-10 16:45:00,8.200048576,6.605782
2024-10-10 17:00:00,6.253618164,6.555649
2024-10-10 17:15:00,10.02325377,6.796088
2024-10-10 17:30:00,4.301837359,6.5365524
2024-10-10 17:45:00,10.08760908,6.694146
2024-10-10 18:00:00,3.733764023,6.5056767
2024-10-10 18:15:00,6.720436117,6.563312
2024-10-10 18:30:00,6.097546293999999,6.4489694
2024-10-10 18:45:00,4.488955638,5.9669266
2024-10-10 19:00:00,1.166640237,5.8991756
2024-10-10 19:15:00,5.228155463,6.190073
2024-10-10 19:30:00,2.355204535,6.266975
2024-10-10 19:45:00,3.5316468269999994,6.3782773
2024-10-10 20:00:00,8.626665087,6.3013515
2024-10-10 20:15:00,6.865110488,6.547514
2024-10-10 20:30:00,6.518763697999999,6.2229295
2024-10-10 20:45:00,6.951505365,6.0003047
2024-10-10 21:00:00,2.43950406,6.122381
2024-10-10 21:15:00,2.739924249,6.4011254
2024-10-10 21:30:00,6.613523567,6.5066175
2024-10-10 21:45:00,5.564753271,6.847955
2024-10-10 22:00:00,6.367119767,6.7366214
2024-10-10 22:15:00,10.17938788,6.6353855
2024-10-10 22:30:00,3.148852724,6.8384123
2024-10-10 22:45:00,10.39232871,6.702732
2024-10-10 23:00:00,10.75271943,6.581478
2024-10-10 23:15:00,10.32555274,6.49772
2024-10-10 23:30:00,7.633409105999999,6.024264
2024-10-10 23:45:00,9.640149048,6.399309
2024-10-11 00:00:00,11.535888620000001,6.461781
2024-10-11 00:15:00,6.075242541,6.0158086
2024-10-11 00:30:00,10.65201354,6.065123
2024-10-11 00:45:00,11.00163555,6.4416924
2024-10-11 01:00:00,4.433853575999999,6.7227936
2024-10-11 01:15:00,5.812522964,6.4299865
2024-10-11 01:30:00,6.913175171,6.5233016
2024-10-11 01:45:00,4.747776072999999,6.427725
2024-10-11 02:00:00,4.343383837,6.3568215
2024-10-11 02:15:00,5.095720607,6.498651
2024-10-11 02:30:00,5.680047178,6.4937644
2024-10-11 02:45:00,4.067790937999999,6.7770224
2024-10-11 03:00:00,6.093774621,6.8529406
2024-10-11 03:15:00,9.463692178,7.056188
2024-10-11 03:30:00,7.896601942000001,7.101762
2024-10-11 03:45:00,5.12251902,5.76008
2024-10-11 04:00:00,2.94697837,5.731246
2024-10-11 04:15:00,9.892472835,6.238537
2024-10-11 04:30:00,6.490272939999999,6.46302
2024-10-11 04:45:00,11.37770461,6.05417
2024-10-11 05:00:00,3.750825309,6.4043126
2024-10-11 05:15:00,3.021225624,6.3580647
2024-10-11 05:30:00,1.207160915,6.4826117
2024-10-11 05:45:00,1.953407677,6.534243
2024-10-11 06:00:00,4.897354781999999,6.8852787
2024-10-11 06:15:00,3.2254998190000004,7.291696
2024-10-11 06:30:00,1.540762129,7.0932965
2024-10-11 06:45:00,3.631486729,6.9683294
2024-10-11 07:00:00,8.782709363,7.1064606
2024-10-11 07:15:00,8.284746454,7.433615
2024-10-11 07:30:00,2.742767763,7.2407274
2024-10-11 07:45:00,10.43534263,6.822582
2024-10-11 08:00:00,2.786679711,7.2579384
2024-10-11 08:15:00,2.079786203,7.0912
2024-10-11 08:30:00,2.608530682,6.521431
2024-10-11 08:45:00,2.516683663,6.499039
2024-10-11 09:00:00,7.891903912,6.6907377
2024-10-11 09:15:00,2.558517247,7.173084
2024-10-11 09:30:00,7.330002584,6.807644
2024-10-11 09:45:00,3.9765637380000003,6.77752
2024-10-11 10:00:00,3.627125624,6.5847607
2024-10-11 10:15:00,9.829141533,6.436291
2024-10-11 10:30:00,3.4106078,7.057123
2024-10-11 10:45:00,10.31365932,7.010271
2024-10-11 11:00:00,4.301552512999999,7.1447186
2024-10-11 11:15:00,11.98401224,7.172687
2024-10-11 11:30:00,11.4145433,7.2106586
2024-10-11 11:45:00,9.409318137,7.20145
2024-10-11 12:00:00,10.20351986,6.7733574
2024-10-11 12:15:00,9.805860563,6.9138875
2024-10-11 12:30:00,7.892841466,7.01028
2024-10-11 12:45:00,10.065242,6.706255
2024-10-11 13:00:00,7.468046158000001,6.7141223
2024-10-11 13:15:00,9.546515339,6.235854
2024-10-11 13:30:00,10.47587157,5.970318
2024-10-11 13:45:00,8.815944887,5.855555
2024-10-11 14:00:00,10.91789139,5.9459834
2024-10-11 14:15:00,5.774526379,5.881332
2024-10-11 14:30:00,10.24961792,5.596979
2024-10-11 14:45:00,3.482977103,5.9673357
2024-10-11 15:00:00,1.501681899,6.6347804
2024-10-11 15:15:00,2.643750531,7.0521784
2024-10-11 15:30:00,3.019170701,7.712874
2024-10-11 15:45:00,9.803587273,7.579646
2024-10-11 16:00:00,5.210668576999999,7.296527
2024-10-11 16:15:00,3.489294117,6.9233947
2024-10-11 16:30:00,9.190469904,6.7468944
2024-10-11 16:45:00,3.274280477,6.3969254
2024-10-11 17:00:00,1.8835906280000003,6.276773
2024-10-11 17:15:00,5.6330246719999995,6.591158
2024-10-11 17:30:00,2.003211983,6.8016577
2024-10-11 17:45:00,3.851115074,6.995387
2024-10-11 18:00:00,8.369449447,7.1790686
2024-10-11 18:15:00,4.955322605999999,7.452213
2024-10-11 18:30:00,2.008224608,6.8844943
2024-10-11 18:45:00,5.396129339,6.9558973
2024-10-11 19:00:00,6.330303609,7.251459
2024-10-11 19:15:00,3.79326103,7.452997
2024-10-11 19:30:00,2.786417572,7.2266445
2024-10-11 19:45:00,8.823376827,7.2884445
2024-10-11 20:00:00,1.865331313,7.213473
2024-10-11 20:15:00,10.94428122,6.731664
2024-10-11 20:30:00,1.287213841,6.6116757
2024-10-11 20:45:00,7.969008772,6.6875453
2024-10-11 21:00:00,2.583251164,6.537492
2024-10-11 21:15:00,7.094463025999999,6.8132863
2024-10-11 21:30:00,3.235221811,6.6469116
2024-10-11 21:45:00,1.4625145,6.6238523
2024-10-11 22:00:00,10.04893348,6.6076517
2024-10-11 22:15:00,5.390181649999999,7.0923223
2024-10-11 22:30:00,4.048663927,6.8638673
2024-10-11 22:45:00,11.18274833,6.541628
2024-10-11 23:00:00,1.905732849,7.1197104
2024-10-11 23:15:00,4.957733525,6.982544
2024-10-11 23:30:00,3.039264051,6.74103
2024-10-11 23:45:00,11.38524903,6.527163
2024-10-12 00:00:00,6.650190749,6.4490876
2024-10-12 00:15:00,9.534520664,6.328879
2024-10-12 00:30:00,2.741047604,6.0324216
2024-10-12 00:45:00,4.455849564,6.270714
2024-10-12 01:00:00,7.873652978,6.2626715
2024-10-12 01:15:00,2.986480973,6.4067245
2024-10-12 01:30:00,6.375224712,6.23347
2024-10-12 01:45:00,10.79149733,6.40274
2024-10-12 02:00:00,10.24406365,6.5612216
2024-10-12 02:15:00,4.839636688999999,6.1779914
2024-10-12 02:30:00,6.3792727000000005,5.9096646
2024-10-12 02:45:00,3.20016732,6.229348
2024-10-12 03:00:00,11.50632427,6.5966263
2024-10-12 03:15:00,6.250711948,6.996068
2024-10-12 03:30:00,3.518921043,6.3882303
2024-10-12 03:45:00,9.870707943,6.445558
2024-10-12 04:00:00,5.554000512999999,6.6279354
2024-10-12 04:15:00,7.375500843,6.5869684
2024-10-12 04:30:00,10.07210285,6.6225977
2024-10-12 04:45:00,4.273548979,6.783353
2024-10-12 05:00:00,7.220354612,6.5944047
2024-10-12 05:15:00,1.700567067,6.6509957
2024-10-12 05:30:00,3.629903062,6.8515863
2024-10-12 05:45:00,2.445184246,7.1099105
2024-10-12 06:00:00,7.398387691,7.041655
2024-10-12 06:15:00,3.5544875999999994,6.96548
2024-10-12 06:30:00,9.107487931,7.039263
2024-10-12 06:45:00,9.205231815,7.457468
2024-10-12 07:00:00,9.523592469,7.6618247
2024-10-12 07:15:00,2.62112465,7.1638436
2024-10-12 07:30:00,6.232809380999999,7.4002967
2024-10-12 07:45:00,8.411322014,7.265581
2024-10-12 08:00:00,4.588387636,7.270643
2024-10-12 08:15:00,3.812276752,6.755816
2024-10-12 08:30:00,8.530769887,6.7729373
2024-10-12 08:45:00,5.100320984,6.8731036
2024-10-12 09:00:00,3.3616003609999994,6.7756
2024-10-12 09:15:00,7.069492699,6.761644
2024-10-12 09:30:00,7.428965854000001,6.8583055
2024-10-12 09:45:00,9.095288252,6.839187
2024-10-12 10:00:00,1.551730073,6.1868067
2024-10-12 10:15:00,2.909445197,6.4579196
2024-10-12 10:30:00,9.079571193,6.954411
2024-10-12 10:45:00,6.662964231999999,7.405738
2024-10-12 11:00:00,9.824795273,7.075462
2024-10-12 11:15:00,5.376168973,7.285841
2024-10-12 11:30:00,5.722752182000001,7.287007
2024-10-12 11:45:00,5.228462845999999,7.273927
2024-10-12 12:00:00,8.346871467,7.464259
2024-10-12 12:15:00,7.274579881,7.2434
2024-10-12 12:30:00,5.305657084999999,7.179466
2024-10-12 12:45:00,3.235392799,7.124015
2024-10-12 13:00:00,1.244437729,7.065142
2024-10-12 13:15:00,2.050066799,7.121986
2024-10-12 13:30:00,2.243479661,7.1551485
2024-10-12 13:45:00,6.829652257,7.2641306
2024-10-12 14:00:00,9.507169498,7.337757
2024-10-12 14:15:00,5.62141922,6.8504486
2024-10-12 14:30:00,5.159739446,6.3727016
2024-10-12 14:45:00,2.596581653,6.363866
2024-10-12 15:00:00,10.30406416,6.5606084
2024-10-12 15:15:00,8.300683096,6.917141
2024-10-12 15:30:00,5.208419049,6.5551405
2024-10-12 15:45:00,2.140992544,6.191924
2024-10-12 16:00:00,10.42122517,6.6114655
2024-10-12 16:15:00,2.845808589,6.735031
2024-10-12 16:30:00,8.103941329,6.788671
2024-10-12 16:45:00,4.833370374999999,6.8273606
2024-10-12 17:00:00,10.09858188,6.9447126
2024-10-12 17:15:00,7.356779305,7.1305203
2024-10-12 17:30:00,3.5174647410000004,6.8014965
2024-10-12 17:45:00,1.245287487,6.7250686
2024-10-12 18:00:00,3.0962334610000006,7.009324
2024-10-12 18:15:00,4.727127688,7.176285
2024-10-12 18:30:00,8.022916654,7.312127
2024-10-12 18:45:00,3.4545462830000004,6.7154613
2024-10-12 19:00:00,4.124673512,6.2302184
2024-10-12 19:15:00,5.640125333,6.37436
2024-10-12 19:30:00,1.6497872140000003,6.570465
2024-10-12 19:45:00,9.58241639,6.781417
2024-10-12 20:00:00,1.910924936,6.913057
2024-10-12 20:15:00,8.751565978,6.8495045
2024-10-12 20:30:00,3.7495468350000003,6.950006
2024-10-12 20:45:00,5.910752223999999,6.747458
2024-10-12 21:00:00,5.1215161149999995,6.7856565
2024-10-12 21:15:00,3.491723806,6.791862
2024-10-12 21:30:00,3.6534951059999994,6.8933187
2024-10-12 21:45:00,10.84906749,7.106166
2024-10-12 22:00:00,4.264527762999999,7.045691
2024-10-12 22:15:00,3.1599351679999996,6.1044316
2024-10-12 22:30:00,3.643332079,6.1278734
2024-10-12 22:45:00,8.499477553,6.505353
2024-10-12 23:00:00,4.495503188,6.808543
2024-10-12 23:15:00,2.880235594,6.6467576
2024-10-12 23:30:00,5.225463324999999,6.332377
2024-10-12 23:45:00,2.373581304,6.5443735
2024-10-13 00:00:00,5.297753046,6.4975767
2024-10-13 00:15:00,10.06081241,6.6220417
2024-10-13 00:30:00,5.021968655,6.520828
2024-10-13 00:45:00,6.519515866,6.3810105
2024-10-13 01:00:00,9.523762661,6.5355124
2024-10-13 01:15:00,6.181725458,6.8987355
2024-10-13 01:30:00,1.6087643430000003,6.657358
2024-10-13 01:45:00,3.403609968,6.189915
2024-10-13 02:00:00,10.62730569,6.7151284
2024-10-13 02:15:00,9.188556317,7.1227856
2024-10-13 02:30:00,8.551451514,6.746048
2024-10-13 02:45:00,7.11277283,5.8028235
2024-10-13 03:00:00,4.469480077,6.251933
2024-10-13 03:15:00,8.127544616,6.523466
2024-10-13 03:30:00,8.217757811,6.8565145
2024-10-13 03:45:00,7.765271871,6.839831
2024-10-13 04:00:00,6.565266868,6.6254907
2024-10-13 04:15:00,4.1101467739999995,6.0340214
2024-10-13 04:30:00,5.715249219,6.298207
2024-10-13 04:45:00,6.429609978000001,6.682512
2024-10-13 05:00:00,3.4773887660000002,6.7061577
2024-10-13 05:15:00,3.310826973,6.5190578
2024-10-13 05:30:00,9.236029399,6.4915233
2024-10-13 05:45:00,4.393105865999999,6.344103
2024-10-13 06:00:00,10.96542396,6.130685
2024-10-13 06:15:00,6.0773690149999995,6.1260023
2024-10-13 06:30:00,7.543697391,6.51601
2024-10-13 06:45:00,6.275881738,6.329754
2024-10-13 07:00:00,6.081341208,6.259495
2024-10-13 07:15:00,10.5838618,6.3898807
2024-10-13 07:30:00,2.086324833,6.3571973
2024-10-13 07:45:00,4.705815011,6.5336986
2024-10-13 08:00:00,3.9368207989999995,6.2475333
2024-10-13 08:15:00,4.691249079,6.430146
2024-10-13 08:30:00,10.43294071,6.5909576
2024-10-13 08:45:00,1.83183594,6.805321
2024-10-13 09:00:00,3.763216447,6.304674
2024-10-13 09:15:00,9.543230411,6.546551
2024-10-13 09:30:00,3.737859514,7.2221103
2024-10-13 09:45:00,9.865023694,6.793032
2024-10-13 10:00:00,4.433025773999999,6.96015
2024-10-13 10:15:00,2.263257057,7.061316
2024-10-13 10:30:00,6.265146307,7.0520415
2024-10-13 10:45:00,6.178563030000001,7.620944
2024-10-13 11:00:00,1.590627825,7.027645
2024-10-13 11:15:00,9.101674909,6.9548073
2024-10-13 11:30:00,2.470303829,7.5646143
2024-10-13 11:45:00,3.476497051,7.534612
2024-10-13 12:00:00,6.996058587000001,7.0982647
2024-10-13 12:15:00,11.02592107,7.343738
2024-10-13 12:30:00,1.434829459,7.1035705
2024-10-13 12:45:00,9.95247653,6.8064947
2024-10-13 13:00:00,8.942261662,6.395806
2024-10-13 13:15:00,2.9223072020000003,6.104304
2024-10-13 13:30:00,5.08495622,5.9011884
2024-10-13 13:45:00,10.81514543,6.324622
2024-10-13 14:00:00,2.811416781,6.630983
2024-10-13 14:15:00,2.355469894,6.5028687
2024-10-13 14:30:00,8.875180142,6.4773993
2024-10-13 14:45:00,5.913721117999999,6.43172
2024-10-13 15:00:00,4.189878633,6.2921987
2024-10-13 15:15:00,2.9264740219999994,6.343251
2024-10-13 15:30:00,8.922724834,6.496322
2024-10-13 15:45:00,5.830183391,6.6261744
2024-10-13 16:00:00,3.6853956979999998,6.6873016
2024-10-13 16:15:00,10.32791424,6.482802
2024-10-13 16:30:00,6.626924593999999,6.5270576
2024-10-13 16:45:00,4.794629427,6.289339
2024-10-13 17:00:00,8.454836829,6.2250495
2024-10-13 17:15:00,6.237664174,6.4969983
2024-10-13 17:30:00,1.287222752,6.174231
2024-10-13 17:45:00,10.0005244,6.3614492
2024-10-13 18:00:00,1.960833855,6.6239114
2024-10-13 18:15:00,11.47466333,6.83269
2024-10-13 18:30:00,5.190711619999999,6.357293
2024-10-13 18:45:00,7.155939021,6.650974
2024-10-13 19:00:00,11.07212701,6.4955797
2024-10-13 19:15:00,4.015070765,6.4490566
2024-10-13 19:30:00,6.259219965999999,6.3268695
2024-10-13 19:45:00,8.420129824,6.3756065
2024-10-13 20:00:00,5.792287655,6.391413
2024-10-13 20:15:00,4.759778859,6.3332644
2024-10-13 20:30:00,2.357069987,6.194587
2024-10-13 20:45:00,6.085839030999999,6.5095944
2024-10-13 21:00:00,6.780618997,6.530313
2024-10-13 21:15:00,3.363572937,6.5566025
2024-10-13 21:30:00,4.681642965,6.133321
2024-10-13 21:45:00,4.278906263999999,6.285479
2024-10-13 22:00:00,5.765374179,6.3977404
2024-10-13 22:15:00,8.557587351,6.534004
2024-10-13 22:30:00,4.474261402,6.400416
2024-10-13 22:45:00,3.786346237,5.884564
2024-10-13 23:00:00,9.979051925,6.136453
2024-10-13 23:15:00,9.860731402,6.368215
2024-10-13 23:30:00,9.709167703,6.0142097
2024-10-13 23:45:00,9.001011682,5.7799716
2024-10-14 00:00:00,10.33038956,5.993431
2024-10-14 00:15:00,8.343454439,5.9089804
2024-10-14 00:30:00,2.862877495,6.1236014
2024-10-14 00:45:00,1.5371909,6.244174
2024-10-14 01:00:00,2.8648628819999997,6.3017817
2024-10-14 01:15:00,4.851901683,6.566476
2024-10-14 01:30:00,1.646529372,6.7547836
2024-10-14 01:45:00,8.959786761,6.590245
2024-10-14 02:00:00,7.93696754,6.9808607
2024-10-14 02:15:00,8.522292447,6.626309
2024-10-14 02:30:00,2.110314733,6.3031006
2024-10-14 02:45:00,4.561843806999999,6.6722574
2024-10-14 03:00:00,5.630861747,6.552521
2024-10-14 03:15:00,7.055250293,5.8683076
2024-10-14 03:30:00,9.615232367,5.370127
2024-10-14 03:45:00,11.3230054,5.430565
2024-10-14 04:00:00,2.116618962,5.8214655
2024-10-14 04:15:00,7.569509028,6.0853696
2024-10-14 04:30:00,2.53067001,6.6506567
2024-10-14 04:45:00,4.558063483999999,7.1053815
2024-10-14 05:00:00,9.034112218,7.1371675
2024-10-14 05:15:00,12.117770370000002,7.0515175
2024-10-14 05:30:00,6.854337712,6.4471803
2024-10-14 05:45:00,4.683934563,5.9168034
2024-10-14 06:00:00,3.5463648589999996,5.6748886
2024-10-14 06:15:00,9.564321833,5.783516
2024-10-14 06:30:00,10.64544043,6.225124
2024-10-14 06:45:00,9.81291454,6.2488227
2024-10-14 07:00:00,6.721233157000001,6.133439
2024-10-14 07:15:00,6.928806499000001,6.4311385
2024-10-14 07:30:00,10.59845756,6.581585
2024-10-14 07:45:00,10.69501166,6.822912
2024-10-14 08:00:00,11.02183814,6.56249
2024-10-14 08:15:00,8.115472996,6.7218266
2024-10-14 08:30:00,3.158668135,6.7464814
2024-10-14 08:45:00,4.593928568999999,6.729661
2024-10-14 09:00:00,3.825013574,6.9182754
2024-10-14 09:15:00,2.991337781,6.964854
2024-10-14 09:30:00,3.7383410469999996,6.700387
2024-10-14 09:45:00,9.755071521,6.4985557
2024-10-14 10:00:00,8.680868686,6.66835
2024-10-14 10:15:00,1.57950276,6.4006147
2024-10-14 10:30:00,2.512235013,6.476622
2024-10-14 10:45:00,11.71423145,6.9312053
2024-10-14 11:00:00,3.598549838,7.415004
2024-10-14 11:15:00,7.77483913,6.981574
2024-10-14 11:30:00,3.133782077,6.672405
2024-10-14 11:45:00,3.428797129,6.6352944
2024-10-14 12:00:00,6.506049539,6.773936
2024-10-14 12:15:00,6.344618135,6.62994
2024-10-14 12:30:00,7.579860839,6.5421996
2024-10-14 12:45:00,2.819521079,6.4484053
2024-10-14 13:00:00,3.780338364,6.514033
2024-10-14 13:15:00,7.416616607000001,6.116146
2024-10-14 13:30:00,2.299250107,6.8278093
2024-10-14 13:45:00,10.74456431,6.9714675
2024-10-14 14:00:00,2.9579997639999998,7.3885665
2024-10-14 14:15:00,5.885261299999999,7.115891
2024-10-14 14:30:00,2.349870157,6.804444
2024-10-14 14:45:00,8.167871058,6.645683
2024-10-14 15:00:00,4.475673502,6.64914
2024-10-14 15:15:00,1.958414582,6.3874702
2024-10-14 15:30:00,7.182321754,6.2818036
2024-10-14 15:45:00,11.745211110000001,6.3431773
2024-10-14 16:00:00,9.621318173,6.7018156
2024-10-14 16:15:00,8.197989677,6.4549356
2024-10-14 16:30:00,1.254880591,6.4608383
2024-10-14 16:45:00,10.53179836,6.601384
2024-10-14 17:00:00,10.52100548,6.293714
2024-10-14 17:15:00,1.5787406989999997,6.2902355
2024-10-14 17:30:00,2.493231093,6.3269887
2024-10-14 17:45:00,6.087321391,6.685825
2024-10-14 18:00:00,5.123605888,6.7421193
2024-10-14 18:15:00,4.394837271,6.64291
2024-10-14 18:30:00,3.0085718229999996,6.4297676
2024-10-14 18:45:00,7.330733365,6.2984524
2024-10-14 19:00:00,9.484417288,7.102391
2024-10-14 19:15:00,10.73089707,7.241213
2024-10-14 19:30:00,4.121975648,6.697656
2024-10-14 19:45:00,8.360161533,6.4422054
2024-10-14 20:00:00,9.330986608,6.4459805
2024-10-14 20:15:00,6.439574229,6.4262943
2024-10-14 20:30:00,10.48479365,5.9430223
2024-10-14 20:45:00,1.453300215,5.926797
2024-10-14 21:00:00,10.05732088,6.2008944
2024-10-14 21:15:00,10.13825809,6.2400026
2024-10-14 21:30:00,2.405099462,6.1533813
2024-10-14 21:45:00,5.757518704,5.7456875
2024-10-14 22:00:00,6.9193279169999995,6.0420465
2024-10-14 22:15:00,5.307367585999999,6.3327274
2024-10-14 22:30:00,10.92818256,6.411854
2024-10-14 22:45:00,8.276470402,6.4686766
2024-10-14 23:00:00,2.530118203,6.508431
2024-10-14 23:15:00,10.80169249,6.3176885
2024-10-14 23:30:00,1.648052433,6.76827
2024-10-14 23:45:00,7.681578812,6.96529
2024-10-15 00:00:00,6.4770708,6.565145
2024-10-15 00:15:00,1.862725113,6.9340963
2024-10-15 00:30:00,8.315513054,6.726853
2024-10-15 00:45:00,11.936730229999998,6.597922
2024-10-15 01:00:00,6.247733546,6.843923
2024-10-15 01:15:00,6.274106562000001,6.952283
2024-10-15 01:30:00,5.046349795,6.805771
2024-10-15 01:45:00,10.37206533,6.5709157
2024-10-15 02:00:00,11.36282523,7.0197787
2024-10-15 02:15:00,5.607306928999999,7.040992
2024-10-15 02:30:00,10.07513451,6.7205567
2024-10-15 02:45:00,3.2594588350000007,6.443768
2024-10-15 03:00:00,5.555909746,6.573804
2024-10-15 03:15:00,3.510279566,6.525578
2024-10-15 03:30:00,3.508796588,6.676362
2024-10-15 03:45:00,10.43166281,6.890419
2024-10-15 04:00:00,8.30907845,7.5013947
2024-10-15 04:15:00,1.733658062,7.2947555
2024-10-15 04:30:00,9.690961653,6.8838625
2024-10-15 04:45:00,7.119024615000001,7.33002
2024-10-15 05:00:00,9.436859625,7.3136578
2024-10-15 05:15:00,7.480932069999999,6.681026
2024-10-15 05:30:00,5.113305196999999,6.6869307
2024-10-15 05:45:00,6.4808867,6.6493263
2024-10-15 06:00:00,2.611016205,6.8939304
2024-10-15 06:15:00,4.13460276,7.0676208
2024-10-15 06:30:00,1.439314537,7.3141766
2024-10-15 06:45:00,5.162825028,7.5279517
2024-10-15 07:00:00,2.172768392,7.572644
2024-10-15 07:15:00,8.0312298,7.4296308
2024-10-15 07:30:00,10.75338425,7.167032
2024-10-15 07:45:00,9.013353415,7.5764146
2024-10-15 08:00:00,3.380254797,7.2027674
2024-10-15 08:15:00,6.766279122,7.0379243
2024-10-15 08:30:00,8.662262857,6.9244
2024-10-15 08:45:00,9.692122644,7.0766754
2024-10-15 09:00:00,3.961010195,6.3472753
2024-10-15 09:15:00,6.049239578,6.162774
2024-10-15 09:30:00,2.37162549,6.262668
2024-10-15 09:45:00,9.200383844,6.6404543
2024-10-15 10:00:00,5.55758134,6.898321
2024-10-15 10:15:00,1.600669967,6.9979143
2024-10-15 10:30:00,6.498438908000001,7.23037
2024-10-15 10:45:00,8.957568587,7.5035787
2024-10-15 11:00:00,1.5180333340000003,7.7180843
2024-10-15 11:15:00,5.180648279999999,7.3047905
2024-10-15 11:30:00,5.822153820999999,7.3144784
2024-10-15 11:45:00,10.94934071,7.6558037
2024-10-15 12:00:00,3.33172673,7.7738404
2024-10-15 12:15:00,9.700627319,7.328575
2024-10-15 12:30:00,2.495801615,6.8948865
2024-10-15 12:45:00,10.48198583,7.036915
2024-10-15 13:00:00,4.373118524,6.7651978
2024-10-15 13:15:00,2.675197804,6.7208714
2024-10-15 13:30:00,5.218558552,6.437268
2024-10-15 13:45:00,1.24556348,6.49499
2024-10-15 14:00:00,2.36161532,6.6052046
2024-10-15 14:15:00,6.000409544,6.684451
2024-10-15 14:30:00,11.02814082,6.7005525
2024-10-15 14:45:00,5.646830893,7.3003864
2024-10-15 15:00:00,7.834204416,6.858904
2024-10-15 15:15:00,8.647652509,6.7228985
2024-10-15 15:30:00,1.448120441,6.8736215
2024-10-15 15:45:00,4.542219067,6.829728
2024-10-15 16:00:00,11.680439549999997,6.8840375
2024-10-15 16:15:00,1.324334333,7.201376
2024-10-15 16:30:00,5.791875405999999,7.503449
2024-10-15 16:45:00,8.89680541,7.3095713
2024-10-15 17:00:00,4.171740341999999,7.5943584
2024-10-15 17:15:00,11.17474695,7.254382
2024-10-15 17:30:00,5.994742541,7.2114553
2024-10-15 17:45:00,10.51336236,6.862562
2024-10-15 18:00:00,6.729335597,6.5927525
2024-10-15 18:15:00,5.267275918,6.705903
2024-10-15 18:30:00,8.48686279,6.6770916
2024-10-15 18:45:00,10.56382216,6.666657
2024-10-15 19:00:00,5.098105291,6.861638
2024-10-15 19:15:00,10.73717007,6.9451156
2024-10-15 19:30:00,8.056903271,7.105425
2024-10-15 19:45:00,5.163409335,7.2391524
2024-10-15 20:00:00,1.706104075,6.7359915
2024-10-15 20:15:00,4.356181523,6.7381206
2024-10-15 20:30:00,10.16415904,6.6914864
2024-10-15 20:45:00,2.052419218,6.810965
2024-10-15 21:00:00,6.917011362000001,7.0191703
2024-10-15 21:15:00,6.713343140000001,6.7920504
2024-10-15 21:30:00,7.475803316,7.097871
2024-10-15 21:45:00,11.02800119,6.8836765
2024-10-15 22:00:00,8.981730063,6.9234986
2024-10-15 22:15:00,6.346636370000001,7.09126
2024-10-15 22:30:00,9.839694911,7.127915
2024-10-15 22:45:00,8.59622223,6.8335876
2024-10-15 23:00:00,10.4859982,6.8721557
2024-10-15 23:15:00,9.209539374,6.826177
2024-10-15 23:30:00,9.245652256,7.0491323
2024-10-15 23:45:00,2.02268734,7.121901
2024-10-16 00:00:00,1.220052165,7.2997184
2024-10-16 00:15:00,10.6617999,7.2822075
2024-10-16 00:30:00,3.8125454330000004,7.2084475
2024-10-16 00:45:00,2.718757442,7.278046
2024-10-16 01:00:00,2.767413733,7.359139
2024-10-16 01:15:00,8.747023839,7.2516494
2024-10-16 01:30:00,1.5560547490000003,6.959186
2024-10-16 01:45:00,7.997939287,6.7447658
2024-10-16 02:00:00,6.686917005000001,6.732656
2024-10-16 02:15:00,2.703461429,6.7385345
2024-10-16 02:30:00,2.64508251,6.4497967
2024-10-16 02:45:00,2.740717625,6.548855
2024-10-16 03:00:00,4.076873126,6.9778757
2024-10-16 03:15:00,7.869578539,7.035316
2024-10-16 03:30:00,3.258376223,6.9729404
2024-10-16 03:45:00,8.167616276,6.5852675
2024-10-16 04:00:00,11.01568171,6.9236693
2024-10-16 04:15:00,9.868784661,6.9310803
2024-10-16 04:30:00,9.365954799,6.8518324
2024-10-16 04:45:00,10.84967412,6.7298417
2024-10-16 05:00:00,7.110390158,7.172874
2024-10-16 05:15:00,10.01152724,7.140756
2024-10-16 05:30:00,9.038025365,7.0141335
2024-10-16 05:45:00,11.2483281,7.1862707
2024-10-16 06:00:00,7.806151112,6.7345614
2024-10-16 06:15:00,4.098219649,6.3789268
2024-10-16 06:30:00,3.314363412,6.386109
2024-10-16 06:45:00,4.230856041,6.9431615
2024-10-16 07:00:00,8.361310682,6.775963
2024-10-16 07:15:00,8.009994004,7.014648
2024-10-16 07:30:00,3.273566555,6.97811
2024-10-16 07:45:00,9.680885877,6.7177615
2024-10-16 08:00:00,11.64814691,7.319622
2024-10-16 08:15:00,8.893094184,7.431278
2024-10-16 08:30:00,1.756690737,7.225168
2024-10-16 08:45:00,7.768212497000001,7.4811006
2024-10-16 09:00:00,11.0042206,7.402022
2024-10-16 09:15:00,4.587000512999999,7.443473
2024-10-16 09:30:00,7.0998090309999995,7.209965
2024-10-16 09:45:00,3.5068310369999995,7.0117297
2024-10-16 10:00:00,9.725660236,7.2054543
2024-10-16 10:15:00,10.25589942,7.115343
2024-10-16 10:30:00,4.942791287999999,7.4253354
2024-10-16 10:45:00,5.017026535,7.368068
2024-10-16 11:00:00,1.105658599,7.5726557
2024-10-16 11:15:00,4.373133426,7.8349495
2024-10-16 11:30:00,9.642930592,7.729218
2024-10-16 11:45:00,1.461930822,7.8660536
2024-10-16 12:00:00,3.0971138509999996,7.619692
2024-10-16 12:15:00,8.903411449,7.570872
2024-10-16 12:30:00,7.67084568,7.710313
2024-10-16 12:45:00,11.34335822,7.1057987
2024-10-16 13:00:00,4.947381576,6.844954
2024-10-16 13:15:00,2.552148094,6.907023
2024-10-16 13:30:00,8.30526128,6.8465533
2024-10-16 13:45:00,1.924060113,6.7851214
2024-10-16 14:00:00,2.289120013,7.112738
2024-10-16 14:15:00,7.030945207,6.932793
2024-10-16 14:30:00,5.673139200999999,7.111085
2024-10-16 14:45:00,3.737940893,7.1752653
2024-10-16 15:00:00,6.077533744,6.620024
2024-10-16 15:15:00,9.66855256,6.792751
2024-10-16 15:30:00,8.703674778,7.413557
2024-10-16 15:45:00,6.379860412,7.5202274
2024-10-16 16:00:00,4.4355068829999995,6.9599795
2024-10-16 16:15:00,7.119732094000001,6.8321424
2024-10-16 16:30:00,1.181846921,6.9029346
2024-10-16 16:45:00,8.255931439,7.109062
2024-10-16 17:00:00,9.85789322,7.1415324
2024-10-16 17:15:00,2.514659886,7.1904025
2024-10-16 17:30:00,5.047967567999999,6.6052027
2024-10-16 17:45:00,2.702718631,6.541631
2024-10-16 18:00:00,11.46238466,6.8812304
2024-10-16 18:15:00,9.532025295,7.2339396
2024-10-16 18:30:00,1.379612744,7.300041
2024-10-16 18:45:00,11.4598828,7.0654483
2024-10-16 19:00:00,2.567452238,7.6575747
2024-10-16 19:15:00,1.953693791,7.7635226
2024-10-16 19:30:00,1.446605719,7.508442
2024-10-16 19:45:00,9.463251792,7.3300476
2024-10-16 20:00:00,10.87773988,7.6728625
2024-10-16 20:15:00,2.13455137,7.200151
2024-10-16 20:30:00,10.92855177,6.9635725
2024-10-16 20:45:00,4.497135289,7.0405746
2024-10-16 21:00:00,7.804519365999999,7.210114
2024-10-16 21:15:00,11.67557088,6.5945005
2024-10-16 21:30:00,1.254209552,6.8344917
2024-10-16 21:45:00,6.978863218000001,6.8708816
2024-10-16 22:00:00,7.90408404,6.917411
2024-10-16 22:15:00,5.1912235749999995,7.0848045
2024-10-16 22:30:00,2.430247934,6.608497
2024-10-16 22:45:00,7.811487091000001,6.5101957
2024-10-16 23:00:00,1.63844283,6.512
2024-10-16 23:15:00,11.40278128,6.5299363
2024-10-16 23:30:00,6.180126858,7.084685
2024-10-16 23:45:00,10.75401215,7.2945805
2024-10-17 00:00:00,10.12368844,7.057851
2024-10-17 00:15:00,1.224562193,7.278555
2024-10-17 00:30:00,5.794834999,7.128219
2024-10-17 00:45:00,10.52100182,7.2923393
2024-10-17 01:00:00,5.306459445999999,7.432986
2024-10-17 01:15:00,4.653443511,6.702616
2024-10-17 01:30:00,8.486592436,6.6104174
2024-10-17 01:45:00,8.307221272,7.0229096
2024-10-17 02:00:00,7.760570441,6.4716797
2024-10-17 02:15:00,4.852094315,6.4094915
2024-10-17 02:30:00,1.8557830200000003,6.673568
2024-10-17 02:45:00,10.23830746,6.7725105
2024-10-17 03:00:00,4.682135881,6.738041
2024-10-17 03:15:00,8.967749407,6.7359743
2024-10-17 03:30:00,4.900670441,6.558856
2024-10-17 03:45:00,6.105476319,6.872615
2024-10-17 04:00:00,4.993865584,7.0058913
2024-10-17 04:15:00,1.9607932870000002,6.9983273
2024-10-17 04:30:00,4.335919413999999,6.9782324
2024-10-17 04:45:00,11.463339720000002,7.0856423
2024-10-17 05:00:00,2.271535678,6.948366
2024-10-17 05:15:00,6.885943082,6.777875
2024-10-17 05:30:00,10.91409174,6.7989674
2024-10-17 05:45:00,1.414219753,7.1394744
2024-10-17 06:00:00,1.9633513839999999,7.3811665
2024-10-17 06:15:00,10.33251045,7.2507105
2024-10-17 06:30:00,9.217286853,7.734403
2024-10-17 06:45:00,6.356343169,7.238582
2024-10-17 07:00:00,6.317954199,6.67295
2024-10-17 07:15:00,10.87348295,6.545105
2024-10-17 07:30:00,1.400328719,7.185091
2024-10-17 07:45:00,3.763463912,7.007284
2024-10-17 08:00:00,4.275759666999999,6.9326906
2024-10-17 08:15:00,2.444548918,7.111139
2024-10-17 08:30:00,4.816833295,6.7495017
2024-10-17 08:45:00,5.173372338999999,6.737607
2024-10-17 09:00:00,12.0314215,6.7765913
2024-10-17 09:15:00,6.043774904,6.877483
2024-10-17 09:30:00,10.44937259,6.434218
2024-10-17 09:45:00,9.623316588,7.251897
2024-10-17 10:00:00,9.033673078,7.680522
2024-10-17 10:15:00,4.735519597999999,7.6484604
2024-10-17 10:30:00,5.310056802,8.068042
2024-10-17 10:45:00,1.677138453,7.840256
2024-10-17 11:00:00,5.043674552,7.507099
2024-10-17 11:15:00,10.02465496,7.1768994
2024-10-17 11:30:00,9.758337862,7.2854023
2024-10-17 11:45:00,9.551885785,6.955582
2024-10-17 12:00:00,3.399178608,6.9522495
2024-10-17 12:15:00,3.4187923800000006,7.450999
2024-10-17 12:30:00,8.095764084,7.318003
2024-10-17 12:45:00,7.687345881000001,7.0385895
2024-10-17 13:00:00,3.073794521,6.695405
2024-10-17 13:15:00,8.448771882,6.604804
2024-10-17 13:30:00,5.269242989,6.7654514
2024-10-17 13:45:00,10.97608859,7.0200844
2024-10-17 14:00:00,4.721393710999999,6.825585
2024-10-17 14:15:00,3.618554499,6.8006377
2024-10-17 14:30:00,3.1187026759999994,6.824086
2024-10-17 14:45:00,10.32847055,7.1370482
2024-10-17 15:00:00,9.95721235,7.3556767
2024-10-17 15:15:00,5.376182806999999,7.1564155
2024-10-17 15:30:00,3.4483011589999997,7.016042
2024-10-17 15:45:00,4.2826727479999995,7.0810623
2024-10-17 16:00:00,5.040647405999999,7.179013
2024-10-17 16:15:00,1.58145448,7.492235
2024-10-17 16:30:00,1.9511045100000002,7.5608716
2024-10-17 16:45:00,10.9607042,7.697647
2024-10-17 17:00:00,8.50744872,7.737567
2024-10-17 17:15:00,9.001777759,7.3135614
2024-10-17 17:30:00,6.324536855,6.9877105
2024-10-17 17:45:00,4.965912806,7.4066467
2024-10-17 18:00:00,2.180559733,7.1793656
2024-10-17 18:15:00,7.039373752,7.243023
2024-10-17 18:30:00,9.208982283,7.3070073
2024-10-17 18:45:00,3.153190641,7.31457
2024-10-17 19:00:00,4.789403885999999,7.010156
2024-10-17 19:15:00,10.88096291,6.966536
2024-10-17 19:30:00,9.704933666,6.9137645
2024-10-17 19:45:00,9.756136734,6.628926
2024-10-17 20:00:00,1.5838023199999998,6.333187
2024-10-17 20:15:00,2.761061012,6.619734
2024-10-17 20:30:00,3.9980468890000003,6.9381814
2024-10-17 20:45:00,4.312989631,7.076497
2024-10-17 21:00:00,2.476749851,6.852019
2024-10-17 21:15:00,4.097985202,6.918459
2024-10-17 21:30:00,5.537199564999999,6.887149
2024-10-17 21:45:00,1.75386007,7.010429
2024-10-17 22:00:00,5.348651992,6.9627357
2024-10-17 22:15:00,6.169786137,7.0209546
2024-10-17 22:30:00,1.650123466,7.154701
2024-10-17 22:45:00,7.697650114,6.7498813
2024-10-17 23:00:00,2.067892947,6.900785
2024-10-17 23:15:00,8.12359846,7.1765532
2024-10-17 23:30:00,11.42578759,7.1712704
2024-10-17 23:45:00,1.6935126259999997,7.436031
2024-10-18 00:00:00,4.029082487,7.0242805
2024-10-18 00:15:00,2.649873002,6.678696
2024-10-18 00:30:00,4.894660238,6.8661537
2024-10-18 00:45:00,9.949319982,6.626568
2024-10-18 01:00:00,10.36214789,6.9114027
2024-10-18 01:15:00,9.702262886,6.313862
2024-10-18 01:30:00,8.273346754,6.3269634
2024-10-18 01:45:00,9.090970637,6.721103
2024-10-18 02:00:00,2.38729006,6.9147706
2024-10-18 02:15:00,3.524468176,7.0404115
2024-10-18 02:30:00,4.9274768149999995,6.892862
2024-10-18 02:45:00,1.7208190689999998,6.9081645
2024-10-18 03:00:00,9.607483325,6.6212316
2024-10-18 03:15:00,3.73252497,6.7334514
2024-10-18 03:30:00,1.6673341799999999,6.6737638
2024-10-18 03:45:00,1.910703724,6.581757
2024-10-18 04:00:00,11.12653575,6.710584
2024-10-18 04:15:00,10.72134623,7.445216
2024-10-18 04:30:00,11.06028393,6.21164
2024-10-18 04:45:00,10.67109432,6.21208
2024-10-18 05:00:00,9.575563943,6.3724203
2024-10-18 05:15:00,4.189078086,6.774354
2024-10-18 05:30:00,4.381014677999999,6.528671
2024-10-18 05:45:00,5.3207069,6.7434034
2024-10-18 06:00:00,8.838790531,7.053446
2024-10-18 06:15:00,10.87234228,7.3877935
2024-10-18 06:30:00,5.612064006,7.35367
2024-10-18 06:45:00,4.1353945009999995,7.25878
2024-10-18 07:00:00,3.827343434,7.4503736
2024-10-18 07:15:00,4.024645165999999,7.3509817
2024-10-18 07:30:00,1.207182151,7.333302
2024-10-18 07:45:00,3.538770308,7.2454786
2024-10-18 08:00:00,4.660672216,7.167944
2024-10-18 08:15:00,9.18405293,7.4505157
2024-10-18 08:30:00,7.138927523,7.694625
2024-10-18 08:45:00,4.566767777999999,7.1921005
2024-10-18 09:00:00,7.679088207000001,6.999951
2024-10-18 09:15:00,9.635590859,7.579918
2024-10-18 09:30:00,7.435478900000001,7.8626046
2024-10-18 09:45:00,1.801490175,7.396919
2024-10-18 10:00:00,3.382811499,7.0827217
2024-10-18 10:15:00,4.179664172999999,7.1433854
2024-10-18 10:30:00,4.868225026,7.3408923
2024-10-18 10:45:00,1.467883287,7.30898
2024-10-18 11:00:00,9.216890263,7.418351
2024-10-18 11:15:00,6.136949408,7.5576754
2024-10-18 11:30:00,10.2045181,7.3527646
2024-10-18 11:45:00,6.492098803,7.075449
2024-10-18 12:00:00,11.59746886,7.3059144
2024-10-18 12:15:00,8.774119068,7.7513885
2024-10-18 12:30:00,10.88347932,7.656629
2024-10-18 12:45:00,11.41058242,7.562865
2024-10-18 13:00:00,6.054592394,7.544756
2024-10-18 13:15:00,7.686582185,7.2961326
2024-10-18 13:30:00,10.66474685,7.0268617
2024-10-18 13:45:00,6.760902887000001,7.1274133
2024-10-18 14:00:00,1.788576171,6.643539
2024-10-18 14:15:00,8.2080993,7.000402
2024-10-18 14:30:00,10.07411876,6.810885
2024-10-18 14:45:00,9.978780699,6.626416
2024-10-18 15:00:00,8.952728013,6.599216
2024-10-18 15:15:00,2.159278335,6.687618
2024-10-18 15:30:00,8.828797266,7.041798
2024-10-18 15:45:00,1.5067634979999998,6.922396
2024-10-18 16:00:00,11.29927216,7.213323
2024-10-18 16:15:00,10.38897664,7.3241415
2024-10-18 16:30:00,11.69193813,7.399763
2024-10-18 16:45:00,4.270379779,7.1145763
2024-10-18 17:00:00,6.729618995,7.62426
2024-10-18 17:15:00,7.528103905999999,7.211775
2024-10-18 17:30:00,6.510911653,7.003728
2024-10-18 17:45:00,5.246243406,6.925759
2024-10-18 18:00:00,11.79753243,6.884328
2024-10-18 18:15:00,10.17712266,7.1492734
2024-10-18 18:30:00,7.8715604390000005,7.0987263
2024-10-18 18:45:00,8.003087614,6.896042
2024-10-18 19:00:00,8.112256331,6.9095693
2024-10-18 19:15:00,7.103563396999999,7.008278
2024-10-18 19:30:00,7.672363213999999,7.283942
2024-10-18 19:45:00,9.349491632,7.3462925
2024-10-18 20:00:00,11.76817139,7.319308
2024-10-18 20:15:00,9.90815751,7.1118193
2024-10-18 20:30:00,2.460911576,7.036615
2024-10-18 20:45:00,6.923849342,7.11308
2024-10-18 21:00:00,7.901891887,7.128222
2024-10-18 21:15:00,3.9774190949999992,6.974822
2024-10-18 21:30:00,6.207739650000001,7.2109194
2024-10-18 21:45:00,10.07277744,6.9776573
2024-10-18 22:00:00,3.993983461999999,5.7026896
2024-10-18 22:15:00,4.235311523999999,5.539075
2024-10-18 22:30:00,10.8397809,5.867379
2024-10-18 22:45:00,2.186137441,6.655905
2024-10-18 23:00:00,10.13947622,7.1780567
2024-10-18 23:15:00,4.341540791,7.2360344
2024-10-18 23:30:00,6.197932704,7.1665626
2024-10-18 23:45:00,8.237756217,7.147317
2024-10-19 00:00:00,7.48028467,7.1802545
2024-10-19 00:15:00,11.67223323,7.0949707
2024-10-19 00:30:00,1.4921601230000001,7.361037
2024-10-19 00:45:00,8.140359978,7.1360736
2024-10-19 01:00:00,9.731540614,6.820699
2024-10-19 01:15:00,6.845038295,6.861367
2024-10-19 01:30:00,11.830002999999998,6.776987
2024-10-19 01:45:00,5.673097800999999,6.98655
2024-10-19 02:00:00,8.655314208,7.071404
2024-10-19 02:15:00,7.921099043000001,7.078807
2024-10-19 02:30:00,1.50958179,7.2665563
2024-10-19 02:45:00,6.867229537000001,7.180853
2024-10-19 03:00:00,3.7139614539999997,7.110736
2024-10-19 03:15:00,6.591317849000001,7.304354
2024-10-19 03:30:00,10.30340285,7.15601
2024-10-19 03:45:00,7.447125451000001,6.9887056
2024-10-19 04:00:00,7.218818680999999,6.6474714
2024-10-19 04:15:00,8.518902749,7.030212
2024-10-19 04:30:00,6.667393981,7.2770157
2024-10-19 04:45:00,5.624038795999999,7.049214
2024-10-19 05:00:00,5.328164589,6.937089
2024-10-19 05:15:00,8.847149499,6.958903
2024-10-19 05:30:00,9.318103798,7.0644965
2024-10-19 05:45:00,5.4515138599999995,6.7882586
2024-10-19 06:00:00,1.5867317890000001,6.6726127
2024-10-19 06:15:00,6.863184516,6.6914716
2024-10-19 06:30:00,6.550433724000001,6.8855114
2024-10-19 06:45:00,5.801806563,7.1833196
2024-10-19 07:00:00,5.059661880999999,7.274226
2024-10-19 07:15:00,9.47038458,7.186919
2024-10-19 07:30:00,6.201069191,7.5530195
2024-10-19 07:45:00,9.348888633,7.3726225
2024-10-19 08:00:00,7.16680637,7.342153
2024-10-19 08:15:00,9.018355193,7.353704
2024-10-19 08:30:00,9.900653444,7.4817853
2024-10-19 08:45:00,3.6618074739999997,7.755349
2024-10-19 09:00:00,9.655887574,7.578538
2024-10-19 09:15:00,8.471196208,7.4000525
2024-10-19 09:30:00,6.942622644,7.3936315
2024-10-19 09:45:00,6.60914094,7.2922487
2024-10-19 10:00:00,4.611312583,7.087867
2024-10-19 10:15:00,6.605170472,7.2647643
2024-10-19 10:30:00,5.099217279,7.705307
2024-10-19 10:45:00,10.75394733,7.798641
2024-10-19 11:00:00,6.914963009,7.6906357
2024-10-19 11:15:00,4.122309547999999,7.7231007
2024-10-19 11:30:00,2.71099719,7.541986
2024-10-19 11:45:00,8.359784528,7.6151996
2024-10-19 12:00:00,8.280696212,7.7743053
2024-10-19 12:15:00,5.014523158,7.8011975
2024-10-19 12:30:00,2.9204024,7.6981106
2024-10-19 12:45:00,8.616671639,7.2267723
2024-10-19 13:00:00,3.791880095,6.8658447
2024-10-19 13:15:00,9.877446186,6.6755657
2024-10-19 13:30:00,8.734554191,5.9714665
2024-10-19 13:45:00,10.71683946,5.768297
2024-10-19 14:00:00,11.25211123,5.3307843
2024-10-19 14:15:00,4.495872382999999,5.691997
2024-10-19 14:30:00,6.0456728900000005,6.541121
2024-10-19 14:45:00,5.141268033,6.9725275
2024-10-19 15:00:00,2.031951773,7.249191
2024-10-19 15:15:00,5.456737283999999,7.301345
2024-10-19 15:30:00,5.596929561,7.186253
2024-10-19 15:45:00,2.814292008,7.047111
2024-10-19 16:00:00,10.30617764,7.045824
2024-10-19 16:15:00,4.179506242999999,7.114072
2024-10-19 16:30:00,8.994339355,6.925368
2024-10-19 16:45:00,2.022597874,7.0924454
2024-10-19 17:00:00,1.5239307119999999,7.113168
2024-10-19 17:15:00,11.91727033,6.835209
2024-10-19 17:30:00,2.49965998,6.808879
2024-10-19 17:45:00,9.14076145,6.6507325
2024-10-19 18:00:00,7.579090919,6.594952
2024-10-19 18:15:00,6.062818729,6.6353445
2024-10-19 18:30:00,1.5420203829999999,6.590542
2024-10-19 18:45:00,4.169725841,6.9037175
2024-10-19 19:00:00,11.13819917,6.8113694
2024-10-19 19:15:00,10.62185573,7.0163636
2024-10-19 19:30:00,7.183681057,6.839866
2024-10-19 19:45:00,7.318744835000001,6.4297504
2024-10-19 20:00:00,5.163848469,6.2998266
2024-10-19 20:15:00,8.856094342,6.8694096
2024-10-19 20:30:00,10.15049955,6.754354
2024-10-19 20:45:00,8.957387073,6.7660394
2024-10-19 21:00:00,6.802078149,6.6653924
2024-10-19 21:15:00,7.334385566,7.254284
2024-10-19 21:30:00,3.28374814,7.074537
2024-10-19 21:45:00,11.928061349999998,6.978536
2024-10-19 22:00:00,10.79098744,6.136732
2024-10-19 22:15:00,10.40209553,6.1375093
2024-10-19 22:30:00,2.813232024,5.103419
2024-10-19 22:45:00,7.413934571,5.988502
2024-10-19 23:00:00,7.55040419,6.4418335
2024-10-19 23:15:00,4.8384077119999995,6.0504727
2024-10-19 23:30:00,10.09693631,5.897964
2024-10-19 23:45:00,8.950264864,6.280718
2024-10-20 00:00:00,8.617419796,6.7195954
2024-10-20 00:15:00,1.496677667,6.762428
2024-10-20 00:30:00,10.56493856,6.7754025
2024-10-20 00:45:00,8.388698832,6.737094
2024-10-20 01:00:00,11.86461485,6.8516054
2024-10-20 01:15:00,2.008547515,6.80139
2024-10-20 01:30:00,8.560913118,7.2186875
2024-10-20 01:45:00,9.026562239,7.109233
2024-10-20 02:00:00,1.762528116,6.9253316
2024-10-20 02:15:00,1.871077836,6.566815
2024-10-20 02:30:00,9.176650529,6.4466467
2024-10-20 02:45:00,9.672789436,6.6465263
2024-10-20 03:00:00,10.6964075,6.9105754
2024-10-20 03:15:00,9.33842134,7.0053062
2024-10-20 03:30:00,3.71864255,7.301351
2024-10-20 03:45:00,11.34913901,7.28587
2024-10-20 04:00:00,3.7695433530000004,6.7303824
2024-10-20 04:15:00,8.875693844,7.0322614
2024-10-20 04:30:00,6.940618229,6.975987
2024-10-20 04:45:00,2.468828072,6.6852036
2024-10-20 05:00:00,10.27261794,6.405691
2024-10-20 05:15:00,7.549545851999999,6.1158805
2024-10-20 05:30:00,1.947781333,6.1250043
2024-10-20 05:45:00,4.8515411859999995,6.357882
2024-10-20 06:00:00,8.586782401,6.3357577
2024-10-20 06:15:00,7.896535027,6.3574276
2024-10-20 06:30:00,3.4825042419999996,6.1414785
2024-10-20 06:45:00,6.839113512,6.0541697
2024-10-20 07:00:00,4.439628937999999,6.248508
2024-10-20 07:15:00,6.362006995,6.4168572
2024-10-20 07:30:00,4.242078607999999,6.7340508
2024-10-20 07:45:00,6.779792711000001,6.5216527
2024-10-20 08:00:00,9.431317147,6.8541584
2024-10-20 08:15:00,3.432951767,7.2132845
2024-10-20 08:30:00,1.126585147,7.0343513
2024-10-20 08:45:00,2.649957355,7.0715575
2024-10-20 09:00:00,9.937233005,6.6209025
2024-10-20 09:15:00,5.325248651,6.706479
2024-10-20 09:30:00,8.528662208,6.448795
2024-10-20 09:45:00,1.4436342340000001,6.508771
2024-10-20 10:00:00,2.78637737,6.474807
2024-10-20 10:15:00,6.731971622,6.5578313
2024-10-20 10:30:00,9.046219896,6.8580046
2024-10-20 10:45:00,9.461397077,7.1047344
2024-10-20 11:00:00,8.004293291,6.7387123
2024-10-20 11:15:00,8.424668289,6.788092
2024-10-20 11:30:00,3.007590601,7.108925
2024-10-20 11:45:00,7.591309908,7.161371
2024-10-20 12:00:00,5.205862186,7.1249886
2024-10-20 12:15:00,10.69456501,6.958135
2024-10-20 12:30:00,7.239469325,6.803016
2024-10-20 12:45:00,6.954730455999999,6.800672
2024-10-20 13:00:00,7.372660097,6.730429
2024-10-20 13:15:00,9.541582475,6.868872
2024-10-20 13:30:00,1.248827256,6.729817
2024-10-20 13:45:00,10.42284574,6.783303
2024-10-20 14:00:00,1.431082725,6.597527
2024-10-20 14:15:00,7.461742927,6.6400967
2024-10-20 14:30:00,6.220154153,6.2461896
2024-10-20 14:45:00,4.857316746,6.386802
2024-10-20 15:00:00,2.507445476,6.56409
2024-10-20 15:15:00,2.515511283,6.710236
2024-10-20 15:30:00,9.157520415,6.841315
2024-10-20 15:45:00,2.433259293,6.783588
2024-10-20 16:00:00,8.424864709,6.5345273
2024-10-20 16:15:00,11.80684589,6.494771
2024-10-20 16:30:00,8.650519492,6.5484185
2024-10-20 16:45:00,2.015223084,6.4788733
2024-10-20 17:00:00,6.516730644,6.667114
2024-10-20 17:15:00,9.419662823,6.551323
2024-10-20 17:30:00,10.54429334,6.502361
2024-10-20 17:45:00,8.72174798,6.276011
2024-10-20 18:00:00,4.270984714999999,6.6314845
2024-10-20 18:15:00,3.674258767,7.3265285
2024-10-20 18:30:00,9.13790746,7.1850863
2024-10-20 18:45:00,8.918639347,6.9824333
2024-10-20 19:00:00,6.254958969,6.670333
2024-10-20 19:15:00,2.104046554,6.700688
2024-10-20 19:30:00,8.377114695,6.617841
2024-10-20 19:45:00,7.548116144000001,6.6484
2024-10-20 20:00:00,1.257533788,6.362066
2024-10-20 20:15:00,8.017579856,6.161412
2024-10-20 20:30:00,2.596758702,6.3038464
2024-10-20 20:45:00,9.316236603,6.441549
2024-10-20 21:00:00,7.962651658000001,6.3574734
2024-10-20 21:15:00,1.669298419,6.228628
2024-10-20 21:30:00,6.616887259,6.4558506
2024-10-20 21:45:00,8.726556444,6.540246
2024-10-20 22:00:00,10.56371784,6.3593454
2024-10-20 22:15:00,2.038171993,5.444843
2024-10-20 22:30:00,1.9245636499999998,5.549342
2024-10-20 22:45:00,9.543784504,6.0897865
2024-10-20 23:00:00,3.569906573,6.3392253
2024-10-20 23:15:00,7.267293981,6.2427616
2024-10-20 23:30:00,7.343126064,5.734735
2024-10-20 23:45:00,7.5749955270000005,5.7946205
2024-10-21 00:00:00,4.798802562999999,6.1152225
2024-10-21 00:15:00,1.560697535,6.5202856
2024-10-21 00:30:00,6.412305982,7.0032277
2024-10-21 00:45:00,6.234573331,6.874821
2024-10-21 01:00:00,5.536996735,6.4853463
2024-10-21 01:15:00,3.857510324,6.059548
2024-10-21 01:30:00,9.845736853,6.5338063
2024-10-21 01:45:00,4.887302839999999,6.8369346
2024-10-21 02:00:00,2.644820056,6.5396457
2024-10-21 02:15:00,9.000211917,6.422934
2024-10-21 02:30:00,7.924301166,6.7529
2024-10-21 02:45:00,4.379303374,6.4215245
2024-10-21 03:00:00,2.65333415,6.1484227
2024-10-21 03:15:00,5.76114229,6.4213557
2024-10-21 03:30:00,1.8648861829999999,6.520136
2024-10-21 03:45:00,3.3281477939999995,6.8248196
2024-10-21 04:00:00,11.1625948,6.717287
2024-10-21 04:15:00,2.774448112,7.3603945
2024-10-21 04:30:00,4.2285566999999995,6.683327
2024-10-21 04:45:00,2.381755589,6.5460844
2024-10-21 05:00:00,10.79821395,6.591606
2024-10-21 05:15:00,11.12294231,7.126553
2024-10-21 05:30:00,1.748267802,6.9669003
2024-10-21 05:45:00,10.05629138,6.9389014
2024-10-21 06:00:00,2.47422473,6.680004
2024-10-21 06:15:00,5.591186991,6.6630683
2024-10-21 06:30:00,6.9784988,6.570475
2024-10-21 06:45:00,5.507617958,6.7850666
2024-10-21 07:00:00,2.678575782,6.6410313
2024-10-21 07:15:00,9.504385421,6.8221326
2024-10-21 07:30:00,8.571095701,7.4789705
2024-10-21 07:45:00,10.6790361,6.996348
2024-10-21 08:00:00,4.76024962,6.6287117
2024-10-21 08:15:00,5.879152067000001,6.9008183
2024-10-21 08:30:00,4.661924029,7.0570865
2024-10-21 08:45:00,1.79157472,6.6381044
2024-10-21 09:00:00,1.728132983,6.589467
2024-10-21 09:15:00,9.265796641,6.5057216
2024-10-21 09:30:00,4.145595053,6.9413886
2024-10-21 09:45:00,6.169354364,6.5821166
2024-10-21 10:00:00,11.02449352,6.8288994
2024-10-21 10:15:00,1.311180753,7.196604
2024-10-21 10:30:00,6.807254398000001,6.82463
2024-10-21 10:45:00,6.39724125,7.1674776
2024-10-21 11:00:00,11.75854839,7.228796
2024-10-21 11:15:00,9.511270074,7.054931
2024-10-21 11:30:00,1.8322837690000002,7.284542
2024-10-21 11:45:00,2.869093147,7.4084277
2024-10-21 12:00:00,1.4503800099999997,7.391262
2024-10-21 12:15:00,3.174628406,7.215438
2024-10-21 12:30:00,3.461286975,7.159305
2024-10-21 12:45:00,2.095785403,7.141997
2024-10-21 13:00:00,6.531048025999999,7.0115185
2024-10-21 13:15:00,10.6467809,6.8975515
2024-10-21 13:30:00,9.693684453,7.2735405
2024-10-21 13:45:00,3.2775181980000005,7.2601895
2024-10-21 14:00:00,8.734814351,7.313706
2024-10-21 14:15:00,10.99393731,7.83178
2024-10-21 14:30:00,9.924717644,7.7718744
2024-10-21 14:45:00,6.115302983,7.19662
2024-10-21 15:00:00,4.282454581,6.805597
2024-10-21 15:15:00,9.052244973,6.6061554
2024-10-21 15:30:00,8.90731312,6.719044
2024-10-21 15:45:00,4.206907045,6.756563
2024-10-21 16:00:00,3.394239227,6.8377824
2024-10-21 16:15:00,8.760048317,6.7904043
2024-10-21 16:30:00,11.29484425,6.964234
2024-10-21 16:45:00,1.410872706,7.261609
2024-10-21 17:00:00,11.743180619999999,7.2919717
2024-10-21 17:15:00,3.142655485,7.1312137
2024-10-21 17:30:00,4.9726332,7.392489
2024-10-21 17:45:00,1.637358045,7.3141594
2024-10-21 18:00:00,1.660834078,7.248287
2024-10-21 18:15:00,4.024913523,7.1154222
2024-10-21 18:30:00,6.678368469,7.127638
2024-10-21 18:45:00,10.34666937,7.2959995
2024-10-21 19:00:00,1.894751735,7.7382293
2024-10-21 19:15:00,6.7484073,7.5714593
2024-10-21 19:30:00,5.762096995000001,7.454082
2024-10-21 19:45:00,10.83921417,7.43789
2024-10-21 20:00:00,3.198558891,7.026432
2024-10-21 20:15:00,5.143072795999999,6.44267
2024-10-21 20:30:00,1.46858229,6.4895267
2024-10-21 20:45:00,10.97743654,6.6460185
2024-10-21 21:00:00,7.135870183,7.0316687
2024-10-21 21:15:00,7.111244446,6.5802174
2024-10-21 21:30:00,1.6298246790000002,6.121379
2024-10-21 21:45:00,2.05293681,6.3726063
2024-10-21 22:00:00,9.372050405,6.5933614
2024-10-21 22:15:00,7.29201134,6.8124523
2024-10-21 22:30:00,3.2959099750000003,6.511944
2024-10-21 22:45:00,7.014477790000001,5.8634787
2024-10-21 23:00:00,11.61280819,5.913573
2024-10-21 23:15:00,2.172562641,6.3128567
2024-10-21 23:30:00,11.53166361,6.017387
2024-10-21 23:45:00,9.459231354,6.2408605
2024-10-22 00:00:00,2.642801877,6.65639
2024-10-22 00:15:00,9.555587708,6.528281
2024-10-22 00:30:00,9.024702233,6.741119
2024-10-22 00:45:00,7.736099735000001,6.6580615
2024-10-22 01:00:00,9.33472252,6.4912953
2024-10-22 01:15:00,2.581156904,6.4616947
2024-10-22 01:30:00,8.339695178,6.492701
2024-10-22 01:45:00,7.925932903,5.9963694
2024-10-22 02:00:00,3.9310085770000005,6.050585
2024-10-22 02:15:00,8.652514456,5.7907023
2024-10-22 02:30:00,7.985548438,5.9331117
2024-10-22 02:45:00,3.44223437,6.329398
2024-10-22 03:00:00,2.704131351,6.3669043
2024-10-22 03:15:00,4.857172021,6.841947
2024-10-22 03:30:00,5.524643907999999,6.6577964
2024-10-22 03:45:00,9.885911807,6.7859178
2024-10-22 04:00:00,5.34876106,7.2543893
2024-10-22 04:15:00,9.045200067,6.8250957
2024-10-22 04:30:00,5.952299901,6.8277097
2024-10-22 04:45:00,1.766864481,6.8225203
2024-10-22 05:00:00,7.836662407,6.6877913
2024-10-22 05:15:00,10.60479485,6.990592
2024-10-22 05:30:00,6.716067811000001,6.828783
2024-10-22 05:45:00,8.253382232,6.482449
2024-10-22 06:00:00,9.358639062,6.593165
2024-10-22 06:15:00,5.530255115,6.8920126
2024-10-22 06:30:00,3.694707585,7.188606
2024-10-22 06:45:00,9.706714693,7.269293
2024-10-22 07:00:00,9.694882894,7.270744
2024-10-22 07:15:00,9.769415586,7.0369086
2024-10-22 07:30:00,9.687103607,6.5231376
2024-10-22 07:45:00,2.656231786,6.5382857
2024-10-22 08:00:00,5.721148917000001,6.8881936
2024-10-22 08:15:00,3.2348247989999996,7.038707
2024-10-22 08:30:00,2.849614798,7.343915
2024-10-22 08:45:00,8.954801335,7.294343
2024-10-22 09:00:00,5.997286283,7.619784
2024-10-22 09:15:00,2.128139595,7.190526
2024-10-22 09:30:00,5.484330093,6.746945
2024-10-22 09:45:00,11.07383619,6.785394
2024-10-22 10:00:00,3.275798434,6.9974575
2024-10-22 10:15:00,4.934473683999999,6.912983
2024-10-22 10:30:00,7.778650205000001,7.066255
2024-10-22 10:45:00,3.246332353,7.5061135
2024-10-22 11:00:00,11.1035931,7.2968817
2024-10-22 11:15:00,7.894377626,7.299317
2024-10-22 11:30:00,3.650713863,7.5824184
2024-10-22 11:45:00,6.010926542,7.416767
2024-10-22 12:00:00,4.974413277,7.6298065
2024-10-22 12:15:00,2.426888209,7.272062
2024-10-22 12:30:00,4.016120909999999,7.29386
2024-10-22 12:45:00,6.873829952,7.2939005
2024-10-22 13:00:00,2.188973744,7.2813296
2024-10-22 13:15:00,1.5839912370000002,7.4455085
2024-10-22 13:30:00,6.898631353,7.211983
2024-10-22 13:45:00,5.774626145,7.283328
2024-10-22 14:00:00,3.0730821570000004,7.088754
2024-10-22 14:15:00,8.559603439,6.5182023
2024-10-22 14:30:00,2.081683956,6.607067
2024-10-22 14:45:00,3.813496607,6.639855
2024-10-22 15:00:00,2.104882311,6.5483336
2024-10-22 15:15:00,8.406865417,6.6811204
2024-10-22 15:30:00,7.600348024,6.8763337
2024-10-22 15:45:00,3.00560055,7.022488
2024-10-22 16:00:00,6.7036839509999995,6.717146
2024-10-22 16:15:00,8.422759581,7.0718303
2024-10-22 16:30:00,1.4820005710000002,7.298103
2024-10-22 16:45:00,8.446871012,7.0795584
2024-10-22 17:00:00,4.459715187999999,7.2330017
2024-10-22 17:15:00,2.447829373,7.1418304
2024-10-22 17:30:00,9.784627381,7.012959
2024-10-22 17:45:00,7.47826482,7.558153
2024-10-22 18:00:00,6.787894258,7.4785657
2024-10-22 18:15:00,9.150079907,7.1926684
2024-10-22 18:30:00,3.60156165,7.4041166
2024-10-22 18:45:00,1.306448394,7.227367
2024-10-22 19:00:00,11.503161039999998,7.228187
2024-10-22 19:15:00,3.8270814470000003,7.7897143
2024-10-22 19:30:00,7.738866674,7.4748034
2024-10-22 19:45:00,11.405984500000002,6.7955194
2024-10-22 20:00:00,3.599668151,6.3269696
2024-10-22 20:15:00,11.38192533,5.88207
2024-10-22 20:30:00,6.863223711,5.4201365
2024-10-22 20:45:00,11.574066660000002,5.3790007
2024-10-22 21:00:00,1.956923749,5.3312097
2024-10-22 21:15:00,6.735283005,5.548008
2024-10-22 21:30:00,10.5571554,5.718548
2024-10-22 21:45:00,2.684848687,6.468975
2024-10-22 22:00:00,3.995838813,6.642801
2024-10-22 22:15:00,3.23971254,6.872429
2024-10-22 22:30:00,11.405956599999998,6.72069
2024-10-22 22:45:00,4.007826231999999,7.1753087
2024-10-22 23:00:00,2.475100351,6.808898
2024-10-22 23:15:00,9.059539487,6.845714
2024-10-22 23:30:00,6.613598169,7.042321
2024-10-22 23:45:00,7.474882122000001,6.976904
2024-10-23 00:00:00,7.404318279000001,6.912783
2024-10-23 00:15:00,7.178105856,6.8640704
2024-10-23 00:30:00,5.876530675,6.8855295
2024-10-23 00:45:00,11.41170364,6.8842974
2024-10-23 01:00:00,2.806541459,7.4677095
2024-10-23 01:15:00,10.4143047,6.71132
2024-10-23 01:30:00,4.225052738999999,7.0424485
2024-10-23 01:45:00,3.166032694,6.8595657
2024-10-23 02:00:00,7.726783826,6.6495256
2024-10-23 02:15:00,10.35019968,6.770936
2024-10-23 02:30:00,4.841630875,6.832712
2024-10-23 02:45:00,1.921643767,6.396747
2024-10-23 03:00:00,6.862225874000001,6.4792886
2024-10-23 03:15:00,11.39474419,6.8626795
2024-10-23 03:30:00,5.189860194,7.215503
2024-10-23 03:45:00,1.39136569,6.9441447
2024-10-23 04:00:00,6.627685658,6.8154163
2024-10-23 04:15:00,5.228005045,6.7879214
2024-10-23 04:30:00,1.84551939,6.5762553
2024-10-23 04:45:00,10.90355935,6.660185
2024-10-23 05:00:00,7.080568884,7.1576786
2024-10-23 05:15:00,2.730036602,6.98949
2024-10-23 05:30:00,10.73627189,6.7092104
2024-10-23 05:45:00,7.205099504,6.8357224
2024-10-23 06:00:00,8.425611588,6.7422833
2024-10-23 06:15:00,7.398359871,6.602917
2024-10-23 06:30:00,10.44035613,6.68387
2024-10-23 06:45:00,10.02329971,7.007921
2024-10-23 07:00:00,1.271761724,7.417742
2024-10-23 07:15:00,1.247184174,7.5162225
2024-10-23 07:30:00,6.356687828999999,7.8806095
2024-10-23 07:45:00,4.38015299,7.861324
2024-10-23 08:00:00,6.723852314000001,7.1197886
2024-10-23 08:15:00,4.423048563,6.8866777
2024-10-23 08:30:00,10.05890353,7.0603147
2024-10-23 08:45:00,3.016638453,7.2235165
2024-10-23 09:00:00,1.668660511,6.9958234
2024-10-23 09:15:00,4.418845499999999,6.8748064
2024-10-23 09:30:00,2.657600576,6.9869175
2024-10-23 09:45:00,7.029633925,6.81842
2024-10-23 10:00:00,5.857690851,6.972188
2024-10-23 10:15:00,7.869048664,7.290994
2024-10-23 10:30:00,2.060067143,7.417102
2024-10-23 10:45:00,9.414108629,7.4976974
2024-10-23 11:00:00,3.850138873,8.0214405
2024-10-23 11:15:00,8.322005828,8.157687
2024-10-23 11:30:00,4.014611763999999,7.905586
2024-10-23 11:45:00,9.838003747,7.9192443
2024-10-23 12:00:00,9.521365236,8.086762
2024-10-23 12:15:00,4.355375622,7.7424445
2024-10-23 12:30:00,10.01124548,7.415658
2024-10-23 12:45:00,4.591768210999999,7.4565015
2024-10-23 13:00:00,10.88077941,7.468531
2024-10-23 13:15:00,3.0406830350000003,6.851743
2024-10-23 13:30:00,3.834099028,7.0083194
2024-10-23 13:45:00,9.894489981,6.5969152
2024-10-23 14:00:00,2.026289664,6.731231
2024-10-23 14:15:00,8.529188454,6.70707
2024-10-23 14:30:00,7.995823636,6.4854283
2024-10-23 14:45:00,11.3823766,6.3552194
2024-10-23 15:00:00,11.0811379,6.8858895
2024-10-23 15:15:00,6.27780684,7.110185
2024-10-23 15:30:00,7.417506283000001,7.111518
2024-10-23 15:45:00,2.819037653,7.286565
2024-10-23 16:00:00,3.638880524,7.479002
2024-10-23 16:15:00,6.843494397,7.5500026
2024-10-23 16:30:00,3.545056796,7.388288
2024-10-23 16:45:00,3.3364290669999996,7.2695045
2024-10-23 17:00:00,1.368338894,6.9572015
2024-10-23 17:15:00,2.003668489,7.197504
2024-10-23 17:30:00,8.261604173,7.134228
2024-10-23 17:45:00,1.309919534,7.0509515
2024-10-23 18:00:00,10.25486645,6.7842875
2024-10-23 18:15:00,1.8283803680000001,7.3274975
2024-10-23 18:30:00,2.698060079,7.2998104
2024-10-23 18:45:00,4.53576813,6.868117
2024-10-23 19:00:00,8.848110123,7.0299025
2024-10-23 19:15:00,8.657521721,7.3648877
2024-10-23 19:30:00,3.8258646850000004,7.3649645
2024-10-23 19:45:00,4.553511392,6.793559
2024-10-23 20:00:00,9.712146762,6.5955324
2024-10-23 20:15:00,6.295390010999999,6.7686477
2024-10-23 20:30:00,5.861449792,6.480009
2024-10-23 20:45:00,8.109182686,6.517657
2024-10-23 21:00:00,6.219331421,6.6409507
2024-10-23 21:15:00,5.690477771,6.4419436
2024-10-23 21:30:00,8.640463086,6.3368616
2024-10-23 21:45:00,11.26139789,6.745321
2024-10-23 22:00:00,6.797869922000001,6.991154
2024-10-23 22:15:00,4.239709037999999,6.877679
2024-10-23 22:30:00,11.3642466,7.018143
2024-10-23 22:45:00,8.465912088,7.1826725
2024-10-23 23:00:00,8.12842024,6.7885513
2024-10-23 23:15:00,7.744840561000001,6.1956053
2024-10-23 23:30:00,9.175929237,6.3019094
2024-10-23 23:45:00,9.056671974,6.336706
2024-10-24 00:00:00,9.045992411,6.3629446
2024-10-24 00:15:00,10.88508255,6.1604915
2024-10-24 00:30:00,5.823736271,6.466457
2024-10-24 00:45:00,3.523526968,6.9505377
2024-10-24 01:00:00,5.494507324,7.1541233
2024-10-24 01:15:00,8.950560746,7.1866217
2024-10-24 01:30:00,6.418955723999999,7.03341
2024-10-24 01:45:00,10.06411525,6.8393583
2024-10-24 02:00:00,3.887974048,6.826867
2024-10-24 02:15:00,9.133551336,6.6791606
2024-10-24 02:30:00,3.7344187520000003,6.6688204
2024-10-24 02:45:00,10.18063433,7.3305974
2024-10-24 03:00:00,5.921423105,7.195057
2024-10-24 03:15:00,11.94416191,7.11334
2024-10-24 03:30:00,8.324479501,7.1068096
2024-10-24 03:45:00,8.862857825,7.0491304
2024-10-24 04:00:00,1.5336064430000003,7.1372833
2024-10-24 04:15:00,8.592839276,6.9977074
2024-10-24 04:30:00,5.716635503,6.9570265
2024-10-24 04:45:00,4.327843033,7.1623516
2024-10-24 05:00:00,9.054370948,7.091385
2024-10-24 05:15:00,3.527733611,7.16616
2024-10-24 05:30:00,2.898679532,7.141884
2024-10-24 05:45:00,4.654033276,7.222005
2024-10-24 06:00:00,7.706941829,7.3120008
2024-10-24 06:15:00,4.006450543,7.416693
2024-10-24 06:30:00,7.015893945,7.1982245
2024-10-24 06:45:00,5.147193821,7.3773675
2024-10-24 07:00:00,4.8113306499999995,7.32427
2024-10-24 07:15:00,3.042669939,7.1859045
2024-10-24 07:30:00,4.318117906,7.1771846
2024-10-24 07:45:00,3.742766718,7.1540008
2024-10-24 08:00:00,3.6580064460000004,7.3038507
2024-10-24 08:15:00,1.9273448279999998,7.386536
2024-10-24 08:30:00,5.952466254,7.4162574
2024-10-24 08:45:00,3.88085264,7.472211
2024-10-24 09:00:00,10.74989578,6.9937043
2024-10-24 09:15:00,7.509295599,7.148534
2024-10-24 09:30:00,5.817922568,6.817704
2024-10-24 09:45:00,4.575673356,6.5063605
2024-10-24 10:00:00,6.050962956,6.5598755
2024-10-24 10:15:00,4.64599917,6.937954
2024-10-24 10:30:00,9.992951263,7.356784
2024-10-24 10:45:00,3.5753532699999995,7.5356426
2024-10-24 11:00:00,4.039658427999999,7.0406756
2024-10-24 11:15:00,8.661656316,6.752367
2024-10-24 11:30:00,10.97666056,6.9861526
2024-10-24 11:45:00,8.028931555,6.7588835
2024-10-24 12:00:00,1.958735595,6.657162
2024-10-24 12:15:00,10.2086535,6.800771
2024-10-24 12:30:00,8.78009407,7.104203
2024-10-24 12:45:00,4.020942991,6.8522973
2024-10-24 13:00:00,1.767030481,6.4684725
2024-10-24 13:15:00,8.882503834,6.645363
2024-10-24 13:30:00,3.6860618430000005,6.8590317
2024-10-24 13:45:00,6.466946432,6.958779
2024-10-24 14:00:00,2.019321936,6.5752683
2024-10-24 14:15:00,6.869044562,6.637782
2024-10-24 14:30:00,1.432185271,6.667673
2024-10-24 14:45:00,7.238565569,6.8076916
2024-10-24 15:00:00,9.568227308,6.625673
2024-10-24 15:15:00,6.909651468,6.714091
2024-10-24 15:30:00,10.86136481,6.4487534
2024-10-24 15:45:00,6.817536892,6.383661
2024-10-24 16:00:00,7.727227185,6.467033
2024-10-24 16:15:00,4.903392133,6.2963977
2024-10-24 16:30:00,4.315633,6.472865
2024-10-24 16:45:00,4.391466582999999,6.534971
2024-10-24 17:00:00,2.11846668,6.6608057
2024-10-24 17:15:00,3.762003742,6.7881374
2024-10-24 17:30:00,5.240017508999999,6.900754
2024-10-24 17:45:00,4.859118753999999,7.341063
2024-10-24 18:00:00,6.366139113000001,7.0662127
2024-10-24 18:15:00,5.8291467,7.033145
2024-10-24 18:30:00,8.418622075,7.068032
2024-10-24 18:45:00,5.147663739,6.2548423
2024-10-24 19:00:00,8.481494886,6.1715574
2024-10-24 19:15:00,9.646257224,6.4730406
2024-10-24 19:30:00,5.671615025,6.5758862
2024-10-24 19:45:00,7.067129772,6.1201286
2024-10-24 20:00:00,8.396812911,6.0130525
2024-10-24 20:15:00,6.256253176,6.0442863
2024-10-24 20:30:00,2.8925915139999994,5.9750075
2024-10-24 20:45:00,4.028971317,6.5067325
2024-10-24 21:00:00,1.384539025,6.424488
2024-10-24 21:15:00,8.097060062,6.7018566
2024-10-24 21:30:00,3.9333337219999995,7.0643716
2024-10-24 21:45:00,9.206958405,6.887437
2024-10-24 22:00:00,8.408538756,6.3323565
2024-10-24 22:15:00,8.986926503,6.2627854
2024-10-24 22:30:00,10.25034403,5.9413114
2024-10-24 22:45:00,5.512979863,6.0186152
2024-10-24 23:00:00,2.9093651089999994,6.113531
2024-10-24 23:15:00,10.85850304,6.5199676
2024-10-24 23:30:00,11.24813663,6.7316804
2024-10-24 23:45:00,3.338181072,6.7025967
2024-10-25 00:00:00,8.920349091,6.304005
2024-10-25 00:15:00,1.8898942580000002,5.9675145
2024-10-25 00:30:00,1.360206688,6.085493
2024-10-25 00:45:00,8.409223502,6.5327077
2024-10-25 01:00:00,3.909403386,6.563182
2024-10-25 01:15:00,9.383440515,6.4034543
2024-10-25 01:30:00,6.284294777,6.1495094
2024-10-25 01:45:00,9.158263582,6.127544
2024-10-25 02:00:00,2.363038884,5.9124866
2024-10-25 02:15:00,9.64189494,6.169766
2024-10-25 02:30:00,3.2585661060000004,6.0718617
2024-10-25 02:45:00,7.496652948,6.2009697
2024-10-25 03:00:00,7.381650389000001,6.016903
2024-10-25 03:15:00,1.988239595,5.8302546
2024-10-25 03:30:00,11.74654264,5.8188996
2024-10-25 03:45:00,4.200252815999999,5.9814696
2024-10-25 04:00:00,8.751622255,6.233656
2024-10-25 04:15:00,7.6082937610000005,5.7873707
2024-10-25 04:30:00,1.564735729,5.301053
2024-10-25 04:45:00,10.10666401,5.189735
2024-10-25 05:00:00,4.238179110999999,5.795205
2024-10-25 05:15:00,3.466551354,5.8209124
2024-10-25 05:30:00,1.711054223,5.947053
2024-10-25 05:45:00,4.123679451,6.223208
2024-10-25 06:00:00,7.544647427,6.3388424
2024-10-25 06:15:00,3.238830696,6.569546
2024-10-25 06:30:00,6.358983938,6.3647375
2024-10-25 06:45:00,9.683265298,6.1897345
2024-10-25 07:00:00,11.67785576,6.555705
2024-10-25 07:15:00,8.000719415,6.636914
2024-10-25 07:30:00,3.3024573019999997,6.4237695
2024-10-25 07:45:00,5.254014549,6.7459726
2024-10-25 08:00:00,6.507369399,7.0098944
2024-10-25 08:15:00,10.06790152,6.5679717
2024-10-25 08:30:00,6.549785746,6.125616
2024-10-25 08:45:00,6.005503145999999,5.641833
2024-10-25 09:00:00,3.735354747,5.930489
2024-10-25 09:15:00,5.887608495,6.1801147
2024-10-25 09:30:00,4.466862001,6.000335
2024-10-25 09:45:00,6.647822199,6.1975207
2024-10-25 10:00:00,9.801209911,6.3931584
2024-10-25 10:15:00,11.17434165,6.5838513
2024-10-25 10:30:00,10.02308087,6.6806536
2024-10-25 10:45:00,10.03958936,6.6901984
2024-10-25 11:00:00,4.899062377,6.8701296
2024-10-25 11:15:00,8.766264319,7.2484245
2024-10-25 11:30:00,5.045105548999999,7.6234803
2024-10-25 11:45:00,1.365245097,7.62456
2024-10-25 12:00:00,10.08479802,7.6811004
2024-10-25 12:15:00,1.639149584,7.446149
2024-10-25 12:30:00,2.280435305,7.3775625
2024-10-25 12:45:00,1.312115968,7.1233726
2024-10-25 13:00:00,1.915472294,7.0711913
2024-10-25 13:15:00,1.687708013,7.0049305
2024-10-25 13:30:00,7.749456236,6.876567
2024-10-25 13:45:00,9.849911246,6.721908
2024-10-25 14:00:00,8.938753807,6.0651684
2024-10-25 14:15:00,7.735459392,5.171215
2024-10-25 14:30:00,9.262465018,5.6900873
2024-10-25 14:45:00,5.706706468000001,6.4974885
2024-10-25 15:00:00,10.90151721,6.550553
2024-10-25 15:15:00,6.19414578,6.361265
2024-10-25 15:30:00,1.546886117,6.2938004
2024-10-25 15:45:00,8.74762183,6.6132016
2024-10-25 16:00:00,9.05561685,6.4500604
2024-10-25 16:15:00,3.53049458,6.097467
2024-10-25 16:30:00,4.179744308999999,6.334289
2024-10-25 16:45:00,8.069506459,6.348781
2024-10-25 17:00:00,6.944770345,6.6674495
2024-10-25 17:15:00,10.02592377,6.6683726
2024-10-25 17:30:00,5.909461098,6.706692
2024-10-25 17:45:00,7.793504552,6.815033
2024-10-25 18:00:00,4.159260921,6.8435
2024-10-25 18:15:00,11.1912101,6.693894
2024-10-25 18:30:00,5.267600214999999,6.200341
2024-10-25 18:45:00,6.374452754000001,5.8529453
2024-10-25 19:00:00,7.798627438,5.6266127
2024-10-25 19:15:00,3.699152901,6.0395336
2024-10-25 19:30:00,4.37565877,6.2122936
2024-10-25 19:45:00,6.497880723,6.243142
2024-10-25 20:00:00,3.973949357999999,6.514681
2024-10-25 20:15:00,2.332310972,6.6250978
2024-10-25 20:30:00,9.761738793,6.5657396
2024-10-25 20:45:00,4.861795371,6.740237
2024-10-25 21:00:00,5.533200016,6.6235313
2024-10-25 21:15:00,7.192871765,5.9973435
2024-10-25 21:30:00,9.651155248,5.883998
2024-10-25 21:45:00,2.548638381,5.7969155
2024-10-25 22:00:00,7.615697216,5.810355
2024-10-25 22:15:00,4.603904582,5.9488716
2024-10-25 22:30:00,9.667247328,6.560176
2024-10-25 22:45:00,7.962093891,6.392464
2024-10-25 23:00:00,2.523173334,6.197353
2024-10-25 23:15:00,4.255554884999999,5.9189405
2024-10-25 23:30:00,1.515379663,6.100764
2024-10-25 23:45:00,9.633488387,6.2757177
2024-10-26 00:00:00,5.392072582,6.668844
2024-10-26 00:15:00,1.7414000869999997,6.1836944
2024-10-26 00:30:00,1.33158652,5.887301
2024-10-26 00:45:00,10.70084265,6.2622495
2024-10-26 01:00:00,10.19850705,6.3563485
2024-10-26 01:15:00,4.703994023999999,6.199832
2024-10-26 01:30:00,6.5175141,5.934294
2024-10-26 01:45:00,6.641597612,6.0296197
2024-10-26 02:00:00,6.503747078000001,6.190217
2024-10-26 02:15:00,4.147391537999999,6.1423264
2024-10-26 02:30:00,5.209601703999999,6.392116
2024-10-26 02:45:00,3.049215469,6.539027
2024-10-26 03:00:00,1.581704228,6.8160563
2024-10-26 03:15:00,2.664380908,6.815189
2024-10-26 03:30:00,1.288890126,6.351075
2024-10-26 03:45:00,5.433366850999999,6.191242
2024-10-26 04:00:00,8.043639325,6.186568
2024-10-26 04:15:00,2.931167073,6.029507
2024-10-26 04:30:00,6.976160814,5.6951265
2024-10-26 04:45:00,4.600288851,5.462151
2024-10-26 05:00:00,2.35270831,5.4592347
2024-10-26 05:15:00,2.432379697,5.6221437
2024-10-26 05:30:00,7.348760485000001,5.9199944
2024-10-26 05:45:00,2.323780366,6.187733
2024-10-26 06:00:00,6.971591125,5.8186316
2024-10-26 06:15:00,2.978164733,5.767042
2024-10-26 06:30:00,9.968900131,5.865926
2024-10-26 06:45:00,1.6558817469999998,5.7526326
2024-10-26 07:00:00,4.923480216,5.7651486
2024-10-26 07:15:00,8.616458528,5.901346
2024-10-26 07:30:00,8.882265335,6.5763726
2024-10-26 07:45:00,2.65180537,6.5765324
2024-10-26 08:00:00,3.133593329,6.67458
2024-10-26 08:15:00,6.681744142,6.783441
2024-10-26 08:30:00,8.115562297,7.067965
2024-10-26 08:45:00,9.420189487,6.636157
2024-10-26 09:00:00,7.388554600999999,6.29563
2024-10-26 09:15:00,8.590641504,6.5358005
2024-10-26 09:30:00,5.539055598,6.51776
2024-10-26 09:45:00,6.816751147,6.786121
2024-10-26 10:00:00,5.493995245,6.971766
2024-10-26 10:15:00,9.098488546,6.868388
2024-10-26 10:30:00,3.0050591,6.992696
2024-10-26 10:45:00,3.877781243,7.0329723
2024-10-26 11:00:00,9.439152106,6.9959884
2024-10-26 11:15:00,8.936926656,7.1916027
2024-10-26 11:30:00,9.106059436,6.939698
2024-10-26 11:45:00,2.173020181,6.858483
2024-10-26 12:00:00,5.923810119999999,7.064674
2024-10-26 12:15:00,6.642467659,6.722327
2024-10-26 12:30:00,9.161136539,6.4755864
2024-10-26 12:45:00,5.861614384000001,6.341537
2024-10-26 13:00:00,6.885758925000001,6.243966
2024-10-26 13:15:00,3.890242394,6.2537208
2024-10-26 13:30:00,9.732689152,6.422242
2024-10-26 13:45:00,10.5255388,6.583202
2024-10-26 14:00:00,5.652125411,6.584505
2024-10-26 14:15:00,5.421869141999999,6.4701886
2024-10-26 14:30:00,4.239539159999999,6.4687533
2024-10-26 14:45:00,4.22440902,6.958052
2024-10-26 15:00:00,6.690581256000001,7.244839
2024-10-26 15:15:00,2.8656014789999995,7.3322453
2024-10-26 15:30:00,7.387256761,7.239322
2024-10-26 15:45:00,6.909524542,6.6797576
2024-10-26 16:00:00,8.992207638,6.738335
2024-10-26 16:15:00,3.509758361,6.5928793
2024-10-26 16:30:00,8.00548087,6.6492434
2024-10-26 16:45:00,1.346718068,6.580613
2024-10-26 17:00:00,6.512846992,6.925587
2024-10-26 17:15:00,9.819386906,7.1501236
2024-10-26 17:30:00,8.30250232,6.9849944
2024-10-26 17:45:00,10.04643828,6.5146756
2024-10-26 18:00:00,2.663324705,6.267711
2024-10-26 18:15:00,8.771636249,6.719465
2024-10-26 18:30:00,5.693944988,6.546347
2024-10-26 18:45:00,4.159532315999999,6.6260433
2024-10-26 19:00:00,4.957440815,6.5039425
2024-10-26 19:15:00,2.236960844,6.463917
2024-10-26 19:30:00,8.073251095,6.888644
2024-10-26 19:45:00,7.782273667,6.6970477
2024-10-26 20:00:00,2.75759383,6.272898
2024-10-26 20:15:00,6.693482024,5.935422
2024-10-26 20:30:00,2.359672138,6.157867
2024-10-26 20:45:00,4.233575322999999,6.525672
2024-10-26 21:00:00,1.46847085,6.666247
