timestamp,y_true,y_pred
2024-08-28 06:00:00,8.665666717,8.383728
2024-08-28 06:15:00,9.962450518,10.173815
2024-08-28 06:30:00,10.56282172,10.872092
2024-08-28 06:45:00,10.59416241,10.7588005
2024-08-28 07:00:00,2.56990985,2.6163304
2024-08-28 07:15:00,4.922063097,5.0465794
2024-08-28 07:30:00,6.511882781,6.2456436
2024-08-28 07:45:00,9.697109857,9.249823
2024-08-28 08:00:00,1.215168505,1.2604115
2024-08-28 08:15:00,10.63162863,10.741111
2024-08-28 08:30:00,5.019014334,5.0858636
2024-08-28 08:45:00,7.510695351,7.680466
2024-08-28 09:00:00,11.47886535,10.906367
2024-08-28 09:15:00,10.72294353,10.34919
2024-08-28 09:30:00,4.634936149,4.8242893
2024-08-28 09:45:00,6.265779489,6.197974
2024-08-28 10:00:00,9.122319505,9.343985
2024-08-28 10:15:00,9.429844775,9.112856
2024-08-28 10:30:00,7.902673266,8.205318
2024-08-28 10:45:00,1.26127498,1.3046111
2024-08-28 11:00:00,3.346479582,3.2244017
2024-08-28 11:15:00,3.288064816,3.4058752
2024-08-28 11:30:00,3.793297188,3.8329155
2024-08-28 11:45:00,2.030423776,2.1071024
2024-08-28 12:00:00,10.0068271,9.706936
2024-08-28 12:15:00,4.427785229,4.6799073
2024-08-28 12:30:00,8.65920431,9.105856
2024-08-28 12:45:00,11.14486403,11.10292
2024-08-28 13:00:00,4.317664284,4.4860044
2024-08-28 13:15:00,5.921312994,5.897771
2024-08-28 13:30:00,1.845342224,1.9167025
2024-08-28 13:45:00,4.198847177,4.212255
2024-08-28 14:00:00,6.944165813,6.7494936
2024-08-28 14:15:00,2.977769442,3.0231104
2024-08-28 14:30:00,6.502304201,6.767937
2024-08-28 14:45:00,4.206290013,4.3346663
2024-08-28 15:00:00,11.61361643,11.524448
2024-08-28 15:15:00,4.814934471,4.936171
2024-08-28 15:30:00,1.538446186,1.5585139
2024-08-28 15:45:00,6.247371667,6.157798
2024-08-28 16:00:00,4.557375966,4.485576
2024-08-28 16:15:00,4.674545618,4.815519
2024-08-28 16:30:00,5.039377645,5.0295973
2024-08-28 16:45:00,9.727594444,9.921755
2024-08-28 17:00:00,6.453366684,6.3239417
2024-08-28 17:15:00,3.827968264,3.93668
2024-08-28 17:30:00,9.580156231,9.521412
2024-08-28 17:45:00,5.955986338,5.9574275
2024-08-28 18:00:00,2.536402767,2.617318
2024-08-28 18:15:00,11.676842,11.377642
2024-08-28 18:30:00,1.396458139,1.4223192
2024-08-28 18:45:00,8.52278206,8.530349
2024-08-28 19:00:00,9.994010783,10.03891
2024-08-28 19:15:00,4.959506149,4.7788467
2024-08-28 19:30:00,2.721032453,2.728631
2024-08-28 19:45:00,5.984436702,5.729574
2024-08-28 20:00:00,5.738048883,5.927504
2024-08-28 20:15:00,11.12690239,11.277371
2024-08-28 20:30:00,1.289261828,1.3356465
2024-08-28 20:45:00,7.31717771,7.488763
2024-08-28 21:00:00,10.04252636,9.506224
2024-08-28 21:15:00,7.464600297,7.273828
2024-08-28 21:30:00,8.126431345,7.8731527
2024-08-28 21:45:00,10.17430091,9.916044
2024-08-28 22:00:00,7.037628424,6.9259706
2024-08-28 22:15:00,10.32041896,10.378329
2024-08-28 22:30:00,3.34843723,3.4636602
2024-08-28 22:45:00,6.270203331,6.483161
2024-08-28 23:00:00,1.434203029,1.4458345
2024-08-28 23:15:00,9.991940176,9.791115
2024-08-28 23:30:00,8.830377083,9.12852
2024-08-28 23:45:00,6.822894543,6.755731
2024-08-29 00:00:00,5.074891623,5.317285
2024-08-29 00:15:00,4.587084216,4.6867223
2024-08-29 00:30:00,3.169659959,3.2147312
2024-08-29 00:45:00,5.401906058,5.534055
2024-08-29 01:00:00,4.3821198,4.3121214
2024-08-29 01:15:00,7.350193051,7.253012
2024-08-29 01:30:00,9.334256989,8.922453
2024-08-29 01:45:00,8.652135906,8.449094
2024-08-29 02:00:00,6.520484416,6.4713387
2024-08-29 02:15:00,10.64499125,10.631004
2024-08-29 02:30:00,3.140320492,3.2090933
2024-08-29 02:45:00,8.070236152,7.880366
2024-08-29 03:00:00,1.952581769,2.0553715
2024-08-29 03:15:00,8.49644558,8.366713
2024-08-29 03:30:00,8.145230943,8.310993
2024-08-29 03:45:00,8.798674938,9.150085
2024-08-29 04:00:00,8.230309402,7.818807
2024-08-29 04:15:00,2.561973172,2.4954286
2024-08-29 04:30:00,1.553132013,1.5871211
2024-08-29 04:45:00,8.587167019,8.350543
2024-08-29 05:00:00,9.699910675,9.443081
2024-08-29 05:15:00,1.562345406,1.5195991
2024-08-29 05:30:00,2.75486645,2.7498147
2024-08-29 05:45:00,9.456585317,9.236832
2024-08-29 06:00:00,10.88163012,11.296276
2024-08-29 06:15:00,6.311547834,6.3640594
2024-08-29 06:30:00,2.91485705,2.8553813
2024-08-29 06:45:00,4.631045688,4.602811
2024-08-29 07:00:00,9.296885404,9.440994
2024-08-29 07:15:00,7.016567435,6.935223
2024-08-29 07:30:00,1.834164711,1.7812735
2024-08-29 07:45:00,4.381320832,4.2783966
2024-08-29 08:00:00,9.051245382,9.039655
2024-08-29 08:15:00,4.340862541,4.540781
2024-08-29 08:30:00,5.89924793,5.8530025
2024-08-29 08:45:00,11.12661539,10.724711
2024-08-29 09:00:00,11.55054174,11.419531
2024-08-29 09:15:00,8.770151303,8.800903
2024-08-29 09:30:00,3.608260811,3.6827025
2024-08-29 09:45:00,3.773086637,3.5822415
2024-08-29 10:00:00,4.132457913,4.349184
2024-08-29 10:15:00,2.899393253,2.818839
2024-08-29 10:30:00,3.121075618,2.964909
2024-08-29 10:45:00,3.707332322,3.8771713
2024-08-29 11:00:00,7.659360093,7.865335
2024-08-29 11:15:00,7.529508902,7.4881268
2024-08-29 11:30:00,4.544639735,4.4750967
2024-08-29 11:45:00,3.283143959,3.1289527
2024-08-29 12:00:00,7.7850989,7.760355
2024-08-29 12:15:00,2.473921335,2.433624
2024-08-29 12:30:00,2.857013416,2.7228053
2024-08-29 12:45:00,5.049537003,5.2444453
2024-08-29 13:00:00,7.000812827,7.025353
2024-08-29 13:15:00,8.804224011,9.367264
2024-08-29 13:30:00,8.713221872,8.531732
2024-08-29 13:45:00,5.172270275,5.005972
2024-08-29 14:00:00,8.323797045,8.107166
2024-08-29 14:15:00,3.257026845,3.3759596
2024-08-29 14:30:00,6.200239616,6.19988
2024-08-29 14:45:00,7.520710826,7.2679596
2024-08-29 15:00:00,8.671360131,9.002681
2024-08-29 15:15:00,1.901079773,1.933225
2024-08-29 15:30:00,2.177016226,2.1703327
2024-08-29 15:45:00,1.833469959,1.8504075
2024-08-29 16:00:00,6.772274736,6.8243995
2024-08-29 16:15:00,6.982882018,7.0601482
2024-08-29 16:30:00,1.22573384,1.2443194
2024-08-29 16:45:00,7.173247923,7.573639
2024-08-29 17:00:00,8.645796106,9.146185
2024-08-29 17:15:00,2.425104417,2.3131874
2024-08-29 17:30:00,4.887059225,4.74675
2024-08-29 17:45:00,10.37155053,10.73401
2024-08-29 18:00:00,8.297376715,8.330352
2024-08-29 18:15:00,4.253902997,4.1027317
2024-08-29 18:30:00,8.796436662,8.923017
2024-08-29 18:45:00,9.793198972,10.386453
2024-08-29 19:00:00,4.42478655,4.606528
2024-08-29 19:15:00,8.106004948,8.538001
2024-08-29 19:30:00,2.238047908,2.1752403
2024-08-29 19:45:00,1.696387181,1.7088706
2024-08-29 20:00:00,7.059404692,7.284028
2024-08-29 20:15:00,6.12186987,6.1448336
2024-08-29 20:30:00,9.152479638,9.519942
2024-08-29 20:45:00,8.860871934,8.852837
2024-08-29 21:00:00,4.126539162,4.175731
2024-08-29 21:15:00,6.353677417,6.498802
2024-08-29 21:30:00,8.577982623,8.888199
2024-08-29 21:45:00,3.897891158,3.903271
2024-08-29 22:00:00,4.936195514,4.834938
2024-08-29 22:15:00,1.81935286,1.7739129
2024-08-29 22:30:00,2.289219892,2.3922777
2024-08-29 22:45:00,7.47109458,7.581177
2024-08-29 23:00:00,5.916760539,6.1031218
2024-08-29 23:15:00,2.685185687,2.772604
2024-08-29 23:30:00,1.238633308,1.2597923
2024-08-29 23:45:00,2.785260094,2.8941782
2024-08-30 00:00:00,8.528742649,8.660044
2024-08-30 00:15:00,2.216354494,2.116276
2024-08-30 00:30:00,5.684625701,5.514504
2024-08-30 00:45:00,3.660201556,3.5742934
2024-08-30 01:00:00,6.728622329,6.7775254
2024-08-30 01:15:00,6.238548133,6.3240023
2024-08-30 01:30:00,11.42847385,11.603315
2024-08-30 01:45:00,9.093109573,9.409379
2024-08-30 02:00:00,10.52443698,10.601867
2024-08-30 02:15:00,7.251846794,7.3756037
2024-08-30 02:30:00,8.800014267,8.699602
2024-08-30 02:45:00,10.67577966,10.664827
2024-08-30 03:00:00,1.600817544,1.5437068
2024-08-30 03:15:00,10.71233538,10.501366
2024-08-30 03:30:00,3.39876962,3.2790625
2024-08-30 03:45:00,8.413357428,8.334266
2024-08-30 04:00:00,9.074404871,9.309958
2024-08-30 04:15:00,2.258167969,2.2166076
2024-08-30 04:30:00,11.03589857,10.720468
2024-08-30 04:45:00,11.29513741,10.776099
2024-08-30 05:00:00,8.004765345,8.209822
2024-08-30 05:15:00,2.702863044,2.6873913
2024-08-30 05:30:00,6.780457284,7.175342
2024-08-30 05:45:00,4.81642396,4.7104235
2024-08-30 06:00:00,10.45352958,10.794025
2024-08-30 06:15:00,5.248745259,5.219255
2024-08-30 06:30:00,8.365330733,8.241
2024-08-30 06:45:00,7.2901352,7.605829
2024-08-30 07:00:00,4.002412962,4.1884003
2024-08-30 07:15:00,7.00347648,6.742477
2024-08-30 07:30:00,5.342193454,5.435705
2024-08-30 07:45:00,5.318071164,5.068068
2024-08-30 08:00:00,9.766681273,9.769759
2024-08-30 08:15:00,2.794057122,2.693794
2024-08-30 08:30:00,5.385532317,5.500766
2024-08-30 08:45:00,1.255272781,1.2847126
2024-08-30 09:00:00,3.533266736,3.7322843
2024-08-30 09:15:00,7.390184792,7.751818
2024-08-30 09:30:00,2.098072567,2.057235
2024-08-30 09:45:00,4.024132236,3.8787775
2024-08-30 10:00:00,9.724135629,9.970649
2024-08-30 10:15:00,8.177628888,8.051151
2024-08-30 10:30:00,1.841850176,1.8264165
2024-08-30 10:45:00,11.40752388,11.307665
2024-08-30 11:00:00,10.80247876,10.926018
2024-08-30 11:15:00,2.60191181,2.6489604
2024-08-30 11:30:00,11.16809021,10.998294
2024-08-30 11:45:00,6.519322389,6.824722
2024-08-30 12:00:00,10.2515954,10.267689
2024-08-30 12:15:00,10.61931216,11.2611685
2024-08-30 12:30:00,8.804056473,8.59967
2024-08-30 12:45:00,4.270666006,4.1268864
2024-08-30 13:00:00,10.98110376,11.204527
2024-08-30 13:15:00,6.873729701,7.1134534
2024-08-30 13:30:00,4.552200281,4.417298
2024-08-30 13:45:00,6.215911788,5.9387774
2024-08-30 14:00:00,5.477245441,5.411689
2024-08-30 14:15:00,10.9920004,11.042023
2024-08-30 14:30:00,10.31300471,10.019701
2024-08-30 14:45:00,1.574018378,1.5159187
2024-08-30 15:00:00,1.232736531,1.2157028
2024-08-30 15:15:00,1.829309984,1.9054149
2024-08-30 15:30:00,7.788123904,7.4848204
2024-08-30 15:45:00,9.128809456,9.206068
2024-08-30 16:00:00,6.286106968,6.4037914
2024-08-30 16:15:00,7.006727196,6.736746
2024-08-30 16:30:00,3.595679774,3.5600567
2024-08-30 16:45:00,5.806544141,6.1014223
2024-08-30 17:00:00,3.790550185,3.9217007
2024-08-30 17:15:00,3.998524406,3.8092248
2024-08-30 17:30:00,5.18715339,5.395074
2024-08-30 17:45:00,1.568103798,1.6368264
2024-08-30 18:00:00,10.65928394,11.022234
2024-08-30 18:15:00,11.10303142,10.838618
2024-08-30 18:30:00,9.685632009,9.330802
2024-08-30 18:45:00,7.606335176,7.2132516
2024-08-30 19:00:00,9.267051425,9.398248
2024-08-30 19:15:00,11.00457256,10.82541
2024-08-30 19:30:00,3.929815197,4.035887
2024-08-30 19:45:00,4.990361716,5.0033627
2024-08-30 20:00:00,8.930227763,8.467
2024-08-30 20:15:00,7.315080308,7.537582
2024-08-30 20:30:00,9.412647203,9.6992655
2024-08-30 20:45:00,4.362617528,4.649067
2024-08-30 21:00:00,4.504542228,4.3831677
2024-08-30 21:15:00,7.209833886,7.1577015
2024-08-30 21:30:00,2.763634155,2.658509
2024-08-30 21:45:00,1.515099332,1.5279958
2024-08-30 22:00:00,3.909403638,3.7727127
2024-08-30 22:15:00,2.678762625,2.714032
2024-08-30 22:30:00,1.177699236,1.2579293
2024-08-30 22:45:00,9.374787684,9.26508
2024-08-30 23:00:00,6.61397668,6.671919
2024-08-30 23:15:00,7.879452043,8.20891
2024-08-30 23:30:00,2.754285302,2.7152486
2024-08-30 23:45:00,3.802261296,3.7053475
2024-08-31 00:00:00,1.891962288,1.8357135
2024-08-31 00:15:00,12.25674328,11.566183
2024-08-31 00:30:00,2.31761065,2.3090506
2024-08-31 00:45:00,2.041865325,2.055807
2024-08-31 01:00:00,7.83318748,7.4655223
2024-08-31 01:15:00,4.49475673,4.6198792
2024-08-31 01:30:00,10.49339147,10.331865
2024-08-31 01:45:00,9.595237808,9.637909
2024-08-31 02:00:00,10.17049205,9.808492
2024-08-31 02:15:00,9.056378555,8.841392
2024-08-31 02:30:00,2.418601284,2.517137
2024-08-31 02:45:00,1.827063734,1.7463225
2024-08-31 03:00:00,1.757662952,1.826733
2024-08-31 03:15:00,9.826080398,9.372158
2024-08-31 03:30:00,8.503010704,8.185675
2024-08-31 03:45:00,11.1890412,11.083089
2024-08-31 04:00:00,7.608856423,7.6969886
2024-08-31 04:15:00,3.582756417,3.815058
2024-08-31 04:30:00,2.136084681,2.0451236
2024-08-31 04:45:00,4.979266475,4.7966537
2024-08-31 05:00:00,3.06636337,3.158438
2024-08-31 05:15:00,7.7291665,7.6199937
2024-08-31 05:30:00,2.171720325,2.1993976
2024-08-31 05:45:00,9.147679421,8.898453
2024-08-31 06:00:00,8.441734219,8.705807
2024-08-31 06:15:00,9.308073761,8.782877
2024-08-31 06:30:00,11.57264019,11.648306
2024-08-31 06:45:00,8.253678587,8.465774
2024-08-31 07:00:00,9.181918015,9.585964
2024-08-31 07:15:00,2.048612282,2.069201
2024-08-31 07:30:00,10.92498581,10.600945
2024-08-31 07:45:00,3.203839552,3.3497024
2024-08-31 08:00:00,6.335399575,6.290418
2024-08-31 08:15:00,10.53793047,10.733165
2024-08-31 08:30:00,2.983953686,3.0429323
2024-08-31 08:45:00,1.46146309,1.4800446
2024-08-31 09:00:00,4.300003328,4.3098254
2024-08-31 09:15:00,2.61849212,2.7295854
2024-08-31 09:30:00,8.000961139,7.8966517
2024-08-31 09:45:00,4.14932537,3.9929035
2024-08-31 10:00:00,1.807471435,1.6720341
2024-08-31 10:15:00,10.42443208,10.598555
2024-08-31 10:30:00,1.688338485,1.7283337
2024-08-31 10:45:00,3.749687446,3.9924314
2024-08-31 11:00:00,3.697767846,3.6886694
2024-08-31 11:15:00,1.336186489,1.3522536
2024-08-31 11:30:00,3.021705768,2.8704872
2024-08-31 11:45:00,9.819412678,9.715055
2024-08-31 12:00:00,1.522760693,1.5064806
2024-08-31 12:15:00,1.396632063,1.4445733
2024-08-31 12:30:00,7.718894591,7.7580247
2024-08-31 12:45:00,2.021547319,2.113841
2024-08-31 13:00:00,4.849777214,4.90329
2024-08-31 13:15:00,1.102625138,1.1411439
2024-08-31 13:30:00,5.086444412,4.9815617
2024-08-31 13:45:00,4.331970506,4.2671947
2024-08-31 14:00:00,7.447717994,7.578718
2024-08-31 14:15:00,6.018652857,6.3218727
2024-08-31 14:30:00,7.660750693,8.030061
2024-08-31 14:45:00,11.08675583,10.488116
2024-08-31 15:00:00,9.428320075,9.348373
2024-08-31 15:15:00,10.85901972,10.821623
2024-08-31 15:30:00,1.725665739,1.7888942
2024-08-31 15:45:00,11.22004593,11.15916
2024-08-31 16:00:00,4.517104803,4.4682984
2024-08-31 16:15:00,3.822155354,3.9360917
2024-08-31 16:30:00,5.452896183,5.286835
2024-08-31 16:45:00,9.44239092,9.262743
2024-08-31 17:00:00,10.61371643,11.177655
2024-08-31 17:15:00,6.828895609,6.9668026
2024-08-31 17:30:00,2.923304459,2.8767085
2024-08-31 17:45:00,3.170519025,3.2855113
2024-08-31 18:00:00,5.340179918,5.465404
2024-08-31 18:15:00,4.693281803,4.8223276
2024-08-31 18:30:00,3.815440839,3.6402092
2024-08-31 18:45:00,10.35896368,10.0703945
2024-08-31 19:00:00,3.838428335,4.003483
2024-08-31 19:15:00,7.389649912,7.1178594
2024-08-31 19:30:00,6.163843564,6.160108
2024-08-31 19:45:00,11.19889954,10.84986
2024-08-31 20:00:00,7.328981688,7.6185055
2024-08-31 20:15:00,4.51904178,4.6357036
2024-08-31 20:30:00,8.110552104,7.803007
2024-08-31 20:45:00,4.395708909,4.4633217
2024-08-31 21:00:00,2.024615975,2.0398557
2024-08-31 21:15:00,6.0933558,5.988909
2024-08-31 21:30:00,10.32391345,9.992102
2024-08-31 21:45:00,9.752617097,10.176678
2024-08-31 22:00:00,6.947886024,6.8790736
2024-08-31 22:15:00,8.982226797,8.648489
2024-08-31 22:30:00,7.054652456,7.5230675
2024-08-31 22:45:00,9.810686813,9.481068
2024-08-31 23:00:00,2.31034616,2.328877
2024-08-31 23:15:00,5.528542732,5.5768313
2024-08-31 23:30:00,3.569206423,3.720364
2024-08-31 23:45:00,1.244146972,1.2089206
2024-09-01 00:00:00,9.48884599,9.692691
2024-09-01 00:15:00,2.471457519,2.5469182
2024-09-01 00:30:00,4.887444772,4.645632
2024-09-01 00:45:00,10.45106302,10.184478
2024-09-01 01:00:00,9.011422176,8.697127
2024-09-01 01:15:00,6.922433438,7.209433
2024-09-01 01:30:00,4.581764729,4.5055604
2024-09-01 01:45:00,6.425108335,6.568923
2024-09-01 02:00:00,1.698324023,1.7592071
2024-09-01 02:15:00,8.086717837,8.209801
2024-09-01 02:30:00,3.54276849,3.622272
2024-09-01 02:45:00,6.284220425,6.2448206
2024-09-01 03:00:00,2.036150986,2.1797965
2024-09-01 03:15:00,9.07800272,8.623757
2024-09-01 03:30:00,10.72536835,10.972864
2024-09-01 03:45:00,5.667751501,5.787967
2024-09-01 04:00:00,1.959915113,2.0592103
2024-09-01 04:15:00,10.60693476,10.796449
2024-09-01 04:30:00,5.862662111,5.86787
2024-09-01 04:45:00,1.994307307,1.9847245
2024-09-01 05:00:00,3.178945551,3.2563975
2024-09-01 05:15:00,2.498398523,2.469175
2024-09-01 05:30:00,3.235092103,3.1100216
2024-09-01 05:45:00,2.835396338,2.7383685
2024-09-01 06:00:00,11.07384435,10.747377
2024-09-01 06:15:00,3.228144314,3.3955872
2024-09-01 06:30:00,5.974538288,5.834006
2024-09-01 06:45:00,9.430479515,9.146147
2024-09-01 07:00:00,7.88119413,8.267795
2024-09-01 07:15:00,10.87504685,10.97692
2024-09-01 07:30:00,11.09996108,11.100135
2024-09-01 07:45:00,6.915221134,7.075651
2024-09-01 08:00:00,9.037631856,9.059537
2024-09-01 08:15:00,5.258281735,5.126625
2024-09-01 08:30:00,5.825110164,5.6445155
2024-09-01 08:45:00,2.164029782,2.2165773
2024-09-01 09:00:00,7.933250291,7.892515
2024-09-01 09:15:00,3.785383666,3.8969243
2024-09-01 09:30:00,1.982288931,2.0518878
2024-09-01 09:45:00,2.1233777,2.2153938
2024-09-01 10:00:00,8.954765805,8.533584
2024-09-01 10:15:00,3.529864427,3.4466536
2024-09-01 10:30:00,9.543485534,9.123182
2024-09-01 10:45:00,11.32985103,10.985013
2024-09-01 11:00:00,4.62917153,4.781878
2024-09-01 11:15:00,9.40405382,9.370672
2024-09-01 11:30:00,5.6630959,5.717714
2024-09-01 11:45:00,9.259696429,9.256065
2024-09-01 12:00:00,4.347666712,4.20868
2024-09-01 12:15:00,10.49904179,10.61823
2024-09-01 12:30:00,11.7625614,11.228903
2024-09-01 12:45:00,4.964504035,5.167191
2024-09-01 13:00:00,3.158556063,3.1915483
2024-09-01 13:15:00,8.714840313,8.333876
2024-09-01 13:30:00,7.249969456,7.1279182
2024-09-01 13:45:00,11.28568549,11.423343
2024-09-01 14:00:00,9.902235432,9.565166
2024-09-01 14:15:00,10.06132188,9.840648
2024-09-01 14:30:00,9.002685435,9.018197
2024-09-01 14:45:00,5.081806542,4.9661856
2024-09-01 15:00:00,10.54742602,10.89032
2024-09-01 15:15:00,6.065628984,6.117074
2024-09-01 15:30:00,5.412534362,5.6068616
2024-09-01 15:45:00,3.207887451,3.2389665
2024-09-01 16:00:00,4.027173071,4.2356224
2024-09-01 16:15:00,1.165489027,1.1209351
2024-09-01 16:30:00,7.899233279,7.8914933
2024-09-01 16:45:00,6.871750839,6.921252
2024-09-01 17:00:00,5.118902503,5.292725
2024-09-01 17:15:00,11.11460114,11.137595
2024-09-01 17:30:00,8.770024181,8.583896
2024-09-01 17:45:00,3.603052981,3.6121547
2024-09-01 18:00:00,4.70478484,4.917053
2024-09-01 18:15:00,6.631148684,6.41899
2024-09-01 18:30:00,6.531216553,6.805442
2024-09-01 18:45:00,4.106076388,3.9695392
2024-09-01 19:00:00,3.856990282,3.7095966
2024-09-01 19:15:00,3.999100817,4.1071873
2024-09-01 19:30:00,11.24753459,10.929837
2024-09-01 19:45:00,4.616483207,4.7658434
2024-09-01 20:00:00,5.131637831,5.127062
2024-09-01 20:15:00,8.469276225,8.678695
2024-09-01 20:30:00,2.787571329,2.8341155
2024-09-01 20:45:00,8.388141352,8.109052
2024-09-01 21:00:00,8.346088605,7.933246
2024-09-01 21:15:00,1.922770149,1.8461729
2024-09-01 21:30:00,3.046395394,3.1017025
2024-09-01 21:45:00,5.975978782,6.080518
2024-09-01 22:00:00,9.889424726,9.820153
2024-09-01 22:15:00,8.318043349,8.700347
2024-09-01 22:30:00,9.80579135,10.136979
2024-09-01 22:45:00,10.47999583,10.081899
2024-09-01 23:00:00,6.464489342,6.5961185
2024-09-01 23:15:00,8.029031265,7.738596
2024-09-01 23:30:00,10.67112283,10.768392
2024-09-01 23:45:00,9.321364878,9.206158
2024-09-02 00:00:00,5.111636628,5.0089555
2024-09-02 00:15:00,4.94674005,4.751608
2024-09-02 00:30:00,4.729815048,4.7490926
2024-09-02 00:45:00,6.231696664,6.2600117
2024-09-02 01:00:00,4.915303635,4.965507
2024-09-02 01:15:00,3.034177092,3.1734116
2024-09-02 01:30:00,7.689461325,7.4904366
2024-09-02 01:45:00,9.539358283,9.762813
2024-09-02 02:00:00,5.941980684,6.1338544
2024-09-02 02:15:00,3.397206345,3.3305595
2024-09-02 02:30:00,8.888743287,9.351848
2024-09-02 02:45:00,8.547862253,8.860004
2024-09-02 03:00:00,8.285759869,8.469927
2024-09-02 03:15:00,8.632952377,8.399414
2024-09-02 03:30:00,8.940264254,9.058208
2024-09-02 03:45:00,9.623349987,9.67221
2024-09-02 04:00:00,9.680956192,10.1598425
2024-09-02 04:15:00,7.813345762,7.505986
2024-09-02 04:30:00,4.914883722,5.0809684
2024-09-02 04:45:00,2.150984023,2.150418
2024-09-02 05:00:00,8.53392152,8.70109
2024-09-02 05:15:00,2.634690323,2.6408248
2024-09-02 05:30:00,10.43160968,9.908759
2024-09-02 05:45:00,5.15559215,5.137538
2024-09-02 06:00:00,9.730654328,9.847407
2024-09-02 06:15:00,6.583290083,6.3563604
2024-09-02 06:30:00,5.570308363,5.7586536
2024-09-02 06:45:00,4.713197788,4.807198
2024-09-02 07:00:00,1.83949066,1.7965249
2024-09-02 07:15:00,1.309675035,1.2913926
2024-09-02 07:30:00,6.132267278,6.3466296
2024-09-02 07:45:00,10.71333591,10.896465
2024-09-02 08:00:00,6.926311017,7.010273
2024-09-02 08:15:00,9.915880415,10.149999
2024-09-02 08:30:00,11.7878566,11.649762
2024-09-02 08:45:00,2.859495886,2.9427347
2024-09-02 09:00:00,8.172993418,7.7649336
2024-09-02 09:15:00,5.222681107,5.482802
2024-09-02 09:30:00,3.184794573,3.3164675
2024-09-02 09:45:00,3.440982564,3.6230276
2024-09-02 10:00:00,3.716849469,3.575644
2024-09-02 10:15:00,8.08022557,8.3349695
2024-09-02 10:30:00,4.71190799,4.7373424
2024-09-02 10:45:00,3.653187911,3.8199952
2024-09-02 11:00:00,10.15627014,10.534277
2024-09-02 11:15:00,1.478319379,1.4804053
2024-09-02 11:30:00,8.38232772,8.714842
2024-09-02 11:45:00,10.83462021,11.089875
2024-09-02 12:00:00,7.196449257,7.472925
2024-09-02 12:15:00,7.19963085,7.1484113
2024-09-02 12:30:00,1.739219126,1.7137744
2024-09-02 12:45:00,6.099074557,6.3266506
2024-09-02 13:00:00,4.684872663,4.7840443
2024-09-02 13:15:00,8.924901369,9.071432
2024-09-02 13:30:00,9.78330098,9.605411
2024-09-02 13:45:00,2.901735067,2.9150283
2024-09-02 14:00:00,6.404991112,6.554509
2024-09-02 14:15:00,10.1980732,9.923485
2024-09-02 14:30:00,7.199893219,7.5759645
2024-09-02 14:45:00,6.483408404,6.1841693
2024-09-02 15:00:00,10.96690371,10.928612
2024-09-02 15:15:00,11.37266072,11.072587
2024-09-02 15:30:00,3.795066197,3.5802164
2024-09-02 15:45:00,3.140938867,3.068014
2024-09-02 16:00:00,9.741379493,10.353316
2024-09-02 16:15:00,3.634348988,3.6902611
2024-09-02 16:30:00,10.23235017,9.9586315
2024-09-02 16:45:00,4.093768117,4.254348
2024-09-02 17:00:00,1.38238181,1.3536034
2024-09-02 17:15:00,5.380385582,5.447394
2024-09-02 17:30:00,1.514019499,1.5391237
2024-09-02 17:45:00,3.321094569,3.258506
2024-09-02 18:00:00,6.042047031,6.0129156
2024-09-02 18:15:00,1.595263527,1.5898663
2024-09-02 18:30:00,1.438841177,1.5058403
2024-09-02 18:45:00,2.748035996,2.7849343
2024-09-02 19:00:00,6.299826339,6.0567365
2024-09-02 19:15:00,10.89758234,11.294957
2024-09-02 19:30:00,2.140360311,2.1386452
2024-09-02 19:45:00,7.558782325,7.582504
2024-09-02 20:00:00,5.992790401,6.240135
2024-09-02 20:15:00,1.67719383,1.7353181
2024-09-02 20:30:00,1.514070066,1.5423162
2024-09-02 20:45:00,3.624763104,3.393678
2024-09-02 21:00:00,8.586073348,8.50653
2024-09-02 21:15:00,11.8886469,11.184013
2024-09-02 21:30:00,6.630058775,6.938598
2024-09-02 21:45:00,1.649823571,1.6769918
2024-09-02 22:00:00,3.929449139,3.830222
2024-09-02 22:15:00,10.95807005,11.283558
2024-09-02 22:30:00,1.320259098,1.2746944
2024-09-02 22:45:00,6.938504056,7.340455
2024-09-02 23:00:00,3.073376109,2.8894262
2024-09-02 23:15:00,1.846664115,1.8165003
2024-09-02 23:30:00,3.843394116,3.724643
2024-09-02 23:45:00,11.09586131,10.520023
2024-09-03 00:00:00,9.17852528,9.191075
2024-09-03 00:15:00,3.18266164,3.0628934
2024-09-03 00:30:00,1.80571461,1.747631
2024-09-03 00:45:00,6.55626533,6.3070164
2024-09-03 01:00:00,1.696991035,1.7185943
2024-09-03 01:15:00,5.538528897,5.268197
2024-09-03 01:30:00,9.215601204,9.1968775
2024-09-03 01:45:00,6.714547031,6.3433933
2024-09-03 02:00:00,9.830876437,9.99664
2024-09-03 02:15:00,9.84761869,9.5021925
2024-09-03 02:30:00,6.798459435,6.9309893
2024-09-03 02:45:00,9.758346079,9.415283
2024-09-03 03:00:00,2.020763298,2.0754633
2024-09-03 03:15:00,3.18327336,3.2871184
2024-09-03 03:30:00,8.091658373,8.394574
2024-09-03 03:45:00,1.233535925,1.2091414
2024-09-03 04:00:00,1.171615906,1.2434002
2024-09-03 04:15:00,5.282793239,5.0783014
2024-09-03 04:30:00,9.779449646,10.072759
2024-09-03 04:45:00,11.76775572,11.207002
2024-09-03 05:00:00,8.259560088,7.9448414
2024-09-03 05:15:00,10.80499002,11.158357
2024-09-03 05:30:00,9.557419689,9.8998995
2024-09-03 05:45:00,3.148348336,3.1969857
2024-09-03 06:00:00,5.245233201,5.3315496
2024-09-03 06:15:00,7.869301646,7.7272096
2024-09-03 06:30:00,2.693096213,2.7435853
2024-09-03 06:45:00,4.270706859,4.370145
2024-09-03 07:00:00,8.743496243,8.972913
2024-09-03 07:15:00,5.027662985,4.810646
2024-09-03 07:30:00,10.83435461,10.653608
2024-09-03 07:45:00,5.327905007,5.295617
2024-09-03 08:00:00,3.384966122,3.549554
2024-09-03 08:15:00,3.249347512,3.2531602
2024-09-03 08:30:00,8.421050573,8.303437
2024-09-03 08:45:00,5.194714589,5.0813513
2024-09-03 09:00:00,3.675479703,3.6184933
2024-09-03 09:15:00,8.392496712,8.119663
2024-09-03 09:30:00,5.265935045,5.5570855
2024-09-03 09:45:00,9.441582317,9.705414
2024-09-03 10:00:00,6.435502847,6.706697
2024-09-03 10:15:00,11.78739351,11.164881
2024-09-03 10:30:00,5.133760151,5.0862
2024-09-03 10:45:00,4.007297296,3.9973571
2024-09-03 11:00:00,7.483905916,7.8233395
2024-09-03 11:15:00,8.344053982,8.38699
2024-09-03 11:30:00,1.404868004,1.3551202
2024-09-03 11:45:00,8.422148429,8.0538
2024-09-03 12:00:00,2.908634287,2.9390838
2024-09-03 12:15:00,10.45810693,10.810154
2024-09-03 12:30:00,7.286141923,7.0664597
2024-09-03 12:45:00,2.407415727,2.3829963
2024-09-03 13:00:00,1.685461662,1.7308413
2024-09-03 13:15:00,9.48410147,9.927657
2024-09-03 13:30:00,10.24459105,9.889558
2024-09-03 13:45:00,5.293331049,5.4564505
2024-09-03 14:00:00,2.140222801,2.0607603
2024-09-03 14:15:00,5.23542957,5.2871757
2024-09-03 14:30:00,8.915750816,8.999232
2024-09-03 14:45:00,7.772342353,7.838197
2024-09-03 15:00:00,9.459732591,9.787639
2024-09-03 15:15:00,8.64164364,8.959375
2024-09-03 15:30:00,4.482740785,4.3266068
2024-09-03 15:45:00,4.861540035,4.6632557
2024-09-03 16:00:00,7.964826026,8.16958
2024-09-03 16:15:00,4.21744525,4.3558292
2024-09-03 16:30:00,9.368385302,9.760566
2024-09-03 16:45:00,4.566517565,4.463627
2024-09-03 17:00:00,6.06562747,6.1548686
2024-09-03 17:15:00,1.700315834,1.6826187
2024-09-03 17:30:00,2.542910638,2.4568632
2024-09-03 17:45:00,2.59665302,2.539172
2024-09-03 18:00:00,4.721709074,4.6967373
2024-09-03 18:15:00,2.420301931,2.438458
2024-09-03 18:30:00,5.62727932,5.664984
2024-09-03 18:45:00,3.884889613,3.9803908
2024-09-03 19:00:00,3.920536895,4.0867434
2024-09-03 19:15:00,5.915399922,5.7218966
2024-09-03 19:30:00,10.16531882,10.242386
2024-09-03 19:45:00,9.349534507,9.054854
2024-09-03 20:00:00,9.607472597,9.964346
2024-09-03 20:15:00,11.23601866,11.893673
2024-09-03 20:30:00,1.313756717,1.2518567
2024-09-03 20:45:00,8.5446999,8.381743
2024-09-03 21:00:00,2.46992074,2.503088
2024-09-03 21:15:00,10.38014129,10.622897
2024-09-03 21:30:00,3.551002849,3.4809165
2024-09-03 21:45:00,5.075185088,4.9689875
2024-09-03 22:00:00,11.96519124,11.417518
2024-09-03 22:15:00,10.42900384,9.850926
2024-09-03 22:30:00,1.55606785,1.5878596
2024-09-03 22:45:00,1.542213411,1.6484135
2024-09-03 23:00:00,9.878247896,9.279514
2024-09-03 23:15:00,1.855729591,1.8275006
2024-09-03 23:30:00,10.22866052,9.7986355
2024-09-03 23:45:00,10.26517317,10.926655
2024-09-04 00:00:00,1.381742421,1.3696465
2024-09-04 00:15:00,3.36100611,3.3945408
2024-09-04 00:30:00,1.26662178,1.3350126
2024-09-04 00:45:00,1.937339458,1.9527669
2024-09-04 01:00:00,6.697823668,6.7475185
2024-09-04 01:15:00,8.33805303,8.367318
2024-09-04 01:30:00,6.339661032,6.149536
2024-09-04 01:45:00,4.912509478,4.9959116
2024-09-04 02:00:00,3.346492627,3.3586946
2024-09-04 02:15:00,3.507373236,3.6721675
2024-09-04 02:30:00,6.887767836,7.1893663
2024-09-04 02:45:00,9.526166407,9.938681
2024-09-04 03:00:00,5.299513376,5.423542
2024-09-04 03:15:00,10.51834729,10.959451
2024-09-04 03:30:00,1.694338074,1.6850585
2024-09-04 03:45:00,9.758214981,9.569218
2024-09-04 04:00:00,4.647999495,4.5174747
2024-09-04 04:15:00,10.25578992,10.134081
2024-09-04 04:30:00,10.06885376,10.554245
2024-09-04 04:45:00,8.627461587,8.30357
2024-09-04 05:00:00,5.039469161,4.7922764
2024-09-04 05:15:00,6.174481684,5.8837757
2024-09-04 05:30:00,6.692786795,7.058536
2024-09-04 05:45:00,5.735810951,5.8712363
2024-09-04 06:00:00,8.821670729,8.889388
2024-09-04 06:15:00,9.45695295,9.0377035
2024-09-04 06:30:00,1.227964045,1.2847607
2024-09-04 06:45:00,2.803552548,2.7400203
2024-09-04 07:00:00,4.650480882,4.742549
2024-09-04 07:15:00,7.766456468,7.8327975
2024-09-04 07:30:00,3.669928993,3.4743662
2024-09-04 07:45:00,4.782549892,4.5876913
2024-09-04 08:00:00,5.879204785,5.7592
2024-09-04 08:15:00,7.477665313,7.215195
2024-09-04 08:30:00,10.67475034,10.680379
2024-09-04 08:45:00,10.18280237,9.860494
2024-09-04 09:00:00,4.853477573,4.933969
2024-09-04 09:15:00,9.615443282,9.413541
2024-09-04 09:30:00,9.824808957,9.784941
2024-09-04 09:45:00,6.317618058,6.409049
2024-09-04 10:00:00,4.159179382,4.2403574
2024-09-04 10:15:00,10.92969767,11.046754
2024-09-04 10:30:00,10.90211908,10.929594
2024-09-04 10:45:00,3.302886893,3.4363713
2024-09-04 11:00:00,9.401068818,8.932779
2024-09-04 11:15:00,1.575683755,1.6125537
2024-09-04 11:30:00,1.212361654,1.1483319
2024-09-04 11:45:00,4.619045415,4.7880783
2024-09-04 12:00:00,5.534524429,5.794785
2024-09-04 12:15:00,6.894691258,6.7857203
2024-09-04 12:30:00,5.237138889,5.0132403
2024-09-04 12:45:00,2.421541461,2.516464
2024-09-04 13:00:00,4.469686827,4.6260486
2024-09-04 13:15:00,9.830803626,9.57644
2024-09-04 13:30:00,4.616084171,4.5508966
2024-09-04 13:45:00,7.025102965,6.833824
2024-09-04 14:00:00,7.815207431,7.8124175
2024-09-04 14:15:00,8.692116151,8.436777
2024-09-04 14:30:00,6.311473958,6.238282
2024-09-04 14:45:00,2.456365827,2.4301574
2024-09-04 15:00:00,10.35847895,10.384002
2024-09-04 15:15:00,3.869007579,3.8243937
2024-09-04 15:30:00,4.65505682,4.649585
2024-09-04 15:45:00,9.125417801,9.326815
2024-09-04 16:00:00,8.946636093,8.96165
2024-09-04 16:15:00,10.72844846,10.565639
2024-09-04 16:30:00,1.440373027,1.5051693
2024-09-04 16:45:00,10.34200616,10.281758
2024-09-04 17:00:00,9.369893483,9.181628
2024-09-04 17:15:00,6.883915497,6.6638436
2024-09-04 17:30:00,2.717864881,2.869652
2024-09-04 17:45:00,7.130065617,6.939886
2024-09-04 18:00:00,3.122530027,3.0996828
2024-09-04 18:15:00,10.38265889,10.560613
2024-09-04 18:30:00,8.188747258,8.21694
2024-09-04 18:45:00,7.284895425,7.427219
2024-09-04 19:00:00,9.434698719,9.503119
2024-09-04 19:15:00,6.67220305,6.63405
2024-09-04 19:30:00,1.652181752,1.7153865
2024-09-04 19:45:00,3.690515167,3.7998009
2024-09-04 20:00:00,11.33603093,11.017208
2024-09-04 20:15:00,9.414411261,9.798183
2024-09-04 20:30:00,10.86361972,10.667825
2024-09-04 20:45:00,2.097271612,2.169963
2024-09-04 21:00:00,3.676624044,3.7676938
2024-09-04 21:15:00,1.809366461,1.7793926
2024-09-04 21:30:00,9.006495342,9.330276
2024-09-04 21:45:00,3.067909196,2.9716182
2024-09-04 22:00:00,5.403626982,5.4142847
2024-09-04 22:15:00,3.874553363,3.8368976
2024-09-04 22:30:00,10.92247999,10.703188
2024-09-04 22:45:00,7.264480539,7.4488497
2024-09-04 23:00:00,9.785930282,9.475107
2024-09-04 23:15:00,7.74270197,7.475686
2024-09-04 23:30:00,7.172930792,7.495177
2024-09-04 23:45:00,5.067876,5.2505665
2024-09-05 00:00:00,3.61395886,3.4698317
2024-09-05 00:15:00,4.777390745,4.814657
2024-09-05 00:30:00,3.854402779,4.0639696
2024-09-05 00:45:00,7.872045724,8.205907
2024-09-05 01:00:00,5.751832986,5.6318502
2024-09-05 01:15:00,6.688635746,6.633569
2024-09-05 01:30:00,9.05902325,8.863387
2024-09-05 01:45:00,3.998494695,4.1229606
2024-09-05 02:00:00,5.450460001,5.3738747
2024-09-05 02:15:00,6.538746873,6.7700586
2024-09-05 02:30:00,1.762660779,1.696077
2024-09-05 02:45:00,2.565439665,2.6618452
2024-09-05 03:00:00,1.808271392,1.8571998
2024-09-05 03:15:00,9.545655191,9.237904
2024-09-05 03:30:00,4.323207408,4.1043973
2024-09-05 03:45:00,5.310083458,5.4793506
2024-09-05 04:00:00,8.548216944,8.298923
2024-09-05 04:15:00,11.44236929,11.209187
2024-09-05 04:30:00,9.624550759,9.817651
2024-09-05 04:45:00,1.804080895,1.7748275
2024-09-05 05:00:00,4.388568841,4.4769473
2024-09-05 05:15:00,1.739161675,1.7148275
2024-09-05 05:30:00,1.766077412,1.803039
2024-09-05 05:45:00,2.555222577,2.5020297
2024-09-05 06:00:00,4.248081934,4.5287733
2024-09-05 06:15:00,3.768831155,3.5959332
2024-09-05 06:30:00,4.741668275,4.776594
2024-09-05 06:45:00,9.991218718,9.787223
2024-09-05 07:00:00,9.744571607,9.667249
2024-09-05 07:15:00,4.817664161,4.8440495
2024-09-05 07:30:00,7.662943934,8.067312
2024-09-05 07:45:00,4.717808637,4.9086
2024-09-05 08:00:00,5.248016478,5.0908856
2024-09-05 08:15:00,8.452312895,8.282156
2024-09-05 08:30:00,5.510959683,5.3434286
2024-09-05 08:45:00,6.555506194,6.6113377
2024-09-05 09:00:00,2.212402132,2.3603334
2024-09-05 09:15:00,6.494679376,6.7215967
2024-09-05 09:30:00,8.805965944,8.68946
2024-09-05 09:45:00,10.4125902,10.113235
2024-09-05 10:00:00,2.592401671,2.6466768
2024-09-05 10:15:00,5.380589489,5.57619
2024-09-05 10:30:00,6.105674201,5.9439564
2024-09-05 10:45:00,9.967636626,10.586111
2024-09-05 11:00:00,4.001349829,3.8690805
2024-09-05 11:15:00,2.83850909,2.9725368
2024-09-05 11:30:00,2.532189734,2.6109922
2024-09-05 11:45:00,2.766243607,2.8626184
2024-09-05 12:00:00,9.665727528,10.126798
2024-09-05 12:15:00,8.007385864,7.9818974
2024-09-05 12:30:00,5.553915449,5.414616
2024-09-05 12:45:00,9.919322007,10.173397
2024-09-05 13:00:00,4.009720172,4.1101575
2024-09-05 13:15:00,10.77065024,10.956933
2024-09-05 13:30:00,9.022275674,9.009716
2024-09-05 13:45:00,1.428776278,1.3791708
2024-09-05 14:00:00,6.089434109,5.8415294
2024-09-05 14:15:00,10.26672509,10.062412
2024-09-05 14:30:00,5.177177498,5.3780184
2024-09-05 14:45:00,10.79056182,11.075354
2024-09-05 15:00:00,9.47688776,9.8255205
2024-09-05 15:15:00,8.946160096,9.013243
2024-09-05 15:30:00,2.505380201,2.5758233
2024-09-05 15:45:00,2.439921182,2.3766322
2024-09-05 16:00:00,8.134603566,7.850274
2024-09-05 16:15:00,7.904580943,8.161873
2024-09-05 16:30:00,2.575556307,2.5658507
2024-09-05 16:45:00,10.93706052,10.391553
2024-09-05 17:00:00,10.61639003,10.334338
2024-09-05 17:15:00,5.618759343,5.4320974
2024-09-05 17:30:00,7.318591655,7.4639654
2024-09-05 17:45:00,5.967760497,6.320162
2024-09-05 18:00:00,1.481254291,1.5161053
2024-09-05 18:15:00,2.103738086,2.1112542
2024-09-05 18:30:00,8.793052402,9.026646
2024-09-05 18:45:00,5.905938337,6.092616
2024-09-05 19:00:00,7.175774101,7.2965636
2024-09-05 19:15:00,7.3911684,7.3691273
2024-09-05 19:30:00,4.95424612,5.0390224
2024-09-05 19:45:00,1.463147781,1.4848355
2024-09-05 20:00:00,9.473600951,9.126703
2024-09-05 20:15:00,5.717775048,5.804513
2024-09-05 20:30:00,2.602557098,2.6202054
2024-09-05 20:45:00,1.396834545,1.3745284
2024-09-05 21:00:00,1.308117514,1.3693502
2024-09-05 21:15:00,1.434671999,1.5067257
2024-09-05 21:30:00,2.622530049,2.7349772
2024-09-05 21:45:00,3.485238104,3.587434
2024-09-05 22:00:00,3.657894723,3.6814754
2024-09-05 22:15:00,7.968183696,7.6949024
2024-09-05 22:30:00,3.678358031,3.611434
2024-09-05 22:45:00,7.624153684,7.8578815
2024-09-05 23:00:00,9.444221653,9.372008
2024-09-05 23:15:00,5.463590403,5.29736
2024-09-05 23:30:00,8.901477895,8.603488
2024-09-05 23:45:00,2.207971396,2.235063
2024-09-06 00:00:00,4.8667775,4.637898
2024-09-06 00:15:00,8.346434746,8.276885
2024-09-06 00:30:00,10.35267973,10.576874
2024-09-06 00:45:00,6.972288825,7.3121557
2024-09-06 01:00:00,5.098665972,5.063102
2024-09-06 01:15:00,4.400362243,4.353931
2024-09-06 01:30:00,4.858691654,5.0941615
2024-09-06 01:45:00,7.477868349,7.5423155
2024-09-06 02:00:00,4.659449808,4.5030417
2024-09-06 02:15:00,5.854972412,5.981172
2024-09-06 02:30:00,8.557341495,8.927511
2024-09-06 02:45:00,3.539621953,3.5797973
2024-09-06 03:00:00,8.337706284,8.448606
2024-09-06 03:15:00,9.033601847,9.312762
2024-09-06 03:30:00,9.394938598,9.809827
2024-09-06 03:45:00,1.400476639,1.3663938
2024-09-06 04:00:00,2.480914896,2.370957
2024-09-06 04:15:00,10.86558715,11.10257
2024-09-06 04:30:00,2.368739127,2.4059305
2024-09-06 04:45:00,6.335078017,6.138255
2024-09-06 05:00:00,2.829099121,2.902828
2024-09-06 05:15:00,9.145492696,9.49447
2024-09-06 05:30:00,2.196908002,2.0997205
2024-09-06 05:45:00,2.084573511,2.0057852
2024-09-06 06:00:00,6.773060541,6.5461903
2024-09-06 06:15:00,3.499315822,3.611107
2024-09-06 06:30:00,8.090229145,8.03872
2024-09-06 06:45:00,8.463863831,8.262817
2024-09-06 07:00:00,6.983290369,7.2439294
2024-09-06 07:15:00,9.678272518,9.731533
2024-09-06 07:30:00,8.033445772,8.258227
2024-09-06 07:45:00,3.020686136,3.0510113
2024-09-06 08:00:00,1.924167167,1.9087261
2024-09-06 08:15:00,8.827721079,8.667526
2024-09-06 08:30:00,8.95131125,8.629156
2024-09-06 08:45:00,9.142418109,9.567575
2024-09-06 09:00:00,3.082073275,3.1512365
2024-09-06 09:15:00,3.401399582,3.5860937
2024-09-06 09:30:00,7.405686999,7.118089
2024-09-06 09:45:00,2.786715877,2.7057734
2024-09-06 10:00:00,4.265240885,4.4473743
2024-09-06 10:15:00,9.075126338,9.271547
2024-09-06 10:30:00,4.711591028,4.6375813
2024-09-06 10:45:00,1.305031992,1.2459059
2024-09-06 11:00:00,8.316226331,7.998967
2024-09-06 11:15:00,3.167689487,3.0205607
2024-09-06 11:30:00,3.179098127,3.0711036
2024-09-06 11:45:00,1.3806711,1.3255886
2024-09-06 12:00:00,7.451407239,7.1012077
2024-09-06 12:15:00,6.32079391,6.654638
2024-09-06 12:30:00,2.316933733,2.260181
2024-09-06 12:45:00,1.730221396,1.6792674
2024-09-06 13:00:00,6.394345922,6.3041644
2024-09-06 13:15:00,8.909213621,8.991742
2024-09-06 13:30:00,11.07735336,11.168916
2024-09-06 13:45:00,1.95068622,1.9762033
2024-09-06 14:00:00,8.715500469,8.579415
2024-09-06 14:15:00,3.088875973,3.1400678
2024-09-06 14:30:00,1.52495894,1.4908019
2024-09-06 14:45:00,4.822033584,4.581822
2024-09-06 15:00:00,6.770016201,6.972704
2024-09-06 15:15:00,7.248334229,7.4512963
2024-09-06 15:30:00,1.554333914,1.6140034
2024-09-06 15:45:00,11.30083774,10.901056
2024-09-06 16:00:00,1.739248379,1.6945946
2024-09-06 16:15:00,3.260861905,3.3772683
2024-09-06 16:30:00,5.760894715,5.681322
2024-09-06 16:45:00,11.15452495,10.74242
2024-09-06 17:00:00,11.01622686,11.301278
2024-09-06 17:15:00,1.187380367,1.1618727
2024-09-06 17:30:00,3.516758231,3.4014528
2024-09-06 17:45:00,6.244239857,6.5078692
2024-09-06 18:00:00,8.132415552,8.358809
2024-09-06 18:15:00,8.279791427,8.180275
2024-09-06 18:30:00,3.983067215,3.8435042
2024-09-06 18:45:00,3.135128934,3.191054
2024-09-06 19:00:00,1.374417594,1.2830881
2024-09-06 19:15:00,9.271759275,9.720846
2024-09-06 19:30:00,4.930173961,4.878685
2024-09-06 19:45:00,10.51945503,9.958421
2024-09-06 20:00:00,4.412878582,4.335684
2024-09-06 20:15:00,8.900009937,8.875915
2024-09-06 20:30:00,1.82746149,1.9541651
2024-09-06 20:45:00,9.555016362,9.557001
2024-09-06 21:00:00,10.65109077,10.618881
2024-09-06 21:15:00,4.100600504,3.8903253
2024-09-06 21:30:00,2.730506905,2.7004464
2024-09-06 21:45:00,3.376221244,3.21455
2024-09-06 22:00:00,10.55352057,10.288696
2024-09-06 22:15:00,4.181471968,4.1201487
2024-09-06 22:30:00,3.735111235,3.5634975
2024-09-06 22:45:00,11.36564549,11.589132
2024-09-06 23:00:00,7.930894585,8.153312
2024-09-06 23:15:00,9.586630648,9.973464
2024-09-06 23:30:00,9.050446307,8.905333
2024-09-06 23:45:00,4.863782542,5.0399833
2024-09-07 00:00:00,9.620488667,9.826869
2024-09-07 00:15:00,7.292562927,7.1150794
2024-09-07 00:30:00,8.275812711,8.207517
2024-09-07 00:45:00,4.741305647,4.7825794
2024-09-07 01:00:00,11.37419038,11.089339
2024-09-07 01:15:00,9.772752187,9.83939
2024-09-07 01:30:00,2.840819279,2.755819
2024-09-07 01:45:00,3.293683593,3.328814
2024-09-07 02:00:00,8.818101107,8.958311
2024-09-07 02:15:00,1.481554179,1.4926047
2024-09-07 02:30:00,4.661519553,4.6354933
2024-09-07 02:45:00,6.725341331,6.632091
2024-09-07 03:00:00,3.275168299,3.2773225
2024-09-07 03:15:00,9.698952133,9.889793
2024-09-07 03:30:00,10.80623127,10.409015
2024-09-07 03:45:00,10.94781067,11.18535
2024-09-07 04:00:00,2.524520194,2.6176538
2024-09-07 04:15:00,1.947291881,1.9427837
2024-09-07 04:30:00,6.926700343,6.926002
2024-09-07 04:45:00,9.23161011,9.208853
2024-09-07 05:00:00,4.235240518,4.2680364
2024-09-07 05:15:00,3.549334657,3.6617267
2024-09-07 05:30:00,6.713447082,6.7351403
2024-09-07 05:45:00,6.039165272,6.199292
2024-09-07 06:00:00,5.928337108,5.950167
2024-09-07 06:15:00,5.288993972,5.5366898
2024-09-07 06:30:00,8.922718922,8.706526
2024-09-07 06:45:00,7.342495566,7.3499994
2024-09-07 07:00:00,6.57007776,6.3465624
2024-09-07 07:15:00,9.105791605,8.695372
2024-09-07 07:30:00,3.534934229,3.7437654
2024-09-07 07:45:00,10.70846539,10.313126
2024-09-07 08:00:00,5.080337903,5.2373714
2024-09-07 08:15:00,4.305735566,4.3085294
2024-09-07 08:30:00,6.730771391,6.78065
2024-09-07 08:45:00,3.993715931,4.0022993
2024-09-07 09:00:00,3.668295258,3.8579311
2024-09-07 09:15:00,2.041617537,1.9453192
2024-09-07 09:30:00,8.008598581,8.017535
2024-09-07 09:45:00,10.38652478,10.231862
2024-09-07 10:00:00,8.43533488,8.483844
2024-09-07 10:15:00,6.968789497,7.1072187
2024-09-07 10:30:00,8.687494446,8.403819
2024-09-07 10:45:00,11.23931269,11.093712
2024-09-07 11:00:00,4.786078255,4.688664
2024-09-07 11:15:00,5.626627966,5.576055
2024-09-07 11:30:00,4.10210915,3.960365
2024-09-07 11:45:00,1.390592553,1.3202295
2024-09-07 12:00:00,4.746637633,4.617361
2024-09-07 12:15:00,1.867550185,1.8447735
2024-09-07 12:30:00,10.40867705,10.373841
2024-09-07 12:45:00,8.496833305,8.526588
2024-09-07 13:00:00,4.503533186,4.313087
2024-09-07 13:15:00,4.801750068,4.5913553
2024-09-07 13:30:00,7.416395699,7.088941
2024-09-07 13:45:00,8.982361945,9.315682
2024-09-07 14:00:00,8.583109105,8.626901
2024-09-07 14:15:00,1.472813219,1.470251
2024-09-07 14:30:00,9.189712256,9.297607
2024-09-07 14:45:00,10.85181749,10.338411
2024-09-07 15:00:00,2.254225474,2.2684798
2024-09-07 15:15:00,8.824212128,8.933542
2024-09-07 15:30:00,4.020935057,3.8468633
2024-09-07 15:45:00,2.913014795,2.9948497
2024-09-07 16:00:00,7.06190999,6.870861
2024-09-07 16:15:00,6.73587863,6.7348833
2024-09-07 16:30:00,6.126105896,6.263407
2024-09-07 16:45:00,9.958583082,10.097745
2024-09-07 17:00:00,3.462088944,3.5793586
2024-09-07 17:15:00,7.638204879,7.6558037
2024-09-07 17:30:00,5.240168191,5.436788
2024-09-07 17:45:00,11.04523405,10.42441
2024-09-07 18:00:00,2.49837746,2.4821982
2024-09-07 18:15:00,1.888182332,1.9404187
2024-09-07 18:30:00,11.0039495,11.358624
2024-09-07 18:45:00,6.97393209,7.248002
2024-09-07 19:00:00,10.77192818,10.641288
2024-09-07 19:15:00,5.360323426,5.3528795
2024-09-07 19:30:00,7.847515008,7.669737
2024-09-07 19:45:00,8.224724798,8.4915905
2024-09-07 20:00:00,11.61935705,11.24274
2024-09-07 20:15:00,2.168170417,2.214287
2024-09-07 20:30:00,2.245303952,2.3178887
2024-09-07 20:45:00,6.510849296,6.512727
2024-09-07 21:00:00,1.730972186,1.701194
2024-09-07 21:15:00,8.378849052,8.638034
2024-09-07 21:30:00,11.91858825,11.627774
2024-09-07 21:45:00,9.797680285,9.385153
2024-09-07 22:00:00,3.769703794,3.9864354
2024-09-07 22:15:00,9.527125297,9.873797
2024-09-07 22:30:00,7.227830552,7.192457
2024-09-07 22:45:00,2.302076836,2.3494
2024-09-07 23:00:00,6.869758839,6.8281217
2024-09-07 23:15:00,10.33937594,10.0380745
2024-09-07 23:30:00,3.932527513,4.0483785
2024-09-07 23:45:00,8.059411907,8.058413
2024-09-08 00:00:00,1.673417224,1.586974
2024-09-08 00:15:00,10.21305905,9.965546
2024-09-08 00:30:00,3.22828448,3.277096
2024-09-08 00:45:00,7.199478127,7.1765623
2024-09-08 01:00:00,6.427590751,6.527923
2024-09-08 01:15:00,6.778979029,6.6165676
2024-09-08 01:30:00,3.515792756,3.663502
2024-09-08 01:45:00,6.895359246,7.0352454
2024-09-08 02:00:00,7.619365992,7.494127
2024-09-08 02:15:00,5.369861209,5.6190877
2024-09-08 02:30:00,7.885680651,7.7011795
2024-09-08 02:45:00,3.18094068,3.1613367
2024-09-08 03:00:00,6.4434386,6.4149246
2024-09-08 03:15:00,8.745991314,8.809659
2024-09-08 03:30:00,4.775099856,5.0832624
2024-09-08 03:45:00,5.169357585,5.4392905
2024-09-08 04:00:00,2.855048427,2.8519506
2024-09-08 04:15:00,7.895655814,7.623877
2024-09-08 04:30:00,2.546970927,2.4731839
2024-09-08 04:45:00,6.428614897,6.305781
2024-09-08 05:00:00,3.172666658,3.3006175
2024-09-08 05:15:00,3.265520323,3.1481557
2024-09-08 05:30:00,2.191020563,2.1745133
2024-09-08 05:45:00,4.793707165,4.9275856
2024-09-08 06:00:00,10.07345707,10.084101
2024-09-08 06:15:00,6.910349817,7.2294865
2024-09-08 06:30:00,9.335185018,9.110551
2024-09-08 06:45:00,2.347748311,2.3343384
2024-09-08 07:00:00,4.359092065,4.473174
2024-09-08 07:15:00,5.347555274,5.1253247
2024-09-08 07:30:00,10.29427912,9.799896
2024-09-08 07:45:00,7.885018557,7.7214656
2024-09-08 08:00:00,6.467765055,6.4863796
2024-09-08 08:15:00,4.385392113,4.2789006
2024-09-08 08:30:00,9.121827587,9.139555
2024-09-08 08:45:00,10.98039772,10.701208
2024-09-08 09:00:00,6.513391014,6.793225
2024-09-08 09:15:00,1.656412982,1.59457
2024-09-08 09:30:00,3.993681574,4.1413174
2024-09-08 09:45:00,9.150957558,8.946358
2024-09-08 10:00:00,5.454367952,5.2633843
2024-09-08 10:15:00,8.041927734,7.820547
2024-09-08 10:30:00,7.000290521,6.742612
2024-09-08 10:45:00,10.56006297,10.676273
2024-09-08 11:00:00,4.48665566,4.3628607
2024-09-08 11:15:00,5.944616696,5.901892
2024-09-08 11:30:00,1.790456565,1.8540499
2024-09-08 11:45:00,9.398604126,9.719245
2024-09-08 12:00:00,4.506155982,4.574965
2024-09-08 12:15:00,8.53735962,8.797053
2024-09-08 12:30:00,1.214439983,1.1546453
2024-09-08 12:45:00,10.46197448,9.968261
2024-09-08 13:00:00,11.09618294,11.391408
2024-09-08 13:15:00,5.674792913,6.055556
2024-09-08 13:30:00,6.017099151,6.236259
2024-09-08 13:45:00,7.499405598,7.6956806
2024-09-08 14:00:00,11.431554,11.572656
2024-09-08 14:15:00,6.756478057,7.036027
2024-09-08 14:30:00,1.894373923,1.9073894
2024-09-08 14:45:00,7.26885174,6.848301
2024-09-08 15:00:00,5.463723214,5.6414504
2024-09-08 15:15:00,8.959409365,9.102889
2024-09-08 15:30:00,4.198074066,4.247763
2024-09-08 15:45:00,11.51591075,10.978169
2024-09-08 16:00:00,9.369901193,9.541185
2024-09-08 16:15:00,4.558803686,4.4624734
2024-09-08 16:30:00,4.661382481,4.761746
2024-09-08 16:45:00,6.419069291,6.645922
2024-09-08 17:00:00,2.105456116,2.1498716
2024-09-08 17:15:00,8.549413665,8.252894
2024-09-08 17:30:00,7.249676616,7.4983873
2024-09-08 17:45:00,4.500022499,4.5277886
2024-09-08 18:00:00,8.121148031,7.920383
2024-09-08 18:15:00,2.180366681,2.149083
2024-09-08 18:30:00,11.15069909,10.597938
2024-09-08 18:45:00,1.811169888,1.840666
2024-09-08 19:00:00,4.494318424,4.4437203
2024-09-08 19:15:00,11.6726316,11.3052225
2024-09-08 19:30:00,5.29941916,5.29635
2024-09-08 19:45:00,10.14779704,10.394963
2024-09-08 20:00:00,2.861121284,2.8615208
2024-09-08 20:15:00,2.022548066,1.9404433
2024-09-08 20:30:00,2.116903677,2.1418178
2024-09-08 20:45:00,11.99492287,11.462709
2024-09-08 21:00:00,2.13706408,2.0693138
2024-09-08 21:15:00,7.681624877,8.079896
2024-09-08 21:30:00,5.586279115,5.8524966
2024-09-08 21:45:00,10.43222481,10.290508
2024-09-08 22:00:00,4.421664382,4.172826
2024-09-08 22:15:00,1.353688664,1.4165156
2024-09-08 22:30:00,9.274668828,9.120644
2024-09-08 22:45:00,7.064564187,7.2677617
2024-09-08 23:00:00,5.46115623,5.6028347
2024-09-08 23:15:00,4.225208451,4.4789033
2024-09-08 23:30:00,10.53978893,10.692431
2024-09-08 23:45:00,2.402131407,2.4797988
2024-09-09 00:00:00,2.527788075,2.5161805
2024-09-09 00:15:00,1.339302742,1.3547195
2024-09-09 00:30:00,1.848343708,1.864288
2024-09-09 00:45:00,9.343190961,9.602789
2024-09-09 01:00:00,9.515830175,9.388804
2024-09-09 01:15:00,2.209006961,2.1436749
2024-09-09 01:30:00,8.77041339,8.929303
2024-09-09 01:45:00,7.692622445,7.4733377
2024-09-09 02:00:00,5.155199193,5.107867
2024-09-09 02:15:00,2.034250027,2.0009806
2024-09-09 02:30:00,7.5101982,7.2281055
2024-09-09 02:45:00,9.313438144,9.716522
2024-09-09 03:00:00,5.161356423,5.432222
2024-09-09 03:15:00,5.404661767,5.663058
2024-09-09 03:30:00,9.520225272,9.782728
2024-09-09 03:45:00,3.376439186,3.4031606
2024-09-09 04:00:00,2.914333684,2.9198081
2024-09-09 04:15:00,8.253067377,8.210106
2024-09-09 04:30:00,7.535043516,7.7374816
2024-09-09 04:45:00,10.57898581,10.32704
2024-09-09 05:00:00,4.630383799,4.6896815
2024-09-09 05:15:00,2.968974021,3.127527
2024-09-09 05:30:00,5.825391769,5.6826544
2024-09-09 05:45:00,5.327896858,5.0422764
2024-09-09 06:00:00,11.48744432,10.903125
2024-09-09 06:15:00,10.83101473,10.425383
2024-09-09 06:30:00,5.354724088,5.6909604
2024-09-09 06:45:00,5.602040182,5.440647
2024-09-09 07:00:00,5.35237996,5.515843
2024-09-09 07:15:00,8.150978982,8.509508
2024-09-09 07:30:00,6.577074515,6.803544
2024-09-09 07:45:00,4.17518791,4.1455374
2024-09-09 08:00:00,9.341672711,9.101816
2024-09-09 08:15:00,10.704769,10.760673
2024-09-09 08:30:00,8.323684752,8.453413
2024-09-09 08:45:00,3.184901675,3.0255895
2024-09-09 09:00:00,9.032331999,9.411691
2024-09-09 09:15:00,10.7754397,11.094312
2024-09-09 09:30:00,8.397933223,8.064991
2024-09-09 09:45:00,3.916445517,3.6666002
2024-09-09 10:00:00,1.251827472,1.2387525
2024-09-09 10:15:00,5.031678516,5.0780106
2024-09-09 10:30:00,5.962764869,5.9892974
2024-09-09 10:45:00,10.62189882,10.760856
2024-09-09 11:00:00,7.255703148,7.5639577
2024-09-09 11:15:00,3.95299533,3.9356284
2024-09-09 11:30:00,7.572310901,7.8935204
2024-09-09 11:45:00,2.24796511,2.180845
2024-09-09 12:00:00,3.405498565,3.2925038
2024-09-09 12:15:00,8.628635871,8.873862
2024-09-09 12:30:00,4.165329261,4.369113
2024-09-09 12:45:00,1.54571988,1.4163905
2024-09-09 13:00:00,6.16593577,6.181337
2024-09-09 13:15:00,7.606858707,7.7096386
2024-09-09 13:30:00,9.083175034,8.999422
2024-09-09 13:45:00,4.168297849,4.374485
2024-09-09 14:00:00,5.9063739,5.7172027
2024-09-09 14:15:00,6.541525904,6.9048743
2024-09-09 14:30:00,1.806862386,1.9017894
2024-09-09 14:45:00,3.31775922,3.2106192
2024-09-09 15:00:00,4.863399171,4.936373
2024-09-09 15:15:00,3.866829283,3.9709086
2024-09-09 15:30:00,6.058471238,5.9728
2024-09-09 15:45:00,7.450721808,7.7516074
2024-09-09 16:00:00,6.855702836,6.721892
2024-09-09 16:15:00,9.289614043,9.51866
2024-09-09 16:30:00,7.871614325,7.8227496
2024-09-09 16:45:00,4.1009352,4.214097
2024-09-09 17:00:00,2.427965422,2.2909286
2024-09-09 17:15:00,7.762100608,7.903481
2024-09-09 17:30:00,3.328375301,3.4118137
2024-09-09 17:45:00,4.516466064,4.2474313
2024-09-09 18:00:00,9.413733377,9.504967
2024-09-09 18:15:00,3.496038462,3.3874984
2024-09-09 18:30:00,6.259959639,6.4641924
2024-09-09 18:45:00,2.038690922,2.1380184
2024-09-09 19:00:00,5.655216975,5.4745092
2024-09-09 19:15:00,10.78354357,11.371678
2024-09-09 19:30:00,11.42753745,10.959692
2024-09-09 19:45:00,10.53074945,10.931302
2024-09-09 20:00:00,7.818295804,7.8269215
2024-09-09 20:15:00,3.99961307,4.143776
2024-09-09 20:30:00,4.995821596,4.898587
2024-09-09 20:45:00,3.137232427,3.2988043
2024-09-09 21:00:00,2.118709263,2.116134
2024-09-09 21:15:00,2.782524341,2.911101
2024-09-09 21:30:00,5.661536114,5.733968
2024-09-09 21:45:00,1.455565794,1.4389952
2024-09-09 22:00:00,11.27557594,11.0931225
2024-09-09 22:15:00,6.749744006,6.7013855
2024-09-09 22:30:00,2.869561915,2.9917219
2024-09-09 22:45:00,5.333802988,5.328718
2024-09-09 23:00:00,4.757142032,4.8127894
2024-09-09 23:15:00,9.310820571,9.466993
2024-09-09 23:30:00,2.440024138,2.511331
2024-09-09 23:45:00,5.561179855,5.374744
2024-09-10 00:00:00,8.709670129,8.586379
2024-09-10 00:15:00,4.810155169,4.8867598
2024-09-10 00:30:00,4.810031651,4.7689376
2024-09-10 00:45:00,4.746431069,4.7280264
2024-09-10 01:00:00,8.926456813,9.218833
2024-09-10 01:15:00,2.253119246,2.3421967
2024-09-10 01:30:00,9.51160477,9.7631035
2024-09-10 01:45:00,1.886187511,1.9018565
2024-09-10 02:00:00,4.323102558,4.5469136
2024-09-10 02:15:00,5.040573509,5.1003695
2024-09-10 02:30:00,5.158726224,5.276787
2024-09-10 02:45:00,2.958928906,3.0620909
2024-09-10 03:00:00,7.195656427,7.1618547
2024-09-10 03:15:00,5.71746757,5.8489866
2024-09-10 03:30:00,7.134671361,7.182074
2024-09-10 03:45:00,7.558053915,7.547805
2024-09-10 04:00:00,3.055889851,3.1727166
2024-09-10 04:15:00,10.92753177,10.610921
2024-09-10 04:30:00,10.05510922,10.104701
2024-09-10 04:45:00,9.589717041,9.653168
2024-09-10 05:00:00,6.564054305,6.726635
2024-09-10 05:15:00,8.954088875,9.401607
2024-09-10 05:30:00,7.519019169,7.716018
2024-09-10 05:45:00,6.090924295,5.8890853
2024-09-10 06:00:00,8.80553738,9.165045
2024-09-10 06:15:00,7.311012017,7.618262
2024-09-10 06:30:00,1.165868645,1.169118
2024-09-10 06:45:00,11.50995383,11.538308
2024-09-10 07:00:00,5.524432572,5.5625052
2024-09-10 07:15:00,6.980429551,6.944371
2024-09-10 07:30:00,5.576396952,5.430967
2024-09-10 07:45:00,2.258151562,2.2547352
2024-09-10 08:00:00,9.562583479,9.637392
2024-09-10 08:15:00,8.227112808,8.33643
2024-09-10 08:30:00,10.23143722,9.863754
2024-09-10 08:45:00,6.28024274,5.973093
2024-09-10 09:00:00,9.374515726,9.467129
2024-09-10 09:15:00,9.248526723,9.326857
2024-09-10 09:30:00,4.169176354,4.362114
2024-09-10 09:45:00,1.153576352,1.2262989
2024-09-10 10:00:00,9.876122433,9.995399
2024-09-10 10:15:00,2.977960403,3.090137
2024-09-10 10:30:00,10.87714168,10.668638
2024-09-10 10:45:00,7.438256309,7.6097355
2024-09-10 11:00:00,8.04103434,7.7430644
2024-09-10 11:15:00,3.708966234,3.6723433
2024-09-10 11:30:00,5.01421762,5.259383
2024-09-10 11:45:00,4.627978304,4.463997
2024-09-10 12:00:00,3.073288349,3.1391582
2024-09-10 12:15:00,8.476469088,8.693761
2024-09-10 12:30:00,2.18310754,2.1440215
2024-09-10 12:45:00,6.323671266,6.220076
2024-09-10 13:00:00,6.846351614,6.6969194
2024-09-10 13:15:00,11.23442028,10.973013
2024-09-10 13:30:00,9.787676708,10.062035
2024-09-10 13:45:00,6.060237701,6.2333956
2024-09-10 14:00:00,10.29294894,9.831355
2024-09-10 14:15:00,9.765918594,9.570966
2024-09-10 14:30:00,1.473761779,1.42252
2024-09-10 14:45:00,11.1773396,10.627276
2024-09-10 15:00:00,8.141846786,8.17738
2024-09-10 15:15:00,8.089993936,7.717655
2024-09-10 15:30:00,8.079671871,8.501994
2024-09-10 15:45:00,3.605418083,3.5964313
2024-09-10 16:00:00,1.459441064,1.4742156
2024-09-10 16:15:00,3.558697475,3.6321347
2024-09-10 16:30:00,9.747595336,9.420921
2024-09-10 16:45:00,7.851543493,7.7150764
2024-09-10 17:00:00,5.018539182,4.76633
2024-09-10 17:15:00,3.755959092,3.5981064
2024-09-10 17:30:00,8.825556513,9.267507
2024-09-10 17:45:00,5.753371061,6.053001
2024-09-10 18:00:00,7.258714253,7.3724585
2024-09-10 18:15:00,1.288376446,1.2866633
2024-09-10 18:30:00,5.140750235,5.3711376
2024-09-10 18:45:00,1.30775739,1.319352
2024-09-10 19:00:00,9.172690211,9.582542
2024-09-10 19:15:00,3.759895856,3.8488226
2024-09-10 19:30:00,2.697861151,2.7968993
2024-09-10 19:45:00,11.25723325,10.83888
2024-09-10 20:00:00,1.294902088,1.2946452
2024-09-10 20:15:00,3.093026721,3.246877
2024-09-10 20:30:00,3.750251816,3.6248121
2024-09-10 20:45:00,10.02402184,9.6665535
2024-09-10 21:00:00,8.747959522,8.631439
2024-09-10 21:15:00,11.36274227,11.495295
2024-09-10 21:30:00,8.209273293,8.054804
2024-09-10 21:45:00,3.598634527,3.59847
2024-09-10 22:00:00,2.891994315,2.9081886
2024-09-10 22:15:00,8.694689091,8.8259735
2024-09-10 22:30:00,9.765735518,10.083543
2024-09-10 22:45:00,10.98168125,10.888223
2024-09-10 23:00:00,9.125459822,9.310999
2024-09-10 23:15:00,9.360379535,9.415921
2024-09-10 23:30:00,7.973207948,7.907653
2024-09-10 23:45:00,8.088751575,8.329086
2024-09-11 00:00:00,2.399680156,2.3882713
2024-09-11 00:15:00,4.658510791,4.6322584
2024-09-11 00:30:00,6.126804564,5.8342967
2024-09-11 00:45:00,8.361648639,8.241108
2024-09-11 01:00:00,5.299252946,5.6086335
2024-09-11 01:15:00,4.835020749,5.018484
2024-09-11 01:30:00,6.720880473,6.9950023
2024-09-11 01:45:00,5.394270648,5.216163
2024-09-11 02:00:00,2.013168363,1.9031729
2024-09-11 02:15:00,11.4343614,10.918214
2024-09-11 02:30:00,10.69937065,10.765767
2024-09-11 02:45:00,1.533420051,1.5177377
2024-09-11 03:00:00,6.925664118,6.8011312
2024-09-11 03:15:00,9.011136563,8.584656
2024-09-11 03:30:00,7.280961346,7.402269
2024-09-11 03:45:00,4.907759481,4.7616987
2024-09-11 04:00:00,8.893958393,9.308486
2024-09-11 04:15:00,7.879854694,7.8003716
2024-09-11 04:30:00,3.925604116,3.696575
2024-09-11 04:45:00,7.495422089,7.4947476
2024-09-11 05:00:00,4.011076318,4.151674
2024-09-11 05:15:00,7.301015199,7.317995
2024-09-11 05:30:00,9.12951229,9.388897
2024-09-11 05:45:00,4.590169503,4.297328
2024-09-11 06:00:00,4.086191774,4.081842
2024-09-11 06:15:00,9.017674433,8.598514
2024-09-11 06:30:00,6.646998674,6.5012283
2024-09-11 06:45:00,2.667936541,2.618239
2024-09-11 07:00:00,6.729119262,6.695918
2024-09-11 07:15:00,7.618854576,7.718422
2024-09-11 07:30:00,6.165988348,6.16134
2024-09-11 07:45:00,7.548383667,7.303624
2024-09-11 08:00:00,4.91693845,4.7487335
2024-09-11 08:15:00,9.686432908,10.060288
2024-09-11 08:30:00,3.678252721,3.6046858
2024-09-11 08:45:00,4.218621235,4.084492
2024-09-11 09:00:00,9.029196837,9.492674
2024-09-11 09:15:00,1.757043271,1.7835764
2024-09-11 09:30:00,11.63244268,11.609781
2024-09-11 09:45:00,7.657714932,7.8005514
2024-09-11 10:00:00,8.767434403,9.091413
2024-09-11 10:15:00,6.991238897,7.186376
2024-09-11 10:30:00,8.710014553,8.963321
2024-09-11 10:45:00,5.58647216,5.7701254
2024-09-11 11:00:00,6.66420215,6.8378596
2024-09-11 11:15:00,7.573794303,7.9877844
2024-09-11 11:30:00,10.91361933,10.621096
2024-09-11 11:45:00,1.403069675,1.4872491
2024-09-11 12:00:00,2.212301906,2.2797377
2024-09-11 12:15:00,8.784057215,8.40069
2024-09-11 12:30:00,4.554881071,4.7665095
2024-09-11 12:45:00,8.574554872,8.255795
2024-09-11 13:00:00,3.562198609,3.4910226
2024-09-11 13:15:00,7.658405004,7.751762
2024-09-11 13:30:00,5.859769057,6.1102324
2024-09-11 13:45:00,2.467240055,2.414608
2024-09-11 14:00:00,10.88940501,10.766444
2024-09-11 14:15:00,9.444980703,8.992113
2024-09-11 14:30:00,8.792197213,9.119819
2024-09-11 14:45:00,8.484419981,8.233985
2024-09-11 15:00:00,1.31402133,1.3225521
2024-09-11 15:15:00,6.47822448,6.5156574
2024-09-11 15:30:00,8.379323554,8.763948
2024-09-11 15:45:00,3.302775333,3.4993525
2024-09-11 16:00:00,7.483387723,7.772676
2024-09-11 16:15:00,11.45039346,10.93347
2024-09-11 16:30:00,9.158167145,9.123091
2024-09-11 16:45:00,6.7110791,6.7168655
2024-09-11 17:00:00,4.469938121,4.505832
2024-09-11 17:15:00,7.224381606,7.5106997
2024-09-11 17:30:00,8.344610104,8.620094
2024-09-11 17:45:00,7.389916263,7.677692
2024-09-11 18:00:00,8.432832776,8.9231
2024-09-11 18:15:00,4.022857314,3.9578543
2024-09-11 18:30:00,6.598886887,6.3781495
2024-09-11 18:45:00,6.966852609,6.7047896
2024-09-11 19:00:00,2.024538521,2.1014874
2024-09-11 19:15:00,3.011509869,2.9769936
2024-09-11 19:30:00,4.357001866,4.4054155
2024-09-11 19:45:00,1.577026813,1.6010126
2024-09-11 20:00:00,3.730048197,3.600337
2024-09-11 20:15:00,6.304143401,6.505706
2024-09-11 20:30:00,6.617189346,6.7594943
2024-09-11 20:45:00,4.035037751,3.8435023
2024-09-11 21:00:00,10.5880059,11.076819
2024-09-11 21:15:00,6.277398192,5.999971
2024-09-11 21:30:00,7.470288557,7.6477165
2024-09-11 21:45:00,1.417850797,1.4544356
2024-09-11 22:00:00,5.063391237,5.3055415
2024-09-11 22:15:00,6.766137535,6.845612
2024-09-11 22:30:00,4.122038494,4.258665
2024-09-11 22:45:00,2.842086126,2.954742
2024-09-11 23:00:00,3.193580635,3.3377693
2024-09-11 23:15:00,5.612653583,5.7716155
2024-09-11 23:30:00,1.872439911,1.847676
2024-09-11 23:45:00,3.511052628,3.5173433
2024-09-12 00:00:00,8.649219304,8.660038
2024-09-12 00:15:00,3.493591562,3.415816
2024-09-12 00:30:00,2.356368556,2.3405547
2024-09-12 00:45:00,1.98468298,2.0199618
2024-09-12 01:00:00,12.1078316,11.697877
2024-09-12 01:15:00,1.961330455,2.0891533
2024-09-12 01:30:00,5.687104576,5.735971
2024-09-12 01:45:00,6.267600519,6.549152
2024-09-12 02:00:00,10.85547631,11.089248
2024-09-12 02:15:00,10.47822115,10.32063
2024-09-12 02:30:00,3.849043402,3.7070744
2024-09-12 02:45:00,1.961887067,1.9451464
2024-09-12 03:00:00,5.731443282,5.3983717
2024-09-12 03:15:00,2.153250932,2.1264741
2024-09-12 03:30:00,9.321349298,9.818316
2024-09-12 03:45:00,8.737767723,8.597969
2024-09-12 04:00:00,11.07175354,11.138391
2024-09-12 04:15:00,6.898696633,7.2028823
2024-09-12 04:30:00,4.98945377,4.7424335
2024-09-12 04:45:00,6.649376762,6.4343977
2024-09-12 05:00:00,2.681886989,2.8470304
2024-09-12 05:15:00,6.038918253,6.0227427
2024-09-12 05:30:00,11.42739575,11.733915
2024-09-12 05:45:00,8.382816205,8.228848
2024-09-12 06:00:00,1.846077605,1.8842944
2024-09-12 06:15:00,8.907622659,9.007719
2024-09-12 06:30:00,2.111614446,2.1768563
2024-09-12 06:45:00,4.939100535,5.04323
2024-09-12 07:00:00,8.983576858,9.307863
2024-09-12 07:15:00,2.575644219,2.5048797
2024-09-12 07:30:00,4.106425808,4.367916
2024-09-12 07:45:00,3.178545344,3.1216955
2024-09-12 08:00:00,10.0246417,10.329817
2024-09-12 08:15:00,2.702342529,2.5553036
2024-09-12 08:30:00,6.563149543,6.779391
2024-09-12 08:45:00,3.955576836,3.9274013
2024-09-12 09:00:00,6.41483792,6.7227116
2024-09-12 09:15:00,2.797052937,2.8042228
2024-09-12 09:30:00,9.498772078,9.343275
2024-09-12 09:45:00,7.363414701,7.400126
2024-09-12 10:00:00,1.622885207,1.5332271
2024-09-12 10:15:00,10.48919348,10.564029
2024-09-12 10:30:00,10.63674662,10.552382
2024-09-12 10:45:00,4.14527319,4.160914
2024-09-12 11:00:00,4.218463388,4.0749526
2024-09-12 11:15:00,6.315948101,6.3790183
2024-09-12 11:30:00,7.477777922,7.5570455
2024-09-12 11:45:00,4.339505565,4.182932
2024-09-12 12:00:00,9.463186414,9.3746195
2024-09-12 12:15:00,1.981985275,2.0486877
2024-09-12 12:30:00,5.453888139,5.357415
2024-09-12 12:45:00,7.031509461,7.0721726
2024-09-12 13:00:00,9.698530228,9.379133
2024-09-12 13:15:00,10.39077365,9.809078
2024-09-12 13:30:00,3.897018479,3.7028277
2024-09-12 13:45:00,3.646859972,3.615824
2024-09-12 14:00:00,4.940659919,4.9494658
2024-09-12 14:15:00,5.531475679,5.613479
2024-09-12 14:30:00,9.628717289,9.615847
2024-09-12 14:45:00,1.220009607,1.1684468
2024-09-12 15:00:00,8.62552536,8.424751
2024-09-12 15:15:00,3.231699612,3.347114
2024-09-12 15:30:00,10.21363076,10.070955
2024-09-12 15:45:00,4.417851559,4.50141
2024-09-12 16:00:00,6.635589347,6.685448
2024-09-12 16:15:00,4.368261209,4.5968356
2024-09-12 16:30:00,5.787684125,5.584333
2024-09-12 16:45:00,6.494062004,6.5536423
2024-09-12 17:00:00,8.866898396,8.7039995
2024-09-12 17:15:00,2.511156065,2.413393
2024-09-12 17:30:00,4.89725056,4.9538245
2024-09-12 17:45:00,7.892935373,7.652586
2024-09-12 18:00:00,7.645716882,7.312231
2024-09-12 18:15:00,9.215360635,9.169071
2024-09-12 18:30:00,10.19759326,10.570519
2024-09-12 18:45:00,2.027661359,2.1292758
2024-09-12 19:00:00,8.618940041,8.605223
2024-09-12 19:15:00,4.241860871,4.0980873
2024-09-12 19:30:00,6.092382261,6.1571507
2024-09-12 19:45:00,7.929054856,7.7336693
2024-09-12 20:00:00,2.757950332,2.7340906
2024-09-12 20:15:00,4.49440077,4.751207
2024-09-12 20:30:00,11.98455233,11.585321
2024-09-12 20:45:00,2.723510018,2.6864085
2024-09-12 21:00:00,2.071827705,2.0353522
2024-09-12 21:15:00,9.531921697,10.057477
2024-09-12 21:30:00,5.604402149,5.7163377
2024-09-12 21:45:00,7.831668508,8.048923
2024-09-12 22:00:00,4.294531116,4.234589
2024-09-12 22:15:00,3.330381759,3.2035832
2024-09-12 22:30:00,3.435605123,3.428835
2024-09-12 22:45:00,3.378130055,3.2533977
2024-09-12 23:00:00,3.879093214,3.639704
2024-09-12 23:15:00,3.341931132,3.3925712
2024-09-12 23:30:00,9.302472676,9.834706
2024-09-12 23:45:00,6.771644042,6.658847
2024-09-13 00:00:00,4.295807872,4.2504544
2024-09-13 00:15:00,4.541472612,4.6965714
2024-09-13 00:30:00,10.80311018,11.168259
2024-09-13 00:45:00,3.038928491,3.1459298
2024-09-13 01:00:00,10.16368957,10.551892
2024-09-13 01:15:00,8.810811227,8.722523
2024-09-13 01:30:00,7.698423029,7.7737274
2024-09-13 01:45:00,7.636542177,7.7187643
2024-09-13 02:00:00,5.747090521,5.583621
2024-09-13 02:15:00,5.867637764,5.618118
2024-09-13 02:30:00,9.001334345,9.318138
2024-09-13 02:45:00,9.460727663,9.488308
2024-09-13 03:00:00,6.822332551,6.910564
2024-09-13 03:15:00,8.907742657,8.88193
2024-09-13 03:30:00,9.080781039,9.676601
2024-09-13 03:45:00,4.745695059,4.583509
2024-09-13 04:00:00,7.208017994,7.276896
2024-09-13 04:15:00,5.758237922,5.6654534
2024-09-13 04:30:00,2.075434601,2.160301
2024-09-13 04:45:00,7.79948648,7.955636
2024-09-13 05:00:00,7.123653293,7.270445
2024-09-13 05:15:00,2.244559309,2.276402
2024-09-13 05:30:00,1.925378852,1.9046313
2024-09-13 05:45:00,3.477853201,3.649363
2024-09-13 06:00:00,9.678460122,9.76916
2024-09-13 06:15:00,1.911651955,1.8598202
2024-09-13 06:30:00,5.730229954,6.0150547
2024-09-13 06:45:00,3.176273669,3.0628452
2024-09-13 07:00:00,3.922406482,3.755609
2024-09-13 07:15:00,9.249783478,8.967912
2024-09-13 07:30:00,10.06925032,10.399324
2024-09-13 07:45:00,7.254426778,7.2506313
2024-09-13 08:00:00,10.10325514,9.978266
2024-09-13 08:15:00,9.915255153,10.259661
2024-09-13 08:30:00,3.339110016,3.309778
2024-09-13 08:45:00,6.957765937,7.3133364
2024-09-13 09:00:00,8.971130945,9.255851
2024-09-13 09:15:00,7.236678833,6.9236717
2024-09-13 09:30:00,9.915211292,9.618499
2024-09-13 09:45:00,7.652991946,7.419462
2024-09-13 10:00:00,3.980795959,4.1486955
2024-09-13 10:15:00,7.854125308,8.286408
2024-09-13 10:30:00,7.128806682,7.1573186
2024-09-13 10:45:00,7.877188738,7.739037
2024-09-13 11:00:00,2.101704259,2.1039298
2024-09-13 11:15:00,2.447216425,2.4385674
2024-09-13 11:30:00,9.584169823,9.888644
2024-09-13 11:45:00,5.811089436,5.775708
2024-09-13 12:00:00,3.298850849,3.4496818
2024-09-13 12:15:00,2.091727252,2.1464717
2024-09-13 12:30:00,3.992540493,3.9121227
2024-09-13 12:45:00,4.351944775,4.1902547
2024-09-13 13:00:00,11.24573299,11.491585
2024-09-13 13:15:00,9.306487507,9.719819
2024-09-13 13:30:00,1.983350649,1.9429322
2024-09-13 13:45:00,8.71548355,9.164555
2024-09-13 14:00:00,7.262775965,7.0716558
2024-09-13 14:15:00,3.357721534,3.5285943
2024-09-13 14:30:00,9.089489196,8.799569
2024-09-13 14:45:00,1.361425358,1.4485615
2024-09-13 15:00:00,8.419236335,8.642865
2024-09-13 15:15:00,10.21761199,10.007718
2024-09-13 15:30:00,10.42735521,9.845287
2024-09-13 15:45:00,8.980318286,9.119534
2024-09-13 16:00:00,10.86387588,10.540919
2024-09-13 16:15:00,8.287213584,8.527434
2024-09-13 16:30:00,8.110235886,8.254924
2024-09-13 16:45:00,1.422037006,1.3964385
2024-09-13 17:00:00,2.870805822,2.8803093
2024-09-13 17:15:00,8.733663098,8.990229
2024-09-13 17:30:00,11.69904989,11.318966
2024-09-13 17:45:00,8.698884309,8.302926
2024-09-13 18:00:00,7.132422757,7.103369
2024-09-13 18:15:00,2.903638818,3.0270107
2024-09-13 18:30:00,11.14426694,10.909586
2024-09-13 18:45:00,7.948438727,7.860319
2024-09-13 19:00:00,6.104263513,6.121233
2024-09-13 19:15:00,10.32814909,10.161764
2024-09-13 19:30:00,10.26066666,10.70095
2024-09-13 19:45:00,4.770621168,4.882091
2024-09-13 20:00:00,6.492756437,6.51477
2024-09-13 20:15:00,2.313589272,2.3503315
2024-09-13 20:30:00,10.79981418,11.373229
2024-09-13 20:45:00,2.40895746,2.522175
2024-09-13 21:00:00,10.63539788,10.699961
2024-09-13 21:15:00,3.01742328,3.0821161
2024-09-13 21:30:00,10.13673971,10.405836
2024-09-13 21:45:00,5.780515353,5.6751385
2024-09-13 22:00:00,7.126380643,7.290436
2024-09-13 22:15:00,1.430134256,1.5048012
2024-09-13 22:30:00,5.265744365,5.433994
2024-09-13 22:45:00,6.188860798,6.0476074
2024-09-13 23:00:00,1.251473076,1.2474035
2024-09-13 23:15:00,7.454060543,7.76721
2024-09-13 23:30:00,9.779441596,9.600737
2024-09-13 23:45:00,1.476952073,1.4622785
2024-09-14 00:00:00,6.09800942,6.131859
2024-09-14 00:15:00,1.41338606,1.4755282
2024-09-14 00:30:00,10.24358994,9.808334
2024-09-14 00:45:00,2.846956906,2.9332507
2024-09-14 01:00:00,1.786844742,1.7406906
2024-09-14 01:15:00,9.981490699,10.040524
2024-09-14 01:30:00,5.949257418,5.677747
2024-09-14 01:45:00,2.222393594,2.1695018
2024-09-14 02:00:00,8.055058122,7.854718
2024-09-14 02:15:00,8.657805751,8.444575
2024-09-14 02:30:00,6.797129798,7.067401
2024-09-14 02:45:00,4.310885294,4.4738097
2024-09-14 03:00:00,5.836036458,5.7239265
2024-09-14 03:15:00,11.38911798,11.263543
2024-09-14 03:30:00,6.483549758,6.8202634
2024-09-14 03:45:00,5.016879856,5.255925
2024-09-14 04:00:00,7.764115307,7.8890443
2024-09-14 04:15:00,1.89834146,1.9524962
2024-09-14 04:30:00,4.058627699,4.1387095
2024-09-14 04:45:00,3.418149601,3.504391
2024-09-14 05:00:00,8.103225279,7.8819537
2024-09-14 05:15:00,7.753835263,7.4615808
2024-09-14 05:30:00,8.418969078,8.752788
2024-09-14 05:45:00,5.428498264,5.5802875
2024-09-14 06:00:00,3.014396698,3.0254226
2024-09-14 06:15:00,3.075649331,2.996449
2024-09-14 06:30:00,10.8038803,10.541149
2024-09-14 06:45:00,1.958529455,1.8781863
2024-09-14 07:00:00,7.550960778,7.349904
2024-09-14 07:15:00,3.546837347,3.4436693
2024-09-14 07:30:00,3.380536473,3.4465315
2024-09-14 07:45:00,2.25042424,2.2247307
2024-09-14 08:00:00,11.68471646,11.430087
2024-09-14 08:15:00,1.747212676,1.7526889
2024-09-14 08:30:00,2.539909549,2.5798416
2024-09-14 08:45:00,4.760079568,4.884313
2024-09-14 09:00:00,6.059900392,6.061194
2024-09-14 09:15:00,11.19789838,11.046937
2024-09-14 09:30:00,3.460719228,3.5801373
2024-09-14 09:45:00,8.526711194,8.419792
2024-09-14 10:00:00,7.849219838,8.208847
2024-09-14 10:15:00,6.596594558,6.5597363
2024-09-14 10:30:00,3.730401426,3.8715353
2024-09-14 10:45:00,2.745071024,2.6751287
2024-09-14 11:00:00,2.934030522,2.9259567
2024-09-14 11:15:00,4.70433646,4.5653734
2024-09-14 11:30:00,2.604850479,2.5045822
2024-09-14 11:45:00,12.36673863,11.763584
2024-09-14 12:00:00,5.318790333,5.5485697
2024-09-14 12:15:00,6.900252563,6.784275
2024-09-14 12:30:00,7.822150679,7.8365636
2024-09-14 12:45:00,3.113092611,3.236963
2024-09-14 13:00:00,6.388929298,6.0075207
2024-09-14 13:15:00,1.862268,1.7851038
2024-09-14 13:30:00,10.48605008,11.081456
2024-09-14 13:45:00,6.038416371,6.073969
2024-09-14 14:00:00,1.458493492,1.4608879
2024-09-14 14:15:00,7.704809068,7.4377947
2024-09-14 14:30:00,2.111030062,2.171006
2024-09-14 14:45:00,9.247619122,9.296728
2024-09-14 15:00:00,10.34336194,10.813684
2024-09-14 15:15:00,11.10021726,10.637064
2024-09-14 15:30:00,5.638397864,5.6745014
2024-09-14 15:45:00,8.533634696,8.75977
2024-09-14 16:00:00,2.697084215,2.6432762
2024-09-14 16:15:00,1.940519749,1.9533852
2024-09-14 16:30:00,9.806402634,9.563706
2024-09-14 16:45:00,8.657848036,8.525834
2024-09-14 17:00:00,10.42709457,10.442057
2024-09-14 17:15:00,9.940247301,10.377695
2024-09-14 17:30:00,4.817668678,4.7260737
2024-09-14 17:45:00,4.482394713,4.41488
2024-09-14 18:00:00,5.648054338,5.6890106
2024-09-14 18:15:00,8.022776861,7.926516
2024-09-14 18:30:00,1.217312572,1.1655653
2024-09-14 18:45:00,6.266939619,6.5843663
2024-09-14 19:00:00,1.345776575,1.3145674
2024-09-14 19:15:00,5.932944273,5.6842337
2024-09-14 19:30:00,2.008039399,2.0193863
2024-09-14 19:45:00,7.102077769,6.79679
2024-09-14 20:00:00,4.53490296,4.3665724
2024-09-14 20:15:00,6.115444779,6.0880914
2024-09-14 20:30:00,11.67536872,11.421958
2024-09-14 20:45:00,4.708813679,4.7541833
2024-09-14 21:00:00,8.496671923,8.803085
2024-09-14 21:15:00,7.983455162,8.235868
2024-09-14 21:30:00,9.952717894,9.760394
2024-09-14 21:45:00,4.65769247,4.5151134
2024-09-14 22:00:00,1.768060125,1.6885086
2024-09-14 22:15:00,11.28732098,11.295446
2024-09-14 22:30:00,5.129407265,4.9273953
2024-09-14 22:45:00,3.132816689,3.2087486
2024-09-14 23:00:00,11.1976063,10.797685
2024-09-14 23:15:00,3.149668941,3.085558
2024-09-14 23:30:00,6.807521431,6.667111
2024-09-14 23:45:00,8.979317358,8.934064
2024-09-15 00:00:00,8.793986248,8.680544
2024-09-15 00:15:00,1.458825714,1.4204441
2024-09-15 00:30:00,3.298574394,3.3222194
2024-09-15 00:45:00,10.40705749,10.408862
2024-09-15 01:00:00,7.056716117,6.8532543
2024-09-15 01:15:00,8.147210618,8.188266
2024-09-15 01:30:00,5.581223796,5.409649
2024-09-15 01:45:00,8.950097553,8.616472
2024-09-15 02:00:00,4.348184442,4.1804976
2024-09-15 02:15:00,3.73396903,3.5849345
2024-09-15 02:30:00,10.94512344,11.352284
2024-09-15 02:45:00,2.836068954,2.7962623
2024-09-15 03:00:00,10.98428927,11.249184
2024-09-15 03:15:00,10.98157958,10.657854
2024-09-15 03:30:00,8.730954728,8.532684
2024-09-15 03:45:00,7.49391174,7.185725
2024-09-15 04:00:00,1.249784006,1.2207745
2024-09-15 04:15:00,7.558358243,7.778344
2024-09-15 04:30:00,8.563724219,8.993456
2024-09-15 04:45:00,8.30090797,8.698715
2024-09-15 05:00:00,3.012909067,2.9105945
2024-09-15 05:15:00,6.662622907,6.705521
2024-09-15 05:30:00,6.934735189,6.906671
2024-09-15 05:45:00,8.404731299,8.01521
2024-09-15 06:00:00,9.108364618,9.478563
2024-09-15 06:15:00,8.532517101,8.348381
2024-09-15 06:30:00,2.521883071,2.542378
2024-09-15 06:45:00,1.337826933,1.3254654
2024-09-15 07:00:00,2.649072242,2.5921247
2024-09-15 07:15:00,1.634741452,1.5708791
2024-09-15 07:30:00,5.523178088,5.657688
2024-09-15 07:45:00,4.235551914,4.208561
2024-09-15 08:00:00,1.271391385,1.2376693
2024-09-15 08:15:00,1.968102713,1.9318664
2024-09-15 08:30:00,5.413158328,5.243254
2024-09-15 08:45:00,11.08758437,10.984631
2024-09-15 09:00:00,11.39021294,11.058488
2024-09-15 09:15:00,1.548582403,1.6033983
2024-09-15 09:30:00,10.1531942,9.757835
2024-09-15 09:45:00,6.340180467,6.2460146
2024-09-15 10:00:00,8.11097869,7.851867
2024-09-15 10:15:00,6.270211479,6.3275933
2024-09-15 10:30:00,10.51610969,10.941999
2024-09-15 10:45:00,6.211683689,6.136958
2024-09-15 11:00:00,2.851958777,2.774717
2024-09-15 11:15:00,8.76530841,9.206035
2024-09-15 11:30:00,6.478986378,6.388271
2024-09-15 11:45:00,2.4754887,2.391009
2024-09-15 12:00:00,5.965776655,5.9909186
2024-09-15 12:15:00,7.962722497,8.121458
2024-09-15 12:30:00,4.258206688,4.104701
2024-09-15 12:45:00,10.18746462,10.572323
2024-09-15 13:00:00,9.874770533,9.495783
2024-09-15 13:15:00,7.21105482,6.9461665
2024-09-15 13:30:00,1.740707728,1.6950259
2024-09-15 13:45:00,7.283023339,6.974633
2024-09-15 14:00:00,5.738622158,5.588988
2024-09-15 14:15:00,9.004023943,8.829679
2024-09-15 14:30:00,3.730726373,3.8556628
2024-09-15 14:45:00,7.482324962,7.43654
2024-09-15 15:00:00,7.078739128,6.8909154
2024-09-15 15:15:00,6.887016733,6.64813
2024-09-15 15:30:00,2.327359828,2.2504234
2024-09-15 15:45:00,6.36549612,6.237329
2024-09-15 16:00:00,6.498777584,6.6739306
2024-09-15 16:15:00,10.49164019,11.002127
2024-09-15 16:30:00,6.291256238,6.047337
2024-09-15 16:45:00,7.757078133,7.6855974
2024-09-15 17:00:00,6.933262815,7.023688
2024-09-15 17:15:00,3.198982475,3.055366
2024-09-15 17:30:00,3.021549136,3.0025637
2024-09-15 17:45:00,8.936980153,9.030178
2024-09-15 18:00:00,6.525536005,6.5694046
2024-09-15 18:15:00,10.44498504,10.655147
2024-09-15 18:30:00,10.2300909,10.673102
2024-09-15 18:45:00,4.148128088,4.3411317
2024-09-15 19:00:00,2.064077611,2.0694427
2024-09-15 19:15:00,4.700691851,4.7141767
2024-09-15 19:30:00,1.856713362,1.8673652
2024-09-15 19:45:00,9.875764725,9.467013
2024-09-15 20:00:00,2.824749165,2.7428188
2024-09-15 20:15:00,10.43407775,10.074138
2024-09-15 20:30:00,5.3397151,5.4548645
2024-09-15 20:45:00,3.782868011,3.9957628
2024-09-15 21:00:00,6.040518453,6.138977
2024-09-15 21:15:00,7.2089594,7.5984626
2024-09-15 21:30:00,8.539193774,8.40543
2024-09-15 21:45:00,4.458291132,4.686232
2024-09-15 22:00:00,11.99144006,11.57272
2024-09-15 22:15:00,5.621282489,5.6136045
2024-09-15 22:30:00,9.548206142,9.965706
2024-09-15 22:45:00,1.528880631,1.5281898
2024-09-15 23:00:00,9.044240955,8.8836975
2024-09-15 23:15:00,7.230571978,6.870952
2024-09-15 23:30:00,7.377913766,7.374575
2024-09-15 23:45:00,5.113951833,4.9873977
2024-09-16 00:00:00,7.075745701,6.9330153
2024-09-16 00:15:00,10.57983162,10.573587
2024-09-16 00:30:00,5.151216732,5.049942
2024-09-16 00:45:00,2.166147493,2.2860417
2024-09-16 01:00:00,9.007726659,8.666647
2024-09-16 01:15:00,6.263326771,6.3357515
2024-09-16 01:30:00,5.449264869,5.4271183
2024-09-16 01:45:00,9.518081772,9.211072
2024-09-16 02:00:00,6.90238369,6.6527543
2024-09-16 02:15:00,7.588832353,7.7019887
2024-09-16 02:30:00,10.89623036,10.684631
2024-09-16 02:45:00,1.669344114,1.7371267
2024-09-16 03:00:00,3.71585922,3.811524
2024-09-16 03:15:00,9.923615939,10.062468
2024-09-16 03:30:00,9.508837156,9.186525
2024-09-16 03:45:00,3.07857681,3.1173372
2024-09-16 04:00:00,3.1254282,2.9812298
2024-09-16 04:15:00,10.20983901,10.190493
2024-09-16 04:30:00,7.090126216,7.188312
2024-09-16 04:45:00,9.874922717,9.8851
2024-09-16 05:00:00,10.76220489,10.636242
2024-09-16 05:15:00,1.961292388,1.847466
2024-09-16 05:30:00,10.71758353,11.224188
2024-09-16 05:45:00,8.258576048,8.60837
2024-09-16 06:00:00,10.06534328,10.259208
2024-09-16 06:15:00,7.574603513,7.4931073
2024-09-16 06:30:00,4.339323976,4.24504
2024-09-16 06:45:00,7.994075053,7.58329
2024-09-16 07:00:00,6.679358651,6.370742
2024-09-16 07:15:00,10.75801062,10.998671
2024-09-16 07:30:00,7.130352639,7.122714
2024-09-16 07:45:00,1.39836495,1.453154
2024-09-16 08:00:00,7.978543231,8.3603525
2024-09-16 08:15:00,1.62645059,1.7638569
2024-09-16 08:30:00,10.89653398,10.762406
2024-09-16 08:45:00,6.25941915,6.0644817
2024-09-16 09:00:00,11.77645575,11.488818
2024-09-16 09:15:00,1.326143222,1.374595
2024-09-16 09:30:00,6.924339424,6.826543
2024-09-16 09:45:00,3.416958214,3.501474
2024-09-16 10:00:00,7.98079608,7.695415
2024-09-16 10:15:00,5.895626291,6.115883
2024-09-16 10:30:00,6.80702896,6.796048
2024-09-16 10:45:00,4.648485066,4.790644
2024-09-16 11:00:00,1.667078619,1.7149054
2024-09-16 11:15:00,2.204528524,2.135874
2024-09-16 11:30:00,9.887948158,10.313297
2024-09-16 11:45:00,8.762108639,8.309793
2024-09-16 12:00:00,8.686667449,9.231035
2024-09-16 12:15:00,2.345277075,2.3949637
2024-09-16 12:30:00,1.706525364,1.7043102
2024-09-16 12:45:00,1.344234969,1.3032656
2024-09-16 13:00:00,6.380716408,6.6813602
2024-09-16 13:15:00,6.216595216,6.068326
2024-09-16 13:30:00,2.326017058,2.273136
2024-09-16 13:45:00,4.858713422,4.786146
2024-09-16 14:00:00,6.803970679,6.6313634
2024-09-16 14:15:00,7.686126774,7.802028
2024-09-16 14:30:00,9.788277224,9.759022
2024-09-16 14:45:00,7.300633787,7.5282335
2024-09-16 15:00:00,1.467103847,1.4536368
2024-09-16 15:15:00,7.554412314,7.166569
2024-09-16 15:30:00,2.109733735,2.1043437
2024-09-16 15:45:00,7.224061351,7.166414
2024-09-16 16:00:00,5.225782443,5.029303
2024-09-16 16:15:00,4.290735585,4.1265626
2024-09-16 16:30:00,5.963104504,6.117925
2024-09-16 16:45:00,5.000605389,5.112569
2024-09-16 17:00:00,10.48721508,9.974541
2024-09-16 17:15:00,3.492293361,3.4863925
2024-09-16 17:30:00,2.533141526,2.571191
2024-09-16 17:45:00,9.946609024,10.054077
2024-09-16 18:00:00,3.893283144,3.7836266
2024-09-16 18:15:00,1.445747456,1.4392385
2024-09-16 18:30:00,5.108374359,5.226417
2024-09-16 18:45:00,9.289745008,9.580411
2024-09-16 19:00:00,5.897171852,5.739887
2024-09-16 19:15:00,5.853424111,6.036727
2024-09-16 19:30:00,1.610979849,1.6396575
2024-09-16 19:45:00,8.405812586,8.530588
2024-09-16 20:00:00,4.690557359,4.712062
2024-09-16 20:15:00,8.502390627,8.660864
2024-09-16 20:30:00,5.445677212,5.4550147
2024-09-16 20:45:00,6.433795816,6.543863
2024-09-16 21:00:00,7.622073067,7.542753
2024-09-16 21:15:00,3.069201699,3.1782453
2024-09-16 21:30:00,4.059133363,4.14884
2024-09-16 21:45:00,7.283749231,7.095521
2024-09-16 22:00:00,9.760016999,9.929569
2024-09-16 22:15:00,10.91799573,10.841031
2024-09-16 22:30:00,6.467269186,6.285847
2024-09-16 22:45:00,1.77382129,1.8473445
2024-09-16 23:00:00,10.46681821,10.567204
2024-09-16 23:15:00,5.496231525,5.34639
2024-09-16 23:30:00,2.182632255,2.1543303
2024-09-16 23:45:00,11.67831986,11.544072
2024-09-17 00:00:00,3.894980883,4.0336723
2024-09-17 00:15:00,7.830993622,7.7975235
2024-09-17 00:30:00,2.528282228,2.5642178
2024-09-17 00:45:00,8.336672431,8.572977
2024-09-17 01:00:00,10.82110556,10.982197
2024-09-17 01:15:00,11.30965316,11.367419
2024-09-17 01:30:00,2.509420021,2.598367
2024-09-17 01:45:00,9.673382702,9.266954
2024-09-17 02:00:00,7.71733923,8.161099
2024-09-17 02:15:00,9.369330004,9.680838
2024-09-17 02:30:00,4.45069029,4.512133
2024-09-17 02:45:00,5.189205654,5.1962805
2024-09-17 03:00:00,4.752645929,4.82615
2024-09-17 03:15:00,8.727323966,8.901433
2024-09-17 03:30:00,9.299855283,9.53371
2024-09-17 03:45:00,3.817362171,3.7843678
2024-09-17 04:00:00,7.193139592,6.986912
2024-09-17 04:15:00,2.588759287,2.4677706
2024-09-17 04:30:00,1.217915475,1.3092209
2024-09-17 04:45:00,7.457318496,7.575157
2024-09-17 05:00:00,10.20950825,9.804796
2024-09-17 05:15:00,10.22532314,10.442679
2024-09-17 05:30:00,7.981269357,7.9054985
2024-09-17 05:45:00,9.420347139,9.515232
2024-09-17 06:00:00,5.727855646,5.405076
2024-09-17 06:15:00,10.5776881,10.3370285
2024-09-17 06:30:00,9.209028594,9.471736
2024-09-17 06:45:00,4.571253703,4.358878
2024-09-17 07:00:00,7.233336961,7.2468
2024-09-17 07:15:00,1.761563358,1.7524858
2024-09-17 07:30:00,2.644508362,2.6687026
2024-09-17 07:45:00,11.18854898,10.654033
2024-09-17 08:00:00,1.191215362,1.3126829
2024-09-17 08:15:00,3.126228381,3.1521175
2024-09-17 08:30:00,2.608828773,2.6179125
2024-09-17 08:45:00,8.041706347,8.294419
2024-09-17 09:00:00,2.224748133,2.2157564
2024-09-17 09:15:00,1.444452545,1.3610816
2024-09-17 09:30:00,11.45720842,10.972708
2024-09-17 09:45:00,9.784008298,10.187793
2024-09-17 10:00:00,4.862375044,4.7847247
2024-09-17 10:15:00,2.095250686,2.1385748
2024-09-17 10:30:00,8.021065787,8.059152
2024-09-17 10:45:00,10.3844882,10.244231
2024-09-17 11:00:00,11.44115156,11.255473
2024-09-17 11:15:00,2.454298112,2.4995434
2024-09-17 11:30:00,7.68682293,7.430724
2024-09-17 11:45:00,5.653542605,5.424902
2024-09-17 12:00:00,2.807789744,2.7104244
2024-09-17 12:15:00,9.62650579,9.410679
2024-09-17 12:30:00,9.552671164,9.155468
2024-09-17 12:45:00,11.87878048,11.405406
2024-09-17 13:00:00,1.982937682,2.089645
2024-09-17 13:15:00,3.693260027,3.5354304
2024-09-17 13:30:00,9.755098628,9.882262
2024-09-17 13:45:00,5.11825717,5.157053
2024-09-17 14:00:00,6.115053514,5.945806
2024-09-17 14:15:00,7.531635199,7.1798644
2024-09-17 14:30:00,5.320682214,5.4990816
2024-09-17 14:45:00,1.476067795,1.4941773
2024-09-17 15:00:00,7.487308267,7.3968287
2024-09-17 15:15:00,3.587777377,3.429706
2024-09-17 15:30:00,11.73077066,11.269489
2024-09-17 15:45:00,8.245311227,8.2909355
2024-09-17 16:00:00,9.750478923,9.968331
2024-09-17 16:15:00,11.33636354,10.995784
2024-09-17 16:30:00,1.781533667,1.774684
2024-09-17 16:45:00,2.605299268,2.7307508
2024-09-17 17:00:00,9.304494786,9.424399
2024-09-17 17:15:00,9.976515028,10.212004
2024-09-17 17:30:00,1.199495628,1.182483
2024-09-17 17:45:00,10.98473398,10.476679
2024-09-17 18:00:00,6.213006462,5.9071817
2024-09-17 18:15:00,5.801636199,5.9000573
2024-09-17 18:30:00,10.33860475,10.044555
2024-09-17 18:45:00,4.026140275,4.0039015
2024-09-17 19:00:00,6.609570685,6.8952127
2024-09-17 19:15:00,4.345969809,4.548818
2024-09-17 19:30:00,2.470948028,2.377943
2024-09-17 19:45:00,4.800853452,4.7981687
2024-09-17 20:00:00,3.102457585,2.9349084
2024-09-17 20:15:00,6.681391555,6.479621
2024-09-17 20:30:00,6.778514315,6.6357236
2024-09-17 20:45:00,5.399353959,5.61636
2024-09-17 21:00:00,2.929832151,2.8428748
2024-09-17 21:15:00,2.465001791,2.3861957
2024-09-17 21:30:00,2.33191166,2.350535
2024-09-17 21:45:00,2.491388214,2.404165
2024-09-17 22:00:00,4.438687765,4.338064
2024-09-17 22:15:00,1.184282761,1.1582671
2024-09-17 22:30:00,1.867144653,1.7819517
2024-09-17 22:45:00,6.309060632,6.0081434
2024-09-17 23:00:00,3.033311581,3.0735636
2024-09-17 23:15:00,3.777962198,3.918173
2024-09-17 23:30:00,4.794333613,4.737202
2024-09-17 23:45:00,1.610433814,1.5224707
2024-09-18 00:00:00,3.280445349,3.3380442
2024-09-18 00:15:00,8.99934001,8.949654
2024-09-18 00:30:00,4.830159861,4.772906
2024-09-18 00:45:00,2.984734146,3.1108072
2024-09-18 01:00:00,3.14902934,3.1904442
2024-09-18 01:15:00,11.11078138,11.11717
2024-09-18 01:30:00,2.593255037,2.661602
2024-09-18 01:45:00,10.10252322,10.473834
2024-09-18 02:00:00,2.015993957,1.9102374
2024-09-18 02:15:00,9.929246693,9.708311
2024-09-18 02:30:00,6.247441046,6.5260754
2024-09-18 02:45:00,7.552173541,7.4019485
2024-09-18 03:00:00,3.619498369,3.6273735
2024-09-18 03:15:00,11.25054716,10.750317
2024-09-18 03:30:00,7.062071612,7.293707
2024-09-18 03:45:00,8.23449933,8.05867
2024-09-18 04:00:00,6.975411473,6.985231
2024-09-18 04:15:00,2.378956992,2.430541
2024-09-18 04:30:00,9.937139021,9.56879
2024-09-18 04:45:00,3.171531614,3.1265972
2024-09-18 05:00:00,4.094772974,4.1417017
2024-09-18 05:15:00,7.961686595,8.046993
2024-09-18 05:30:00,2.152991781,2.1449049
2024-09-18 05:45:00,11.37206309,10.922819
2024-09-18 06:00:00,2.476561936,2.361698
2024-09-18 06:15:00,8.385455861,8.232637
2024-09-18 06:30:00,7.834120267,7.4166827
2024-09-18 06:45:00,8.699386151,8.472816
2024-09-18 07:00:00,5.396204618,5.737123
2024-09-18 07:15:00,5.191209063,5.1220355
2024-09-18 07:30:00,11.60989127,11.128347
2024-09-18 07:45:00,9.777109078,9.997551
2024-09-18 08:00:00,5.900612106,6.07252
2024-09-18 08:15:00,2.98443768,3.1244426
2024-09-18 08:30:00,9.824302399,10.048698
2024-09-18 08:45:00,8.272653833,7.7927732
2024-09-18 09:00:00,2.709912957,2.5915473
2024-09-18 09:15:00,3.051003398,3.0490787
2024-09-18 09:30:00,6.99751214,6.7080293
2024-09-18 09:45:00,6.53883536,6.3138723
2024-09-18 10:00:00,5.292257629,5.3650746
2024-09-18 10:15:00,5.93052723,5.8391204
2024-09-18 10:30:00,3.003624795,2.893328
2024-09-18 10:45:00,3.648194186,3.7284336
2024-09-18 11:00:00,6.104390843,6.132852
2024-09-18 11:15:00,1.750848405,1.7764664
2024-09-18 11:30:00,4.858369924,4.742366
2024-09-18 11:45:00,3.330978732,3.400435
2024-09-18 12:00:00,2.798142177,2.7765522
2024-09-18 12:15:00,2.633192311,2.616236
2024-09-18 12:30:00,2.52055634,2.4964213
2024-09-18 12:45:00,2.728535289,2.7347498
2024-09-18 13:00:00,5.23689073,5.369336
2024-09-18 13:15:00,2.21997003,2.2350407
2024-09-18 13:30:00,10.41960762,10.483361
2024-09-18 13:45:00,6.421737898,6.3731985
2024-09-18 14:00:00,6.222866074,6.4650207
2024-09-18 14:15:00,3.230737645,3.1639986
2024-09-18 14:30:00,10.31706797,10.240623
2024-09-18 14:45:00,9.284540878,9.289187
2024-09-18 15:00:00,1.466774885,1.5086374
2024-09-18 15:15:00,8.415931912,8.796414
2024-09-18 15:30:00,3.156291163,3.0833833
2024-09-18 15:45:00,7.251039494,6.9337735
2024-09-18 16:00:00,9.399619321,9.744581
2024-09-18 16:15:00,10.8295662,10.972104
2024-09-18 16:30:00,3.004699968,3.130937
2024-09-18 16:45:00,10.39181792,10.66951
2024-09-18 17:00:00,1.98613075,1.8969724
2024-09-18 17:15:00,10.05014108,10.229275
2024-09-18 17:30:00,8.962018317,9.001403
2024-09-18 17:45:00,10.51025982,10.909885
2024-09-18 18:00:00,4.672884022,4.8287086
2024-09-18 18:15:00,11.50404469,11.165479
2024-09-18 18:30:00,10.26808226,10.011808
2024-09-18 18:45:00,4.78720389,4.583617
2024-09-18 19:00:00,4.741254916,4.619133
2024-09-18 19:15:00,4.902877045,4.7900023
2024-09-18 19:30:00,7.164000948,7.5535426
2024-09-18 19:45:00,3.010443801,3.146513
2024-09-18 20:00:00,5.727605359,5.8287735
2024-09-18 20:15:00,1.916357795,1.8344821
2024-09-18 20:30:00,4.886327376,4.963163
2024-09-18 20:45:00,7.798210508,7.965216
2024-09-18 21:00:00,7.365687916,7.082602
2024-09-18 21:15:00,4.467198515,4.5027437
2024-09-18 21:30:00,3.865171329,3.9686003
2024-09-18 21:45:00,4.473697079,4.4915147
2024-09-18 22:00:00,1.740386026,1.8017813
2024-09-18 22:15:00,3.642206764,3.831558
2024-09-18 22:30:00,8.717126338,8.602
2024-09-18 22:45:00,2.877813297,2.941741
2024-09-18 23:00:00,2.540152931,2.594219
2024-09-18 23:15:00,9.317197911,9.802112
2024-09-18 23:30:00,3.590185004,3.6315563
2024-09-18 23:45:00,3.857607878,3.6924424
2024-09-19 00:00:00,5.847068459,5.8996644
2024-09-19 00:15:00,6.081553991,5.986233
2024-09-19 00:30:00,3.05006388,2.9819965
2024-09-19 00:45:00,7.108225033,6.871347
2024-09-19 01:00:00,7.676124554,8.00884
2024-09-19 01:15:00,6.383196487,6.228305
2024-09-19 01:30:00,10.13939514,10.574653
2024-09-19 01:45:00,10.71785299,11.069125
2024-09-19 02:00:00,6.403664125,6.23596
2024-09-19 02:15:00,10.40005104,10.617139
2024-09-19 02:30:00,7.721407803,8.108171
2024-09-19 02:45:00,6.910601249,6.5367074
2024-09-19 03:00:00,9.662521384,10.059996
2024-09-19 03:15:00,11.77535203,11.344042
2024-09-19 03:30:00,11.83552557,11.33998
2024-09-19 03:45:00,8.608020134,9.021436
2024-09-19 04:00:00,5.989278373,6.136081
2024-09-19 04:15:00,4.202760968,4.125132
2024-09-19 04:30:00,6.621413394,6.9615555
2024-09-19 04:45:00,9.547048368,9.351981
2024-09-19 05:00:00,1.396808531,1.4215323
2024-09-19 05:15:00,3.785069011,3.9667788
2024-09-19 05:30:00,4.657865495,4.710281
2024-09-19 05:45:00,8.419301783,8.953612
2024-09-19 06:00:00,7.884219263,7.6200175
2024-09-19 06:15:00,5.305073296,5.4175844
2024-09-19 06:30:00,10.59253338,10.6914215
2024-09-19 06:45:00,6.702480305,6.7278075
2024-09-19 07:00:00,8.586260031,8.545165
2024-09-19 07:15:00,7.841105386,8.065744
2024-09-19 07:30:00,9.590439024,9.791119
2024-09-19 07:45:00,9.682501882,9.604409
2024-09-19 08:00:00,11.61970639,11.462738
2024-09-19 08:15:00,5.11494347,5.0233545
2024-09-19 08:30:00,2.745379409,2.793534
2024-09-19 08:45:00,9.093970968,9.163017
2024-09-19 09:00:00,10.76653293,10.394041
2024-09-19 09:15:00,1.660798507,1.6915234
2024-09-19 09:30:00,4.445046051,4.5034676
2024-09-19 09:45:00,9.574961365,9.319833
2024-09-19 10:00:00,8.347981132,8.215878
2024-09-19 10:15:00,8.839605111,9.030435
2024-09-19 10:30:00,6.789606879,6.5810866
2024-09-19 10:45:00,5.16970253,5.0490947
2024-09-19 11:00:00,9.178951133,9.50335
2024-09-19 11:15:00,6.757334623,6.817805
2024-09-19 11:30:00,6.161942601,6.3331223
2024-09-19 11:45:00,9.005068608,8.647926
2024-09-19 12:00:00,3.043681223,3.107623
2024-09-19 12:15:00,7.081118504,7.056171
2024-09-19 12:30:00,4.422217812,4.301817
2024-09-19 12:45:00,1.320437308,1.3430367
2024-09-19 13:00:00,8.841746352,8.963943
2024-09-19 13:15:00,6.08638943,6.0211763
2024-09-19 13:30:00,10.42163067,10.570743
2024-09-19 13:45:00,6.178297525,6.292168
2024-09-19 14:00:00,1.233546997,1.2374041
2024-09-19 14:15:00,5.426585507,5.4380894
2024-09-19 14:30:00,2.975077592,2.950157
2024-09-19 14:45:00,10.67987124,10.799729
2024-09-19 15:00:00,5.939737351,5.700776
2024-09-19 15:15:00,5.991074258,6.320529
2024-09-19 15:30:00,5.133082709,5.0455647
2024-09-19 15:45:00,6.456107568,6.7124805
2024-09-19 16:00:00,2.045861051,2.0150883
2024-09-19 16:15:00,5.610896233,5.6695833
2024-09-19 16:30:00,7.537597181,7.9724007
2024-09-19 16:45:00,5.016759981,4.945263
2024-09-19 17:00:00,4.917258787,5.0495195
2024-09-19 17:15:00,10.00425062,10.012702
2024-09-19 17:30:00,6.708593436,6.830313
2024-09-19 17:45:00,7.275151898,7.550407
2024-09-19 18:00:00,4.099709281,4.1205516
2024-09-19 18:15:00,5.970794075,6.1754885
2024-09-19 18:30:00,1.811232429,1.7550063
2024-09-19 18:45:00,5.502827764,5.5367746
2024-09-19 19:00:00,9.19091121,9.46892
2024-09-19 19:15:00,2.692245101,2.654968
2024-09-19 19:30:00,9.416293599,9.398187
2024-09-19 19:45:00,5.155384997,5.0971603
2024-09-19 20:00:00,1.410988252,1.4647114
2024-09-19 20:15:00,10.95998645,11.120313
2024-09-19 20:30:00,2.943203511,3.0260744
2024-09-19 20:45:00,4.85754042,4.5804267
2024-09-19 21:00:00,5.840965693,6.11994
2024-09-19 21:15:00,11.60325729,11.446595
2024-09-19 21:30:00,7.071601699,7.1474457
2024-09-19 21:45:00,10.66748789,11.138542
2024-09-19 22:00:00,7.395651495,7.1262145
2024-09-19 22:15:00,3.203901974,3.3655682
2024-09-19 22:30:00,6.779407133,6.991208
2024-09-19 22:45:00,2.287454841,2.219366
2024-09-19 23:00:00,2.396453399,2.3829134
2024-09-19 23:15:00,2.273846114,2.2580535
2024-09-19 23:30:00,1.192632806,1.2571763
2024-09-19 23:45:00,2.765345515,2.6961093
2024-09-20 00:00:00,4.848484655,4.698382
2024-09-20 00:15:00,1.848932287,1.9210634
2024-09-20 00:30:00,1.297026429,1.2544475
2024-09-20 00:45:00,2.376979087,2.410395
2024-09-20 01:00:00,10.99152197,10.7037115
2024-09-20 01:15:00,7.050273478,6.8118806
2024-09-20 01:30:00,5.747756882,5.671971
2024-09-20 01:45:00,6.398717394,6.3306255
2024-09-20 02:00:00,6.274748225,6.5828533
2024-09-20 02:15:00,2.195320176,2.3028057
2024-09-20 02:30:00,7.416910444,7.3303604
2024-09-20 02:45:00,10.220581,10.33084
2024-09-20 03:00:00,6.860154242,6.7769117
2024-09-20 03:15:00,10.29781694,10.443349
2024-09-20 03:30:00,2.586804096,2.7182672
2024-09-20 03:45:00,9.014975751,9.311924
2024-09-20 04:00:00,8.240302242,8.164449
2024-09-20 04:15:00,7.689948055,7.513165
2024-09-20 04:30:00,7.065971795,7.131262
2024-09-20 04:45:00,2.459666567,2.3554003
2024-09-20 05:00:00,8.295042641,7.852857
2024-09-20 05:15:00,5.12735213,5.225762
2024-09-20 05:30:00,1.757165551,1.7995465
2024-09-20 05:45:00,3.25488629,3.337759
2024-09-20 06:00:00,5.892795071,5.985992
2024-09-20 06:15:00,11.85964964,11.699924
2024-09-20 06:30:00,5.44162307,5.5610156
2024-09-20 06:45:00,2.608528411,2.6887386
2024-09-20 07:00:00,9.76237002,10.3712635
2024-09-20 07:15:00,1.49352572,1.5625398
2024-09-20 07:30:00,2.454662375,2.4387686
2024-09-20 07:45:00,6.397692685,6.116068
2024-09-20 08:00:00,2.184725599,2.0603516
2024-09-20 08:15:00,7.023900452,7.0565734
2024-09-20 08:30:00,2.812779923,2.7970378
2024-09-20 08:45:00,8.049645258,7.7931185
2024-09-20 09:00:00,2.294071099,2.2646372
2024-09-20 09:15:00,9.739736545,9.858472
2024-09-20 09:30:00,8.349417954,8.680351
2024-09-20 09:45:00,11.33639369,10.864437
2024-09-20 10:00:00,1.805147877,1.9177592
2024-09-20 10:15:00,6.569474171,6.7085996
2024-09-20 10:30:00,8.521137926,8.28236
2024-09-20 10:45:00,10.81553479,10.426585
2024-09-20 11:00:00,6.031224097,5.9424534
2024-09-20 11:15:00,11.7784281,11.428487
2024-09-20 11:30:00,2.359774452,2.390447
2024-09-20 11:45:00,5.629892727,5.712676
2024-09-20 12:00:00,3.838480783,3.8189964
2024-09-20 12:15:00,2.890797845,2.8167288
2024-09-20 12:30:00,4.048278171,4.1230884
2024-09-20 12:45:00,8.341636392,8.232208
2024-09-20 13:00:00,6.042122833,5.989548
2024-09-20 13:15:00,3.123724336,3.1190357
2024-09-20 13:30:00,1.493716112,1.4512873
2024-09-20 13:45:00,10.71814635,10.797946
2024-09-20 14:00:00,4.47869641,4.256673
2024-09-20 14:15:00,2.509876745,2.428883
2024-09-20 14:30:00,2.69971392,2.6395829
2024-09-20 14:45:00,3.581172572,3.7928274
2024-09-20 15:00:00,3.453027642,3.5109963
2024-09-20 15:15:00,4.100128421,3.9677434
2024-09-20 15:30:00,3.380694412,3.400636
2024-09-20 15:45:00,5.872070414,5.6909194
2024-09-20 16:00:00,8.922495651,9.020932
2024-09-20 16:15:00,1.480258753,1.4332402
2024-09-20 16:30:00,3.215643971,3.2205062
2024-09-20 16:45:00,8.392857266,8.283226
2024-09-20 17:00:00,2.766487137,2.6830404
2024-09-20 17:15:00,9.141938252,8.654746
2024-09-20 17:30:00,6.369656511,6.6336884
2024-09-20 17:45:00,10.40363566,10.222592
2024-09-20 18:00:00,1.285442413,1.3088143
2024-09-20 18:15:00,8.549834035,8.934757
2024-09-20 18:30:00,7.541629246,7.2488284
2024-09-20 18:45:00,5.852643551,6.0326676
2024-09-20 19:00:00,2.608325454,2.657199
2024-09-20 19:15:00,3.5748496,3.5804827
2024-09-20 19:30:00,8.983370074,9.1643
2024-09-20 19:45:00,2.753760463,2.7678692
2024-09-20 20:00:00,6.349668721,6.3376794
2024-09-20 20:15:00,3.096506292,3.1916447
2024-09-20 20:30:00,6.587883662,6.391713
2024-09-20 20:45:00,3.713681041,3.8339581
2024-09-20 21:00:00,4.80387864,4.8145885
2024-09-20 21:15:00,10.0001796,9.714658
2024-09-20 21:30:00,1.543818751,1.5090445
2024-09-20 21:45:00,10.60316385,10.782255
2024-09-20 22:00:00,4.337236598,4.456729
2024-09-20 22:15:00,7.57244397,7.351346
2024-09-20 22:30:00,3.538154933,3.4269724
2024-09-20 22:45:00,4.877313315,5.0794315
2024-09-20 23:00:00,5.63122266,5.940867
2024-09-20 23:15:00,7.896258805,8.227783
2024-09-20 23:30:00,9.77406916,9.759609
2024-09-20 23:45:00,10.229757,10.136843
2024-09-21 00:00:00,4.778996552,4.7481413
2024-09-21 00:15:00,2.012925976,2.1258721
2024-09-21 00:30:00,11.07089152,10.66332
2024-09-21 00:45:00,1.498070374,1.4556543
2024-09-21 01:00:00,10.32599848,9.852351
2024-09-21 01:15:00,1.426711377,1.367155
2024-09-21 01:30:00,11.34964754,11.297869
2024-09-21 01:45:00,1.201843991,1.2478398
2024-09-21 02:00:00,1.35402801,1.3022584
2024-09-21 02:15:00,6.772142696,6.43777
2024-09-21 02:30:00,7.723341625,8.009474
2024-09-21 02:45:00,4.490759223,4.6123524
2024-09-21 03:00:00,7.300672089,7.1670084
2024-09-21 03:15:00,10.12941096,9.899606
2024-09-21 03:30:00,9.320782647,9.110609
2024-09-21 03:45:00,10.32565065,9.954675
2024-09-21 04:00:00,2.90044192,2.8136556
2024-09-21 04:15:00,3.437187972,3.5463336
2024-09-21 04:30:00,7.314778749,7.1852813
2024-09-21 04:45:00,8.848475026,8.658667
2024-09-21 05:00:00,2.249472582,2.2298362
2024-09-21 05:15:00,3.036574229,3.0596051
2024-09-21 05:30:00,10.39879876,10.732505
2024-09-21 05:45:00,1.453994733,1.4044433
2024-09-21 06:00:00,5.369702589,5.106798
2024-09-21 06:15:00,3.359231995,3.2881632
2024-09-21 06:30:00,8.743521681,9.250385
2024-09-21 06:45:00,10.3062516,10.006267
2024-09-21 07:00:00,3.501628249,3.6949272
2024-09-21 07:15:00,6.925489929,7.178252
2024-09-21 07:30:00,9.472972594,9.933052
2024-09-21 07:45:00,7.444750134,7.389971
2024-09-21 08:00:00,7.729750126,7.4847608
2024-09-21 08:15:00,5.540351571,5.4891186
2024-09-21 08:30:00,8.349667771,8.073107
2024-09-21 08:45:00,10.8560093,10.997517
2024-09-21 09:00:00,4.036890147,4.2337937
2024-09-21 09:15:00,3.147090116,3.2729306
2024-09-21 09:30:00,11.14412609,11.117827
2024-09-21 09:45:00,1.83233833,1.7511345
2024-09-21 10:00:00,10.45931105,9.876441
2024-09-21 10:15:00,10.0202364,10.407404
2024-09-21 10:30:00,3.60006442,3.4388893
2024-09-21 10:45:00,5.584194011,5.568511
2024-09-21 11:00:00,2.303013132,2.362009
2024-09-21 11:15:00,4.872864771,4.8626156
2024-09-21 11:30:00,6.245071126,6.168763
2024-09-21 11:45:00,6.386684567,6.4216785
2024-09-21 12:00:00,2.46267431,2.54503
2024-09-21 12:15:00,5.283469215,5.122236
2024-09-21 12:30:00,7.494139092,7.8754344
2024-09-21 12:45:00,5.716915615,6.0383916
2024-09-21 13:00:00,10.12855206,9.969467
2024-09-21 13:15:00,11.13842802,11.087571
2024-09-21 13:30:00,10.00509651,9.79719
2024-09-21 13:45:00,1.672087344,1.5828393
2024-09-21 14:00:00,3.619958768,3.453183
2024-09-21 14:15:00,2.04812111,1.9899312
2024-09-21 14:30:00,5.592245592,5.5484877
2024-09-21 14:45:00,8.327051956,8.570282
2024-09-21 15:00:00,1.389117805,1.4507433
2024-09-21 15:15:00,4.162504035,4.1300483
2024-09-21 15:30:00,2.10024263,2.0878909
2024-09-21 15:45:00,5.271604954,5.46702
2024-09-21 16:00:00,11.33536629,10.882638
2024-09-21 16:15:00,5.407558832,5.2809386
2024-09-21 16:30:00,7.963230553,7.87863
2024-09-21 16:45:00,5.190332094,5.222923
2024-09-21 17:00:00,8.421321119,8.59695
2024-09-21 17:15:00,9.053948837,8.933744
2024-09-21 17:30:00,2.599567803,2.5470033
2024-09-21 17:45:00,8.060539886,8.216481
2024-09-21 18:00:00,5.083496615,5.267879
2024-09-21 18:15:00,9.538371414,9.980525
2024-09-21 18:30:00,2.841250608,2.828522
2024-09-21 18:45:00,9.578214349,10.047212
2024-09-21 19:00:00,6.23767459,6.2558684
2024-09-21 19:15:00,3.906054473,3.785956
2024-09-21 19:30:00,4.667311568,4.7606854
2024-09-21 19:45:00,1.139805843,1.1366103
2024-09-21 20:00:00,10.80788333,10.638823
2024-09-21 20:15:00,3.439543646,3.3628128
2024-09-21 20:30:00,10.42836959,10.788568
2024-09-21 20:45:00,9.945321194,10.00909
2024-09-21 21:00:00,4.928148745,4.748665
2024-09-21 21:15:00,3.476995709,3.399265
2024-09-21 21:30:00,5.668966716,5.5214076
2024-09-21 21:45:00,11.23186704,10.814842
2024-09-21 22:00:00,10.00560544,10.136981
2024-09-21 22:15:00,6.067239222,6.179432
2024-09-21 22:30:00,6.559610955,6.8287716
2024-09-21 22:45:00,5.586255383,5.3753004
2024-09-21 23:00:00,11.29480123,11.299037
2024-09-21 23:15:00,11.23581642,11.368013
2024-09-21 23:30:00,3.9393327,3.9415116
2024-09-21 23:45:00,11.2235261,11.247222
2024-09-22 00:00:00,11.71701213,11.365244
2024-09-22 00:15:00,6.164476018,6.071935
2024-09-22 00:30:00,5.290080499,5.5254693
2024-09-22 00:45:00,9.984259672,10.025666
2024-09-22 01:00:00,11.13129468,11.102577
2024-09-22 01:15:00,5.362413381,5.440711
2024-09-22 01:30:00,6.389434113,6.343537
2024-09-22 01:45:00,4.711793039,4.7403636
2024-09-22 02:00:00,3.245223881,3.2203321
2024-09-22 02:15:00,11.82215995,11.485055
2024-09-22 02:30:00,2.895331555,3.087042
2024-09-22 02:45:00,9.793418205,9.7938
2024-09-22 03:00:00,5.275180509,5.303423
2024-09-22 03:15:00,1.860129223,1.9457804
2024-09-22 03:30:00,4.575620467,4.525174
2024-09-22 03:45:00,1.989741475,2.0770261
2024-09-22 04:00:00,11.65808314,11.084325
2024-09-22 04:15:00,3.681168829,3.8531463
2024-09-22 04:30:00,8.757194707,8.887484
2024-09-22 04:45:00,5.612426358,5.4890437
2024-09-22 05:00:00,8.327867487,8.392178
2024-09-22 05:15:00,3.798921558,3.888339
2024-09-22 05:30:00,2.085737671,2.1303961
2024-09-22 05:45:00,9.837637428,9.950306
2024-09-22 06:00:00,8.430379532,8.771505
2024-09-22 06:15:00,2.233719632,2.2837775
2024-09-22 06:30:00,8.337243105,8.7167
2024-09-22 06:45:00,7.787315829,7.3902607
2024-09-22 07:00:00,2.873416545,2.9361985
2024-09-22 07:15:00,9.668892378,9.397504
2024-09-22 07:30:00,8.753320365,8.359303
2024-09-22 07:45:00,6.331834634,6.3224907
2024-09-22 08:00:00,3.209165589,3.0910149
2024-09-22 08:15:00,6.678957508,6.9128165
2024-09-22 08:30:00,2.932545617,2.7842171
2024-09-22 08:45:00,3.052431886,3.0778286
2024-09-22 09:00:00,3.749201866,3.6890113
2024-09-22 09:15:00,7.653658215,7.6627846
2024-09-22 09:30:00,8.136017946,7.9098477
2024-09-22 09:45:00,1.985769063,1.9032769
2024-09-22 10:00:00,7.636048206,7.867587
2024-09-22 10:15:00,1.48273832,1.4982886
2024-09-22 10:30:00,10.4969017,10.522341
2024-09-22 10:45:00,9.35826346,8.986447
2024-09-22 11:00:00,9.125032509,8.790152
2024-09-22 11:15:00,3.858294975,3.7042174
2024-09-22 11:30:00,11.36106427,11.168875
2024-09-22 11:45:00,11.68229115,11.144876
2024-09-22 12:00:00,6.467872589,6.608427
2024-09-22 12:15:00,1.526471769,1.5516884
2024-09-22 12:30:00,6.838103688,6.510562
2024-09-22 12:45:00,2.74679756,2.8451405
2024-09-22 13:00:00,7.18171968,7.180101
2024-09-22 13:15:00,11.28176036,11.159682
2024-09-22 13:30:00,9.000978296,8.987016
2024-09-22 13:45:00,4.421156555,4.4301085
2024-09-22 14:00:00,5.157212409,5.2516923
2024-09-22 14:15:00,10.97280106,10.933415
2024-09-22 14:30:00,2.351226116,2.2745779
2024-09-22 14:45:00,10.23029869,10.33708
2024-09-22 15:00:00,2.020007393,1.9227477
2024-09-22 15:15:00,5.612589816,5.6394663
2024-09-22 15:30:00,9.172498755,8.9601965
2024-09-22 15:45:00,5.532756757,5.323786
2024-09-22 16:00:00,7.168001539,7.0954165
2024-09-22 16:15:00,5.835244791,5.9174666
2024-09-22 16:30:00,6.828235021,7.2403297
2024-09-22 16:45:00,3.000217259,3.059493
2024-09-22 17:00:00,7.166742106,7.106036
2024-09-22 17:15:00,10.89758921,11.295404
2024-09-22 17:30:00,3.125600912,3.1550615
2024-09-22 17:45:00,1.865999014,1.826501
2024-09-22 18:00:00,5.281490308,5.3315473
2024-09-22 18:15:00,5.355593436,5.23378
2024-09-22 18:30:00,2.53900143,2.5293212
2024-09-22 18:45:00,6.886090607,6.913398
2024-09-22 19:00:00,5.81388327,5.7930107
2024-09-22 19:15:00,9.518415511,9.663359
2024-09-22 19:30:00,5.756994374,5.490354
2024-09-22 19:45:00,11.20144728,11.116846
2024-09-22 20:00:00,8.545733077,8.886577
2024-09-22 20:15:00,6.179242794,6.262045
2024-09-22 20:30:00,6.800209939,6.7667503
2024-09-22 20:45:00,10.07920546,10.366324
2024-09-22 21:00:00,8.808023939,9.119521
2024-09-22 21:15:00,7.757595179,8.159339
2024-09-22 21:30:00,4.044990935,3.9230142
2024-09-22 21:45:00,5.333242892,5.283809
2024-09-22 22:00:00,8.739891773,9.106434
2024-09-22 22:15:00,7.310709543,7.679765
2024-09-22 22:30:00,11.55762754,11.200583
2024-09-22 22:45:00,10.37094255,10.527205
2024-09-22 23:00:00,5.442516891,5.638791
2024-09-22 23:15:00,4.065314703,4.2331777
2024-09-22 23:30:00,2.418921466,2.4101913
2024-09-22 23:45:00,5.573968844,5.453837
2024-09-23 00:00:00,3.527444133,3.4014401
2024-09-23 00:15:00,1.271977335,1.3071856
2024-09-23 00:30:00,2.572604878,2.599881
2024-09-23 00:45:00,5.621803943,5.9153605
2024-09-23 01:00:00,10.09486967,10.368464
2024-09-23 01:15:00,4.412160321,4.3526664
2024-09-23 01:30:00,5.812722331,5.6613965
2024-09-23 01:45:00,5.136152702,5.3293796
2024-09-23 02:00:00,4.813859762,4.8772144
2024-09-23 02:15:00,9.249602945,8.9518175
2024-09-23 02:30:00,6.719713454,6.644734
2024-09-23 02:45:00,5.26141484,5.366995
2024-09-23 03:00:00,10.6296999,10.672622
2024-09-23 03:15:00,4.04614246,4.0483103
2024-09-23 03:30:00,10.06846018,9.729224
2024-09-23 03:45:00,6.198739462,6.3258123
2024-09-23 04:00:00,5.641068092,5.642239
2024-09-23 04:15:00,1.894381066,1.8129524
2024-09-23 04:30:00,10.7252418,10.185769
2024-09-23 04:45:00,4.098410512,3.9657147
2024-09-23 05:00:00,7.898685274,8.213104
2024-09-23 05:15:00,10.78276038,10.395039
2024-09-23 05:30:00,6.602256093,6.7157264
2024-09-23 05:45:00,7.700629697,7.6286864
2024-09-23 06:00:00,4.734768211,4.6907287
2024-09-23 06:15:00,8.21324762,8.449284
2024-09-23 06:30:00,8.538304493,8.503378
2024-09-23 06:45:00,5.579343121,5.741109
2024-09-23 07:00:00,8.111721718,7.8830094
2024-09-23 07:15:00,3.981795573,3.9330132
2024-09-23 07:30:00,7.834040439,7.9236803
2024-09-23 07:45:00,8.110833271,8.225431
2024-09-23 08:00:00,5.827515184,5.752326
2024-09-23 08:15:00,3.763270846,3.6387591
2024-09-23 08:30:00,8.96087879,9.220837
2024-09-23 08:45:00,9.238219723,9.025481
2024-09-23 09:00:00,1.691344399,1.7427722
2024-09-23 09:15:00,6.492869334,6.5293274
2024-09-23 09:30:00,2.131297896,2.0746007
2024-09-23 09:45:00,4.4919284,4.667158
2024-09-23 10:00:00,5.201430799,5.4445705
2024-09-23 10:15:00,3.011115154,3.0835583
2024-09-23 10:30:00,6.130593343,6.001558
2024-09-23 10:45:00,8.268198054,8.569148
2024-09-23 11:00:00,5.605171012,5.600151
2024-09-23 11:15:00,3.612332713,3.5918221
2024-09-23 11:30:00,5.389420545,5.6908813
2024-09-23 11:45:00,6.975294351,7.281685
2024-09-23 12:00:00,11.19134157,10.760269
2024-09-23 12:15:00,6.033842858,6.2382894
2024-09-23 12:30:00,10.25405152,10.65375
2024-09-23 12:45:00,11.02682313,11.644427
2024-09-23 13:00:00,7.156506627,7.2156124
2024-09-23 13:15:00,2.702104406,2.677919
2024-09-23 13:30:00,9.783226168,10.338652
2024-09-23 13:45:00,10.01342498,10.0951605
2024-09-23 14:00:00,10.56625918,10.273918
2024-09-23 14:15:00,10.94149269,11.006172
2024-09-23 14:30:00,4.112394909,4.149553
2024-09-23 14:45:00,4.47754313,4.6352253
2024-09-23 15:00:00,7.844504632,7.8182545
2024-09-23 15:15:00,6.962337319,7.0386515
2024-09-23 15:30:00,9.626501074,9.821473
2024-09-23 15:45:00,3.767462056,3.89195
2024-09-23 16:00:00,8.307951528,8.0619955
2024-09-23 16:15:00,10.77645669,11.0676565
2024-09-23 16:30:00,3.516029679,3.4230464
2024-09-23 16:45:00,4.340570809,4.531064
2024-09-23 17:00:00,5.406318507,5.247957
2024-09-23 17:15:00,2.073705357,2.0726001
2024-09-23 17:30:00,2.920944628,3.0446825
2024-09-23 17:45:00,5.279912196,5.378438
2024-09-23 18:00:00,1.792135221,1.8579339
2024-09-23 18:15:00,5.03562381,4.9285398
2024-09-23 18:30:00,3.755586475,3.6140273
2024-09-23 18:45:00,10.06098585,9.882273
2024-09-23 19:00:00,7.690058434,7.48174
2024-09-23 19:15:00,10.82764628,10.469887
2024-09-23 19:30:00,3.177192899,3.351979
2024-09-23 19:45:00,2.070308121,1.9930055
2024-09-23 20:00:00,4.594069238,4.7434864
2024-09-23 20:15:00,1.793908783,1.7607836
2024-09-23 20:30:00,10.60584395,10.004372
2024-09-23 20:45:00,3.14643871,3.0781813
2024-09-23 21:00:00,2.664835024,2.6696446
2024-09-23 21:15:00,9.33066142,9.228974
2024-09-23 21:30:00,8.851100178,8.73436
2024-09-23 21:45:00,1.72074208,1.7595555
2024-09-23 22:00:00,6.385465266,6.0862803
2024-09-23 22:15:00,5.760423915,5.875319
2024-09-23 22:30:00,5.313155004,5.292738
2024-09-23 22:45:00,2.380486542,2.519633
2024-09-23 23:00:00,9.227325051,9.387752
2024-09-23 23:15:00,3.699146756,3.5766933
2024-09-23 23:30:00,6.193558958,6.090497
2024-09-23 23:45:00,10.697104,10.241893
2024-09-24 00:00:00,4.222201565,4.3954263
2024-09-24 00:15:00,1.490547364,1.5711036
2024-09-24 00:30:00,10.37389131,10.142716
2024-09-24 00:45:00,6.078151751,6.1457357
2024-09-24 01:00:00,6.372240206,6.305256
2024-09-24 01:15:00,6.884518368,6.79172
2024-09-24 01:30:00,2.819508659,2.975554
2024-09-24 01:45:00,8.982522518,8.794252
2024-09-24 02:00:00,3.567900683,3.534903
2024-09-24 02:15:00,4.354264799,4.3702297
2024-09-24 02:30:00,7.445873402,7.505084
2024-09-24 02:45:00,8.751241112,8.593463
2024-09-24 03:00:00,8.718192744,8.7273035
2024-09-24 03:15:00,1.988528274,2.070054
2024-09-24 03:30:00,8.978487553,9.147247
2024-09-24 03:45:00,8.549295734,8.575883
2024-09-24 04:00:00,7.10244709,7.46713
2024-09-24 04:15:00,10.75598473,11.276684
2024-09-24 04:30:00,4.682841195,4.540209
2024-09-24 04:45:00,8.418285723,8.320054
2024-09-24 05:00:00,7.060530217,7.1429224
2024-09-24 05:15:00,5.204428643,5.094002
2024-09-24 05:30:00,9.015548809,9.286663
2024-09-24 05:45:00,5.471857332,5.299105
2024-09-24 06:00:00,7.052160953,6.86568
2024-09-24 06:15:00,7.094088788,7.03188
2024-09-24 06:30:00,6.336761054,6.4467053
2024-09-24 06:45:00,5.815258541,5.8891754
2024-09-24 07:00:00,2.734069832,2.8515623
2024-09-24 07:15:00,3.557660168,3.7253547
2024-09-24 07:30:00,2.506444434,2.452232
2024-09-24 07:45:00,8.253858525,8.295119
2024-09-24 08:00:00,8.274777497,8.4909935
2024-09-24 08:15:00,7.792312867,7.714783
2024-09-24 08:30:00,10.64212228,10.506229
2024-09-24 08:45:00,3.909300001,3.8611846
2024-09-24 09:00:00,9.822026252,9.564625
2024-09-24 09:15:00,3.079928346,3.127253
2024-09-24 09:30:00,1.951897922,1.8455323
2024-09-24 09:45:00,1.130909758,1.1432445
2024-09-24 10:00:00,7.061719875,7.275132
2024-09-24 10:15:00,8.879391104,9.345725
2024-09-24 10:30:00,9.751653533,9.5885
2024-09-24 10:45:00,6.272779905,6.273313
2024-09-24 11:00:00,1.712793822,1.7293956
2024-09-24 11:15:00,1.575211265,1.500518
2024-09-24 11:30:00,10.82583288,10.982664
2024-09-24 11:45:00,2.051759358,2.1523058
2024-09-24 12:00:00,9.588294294,9.458943
2024-09-24 12:15:00,1.831134001,1.8501757
2024-09-24 12:30:00,2.967002042,3.045852
2024-09-24 12:45:00,3.056545361,3.0569096
2024-09-24 13:00:00,3.837999068,3.9792826
2024-09-24 13:15:00,5.590994783,5.3635736
2024-09-24 13:30:00,2.463357469,2.3945105
2024-09-24 13:45:00,11.63388444,11.134191
2024-09-24 14:00:00,1.234377908,1.168486
2024-09-24 14:15:00,9.178821718,9.05717
2024-09-24 14:30:00,6.665249902,6.5720677
2024-09-24 14:45:00,2.082076216,2.1287487
2024-09-24 15:00:00,2.258943573,2.3751237
2024-09-24 15:15:00,7.109439801,7.275907
2024-09-24 15:30:00,4.382580021,4.3187394
2024-09-24 15:45:00,5.598306219,5.9550767
2024-09-24 16:00:00,6.65332629,6.7169957
2024-09-24 16:15:00,7.182412326,7.0757565
2024-09-24 16:30:00,7.114362745,7.008627
2024-09-24 16:45:00,1.852011953,1.8847331
2024-09-24 17:00:00,9.322493259,8.897285
2024-09-24 17:15:00,4.207548351,4.3313546
2024-09-24 17:30:00,2.323053684,2.3964314
2024-09-24 17:45:00,2.164327844,2.170706
2024-09-24 18:00:00,3.425079575,3.5041025
2024-09-24 18:15:00,7.648621919,7.5276194
2024-09-24 18:30:00,5.641395884,5.821681
2024-09-24 18:45:00,2.408705351,2.3980186
2024-09-24 19:00:00,1.561382069,1.4966439
2024-09-24 19:15:00,1.406814326,1.4266056
2024-09-24 19:30:00,5.195086047,5.295277
2024-09-24 19:45:00,9.131872408,8.958784
2024-09-24 20:00:00,7.122516526,7.0113745
2024-09-24 20:15:00,9.468863341,9.735469
2024-09-24 20:30:00,4.669283072,4.4665694
2024-09-24 20:45:00,2.534630444,2.5306554
2024-09-24 21:00:00,10.41665396,9.974287
2024-09-24 21:15:00,8.771800277,8.351085
2024-09-24 21:30:00,7.208775205,7.137642
2024-09-24 21:45:00,10.39943239,10.528994
2024-09-24 22:00:00,8.109312103,7.820537
2024-09-24 22:15:00,6.26256085,6.4569225
2024-09-24 22:30:00,6.130626849,6.1024804
2024-09-24 22:45:00,7.107803053,7.3241544
2024-09-24 23:00:00,6.149101646,6.296058
2024-09-24 23:15:00,4.157579813,3.9930007
2024-09-24 23:30:00,11.13923748,10.915255
2024-09-24 23:45:00,10.55754051,11.090607
2024-09-25 00:00:00,2.893940604,2.9134247
2024-09-25 00:15:00,6.219531496,6.505644
2024-09-25 00:30:00,9.666408907,9.488857
2024-09-25 00:45:00,1.797531985,1.7525219
2024-09-25 01:00:00,2.406971179,2.4388945
2024-09-25 01:15:00,6.813397455,6.869651
2024-09-25 01:30:00,1.454001061,1.4474236
2024-09-25 01:45:00,10.24638013,9.9283
2024-09-25 02:00:00,10.10262595,9.97955
2024-09-25 02:15:00,9.368039414,8.947288
2024-09-25 02:30:00,9.356691344,9.766792
2024-09-25 02:45:00,8.018592107,8.166013
2024-09-25 03:00:00,2.737704968,2.7097642
2024-09-25 03:15:00,1.391612458,1.4059445
2024-09-25 03:30:00,9.604099002,10.001248
2024-09-25 03:45:00,8.523847862,8.551493
2024-09-25 04:00:00,5.063639482,5.11596
2024-09-25 04:15:00,9.247815879,9.431006
2024-09-25 04:30:00,1.747296383,1.6989378
2024-09-25 04:45:00,4.542590703,4.4310637
2024-09-25 05:00:00,4.96375719,4.792967
2024-09-25 05:15:00,2.112927689,2.219842
2024-09-25 05:30:00,8.939289957,8.996875
2024-09-25 05:45:00,9.209073539,9.087627
2024-09-25 06:00:00,6.754530794,7.1485195
2024-09-25 06:15:00,5.54563163,5.5816903
2024-09-25 06:30:00,7.319582261,7.3884296
2024-09-25 06:45:00,9.999432816,10.070449
2024-09-25 07:00:00,4.840223079,4.6919446
2024-09-25 07:15:00,4.65336511,4.6454244
2024-09-25 07:30:00,7.763377768,7.30594
2024-09-25 07:45:00,8.442027247,8.2886095
2024-09-25 08:00:00,5.990735651,5.9013815
2024-09-25 08:15:00,9.630669732,9.9569025
2024-09-25 08:30:00,5.109364675,5.076791
2024-09-25 08:45:00,8.131888229,7.764045
2024-09-25 09:00:00,8.05602531,8.22252
2024-09-25 09:15:00,4.293132225,4.203054
2024-09-25 09:30:00,1.338005309,1.3520379
2024-09-25 09:45:00,9.927904796,9.767637
2024-09-25 10:00:00,6.153784591,6.325871
2024-09-25 10:15:00,2.270489072,2.1507084
2024-09-25 10:30:00,12.00471619,11.613115
2024-09-25 10:45:00,4.380580513,4.2473774
2024-09-25 11:00:00,6.155949667,5.903448
2024-09-25 11:15:00,6.251715305,6.1516356
2024-09-25 11:30:00,5.070987767,4.825877
2024-09-25 11:45:00,2.81316928,2.7997093
2024-09-25 12:00:00,8.629537884,8.390887
2024-09-25 12:15:00,2.929213242,2.9956715
2024-09-25 12:30:00,8.914634887,8.825068
2024-09-25 12:45:00,9.503260979,9.393315
2024-09-25 13:00:00,1.422952348,1.3724976
2024-09-25 13:15:00,9.459927784,8.93005
2024-09-25 13:30:00,7.530663695,7.535774
2024-09-25 13:45:00,3.217917005,3.2526064
2024-09-25 14:00:00,7.653826873,7.443175
2024-09-25 14:15:00,5.349019064,5.331434
2024-09-25 14:30:00,1.997722823,2.068973
2024-09-25 14:45:00,6.470626374,6.7313366
2024-09-25 15:00:00,11.25873137,11.544487
2024-09-25 15:15:00,7.767671084,7.8616033
2024-09-25 15:30:00,4.696177139,4.6338396
2024-09-25 15:45:00,6.9618121,6.697546
2024-09-25 16:00:00,8.682962465,8.846343
2024-09-25 16:15:00,2.844073715,2.6659324
2024-09-25 16:30:00,6.459626621,6.423736
2024-09-25 16:45:00,6.370429288,6.4852877
2024-09-25 17:00:00,5.370035963,5.087517
2024-09-25 17:15:00,8.884835093,8.888088
2024-09-25 17:30:00,7.080079153,7.0756273
2024-09-25 17:45:00,8.228754045,8.23347
2024-09-25 18:00:00,7.35465316,7.3418403
2024-09-25 18:15:00,9.308425193,9.492527
2024-09-25 18:30:00,7.981479161,7.861063
2024-09-25 18:45:00,8.350991506,8.19619
2024-09-25 19:00:00,3.529118535,3.442026
2024-09-25 19:15:00,9.883531338,9.828573
2024-09-25 19:30:00,2.796197653,2.832917
2024-09-25 19:45:00,4.644060982,4.7444954
2024-09-25 20:00:00,10.22548035,10.42884
2024-09-25 20:15:00,2.333794862,2.2660782
2024-09-25 20:30:00,9.934553728,10.332276
2024-09-25 20:45:00,6.236190341,5.963122
2024-09-25 21:00:00,2.986693451,3.0880668
2024-09-25 21:15:00,8.852076296,8.715892
2024-09-25 21:30:00,4.085640833,3.9928708
2024-09-25 21:45:00,8.688399112,8.493804
2024-09-25 22:00:00,9.803431969,9.356666
2024-09-25 22:15:00,7.113453857,6.974366
2024-09-25 22:30:00,8.912243624,8.965858
2024-09-25 22:45:00,10.14582877,10.607515
2024-09-25 23:00:00,6.593621185,6.8827543
2024-09-25 23:15:00,2.807767646,2.8198392
2024-09-25 23:30:00,8.143359135,8.360543
2024-09-25 23:45:00,5.651887906,5.5792265
2024-09-26 00:00:00,6.361767601,6.6461186
2024-09-26 00:15:00,7.368746121,7.365865
2024-09-26 00:30:00,8.580079601,8.506908
2024-09-26 00:45:00,7.548837715,7.5184417
2024-09-26 01:00:00,3.645377642,3.5067775
2024-09-26 01:15:00,8.291858612,8.680203
2024-09-26 01:30:00,8.788912373,9.085575
2024-09-26 01:45:00,1.573934586,1.5752028
2024-09-26 02:00:00,4.357125426,4.3554864
2024-09-26 02:15:00,10.97857481,11.128723
2024-09-26 02:30:00,3.027663407,3.025242
2024-09-26 02:45:00,3.02382285,3.045687
2024-09-26 03:00:00,6.948272279,6.8580275
2024-09-26 03:15:00,5.102301696,4.875821
2024-09-26 03:30:00,7.9963048,8.107824
2024-09-26 03:45:00,3.893775429,3.8638022
2024-09-26 04:00:00,5.145690246,5.3128567
2024-09-26 04:15:00,11.02928512,11.218079
2024-09-26 04:30:00,5.240082354,5.151311
2024-09-26 04:45:00,2.204729587,2.1031811
2024-09-26 05:00:00,8.601335573,8.939988
2024-09-26 05:15:00,6.876275769,7.115706
2024-09-26 05:30:00,6.110343427,5.9643183
2024-09-26 05:45:00,10.30067143,10.736101
2024-09-26 06:00:00,2.622882501,2.6641533
2024-09-26 06:15:00,6.507221882,6.3014936
2024-09-26 06:30:00,2.998689992,3.0875075
2024-09-26 06:45:00,2.05947702,1.9637433
2024-09-26 07:00:00,5.777414229,5.66861
2024-09-26 07:15:00,11.06316125,11.127252
2024-09-26 07:30:00,8.32412198,8.3140745
2024-09-26 07:45:00,3.680301863,3.564372
2024-09-26 08:00:00,6.050104914,5.8248887
2024-09-26 08:15:00,9.585280294,9.670752
2024-09-26 08:30:00,3.150511552,3.1910453
2024-09-26 08:45:00,3.140584683,3.1468995
2024-09-26 09:00:00,3.263161543,3.1798406
2024-09-26 09:15:00,7.442359342,7.2931485
2024-09-26 09:30:00,1.492345725,1.4630601
2024-09-26 09:45:00,7.212791167,7.129812
2024-09-26 10:00:00,9.688152875,9.673582
2024-09-26 10:15:00,9.247567803,9.260419
2024-09-26 10:30:00,8.370885145,8.056671
2024-09-26 10:45:00,3.338678117,3.5012846
2024-09-26 11:00:00,10.11301712,9.711221
2024-09-26 11:15:00,11.04733825,11.292293
2024-09-26 11:30:00,3.225599652,3.0535595
2024-09-26 11:45:00,10.00153211,10.24011
2024-09-26 12:00:00,10.21098715,10.158908
2024-09-26 12:15:00,11.03689221,11.188637
2024-09-26 12:30:00,4.360398564,4.3583946
2024-09-26 12:45:00,11.08171267,10.683098
2024-09-26 13:00:00,2.957912284,2.9925187
2024-09-26 13:15:00,2.864832029,3.0406878
2024-09-26 13:30:00,2.39204918,2.3262293
2024-09-26 13:45:00,5.743649425,5.749438
2024-09-26 14:00:00,1.314253186,1.3035579
2024-09-26 14:15:00,4.954304236,5.056592
2024-09-26 14:30:00,7.587325205,7.630072
2024-09-26 14:45:00,1.958063474,2.017151
2024-09-26 15:00:00,9.47510696,9.749298
2024-09-26 15:15:00,4.360480994,4.1747346
2024-09-26 15:30:00,1.791009849,1.6864868
2024-09-26 15:45:00,4.848940112,5.004261
2024-09-26 16:00:00,2.594336913,2.6806638
2024-09-26 16:15:00,8.826724139,9.1243
2024-09-26 16:30:00,4.513024023,4.6398873
2024-09-26 16:45:00,2.361033802,2.4488382
2024-09-26 17:00:00,5.488182337,5.6816897
2024-09-26 17:15:00,5.8130314,5.861714
2024-09-26 17:30:00,4.127274654,4.050777
2024-09-26 17:45:00,4.46421479,4.5792594
2024-09-26 18:00:00,8.994733802,9.157094
2024-09-26 18:15:00,7.766630842,7.8176174
2024-09-26 18:30:00,3.266271631,3.2549903
2024-09-26 18:45:00,11.0976052,11.500429
2024-09-26 19:00:00,4.391956573,4.292956
2024-09-26 19:15:00,6.423875203,6.7535777
2024-09-26 19:30:00,6.995712678,6.9669657
2024-09-26 19:45:00,3.203160439,3.1478562
2024-09-26 20:00:00,4.249298601,4.1809654
2024-09-26 20:15:00,5.797159169,5.9381623
2024-09-26 20:30:00,3.799372463,3.9111803
2024-09-26 20:45:00,4.28788567,4.205294
2024-09-26 21:00:00,7.205208908,7.4792414
2024-09-26 21:15:00,8.960465761,8.536581
2024-09-26 21:30:00,9.031180383,9.499738
2024-09-26 21:45:00,2.334062613,2.3997214
2024-09-26 22:00:00,8.79059922,8.982656
2024-09-26 22:15:00,10.92793163,10.94324
2024-09-26 22:30:00,7.314603735,7.056148
2024-09-26 22:45:00,7.289905875,7.6504436
2024-09-26 23:00:00,10.79636156,11.077634
2024-09-26 23:15:00,10.65157089,10.166241
2024-09-26 23:30:00,6.738596106,6.7539883
2024-09-26 23:45:00,8.891838626,9.152882
2024-09-27 00:00:00,3.102912807,3.001576
2024-09-27 00:15:00,5.491938614,5.6974897
2024-09-27 00:30:00,8.711891976,8.344855
2024-09-27 00:45:00,4.517907917,4.3186493
2024-09-27 01:00:00,5.628012982,5.9218683
2024-09-27 01:15:00,2.852382018,2.8342705
2024-09-27 01:30:00,10.40323559,10.384756
2024-09-27 01:45:00,10.90783794,10.753658
2024-09-27 02:00:00,6.438445574,6.208864
2024-09-27 02:15:00,3.234236954,3.1442735
2024-09-27 02:30:00,8.009480547,8.151409
2024-09-27 02:45:00,3.29750927,3.295043
2024-09-27 03:00:00,3.48614298,3.5990937
2024-09-27 03:15:00,10.5786371,10.889838
2024-09-27 03:30:00,2.215143711,2.2170045
2024-09-27 03:45:00,5.014438448,5.179152
2024-09-27 04:00:00,6.682227186,6.930857
2024-09-27 04:15:00,2.321247664,2.3512814
2024-09-27 04:30:00,1.645528629,1.6465924
2024-09-27 04:45:00,7.017903788,6.7788277
2024-09-27 05:00:00,2.416209983,2.3027782
2024-09-27 05:15:00,3.787846795,3.6815448
2024-09-27 05:30:00,6.167690797,6.1131825
2024-09-27 05:45:00,4.763988645,4.6048865
2024-09-27 06:00:00,8.237597864,8.557488
2024-09-27 06:15:00,11.37237484,11.091069
2024-09-27 06:30:00,8.569269955,8.939008
2024-09-27 06:45:00,10.713081,11.172886
2024-09-27 07:00:00,5.112611645,5.0591006
2024-09-27 07:15:00,4.512131844,4.4366364
2024-09-27 07:30:00,3.40950759,3.231291
2024-09-27 07:45:00,10.08369013,10.386054
2024-09-27 08:00:00,4.974025497,5.0043035
2024-09-27 08:15:00,8.429249068,8.299388
2024-09-27 08:30:00,8.64810317,8.309155
2024-09-27 08:45:00,1.666382511,1.700653
2024-09-27 09:00:00,10.49071246,10.58212
2024-09-27 09:15:00,6.452893102,6.2541656
2024-09-27 09:30:00,3.51384354,3.5224748
2024-09-27 09:45:00,11.31033874,10.900051
2024-09-27 10:00:00,9.01286823,8.973498
2024-09-27 10:15:00,7.080714873,7.3975816
2024-09-27 10:30:00,10.83164528,11.088996
2024-09-27 10:45:00,9.213368048,9.148873
2024-09-27 11:00:00,2.54305741,2.4662604
2024-09-27 11:15:00,11.55309159,11.292336
2024-09-27 11:30:00,6.846921927,7.183563
2024-09-27 11:45:00,4.219627918,4.2591815
2024-09-27 12:00:00,9.129471699,9.204803
2024-09-27 12:15:00,1.625380346,1.6725597
2024-09-27 12:30:00,7.441566172,7.70705
2024-09-27 12:45:00,2.7988072,2.723844
2024-09-27 13:00:00,2.083108443,2.0680633
2024-09-27 13:15:00,4.777068347,4.762815
2024-09-27 13:30:00,4.85591084,4.7693872
2024-09-27 13:45:00,7.179605706,7.1022973
2024-09-27 14:00:00,7.372931386,7.168411
2024-09-27 14:15:00,8.150624315,7.886233
2024-09-27 14:30:00,2.987893169,2.8131638
2024-09-27 14:45:00,9.70792977,10.215482
2024-09-27 15:00:00,9.358557725,9.781214
2024-09-27 15:15:00,3.477258063,3.5171905
2024-09-27 15:30:00,5.887444355,5.8775206
2024-09-27 15:45:00,6.583252392,6.494144
2024-09-27 16:00:00,10.97782864,10.824073
2024-09-27 16:15:00,11.17215065,10.744453
2024-09-27 16:30:00,1.901635292,1.8862919
2024-09-27 16:45:00,11.05659863,11.075505
2024-09-27 17:00:00,1.835617111,1.8234806
2024-09-27 17:15:00,6.727596322,6.766559
2024-09-27 17:30:00,4.289154433,4.3280973
2024-09-27 17:45:00,5.3656518,5.168195
2024-09-27 18:00:00,7.588314858,7.5942135
2024-09-27 18:15:00,7.48925656,7.1599903
2024-09-27 18:30:00,2.956039659,2.8500798
2024-09-27 18:45:00,11.20483076,11.176849
2024-09-27 19:00:00,1.435850691,1.4502916
2024-09-27 19:15:00,4.919562413,4.7850575
2024-09-27 19:30:00,9.23418938,9.085125
2024-09-27 19:45:00,10.21310267,9.989926
2024-09-27 20:00:00,9.49863579,9.345917
2024-09-27 20:15:00,5.008419096,4.8333287
2024-09-27 20:30:00,7.950234507,8.062756
2024-09-27 20:45:00,8.977545583,9.107538
2024-09-27 21:00:00,7.278738069,7.245522
2024-09-27 21:15:00,8.261008292,8.311572
2024-09-27 21:30:00,6.947171893,6.7136717
2024-09-27 21:45:00,1.84560612,1.8016264
2024-09-27 22:00:00,4.165081902,4.059617
2024-09-27 22:15:00,8.716406097,8.605237
2024-09-27 22:30:00,3.716009853,3.7280607
2024-09-27 22:45:00,5.955508184,5.927814
2024-09-27 23:00:00,7.14852002,6.8546824
2024-09-27 23:15:00,8.317649417,8.088682
2024-09-27 23:30:00,3.872071525,3.8119905
2024-09-27 23:45:00,7.172674113,7.362492
2024-09-28 00:00:00,7.698922379,7.5421896
2024-09-28 00:15:00,9.734392515,10.135503
2024-09-28 00:30:00,7.016859033,7.0337677
2024-09-28 00:45:00,4.172356272,4.1876593
2024-09-28 01:00:00,6.769713105,6.697689
2024-09-28 01:15:00,2.312462402,2.3461695
2024-09-28 01:30:00,7.694346565,7.6671314
2024-09-28 01:45:00,10.21650906,10.687179
2024-09-28 02:00:00,6.68720086,6.8260417
2024-09-28 02:15:00,4.28713812,4.230253
2024-09-28 02:30:00,5.237659281,5.4804177
2024-09-28 02:45:00,10.73242646,10.749375
2024-09-28 03:00:00,9.470983371,9.8119
2024-09-28 03:15:00,9.562665744,9.764727
2024-09-28 03:30:00,6.820689871,6.9070516
2024-09-28 03:45:00,5.605712632,5.399122
2024-09-28 04:00:00,2.503174313,2.5315766
2024-09-28 04:15:00,11.22544384,11.399956
2024-09-28 04:30:00,3.008641372,3.0549295
2024-09-28 04:45:00,4.040861363,4.0236816
2024-09-28 05:00:00,8.920647303,8.786641
2024-09-28 05:15:00,4.578043825,4.688253
2024-09-28 05:30:00,7.521883481,7.705377
2024-09-28 05:45:00,8.794025479,9.103601
2024-09-28 06:00:00,7.276695165,6.9664993
2024-09-28 06:15:00,6.269846209,6.183742
2024-09-28 06:30:00,1.726313625,1.7149969
2024-09-28 06:45:00,6.376588007,6.654644
2024-09-28 07:00:00,5.886111656,5.809328
2024-09-28 07:15:00,9.900565252,10.139826
2024-09-28 07:30:00,5.799435019,5.7247014
2024-09-28 07:45:00,7.499632274,7.773166
2024-09-28 08:00:00,9.474942546,9.498363
2024-09-28 08:15:00,6.055260007,6.229517
2024-09-28 08:30:00,3.719420509,3.9262235
2024-09-28 08:45:00,11.42627974,10.865789
2024-09-28 09:00:00,10.73102298,10.476619
2024-09-28 09:15:00,10.24753465,10.335719
2024-09-28 09:30:00,4.22529219,4.0469856
2024-09-28 09:45:00,4.21667258,4.5006504
2024-09-28 10:00:00,10.55033375,10.444993
2024-09-28 10:15:00,2.535913523,2.434006
2024-09-28 10:30:00,7.75998587,7.8988867
2024-09-28 10:45:00,4.075442059,4.1851244
2024-09-28 11:00:00,8.14883865,8.380074
2024-09-28 11:15:00,10.03625269,9.756417
2024-09-28 11:30:00,5.103738997,5.2522855
2024-09-28 11:45:00,2.691693359,2.7270598
2024-09-28 12:00:00,8.704249535,8.261129
2024-09-28 12:15:00,1.744981114,1.6829495
2024-09-28 12:30:00,1.303430803,1.2744031
2024-09-28 12:45:00,10.00336755,10.075968
2024-09-28 13:00:00,9.471026869,9.895765
2024-09-28 13:15:00,7.099558217,6.95689
2024-09-28 13:30:00,7.925060697,7.889595
2024-09-28 13:45:00,11.30718324,10.966003
2024-09-28 14:00:00,1.833441491,1.8560128
2024-09-28 14:15:00,3.351676874,3.455703
2024-09-28 14:30:00,9.212792569,9.122346
2024-09-28 14:45:00,3.818226961,3.9049852
2024-09-28 15:00:00,3.306054163,3.1794434
2024-09-28 15:15:00,6.045864741,5.958367
2024-09-28 15:30:00,8.396226079,8.396933
2024-09-28 15:45:00,3.418113519,3.3609478
2024-09-28 16:00:00,5.346480476,5.49898
2024-09-28 16:15:00,6.533825578,6.333884
2024-09-28 16:30:00,2.891231848,2.9195788
2024-09-28 16:45:00,6.20276998,6.1641273
2024-09-28 17:00:00,9.930815053,9.871786
2024-09-28 17:15:00,8.723044808,8.991171
2024-09-28 17:30:00,6.157054658,6.4570856
2024-09-28 17:45:00,2.263430664,2.3802285
2024-09-28 18:00:00,1.366739825,1.3701756
2024-09-28 18:15:00,1.921345277,1.8527917
2024-09-28 18:30:00,9.49056885,9.024283
2024-09-28 18:45:00,8.285572202,8.425313
2024-09-28 19:00:00,8.737739723,8.916387
2024-09-28 19:15:00,4.406267288,4.2401247
2024-09-28 19:30:00,2.159737824,2.1274347
2024-09-28 19:45:00,8.650936607,8.758603
2024-09-28 20:00:00,10.46135138,10.6379
2024-09-28 20:15:00,6.082479397,5.871336
2024-09-28 20:30:00,9.056779334,8.980816
2024-09-28 20:45:00,8.400518892,8.469144
2024-09-28 21:00:00,10.13033584,9.823802
2024-09-28 21:15:00,1.426944541,1.4269654
2024-09-28 21:30:00,11.35928779,11.344127
2024-09-28 21:45:00,9.907168467,10.289698
2024-09-28 22:00:00,10.44123839,10.393864
2024-09-28 22:15:00,11.54336306,11.8579235
2024-09-28 22:30:00,7.393634606,7.548197
2024-09-28 22:45:00,2.022958566,2.0400908
2024-09-28 23:00:00,9.552930075,9.578689
2024-09-28 23:15:00,2.541232263,2.6474907
2024-09-28 23:30:00,8.483913676,8.753534
2024-09-28 23:45:00,5.330155387,5.2851534
2024-09-29 00:00:00,1.189073336,1.2520846
2024-09-29 00:15:00,5.801717707,5.7827597
2024-09-29 00:30:00,9.380434018,9.288453
2024-09-29 00:45:00,1.980369804,2.0348055
2024-09-29 01:00:00,1.20973824,1.181639
2024-09-29 01:15:00,5.618229006,5.49025
2024-09-29 01:30:00,1.155910227,1.1537253
2024-09-29 01:45:00,11.59397855,11.25026
2024-09-29 02:00:00,9.909133026,9.596503
2024-09-29 02:15:00,8.159561724,8.017583
2024-09-29 02:30:00,1.306705005,1.3928113
2024-09-29 02:45:00,7.230917042,7.2544694
2024-09-29 03:00:00,8.27674535,8.099594
2024-09-29 03:15:00,7.087943233,6.8884177
2024-09-29 03:30:00,10.74161412,10.692246
2024-09-29 03:45:00,9.907837746,9.698083
2024-09-29 04:00:00,4.853529817,4.7007036
2024-09-29 04:15:00,8.373660004,8.235742
2024-09-29 04:30:00,5.683353275,5.8177967
2024-09-29 04:45:00,9.946699698,10.471488
2024-09-29 05:00:00,7.64496114,7.381118
2024-09-29 05:15:00,6.997574151,7.2043056
2024-09-29 05:30:00,6.448272719,6.3945484
2024-09-29 05:45:00,5.027502978,4.943493
2024-09-29 06:00:00,2.744810241,2.746546
2024-09-29 06:15:00,3.902827523,3.9784331
2024-09-29 06:30:00,4.785281044,4.6545434
2024-09-29 06:45:00,2.814256058,2.709473
2024-09-29 07:00:00,9.097851042,9.289863
2024-09-29 07:15:00,1.250712455,1.1999043
2024-09-29 07:30:00,11.25912851,10.588873
2024-09-29 07:45:00,2.411483299,2.543524
2024-09-29 08:00:00,1.730706213,1.670199
2024-09-29 08:15:00,10.87978027,11.42329
2024-09-29 08:30:00,11.59965908,11.651593
2024-09-29 08:45:00,3.106003429,3.0037467
2024-09-29 09:00:00,2.596994512,2.452847
2024-09-29 09:15:00,3.017494567,3.133642
2024-09-29 09:30:00,6.55033648,6.4267964
2024-09-29 09:45:00,4.252831845,4.389847
2024-09-29 10:00:00,4.849110019,4.6706023
2024-09-29 10:15:00,9.85616086,9.578789
2024-09-29 10:30:00,10.73432575,10.785085
2024-09-29 10:45:00,12.24573976,11.651672
2024-09-29 11:00:00,6.391313181,6.286975
2024-09-29 11:15:00,3.536717906,3.7556849
2024-09-29 11:30:00,7.242893633,6.891999
2024-09-29 11:45:00,9.740413262,10.249826
2024-09-29 12:00:00,1.436247666,1.4196177
2024-09-29 12:15:00,10.51496043,10.320241
2024-09-29 12:30:00,3.662690179,3.5128033
2024-09-29 12:45:00,4.244126238,4.2188053
2024-09-29 13:00:00,4.934334269,5.0165
2024-09-29 13:15:00,10.76198962,10.543279
2024-09-29 13:30:00,2.940924973,2.9253812
2024-09-29 13:45:00,3.536878331,3.3790867
2024-09-29 14:00:00,9.063595135,8.694762
2024-09-29 14:15:00,10.10274072,10.571984
2024-09-29 14:30:00,2.157829547,2.2655957
2024-09-29 14:45:00,6.523609896,6.739182
2024-09-29 15:00:00,11.04084941,10.619792
2024-09-29 15:15:00,10.08212871,10.37177
2024-09-29 15:30:00,10.91840946,11.207672
2024-09-29 15:45:00,10.52496949,10.255239
2024-09-29 16:00:00,4.411349808,4.6547093
2024-09-29 16:15:00,3.206695847,3.1334324
2024-09-29 16:30:00,11.02945643,10.634945
2024-09-29 16:45:00,8.523248153,8.738745
2024-09-29 17:00:00,4.902426987,4.939026
2024-09-29 17:15:00,8.79214603,8.735676
2024-09-29 17:30:00,4.255837256,4.3503013
2024-09-29 17:45:00,7.824250366,7.3854938
2024-09-29 18:00:00,3.61598185,3.5931063
2024-09-29 18:15:00,6.798049695,6.956918
2024-09-29 18:30:00,11.01636833,10.531492
2024-09-29 18:45:00,9.171781515,8.777675
2024-09-29 19:00:00,7.552351922,7.909629
2024-09-29 19:15:00,3.786926342,3.662709
2024-09-29 19:30:00,1.802886529,1.8284467
2024-09-29 19:45:00,8.077819725,8.240909
2024-09-29 20:00:00,6.894509686,7.0568857
2024-09-29 20:15:00,3.480456426,3.3955317
2024-09-29 20:30:00,10.85170852,10.964481
2024-09-29 20:45:00,6.259053824,6.5740285
2024-09-29 21:00:00,7.300200371,7.147516
2024-09-29 21:15:00,4.215931848,4.1856174
2024-09-29 21:30:00,9.71494181,10.226267
2024-09-29 21:45:00,10.01803116,9.820257
2024-09-29 22:00:00,8.854811956,8.869274
2024-09-29 22:15:00,2.111534554,2.1654408
2024-09-29 22:30:00,1.998399241,1.9114717
2024-09-29 22:45:00,6.029053225,5.979158
2024-09-29 23:00:00,2.640343414,2.6381373
2024-09-29 23:15:00,4.857553434,4.7069035
2024-09-29 23:30:00,2.807355865,2.8800633
2024-09-29 23:45:00,4.578587125,4.3703566
2024-09-30 00:00:00,10.66044615,10.61663
2024-09-30 00:15:00,9.441856093,8.948695
2024-09-30 00:30:00,2.619251887,2.5453017
2024-09-30 00:45:00,8.08200786,7.8655143
2024-09-30 01:00:00,1.533989334,1.4915354
2024-09-30 01:15:00,11.44107197,10.924823
2024-09-30 01:30:00,7.128615335,6.8353143
2024-09-30 01:45:00,6.881958729,6.630365
2024-09-30 02:00:00,3.7702351,3.6296642
2024-09-30 02:15:00,5.755915296,5.743505
2024-09-30 02:30:00,6.793365249,6.7109275
2024-09-30 02:45:00,7.611769616,7.82965
2024-09-30 03:00:00,1.679934544,1.6763598
2024-09-30 03:15:00,4.485029228,4.640582
2024-09-30 03:30:00,5.079309538,5.2317405
2024-09-30 03:45:00,2.721825454,2.6869576
2024-09-30 04:00:00,3.724846865,3.5939946
2024-09-30 04:15:00,3.750073324,3.6235418
2024-09-30 04:30:00,9.75485893,9.622494
2024-09-30 04:45:00,8.232231471,8.340629
2024-09-30 05:00:00,10.60980563,10.64388
2024-09-30 05:15:00,4.185057664,4.3160143
2024-09-30 05:30:00,10.95752263,10.518451
2024-09-30 05:45:00,9.902909447,10.401216
2024-09-30 06:00:00,5.810379848,5.761452
2024-09-30 06:15:00,7.297227217,7.6381
2024-09-30 06:30:00,7.384736695,7.664713
2024-09-30 06:45:00,4.046192568,4.2016215
2024-09-30 07:00:00,3.893072829,3.878639
2024-09-30 07:15:00,2.735028811,2.8149998
2024-09-30 07:30:00,10.33696114,10.073042
2024-09-30 07:45:00,6.944385303,6.8335867
2024-09-30 08:00:00,4.872752566,4.7443075
2024-09-30 08:15:00,6.05899974,6.2894397
2024-09-30 08:30:00,1.96460672,1.9048305
2024-09-30 08:45:00,2.231080828,2.2604973
2024-09-30 09:00:00,9.3029738,9.012376
2024-09-30 09:15:00,9.988041224,10.257964
2024-09-30 09:30:00,4.380057077,4.5697865
2024-09-30 09:45:00,5.203679717,5.3385696
2024-09-30 10:00:00,4.661017372,4.915424
2024-09-30 10:15:00,6.406640252,6.103873
2024-09-30 10:30:00,5.480415715,5.3926544
2024-09-30 10:45:00,4.893870173,5.140957
2024-09-30 11:00:00,8.34960066,8.2673025
2024-09-30 11:15:00,3.973168655,4.136469
2024-09-30 11:30:00,10.6694157,10.795989
2024-09-30 11:45:00,4.423224917,4.4305453
2024-09-30 12:00:00,3.419198687,3.2863748
2024-09-30 12:15:00,11.36241388,11.169397
2024-09-30 12:30:00,3.578649549,3.5016243
2024-09-30 12:45:00,6.523982737,6.3554096
2024-09-30 13:00:00,4.602824175,4.6398673
2024-09-30 13:15:00,1.865946513,1.9384918
2024-09-30 13:30:00,10.50422154,10.85608
2024-09-30 13:45:00,4.957378,5.142173
2024-09-30 14:00:00,7.401889653,7.8088446
2024-09-30 14:15:00,10.29724255,9.821566
2024-09-30 14:30:00,6.683447035,7.004828
2024-09-30 14:45:00,7.834272298,8.296241
2024-09-30 15:00:00,9.684027305,9.574467
2024-09-30 15:15:00,4.806579209,5.056327
2024-09-30 15:30:00,7.820418943,7.8023534
2024-09-30 15:45:00,3.399726646,3.3478582
2024-09-30 16:00:00,1.672704215,1.726924
2024-09-30 16:15:00,11.1732029,11.189171
2024-09-30 16:30:00,1.996300857,2.0109844
2024-09-30 16:45:00,5.297987328,5.4245014
2024-09-30 17:00:00,1.960290161,1.8966643
2024-09-30 17:15:00,10.83972961,10.7493105
2024-09-30 17:30:00,2.276686799,2.2455692
2024-09-30 17:45:00,8.980723105,9.360873
2024-09-30 18:00:00,8.571830943,8.766206
2024-09-30 18:15:00,1.703306981,1.635286
2024-09-30 18:30:00,8.350868451,8.687206
2024-09-30 18:45:00,11.5210014,11.396942
2024-09-30 19:00:00,6.538975159,6.6411414
2024-09-30 19:15:00,4.134907018,4.1784825
2024-09-30 19:30:00,6.837771443,6.809358
2024-09-30 19:45:00,2.324509326,2.4139338
2024-09-30 20:00:00,11.31009523,11.267149
2024-09-30 20:15:00,5.123261023,5.03614
2024-09-30 20:30:00,5.585752767,5.8374877
2024-09-30 20:45:00,5.255255137,5.4123044
2024-09-30 21:00:00,1.376217416,1.4111351
2024-09-30 21:15:00,1.483854238,1.5021615
2024-09-30 21:30:00,6.704608323,6.976504
2024-09-30 21:45:00,6.140728967,6.4223347
2024-09-30 22:00:00,11.36244644,11.193397
2024-09-30 22:15:00,4.125497922,3.9918933
2024-09-30 22:30:00,4.867555909,4.902118
2024-09-30 22:45:00,11.36354758,11.140449
2024-09-30 23:00:00,1.69457993,1.6955467
2024-09-30 23:15:00,7.563053888,7.7240415
2024-09-30 23:30:00,2.385463138,2.2882683
2024-09-30 23:45:00,11.28998053,11.097851
2024-10-01 00:00:00,4.242693521,4.154456
2024-10-01 00:15:00,10.14128936,9.795827
2024-10-01 00:30:00,10.50567622,10.513091
2024-10-01 00:45:00,10.04564116,10.077873
2024-10-01 01:00:00,7.111469035,7.005078
2024-10-01 01:15:00,11.59244064,11.58601
2024-10-01 01:30:00,7.70328922,8.1499405
2024-10-01 01:45:00,8.97317582,8.931878
2024-10-01 02:00:00,3.618931065,3.614736
2024-10-01 02:15:00,5.321842338,5.442813
2024-10-01 02:30:00,7.927576203,7.593174
2024-10-01 02:45:00,2.653530171,2.789865
2024-10-01 03:00:00,10.98666922,11.203877
2024-10-01 03:15:00,2.364191245,2.316667
2024-10-01 03:30:00,8.496750034,8.695598
2024-10-01 03:45:00,1.773093914,1.766966
2024-10-01 04:00:00,2.259551197,2.3601754
2024-10-01 04:15:00,7.921379865,7.9146914
2024-10-01 04:30:00,5.877379302,6.0276294
2024-10-01 04:45:00,1.260226586,1.2134695
2024-10-01 05:00:00,5.513939938,5.3528104
2024-10-01 05:15:00,3.682470073,3.7228441
2024-10-01 05:30:00,9.962216771,10.039894
2024-10-01 05:45:00,8.226128352,8.450794
2024-10-01 06:00:00,9.118536956,8.990751
2024-10-01 06:15:00,11.10618062,10.506123
2024-10-01 06:30:00,8.123484816,8.536208
2024-10-01 06:45:00,2.693662254,2.7797103
2024-10-01 07:00:00,10.67000833,11.098424
2024-10-01 07:15:00,2.382062519,2.2930853
2024-10-01 07:30:00,3.263969791,3.179617
2024-10-01 07:45:00,4.033028351,4.100665
2024-10-01 08:00:00,3.026486057,3.034705
2024-10-01 08:15:00,1.230218403,1.273386
2024-10-01 08:30:00,5.726351173,5.979505
2024-10-01 08:45:00,7.854956597,8.071592
2024-10-01 09:00:00,5.320943933,5.3901668
2024-10-01 09:15:00,3.501464313,3.6488953
2024-10-01 09:30:00,9.907177574,10.40093
2024-10-01 09:45:00,5.266082618,5.2470145
2024-10-01 10:00:00,9.864735804,9.869604
2024-10-01 10:15:00,3.022514337,2.9882898
2024-10-01 10:30:00,4.604611742,4.6592975
2024-10-01 10:45:00,9.039370057,9.444749
2024-10-01 11:00:00,1.496489811,1.4579072
2024-10-01 11:15:00,10.27499707,10.6423235
2024-10-01 11:30:00,5.422522797,5.414017
2024-10-01 11:45:00,11.17176793,11.32397
2024-10-01 12:00:00,8.371544916,8.430623
2024-10-01 12:15:00,11.1275657,10.827987
2024-10-01 12:30:00,1.70780269,1.7420244
2024-10-01 12:45:00,9.038391695,8.653294
2024-10-01 13:00:00,10.80537141,10.586013
2024-10-01 13:15:00,11.09841442,11.449221
2024-10-01 13:30:00,1.479820342,1.477171
2024-10-01 13:45:00,1.951858909,1.9880426
2024-10-01 14:00:00,8.345211982,8.646419
2024-10-01 14:15:00,1.517259548,1.6020205
2024-10-01 14:30:00,1.276424837,1.2561487
2024-10-01 14:45:00,6.747593306,6.782537
2024-10-01 15:00:00,6.469929524,6.572794
2024-10-01 15:15:00,7.553148428,7.4537497
2024-10-01 15:30:00,1.296483333,1.2299405
2024-10-01 15:45:00,6.57413059,6.36887
2024-10-01 16:00:00,3.969920799,4.118822
2024-10-01 16:15:00,8.819743912,9.01052
2024-10-01 16:30:00,4.863164181,4.798699
2024-10-01 16:45:00,4.813435409,4.8144727
2024-10-01 17:00:00,7.985943762,8.060744
2024-10-01 17:15:00,7.853566752,8.157718
2024-10-01 17:30:00,1.716970989,1.6968453
2024-10-01 17:45:00,7.867434551,7.739473
2024-10-01 18:00:00,8.188640797,8.189757
2024-10-01 18:15:00,5.818089797,5.849244
2024-10-01 18:30:00,10.12895576,9.579291
2024-10-01 18:45:00,1.197370053,1.2413489
2024-10-01 19:00:00,10.89143823,10.909676
2024-10-01 19:15:00,4.930097981,4.8691473
2024-10-01 19:30:00,7.368732898,7.0878253
2024-10-01 19:45:00,1.495302157,1.4504151
2024-10-01 20:00:00,8.563613006,8.647354
2024-10-01 20:15:00,6.180704723,6.5132613
2024-10-01 20:30:00,11.34909755,11.180777
2024-10-01 20:45:00,5.568798294,5.582522
2024-10-01 21:00:00,8.838718747,8.499091
2024-10-01 21:15:00,1.820521607,1.9261593
2024-10-01 21:30:00,1.883233563,1.8348686
2024-10-01 21:45:00,11.37750935,10.969471
2024-10-01 22:00:00,3.91604113,3.8451068
2024-10-01 22:15:00,9.767941935,9.876571
2024-10-01 22:30:00,1.987739632,2.012885
2024-10-01 22:45:00,7.717677621,7.8235183
2024-10-01 23:00:00,7.14243551,6.8577266
2024-10-01 23:15:00,11.70471184,11.015549
2024-10-01 23:30:00,5.129544605,5.375034
2024-10-01 23:45:00,1.586960405,1.6038604
2024-10-02 00:00:00,5.939570436,6.0380573
2024-10-02 00:15:00,9.810093257,10.078947
2024-10-02 00:30:00,1.793076541,1.7648419
2024-10-02 00:45:00,1.595983143,1.5361099
2024-10-02 01:00:00,9.626306014,9.481308
2024-10-02 01:15:00,10.05203906,9.659842
2024-10-02 01:30:00,3.255224174,3.2960079
2024-10-02 01:45:00,7.756782065,7.93208
2024-10-02 02:00:00,1.870547316,1.7791375
2024-10-02 02:15:00,9.178675781,9.350331
2024-10-02 02:30:00,4.394286944,4.3719897
2024-10-02 02:45:00,3.729491818,3.6881835
2024-10-02 03:00:00,7.8678664,8.122976
2024-10-02 03:15:00,10.65527473,10.607846
2024-10-02 03:30:00,1.654228364,1.6556468
2024-10-02 03:45:00,2.541570718,2.6380682
2024-10-02 04:00:00,3.78119778,3.8433285
2024-10-02 04:15:00,10.46401513,10.523597
2024-10-02 04:30:00,10.82991545,10.3337345
2024-10-02 04:45:00,10.01764221,10.60097
2024-10-02 05:00:00,5.12225263,5.0668073
2024-10-02 05:15:00,3.575356328,3.4755778
2024-10-02 05:30:00,3.138755283,3.1816986
2024-10-02 05:45:00,10.24308854,9.720425
2024-10-02 06:00:00,3.658454833,3.55432
2024-10-02 06:15:00,6.86270826,6.746066
2024-10-02 06:30:00,4.568732196,4.464495
2024-10-02 06:45:00,6.594560005,6.2547684
2024-10-02 07:00:00,4.867801622,4.6747217
2024-10-02 07:15:00,4.350545251,4.0567126
2024-10-02 07:30:00,5.890652598,5.8575664
2024-10-02 07:45:00,4.356294218,4.420739
2024-10-02 08:00:00,9.956703244,9.906699
2024-10-02 08:15:00,7.059398552,7.044643
2024-10-02 08:30:00,3.053653888,2.8875818
2024-10-02 08:45:00,3.443109115,3.5447004
2024-10-02 09:00:00,1.781774496,1.741999
2024-10-02 09:15:00,4.124291426,4.185653
2024-10-02 09:30:00,8.295250724,7.924821
2024-10-02 09:45:00,3.182084609,3.0659869
2024-10-02 10:00:00,2.206494214,2.16387
2024-10-02 10:15:00,4.171513161,4.3129263
2024-10-02 10:30:00,7.418370214,7.487634
2024-10-02 10:45:00,6.397716197,6.190928
2024-10-02 11:00:00,4.236965843,4.4240866
2024-10-02 11:15:00,10.11130189,10.119978
2024-10-02 11:30:00,5.975065923,5.972854
2024-10-02 11:45:00,5.567556247,5.7591085
2024-10-02 12:00:00,1.481307572,1.4347361
2024-10-02 12:15:00,7.461722515,7.5411777
2024-10-02 12:30:00,5.706289591,5.8863783
2024-10-02 12:45:00,2.612933691,2.6339011
2024-10-02 13:00:00,3.612352606,3.6971805
2024-10-02 13:15:00,3.201857345,3.3418832
2024-10-02 13:30:00,2.343653872,2.4248
2024-10-02 13:45:00,6.047197307,5.941739
2024-10-02 14:00:00,5.042714769,4.806929
2024-10-02 14:15:00,5.081382878,4.970535
2024-10-02 14:30:00,4.080515146,3.895649
2024-10-02 14:45:00,5.817726445,5.6810017
2024-10-02 15:00:00,6.712116793,6.426365
2024-10-02 15:15:00,7.265603836,7.458219
2024-10-02 15:30:00,3.260860058,3.3609476
2024-10-02 15:45:00,8.785527879,8.547807
2024-10-02 16:00:00,1.497816492,1.4810427
2024-10-02 16:15:00,9.034150622,8.681205
2024-10-02 16:30:00,4.09831687,4.215012
2024-10-02 16:45:00,5.023226524,4.815994
2024-10-02 17:00:00,7.025368065,7.0595536
2024-10-02 17:15:00,7.521706346,7.490884
2024-10-02 17:30:00,5.365344502,5.6083493
2024-10-02 17:45:00,10.69361492,10.896521
2024-10-02 18:00:00,9.399252368,9.825224
2024-10-02 18:15:00,3.541961715,3.492022
2024-10-02 18:30:00,7.337249407,7.455511
2024-10-02 18:45:00,8.828120581,8.439494
2024-10-02 19:00:00,3.613272359,3.5702543
2024-10-02 19:15:00,1.433236646,1.3589633
2024-10-02 19:30:00,11.799104,11.710402
2024-10-02 19:45:00,11.19125448,11.355221
2024-10-02 20:00:00,4.78220994,4.5514646
2024-10-02 20:15:00,3.662167543,3.5103877
2024-10-02 20:30:00,2.631083547,2.6959867
2024-10-02 20:45:00,8.733780625,8.290357
2024-10-02 21:00:00,9.422513333,8.903625
2024-10-02 21:15:00,5.563157764,5.503925
2024-10-02 21:30:00,3.348982709,3.506805
2024-10-02 21:45:00,5.909280457,5.724046
2024-10-02 22:00:00,6.200585395,6.2731743
2024-10-02 22:15:00,6.97577765,6.8800254
2024-10-02 22:30:00,5.611784643,5.7306924
2024-10-02 22:45:00,1.14593827,1.1673403
2024-10-02 23:00:00,6.184066876,6.2090926
2024-10-02 23:15:00,4.635596393,4.7681894
2024-10-02 23:30:00,7.216540083,6.99618
2024-10-02 23:45:00,1.995252588,1.9801416
2024-10-03 00:00:00,10.62448731,10.367027
2024-10-03 00:15:00,9.699089174,10.144515
2024-10-03 00:30:00,6.822769882,6.8576794
2024-10-03 00:45:00,9.325341939,8.925757
2024-10-03 01:00:00,5.166098284,5.415565
2024-10-03 01:15:00,6.915608034,7.2158904
2024-10-03 01:30:00,7.015804554,7.201443
2024-10-03 01:45:00,4.77572401,4.7713685
2024-10-03 02:00:00,10.93121382,11.189789
2024-10-03 02:15:00,7.099894715,7.5320787
2024-10-03 02:30:00,11.28882666,11.647449
2024-10-03 02:45:00,5.803529408,5.886811
2024-10-03 03:00:00,1.426465881,1.4981034
2024-10-03 03:15:00,4.608488082,4.511134
2024-10-03 03:30:00,8.033986886,7.947648
2024-10-03 03:45:00,10.74635723,10.756061
2024-10-03 04:00:00,7.340733283,7.482031
2024-10-03 04:15:00,6.013864841,6.2900434
2024-10-03 04:30:00,2.055769543,2.0496626
2024-10-03 04:45:00,2.603409857,2.743354
2024-10-03 05:00:00,1.695488445,1.6937723
2024-10-03 05:15:00,8.445216298,8.2427435
2024-10-03 05:30:00,9.580213518,9.809872
2024-10-03 05:45:00,2.61379876,2.7796736
2024-10-03 06:00:00,4.343692462,4.485467
2024-10-03 06:15:00,6.044362447,6.134904
2024-10-03 06:30:00,2.636639178,2.7793648
2024-10-03 06:45:00,5.676554719,5.40976
2024-10-03 07:00:00,11.63488589,10.95612
2024-10-03 07:15:00,8.813562409,8.58452
2024-10-03 07:30:00,2.692060152,2.8407705
2024-10-03 07:45:00,2.225627476,2.1235871
2024-10-03 08:00:00,5.629820593,5.7534814
2024-10-03 08:15:00,10.94144929,11.1198635
2024-10-03 08:30:00,8.9058904,9.018269
2024-10-03 08:45:00,4.266072621,4.128741
2024-10-03 09:00:00,1.396763464,1.4326649
2024-10-03 09:15:00,5.614062057,5.345898
2024-10-03 09:30:00,2.68502428,2.7459412
2024-10-03 09:45:00,3.154597788,3.0578773
2024-10-03 10:00:00,2.899069647,2.8413181
2024-10-03 10:15:00,8.855092647,8.526695
2024-10-03 10:30:00,1.546342425,1.526927
2024-10-03 10:45:00,7.156101281,7.088284
2024-10-03 11:00:00,8.69779605,8.812529
2024-10-03 11:15:00,2.6486213,2.697433
2024-10-03 11:30:00,10.83219106,10.589154
2024-10-03 11:45:00,2.023799271,1.9221537
2024-10-03 12:00:00,8.502123892,8.29514
2024-10-03 12:15:00,2.871244159,2.8496337
2024-10-03 12:30:00,9.532476393,9.393376
2024-10-03 12:45:00,7.152824434,7.3027267
2024-10-03 13:00:00,6.722286842,6.9932837
2024-10-03 13:15:00,4.492860265,4.6827264
2024-10-03 13:30:00,4.262473074,4.1625743
2024-10-03 13:45:00,6.225645788,6.0290275
2024-10-03 14:00:00,8.353218404,8.765109
2024-10-03 14:15:00,2.830919839,2.9106283
2024-10-03 14:30:00,9.650819617,9.324171
2024-10-03 14:45:00,6.027514101,6.1797967
2024-10-03 15:00:00,5.858368693,5.6413116
2024-10-03 15:15:00,1.234858514,1.3076317
2024-10-03 15:30:00,2.55956113,2.4890676
2024-10-03 15:45:00,5.705127336,5.6039762
2024-10-03 16:00:00,11.19800393,11.33519
2024-10-03 16:15:00,3.807610499,3.7445903
2024-10-03 16:30:00,1.30674393,1.3418554
2024-10-03 16:45:00,5.708994071,5.475154
2024-10-03 17:00:00,1.359391158,1.401592
2024-10-03 17:15:00,4.702860261,4.6258354
2024-10-03 17:30:00,4.66864599,4.730511
2024-10-03 17:45:00,1.158120245,1.1556147
2024-10-03 18:00:00,9.111210007,9.416726
2024-10-03 18:15:00,10.60343219,10.42161
2024-10-03 18:30:00,11.33367017,11.489896
2024-10-03 18:45:00,6.675056066,6.7419024
2024-10-03 19:00:00,4.623603761,4.4228797
2024-10-03 19:15:00,9.028741068,8.951173
2024-10-03 19:30:00,8.467253657,8.722513
2024-10-03 19:45:00,4.942374285,5.1324997
2024-10-03 20:00:00,6.615101611,6.7250676
2024-10-03 20:15:00,9.179436291,9.712537
2024-10-03 20:30:00,3.174321834,3.2218075
2024-10-03 20:45:00,1.408726327,1.3705766
2024-10-03 21:00:00,7.199382395,6.8720083
2024-10-03 21:15:00,8.409043503,8.194595
2024-10-03 21:30:00,7.60509942,7.2380137
2024-10-03 21:45:00,7.131865745,7.0909314
2024-10-03 22:00:00,5.090791993,5.245741
2024-10-03 22:15:00,7.874625145,7.7737646
2024-10-03 22:30:00,1.697548689,1.6737583
2024-10-03 22:45:00,2.724908574,2.620413
2024-10-03 23:00:00,6.009983011,5.8669605
2024-10-03 23:15:00,10.65220279,11.093986
2024-10-03 23:30:00,7.470444131,7.455969
2024-10-03 23:45:00,4.932583679,4.762509
2024-10-04 00:00:00,5.780416229,5.652374
2024-10-04 00:15:00,9.542327374,9.865082
2024-10-04 00:30:00,7.086335676,6.754432
2024-10-04 00:45:00,1.734337409,1.6260477
2024-10-04 01:00:00,5.215117373,5.5091166
2024-10-04 01:15:00,4.893058732,5.061097
2024-10-04 01:30:00,10.737496,10.654621
2024-10-04 01:45:00,4.232642114,4.3648157
2024-10-04 02:00:00,1.884621683,1.8436556
2024-10-04 02:15:00,4.721516632,4.968177
2024-10-04 02:30:00,1.598010681,1.5429219
2024-10-04 02:45:00,9.96954106,9.904978
2024-10-04 03:00:00,7.048970639,7.3923497
2024-10-04 03:15:00,5.783309037,5.9763136
2024-10-04 03:30:00,4.98389087,5.0009527
2024-10-04 03:45:00,5.754575911,5.503817
2024-10-04 04:00:00,9.109540937,9.470669
2024-10-04 04:15:00,2.896471498,3.0158787
2024-10-04 04:30:00,1.958324749,1.9079859
2024-10-04 04:45:00,6.823692317,7.081225
2024-10-04 05:00:00,10.45905521,9.944278
2024-10-04 05:15:00,7.208931575,7.160763
2024-10-04 05:30:00,9.431190245,9.575465
2024-10-04 05:45:00,10.2575548,10.028968
2024-10-04 06:00:00,1.810664751,1.8332856
2024-10-04 06:15:00,7.40242092,7.3536606
2024-10-04 06:30:00,9.522386271,9.807021
2024-10-04 06:45:00,7.549265947,7.888574
2024-10-04 07:00:00,7.142282881,7.4210005
2024-10-04 07:15:00,9.714039158,9.36652
2024-10-04 07:30:00,8.106640601,8.542987
2024-10-04 07:45:00,6.37007274,6.2112575
2024-10-04 08:00:00,1.671002208,1.618172
2024-10-04 08:15:00,7.633512216,7.5849376
2024-10-04 08:30:00,3.338438313,3.3283467
2024-10-04 08:45:00,3.571664476,3.7391248
2024-10-04 09:00:00,8.629002713,8.733992
2024-10-04 09:15:00,5.964218774,5.9066114
2024-10-04 09:30:00,8.655574371,8.469074
2024-10-04 09:45:00,5.056821511,5.3342724
2024-10-04 10:00:00,10.53812337,10.057999
2024-10-04 10:15:00,5.199985637,5.4252353
2024-10-04 10:30:00,6.031750595,6.286286
2024-10-04 10:45:00,2.373151708,2.398108
2024-10-04 11:00:00,6.640500558,6.6042013
2024-10-04 11:15:00,3.639386738,3.6371522
2024-10-04 11:30:00,8.680508244,9.000968
2024-10-04 11:45:00,8.492774049,8.60785
2024-10-04 12:00:00,1.301034284,1.3559592
2024-10-04 12:15:00,6.524066285,6.285413
2024-10-04 12:30:00,1.733769628,1.6881232
2024-10-04 12:45:00,6.955486424,7.2529063
2024-10-04 13:00:00,10.26339431,10.559704
2024-10-04 13:15:00,10.26696388,9.821417
2024-10-04 13:30:00,3.559616796,3.6669724
2024-10-04 13:45:00,2.558481557,2.6388412
2024-10-04 14:00:00,9.344001338,9.261515
2024-10-04 14:15:00,6.806300938,6.9635587
2024-10-04 14:30:00,5.424397368,5.4303093
2024-10-04 14:45:00,9.862691582,9.496548
2024-10-04 15:00:00,3.796495985,3.6876683
2024-10-04 15:15:00,3.589025775,3.506903
2024-10-04 15:30:00,7.412466715,7.263902
2024-10-04 15:45:00,3.924087988,3.82959
2024-10-04 16:00:00,5.511419586,5.701921
2024-10-04 16:15:00,6.028593067,5.860873
2024-10-04 16:30:00,3.285049757,3.2323282
2024-10-04 16:45:00,1.713749899,1.7452278
2024-10-04 17:00:00,9.853111319,9.4876175
2024-10-04 17:15:00,9.367883102,9.095773
2024-10-04 17:30:00,7.277685308,7.412321
2024-10-04 17:45:00,2.761084083,2.658057
2024-10-04 18:00:00,5.636890567,5.943429
2024-10-04 18:15:00,2.833092405,2.9344797
2024-10-04 18:30:00,9.974837556,9.925102
2024-10-04 18:45:00,8.200882438,8.532689
2024-10-04 19:00:00,1.462010412,1.4492748
2024-10-04 19:15:00,1.288831231,1.2373687
2024-10-04 19:30:00,11.51523413,11.100909
2024-10-04 19:45:00,1.514069938,1.5259609
2024-10-04 20:00:00,10.70618531,10.404964
2024-10-04 20:15:00,11.15964617,11.195299
2024-10-04 20:30:00,4.465989873,4.373229
2024-10-04 20:45:00,6.522044914,6.607297
2024-10-04 21:00:00,8.502324086,8.219666
2024-10-04 21:15:00,6.385627088,6.484664
2024-10-04 21:30:00,3.332399967,3.3305392
2024-10-04 21:45:00,7.367889539,7.235892
2024-10-04 22:00:00,3.687851045,3.8541014
2024-10-04 22:15:00,2.819604139,2.7922087
2024-10-04 22:30:00,6.450539592,6.296753
2024-10-04 22:45:00,4.669941114,4.8763742
2024-10-04 23:00:00,1.328068821,1.3607192
2024-10-04 23:15:00,10.84197739,10.73977
2024-10-04 23:30:00,1.585039444,1.5408427
2024-10-04 23:45:00,10.08489533,10.181387
2024-10-05 00:00:00,3.076978193,3.1581798
2024-10-05 00:15:00,2.541391364,2.5918822
2024-10-05 00:30:00,1.906668074,1.8544914
2024-10-05 00:45:00,5.664391579,5.3883643
2024-10-05 01:00:00,7.257963505,7.265911
2024-10-05 01:15:00,9.755375681,10.124938
2024-10-05 01:30:00,9.140188036,8.876157
2024-10-05 01:45:00,2.968259464,2.9662604
2024-10-05 02:00:00,2.769550042,2.85956
2024-10-05 02:15:00,1.234920091,1.3098983
2024-10-05 02:30:00,8.404645519,8.348199
2024-10-05 02:45:00,1.419216464,1.3643712
2024-10-05 03:00:00,2.770455036,2.6899695
2024-10-05 03:15:00,7.815108451,7.734416
2024-10-05 03:30:00,2.827376618,2.7300787
2024-10-05 03:45:00,2.841387699,2.8450084
2024-10-05 04:00:00,3.659962757,3.6181936
2024-10-05 04:15:00,5.021732082,5.080505
2024-10-05 04:30:00,1.225966166,1.2791808
2024-10-05 04:45:00,8.856601182,8.421451
2024-10-05 05:00:00,9.216612408,9.527515
2024-10-05 05:15:00,5.151946072,5.0671353
2024-10-05 05:30:00,10.12146768,9.582625
2024-10-05 05:45:00,4.278972719,4.1734757
2024-10-05 06:00:00,11.04472084,11.21339
2024-10-05 06:15:00,5.083078718,5.2307024
2024-10-05 06:30:00,7.884261777,7.8078775
2024-10-05 06:45:00,4.438657349,4.6577725
2024-10-05 07:00:00,5.913012441,5.678746
2024-10-05 07:15:00,7.834466452,7.8722277
2024-10-05 07:30:00,4.566931578,4.809492
2024-10-05 07:45:00,7.879867727,7.708245
2024-10-05 08:00:00,2.615228898,2.5262997
2024-10-05 08:15:00,5.896255535,6.135806
2024-10-05 08:30:00,3.950062998,3.9633315
2024-10-05 08:45:00,10.67367995,10.574739
2024-10-05 09:00:00,10.37084594,9.942586
2024-10-05 09:15:00,6.083020139,6.263805
2024-10-05 09:30:00,5.853615125,5.996465
2024-10-05 09:45:00,9.49718406,9.928996
2024-10-05 10:00:00,8.278930464,8.276602
2024-10-05 10:15:00,8.323797647,8.01168
2024-10-05 10:30:00,6.98151283,6.874909
2024-10-05 10:45:00,10.01668002,10.241051
2024-10-05 11:00:00,3.268958273,3.2282064
2024-10-05 11:15:00,10.02575201,10.055776
2024-10-05 11:30:00,6.212669119,6.4531364
2024-10-05 11:45:00,7.499810004,7.642701
2024-10-05 12:00:00,11.23443967,10.744318
2024-10-05 12:15:00,5.434040226,5.7186694
2024-10-05 12:30:00,8.52390987,8.325862
2024-10-05 12:45:00,6.194095709,6.302323
2024-10-05 13:00:00,11.0453195,10.896471
2024-10-05 13:15:00,5.90431558,5.9427443
2024-10-05 13:30:00,4.034169563,3.9107192
2024-10-05 13:45:00,5.894388079,6.019887
2024-10-05 14:00:00,10.48621989,10.698177
2024-10-05 14:15:00,6.185247867,5.9906583
2024-10-05 14:30:00,2.589097838,2.5940683
2024-10-05 14:45:00,6.9864345,6.8220305
2024-10-05 15:00:00,5.153076837,5.156872
2024-10-05 15:15:00,7.811338991,7.7254333
2024-10-05 15:30:00,3.792504045,3.7695484
2024-10-05 15:45:00,4.537384408,4.700026
2024-10-05 16:00:00,6.571351735,6.6069145
2024-10-05 16:15:00,2.38456472,2.3050275
2024-10-05 16:30:00,3.380836072,3.4262128
2024-10-05 16:45:00,8.681700235,9.101362
2024-10-05 17:00:00,10.47981198,10.89745
2024-10-05 17:15:00,11.23248798,11.26703
2024-10-05 17:30:00,10.95760287,11.291522
2024-10-05 17:45:00,11.32640197,11.168838
2024-10-05 18:00:00,9.754535246,9.3818
2024-10-05 18:15:00,8.579302828,8.58524
2024-10-05 18:30:00,3.653829969,3.6898155
2024-10-05 18:45:00,5.657229038,5.6583424
2024-10-05 19:00:00,5.195591426,5.3404174
2024-10-05 19:15:00,8.382576786,8.451535
2024-10-05 19:30:00,6.305832485,6.066516
2024-10-05 19:45:00,5.138725167,4.896132
2024-10-05 20:00:00,9.183531127,9.360531
2024-10-05 20:15:00,8.672776725,9.114435
2024-10-05 20:30:00,4.877463384,5.0050755
2024-10-05 20:45:00,5.607237063,5.6336794
2024-10-05 21:00:00,10.8095858,10.444263
2024-10-05 21:15:00,9.132048789,8.828145
2024-10-05 21:30:00,7.943661252,8.284533
2024-10-05 21:45:00,8.231749365,8.580954
2024-10-05 22:00:00,2.14600043,2.2308443
2024-10-05 22:15:00,7.082507617,7.132728
2024-10-05 22:30:00,4.435281646,4.2607794
2024-10-05 22:45:00,1.898816056,1.927909
2024-10-05 23:00:00,8.723958983,8.932642
2024-10-05 23:15:00,4.61264737,4.3474226
2024-10-05 23:30:00,4.211045335,4.38779
2024-10-05 23:45:00,8.037456514,7.817106
2024-10-06 00:00:00,8.464270807,8.141165
2024-10-06 00:15:00,6.104835115,6.003465
2024-10-06 00:30:00,6.634205205,6.9453845
2024-10-06 00:45:00,10.53900788,10.191922
2024-10-06 01:00:00,2.181199891,2.242957
2024-10-06 01:15:00,1.906999896,1.8363019
2024-10-06 01:30:00,8.123918665,8.169028
2024-10-06 01:45:00,7.303349612,7.6531677
2024-10-06 02:00:00,3.182342381,3.2136261
2024-10-06 02:15:00,6.837830997,6.6032066
2024-10-06 02:30:00,8.779963348,8.930893
2024-10-06 02:45:00,9.110306421,8.743842
2024-10-06 03:00:00,7.285080135,7.369679
2024-10-06 03:15:00,2.543383543,2.5194328
2024-10-06 03:30:00,4.260875021,4.06947
2024-10-06 03:45:00,5.377223248,5.3422675
2024-10-06 04:00:00,8.578763838,9.024603
2024-10-06 04:15:00,6.510791568,6.629572
2024-10-06 04:30:00,8.796226498,8.9658575
2024-10-06 04:45:00,10.20970821,10.681742
2024-10-06 05:00:00,7.432500467,7.672257
2024-10-06 05:15:00,3.672165131,3.5909243
2024-10-06 05:30:00,2.646944238,2.609236
2024-10-06 05:45:00,1.145201674,1.1711918
2024-10-06 06:00:00,2.836522283,2.847808
2024-10-06 06:15:00,4.07696664,3.9525142
2024-10-06 06:30:00,3.680766305,3.8051252
2024-10-06 06:45:00,7.534416301,7.869493
2024-10-06 07:00:00,2.629050688,2.6486266
2024-10-06 07:15:00,5.589449079,5.5749874
2024-10-06 07:30:00,1.220690899,1.1709129
2024-10-06 07:45:00,3.710564855,3.8736753
2024-10-06 08:00:00,1.595549703,1.5452738
2024-10-06 08:15:00,8.847614639,8.691978
2024-10-06 08:30:00,4.904714577,4.7447677
2024-10-06 08:45:00,5.887346503,5.8924565
2024-10-06 09:00:00,8.853507561,9.075028
2024-10-06 09:15:00,9.961299152,9.794373
2024-10-06 09:30:00,6.56596671,6.3034735
2024-10-06 09:45:00,7.610982676,8.117829
2024-10-06 10:00:00,8.361468984,8.6489
2024-10-06 10:15:00,3.806861888,3.969591
2024-10-06 10:30:00,8.162105107,8.564514
2024-10-06 10:45:00,7.786743255,8.20201
2024-10-06 11:00:00,6.032511086,5.8454337
2024-10-06 11:15:00,4.23113855,4.455982
2024-10-06 11:30:00,11.06737849,10.956889
2024-10-06 11:45:00,11.47410385,11.206716
2024-10-06 12:00:00,7.927311273,8.323282
2024-10-06 12:15:00,4.858123612,5.038373
2024-10-06 12:30:00,9.128752762,8.789002
2024-10-06 12:45:00,8.145465096,7.9220366
2024-10-06 13:00:00,6.941122464,7.072253
2024-10-06 13:15:00,2.518771079,2.5186281
2024-10-06 13:30:00,10.55468767,10.9906225
2024-10-06 13:45:00,3.409939538,3.5881128
2024-10-06 14:00:00,5.3287381,5.251095
2024-10-06 14:15:00,4.622915286,4.798373
2024-10-06 14:30:00,2.755137665,2.6874816
2024-10-06 14:45:00,1.387688761,1.3582354
2024-10-06 15:00:00,11.20953187,10.829419
2024-10-06 15:15:00,8.714360855,8.867619
2024-10-06 15:30:00,1.394896954,1.4366943
2024-10-06 15:45:00,8.140015799,8.440669
2024-10-06 16:00:00,2.465463717,2.44655
2024-10-06 16:15:00,8.964487555,8.864545
2024-10-06 16:30:00,6.298338703,6.533337
2024-10-06 16:45:00,11.0558908,11.542336
2024-10-06 17:00:00,5.824050811,5.9805913
2024-10-06 17:15:00,9.478293384,9.350215
2024-10-06 17:30:00,1.597363425,1.6015446
2024-10-06 17:45:00,10.64605837,10.876428
2024-10-06 18:00:00,7.031890108,7.0659533
2024-10-06 18:15:00,4.465095839,4.374537
2024-10-06 18:30:00,2.323262381,2.432297
2024-10-06 18:45:00,7.761141046,7.891878
2024-10-06 19:00:00,8.649810154,8.651676
2024-10-06 19:15:00,1.990470663,2.0276566
2024-10-06 19:30:00,2.807015416,2.8140414
2024-10-06 19:45:00,5.138018091,5.0073824
2024-10-06 20:00:00,10.08013893,9.853912
2024-10-06 20:15:00,11.39247152,11.726647
2024-10-06 20:30:00,9.051527494,8.909765
2024-10-06 20:45:00,1.211431151,1.1964169
2024-10-06 21:00:00,10.73039164,10.490597
2024-10-06 21:15:00,1.500830711,1.4303379
2024-10-06 21:30:00,10.83241436,10.212841
2024-10-06 21:45:00,5.667248805,5.4389358
2024-10-06 22:00:00,8.386717848,8.641023
2024-10-06 22:15:00,1.929644816,2.0400932
2024-10-06 22:30:00,2.90673756,2.8934715
2024-10-06 22:45:00,5.977297986,5.876393
2024-10-06 23:00:00,1.503724483,1.5379664
2024-10-06 23:15:00,4.982128842,5.0628
2024-10-06 23:30:00,9.073579255,9.002668
2024-10-06 23:45:00,7.678420075,7.871394
2024-10-07 00:00:00,4.8136468,4.675256
2024-10-07 00:15:00,1.154193054,1.1923127
2024-10-07 00:30:00,4.001046923,3.980499
2024-10-07 00:45:00,9.231769025,8.879903
2024-10-07 01:00:00,4.810120644,4.69315
2024-10-07 01:15:00,4.762319782,4.9637303
2024-10-07 01:30:00,1.825759952,1.8950888
2024-10-07 01:45:00,7.549949861,7.314088
2024-10-07 02:00:00,7.594896637,7.7744093
2024-10-07 02:15:00,5.748144277,5.7260222
2024-10-07 02:30:00,8.746142869,8.996108
2024-10-07 02:45:00,10.10367506,10.440663
2024-10-07 03:00:00,8.842643378,8.607749
2024-10-07 03:15:00,7.281532369,7.0651464
2024-10-07 03:30:00,10.56501189,10.920351
2024-10-07 03:45:00,5.038892001,5.125139
2024-10-07 04:00:00,7.803241756,7.7208276
2024-10-07 04:15:00,7.028195792,7.008741
2024-10-07 04:30:00,9.668645739,9.993317
2024-10-07 04:45:00,6.28103433,6.476857
2024-10-07 05:00:00,6.770369859,7.030594
2024-10-07 05:15:00,5.62239927,5.76561
2024-10-07 05:30:00,2.615527626,2.535153
2024-10-07 05:45:00,9.959298948,10.4623375
2024-10-07 06:00:00,10.6864721,10.186577
2024-10-07 06:15:00,8.787761626,8.356048
2024-10-07 06:30:00,4.840247368,4.879431
2024-10-07 06:45:00,4.827645168,4.7686677
2024-10-07 07:00:00,1.502772994,1.5332016
2024-10-07 07:15:00,1.965124632,1.989641
2024-10-07 07:30:00,6.710109156,6.6699
2024-10-07 07:45:00,1.628387984,1.6549712
2024-10-07 08:00:00,2.159451095,2.1097834
2024-10-07 08:15:00,3.896517775,3.7226894
2024-10-07 08:30:00,5.506667897,5.2853527
2024-10-07 08:45:00,5.982056837,6.167905
2024-10-07 09:00:00,4.444440862,4.480595
2024-10-07 09:15:00,10.97248102,11.094332
2024-10-07 09:30:00,11.34022055,11.330455
2024-10-07 09:45:00,1.788753101,1.7184438
2024-10-07 10:00:00,11.40585062,12.014014
2024-10-07 10:15:00,2.975758654,2.8477738
2024-10-07 10:30:00,4.525171789,4.40257
2024-10-07 10:45:00,9.575972487,10.163895
2024-10-07 11:00:00,8.268719929,8.296276
2024-10-07 11:15:00,1.642041463,1.6929375
2024-10-07 11:30:00,8.839904069,8.986919
2024-10-07 11:45:00,8.222600108,7.780012
2024-10-07 12:00:00,11.26503245,10.918943
2024-10-07 12:15:00,10.76937263,10.62876
2024-10-07 12:30:00,10.83195404,11.25502
2024-10-07 12:45:00,6.048557341,5.8770485
2024-10-07 13:00:00,8.750473064,8.369268
2024-10-07 13:15:00,11.0302571,11.419827
2024-10-07 13:30:00,1.179914752,1.2697384
2024-10-07 13:45:00,9.664670411,9.270138
2024-10-07 14:00:00,1.71351005,1.6980362
2024-10-07 14:15:00,11.97734133,11.498666
2024-10-07 14:30:00,1.312185442,1.301239
2024-10-07 14:45:00,7.091043215,6.95632
2024-10-07 15:00:00,6.688612723,6.6053486
2024-10-07 15:15:00,4.326551057,4.2881308
2024-10-07 15:30:00,9.272490728,9.003165
2024-10-07 15:45:00,3.718019103,3.833344
2024-10-07 16:00:00,4.269885411,4.088875
2024-10-07 16:15:00,3.266590095,3.1856244
2024-10-07 16:30:00,8.274410095,8.467803
2024-10-07 16:45:00,3.014671558,2.9415572
2024-10-07 17:00:00,10.34775778,10.60174
2024-10-07 17:15:00,4.149516921,4.1180143
2024-10-07 17:30:00,6.712539768,6.623839
2024-10-07 17:45:00,5.838784215,5.935778
2024-10-07 18:00:00,8.949379388,8.489911
2024-10-07 18:15:00,3.54481316,3.4490511
2024-10-07 18:30:00,9.231670969,9.500939
2024-10-07 18:45:00,9.565975956,9.137576
2024-10-07 19:00:00,4.760225612,4.5308757
2024-10-07 19:15:00,2.28084876,2.2777915
2024-10-07 19:30:00,6.105705689,6.095005
2024-10-07 19:45:00,11.40404952,11.63813
2024-10-07 20:00:00,1.369432007,1.3603723
2024-10-07 20:15:00,9.208772847,9.671932
2024-10-07 20:30:00,8.404496966,8.127076
2024-10-07 20:45:00,3.162786878,3.019751
2024-10-07 21:00:00,5.787441428,5.9733787
2024-10-07 21:15:00,7.821134162,7.567964
2024-10-07 21:30:00,9.106215641,8.61026
2024-10-07 21:45:00,10.28423972,10.324281
2024-10-07 22:00:00,9.875873565,10.125602
2024-10-07 22:15:00,4.561138547,4.6143107
2024-10-07 22:30:00,2.278591817,2.323702
2024-10-07 22:45:00,2.284823367,2.265306
2024-10-07 23:00:00,11.6022934,11.06248
2024-10-07 23:15:00,11.22429632,11.310213
2024-10-07 23:30:00,9.318653768,9.524602
2024-10-07 23:45:00,10.57766317,10.881526
2024-10-08 00:00:00,4.184077057,4.104879
2024-10-08 00:15:00,10.38719833,9.945934
2024-10-08 00:30:00,6.346168639,6.2704573
2024-10-08 00:45:00,9.554479657,9.27574
2024-10-08 01:00:00,8.061535004,7.6996155
2024-10-08 01:15:00,10.03104197,10.232615
2024-10-08 01:30:00,5.343004581,5.322832
2024-10-08 01:45:00,11.16392396,11.3414
2024-10-08 02:00:00,3.479649156,3.4138186
2024-10-08 02:15:00,8.163158333,7.856001
2024-10-08 02:30:00,9.520359019,9.271042
2024-10-08 02:45:00,7.202490637,7.498076
2024-10-08 03:00:00,4.1276993,4.1611056
2024-10-08 03:15:00,6.86030769,6.8518047
2024-10-08 03:30:00,6.197311832,6.414624
2024-10-08 03:45:00,3.101879206,3.118611
2024-10-08 04:00:00,9.415816082,8.926461
2024-10-08 04:15:00,3.68372739,3.8509753
2024-10-08 04:30:00,9.353495185,9.441387
2024-10-08 04:45:00,3.574413548,3.4419987
2024-10-08 05:00:00,6.049606207,6.332706
2024-10-08 05:15:00,8.301426006,8.119294
2024-10-08 05:30:00,11.76240139,11.495234
2024-10-08 05:45:00,3.782394277,3.9253705
2024-10-08 06:00:00,7.942981322,7.5217853
2024-10-08 06:15:00,2.854524434,2.8337574
2024-10-08 06:30:00,9.664000212,9.670117
2024-10-08 06:45:00,10.27012345,9.921924
2024-10-08 07:00:00,9.891024041,10.359142
2024-10-08 07:15:00,11.09066448,10.959906
2024-10-08 07:30:00,4.974293684,4.802704
2024-10-08 07:45:00,8.048973088,7.859288
2024-10-08 08:00:00,4.691238667,4.5548944
2024-10-08 08:15:00,9.087937322,9.563964
2024-10-08 08:30:00,5.335867832,5.4195404
2024-10-08 08:45:00,6.813053334,6.876785
2024-10-08 09:00:00,2.656240326,2.6561842
2024-10-08 09:15:00,10.0977878,9.962541
2024-10-08 09:30:00,6.073061802,5.974118
2024-10-08 09:45:00,7.807650261,7.6597342
2024-10-08 10:00:00,8.425474941,8.152662
2024-10-08 10:15:00,3.851208448,3.8504634
2024-10-08 10:30:00,9.029238094,9.37826
2024-10-08 10:45:00,9.686482695,10.056752
2024-10-08 11:00:00,6.782947409,6.4574003
2024-10-08 11:15:00,11.0392675,10.603006
2024-10-08 11:30:00,2.833817676,2.926319
2024-10-08 11:45:00,5.384070712,5.5440745
2024-10-08 12:00:00,1.570371258,1.5481069
2024-10-08 12:15:00,5.33243428,5.252795
2024-10-08 12:30:00,11.99109094,11.732279
2024-10-08 12:45:00,6.272858908,6.074079
2024-10-08 13:00:00,5.531731199,5.4904537
2024-10-08 13:15:00,8.481499204,8.3161545
2024-10-08 13:30:00,1.620562948,1.679939
2024-10-08 13:45:00,4.720921772,5.0109076
2024-10-08 14:00:00,6.559385297,6.7538066
2024-10-08 14:15:00,6.26123265,6.209406
2024-10-08 14:30:00,7.484403195,7.5644803
2024-10-08 14:45:00,2.621006567,2.5837576
2024-10-08 15:00:00,5.112624652,5.32388
2024-10-08 15:15:00,8.17359331,7.989995
2024-10-08 15:30:00,4.381818547,4.242186
2024-10-08 15:45:00,7.357391388,7.729635
2024-10-08 16:00:00,11.45614769,10.9488735
2024-10-08 16:15:00,10.90513049,10.734002
2024-10-08 16:30:00,8.912734613,8.783328
2024-10-08 16:45:00,3.202761978,3.099292
2024-10-08 17:00:00,9.412980081,9.270139
2024-10-08 17:15:00,5.230665988,5.4112196
2024-10-08 17:30:00,11.11479922,10.475182
2024-10-08 17:45:00,7.349293033,7.421295
2024-10-08 18:00:00,3.448522436,3.2621453
2024-10-08 18:15:00,4.441801124,4.3262253
2024-10-08 18:30:00,4.674858389,4.4705048
2024-10-08 18:45:00,3.623963116,3.8310652
2024-10-08 19:00:00,8.671620608,9.029251
2024-10-08 19:15:00,4.30803192,4.544557
2024-10-08 19:30:00,3.048793927,3.1305206
2024-10-08 19:45:00,7.226798794,7.1727686
2024-10-08 20:00:00,5.564794383,5.7825327
2024-10-08 20:15:00,1.359827324,1.3539814
2024-10-08 20:30:00,4.129379927,4.1267834
2024-10-08 20:45:00,1.470382254,1.5413365
2024-10-08 21:00:00,8.72642749,8.972218
2024-10-08 21:15:00,11.00607866,11.021755
2024-10-08 21:30:00,6.012641584,6.1293535
2024-10-08 21:45:00,6.737992727,6.7514534
2024-10-08 22:00:00,9.372496939,9.599301
2024-10-08 22:15:00,1.321813778,1.272681
2024-10-08 22:30:00,3.051626869,2.8879268
2024-10-08 22:45:00,8.061544126,7.7534733
2024-10-08 23:00:00,8.103292829,8.305773
2024-10-08 23:15:00,7.637941924,7.4885592
2024-10-08 23:30:00,10.99695019,10.511447
2024-10-08 23:45:00,5.278463377,5.271065
2024-10-09 00:00:00,6.945538591,6.911199
2024-10-09 00:15:00,10.6992522,11.103002
2024-10-09 00:30:00,10.1096721,10.531981
2024-10-09 00:45:00,1.408371665,1.4498572
2024-10-09 01:00:00,4.873837182,4.6928926
2024-10-09 01:15:00,8.533145941,8.7361965
2024-10-09 01:30:00,1.200228373,1.1628067
2024-10-09 01:45:00,10.26448336,10.4618
2024-10-09 02:00:00,6.031057666,6.312912
2024-10-09 02:15:00,2.064584098,2.0231822
2024-10-09 02:30:00,5.747203909,5.723856
2024-10-09 02:45:00,6.226535177,6.357005
2024-10-09 03:00:00,4.805835234,4.9604554
2024-10-09 03:15:00,5.72662697,5.9804974
2024-10-09 03:30:00,10.4318852,10.216194
2024-10-09 03:45:00,4.626643404,4.4849153
2024-10-09 04:00:00,11.02956018,11.213341
2024-10-09 04:15:00,7.935123857,7.933383
2024-10-09 04:30:00,10.57053396,10.274321
2024-10-09 04:45:00,3.53998472,3.389016
2024-10-09 05:00:00,6.621404633,6.3237863
2024-10-09 05:15:00,7.331050214,7.1742206
2024-10-09 05:30:00,2.133130955,2.049589
2024-10-09 05:45:00,6.356160495,6.1627855
2024-10-09 06:00:00,10.7282355,10.549763
2024-10-09 06:15:00,1.763888763,1.709857
2024-10-09 06:30:00,7.118439478,7.0936275
2024-10-09 06:45:00,11.85016729,11.458681
2024-10-09 07:00:00,6.337848183,6.5447044
2024-10-09 07:15:00,4.401458205,4.3728547
2024-10-09 07:30:00,7.31308562,7.2462153
2024-10-09 07:45:00,6.870921658,6.9234953
2024-10-09 08:00:00,2.260213875,2.2731252
2024-10-09 08:15:00,3.348084705,3.3059323
2024-10-09 08:30:00,7.901872882,8.099735
2024-10-09 08:45:00,7.104383868,7.20324
2024-10-09 09:00:00,4.801847338,4.731986
2024-10-09 09:15:00,10.86069333,11.195925
2024-10-09 09:30:00,8.209884917,7.844947
2024-10-09 09:45:00,3.617706096,3.5680075
2024-10-09 10:00:00,6.037968856,5.9980826
2024-10-09 10:15:00,8.919857441,8.8688
2024-10-09 10:30:00,7.89129802,8.037264
2024-10-09 10:45:00,3.638298225,3.554726
2024-10-09 11:00:00,7.81720882,7.89123
2024-10-09 11:15:00,4.924552625,4.689759
2024-10-09 11:30:00,5.852923323,5.69409
2024-10-09 11:45:00,7.77786276,7.9553275
2024-10-09 12:00:00,7.2974907,7.3301206
2024-10-09 12:15:00,8.384110223,8.708577
2024-10-09 12:30:00,5.350984505,5.015816
2024-10-09 12:45:00,8.742163737,8.974746
2024-10-09 13:00:00,1.331824857,1.3122214
2024-10-09 13:15:00,3.01493297,2.906012
2024-10-09 13:30:00,11.79138603,11.629304
2024-10-09 13:45:00,2.008572548,2.025498
2024-10-09 14:00:00,8.052371003,8.069858
2024-10-09 14:15:00,10.80306178,10.620188
2024-10-09 14:30:00,9.825228873,10.309299
2024-10-09 14:45:00,10.24250353,10.562066
2024-10-09 15:00:00,11.50085785,11.3797865
2024-10-09 15:15:00,4.597609454,4.57866
2024-10-09 15:30:00,4.702715218,4.5098643
2024-10-09 15:45:00,2.46540451,2.4950309
2024-10-09 16:00:00,3.412909396,3.2454982
2024-10-09 16:15:00,7.942769465,7.787529
2024-10-09 16:30:00,4.602544668,4.4710975
2024-10-09 16:45:00,4.54297493,4.6584816
2024-10-09 17:00:00,7.617148501,7.2615275
2024-10-09 17:15:00,2.196316438,2.16604
2024-10-09 17:30:00,1.719396311,1.7774513
2024-10-09 17:45:00,9.478195575,9.768065
2024-10-09 18:00:00,9.597187884,9.2946615
2024-10-09 18:15:00,5.298434349,5.132283
2024-10-09 18:30:00,7.044578341,6.952371
2024-10-09 18:45:00,3.390777,3.5836153
2024-10-09 19:00:00,5.110439691,4.915167
2024-10-09 19:15:00,1.446024433,1.5131986
2024-10-09 19:30:00,4.016364951,3.9521854
2024-10-09 19:45:00,1.369446196,1.3459901
2024-10-09 20:00:00,5.501352282,5.477978
2024-10-09 20:15:00,6.593364717,6.5203524
2024-10-09 20:30:00,6.487598927,6.33435
2024-10-09 20:45:00,4.577763769,4.4131193
2024-10-09 21:00:00,3.375637391,3.2977223
2024-10-09 21:15:00,5.747539634,5.706554
2024-10-09 21:30:00,10.67230826,10.100363
2024-10-09 21:45:00,11.48006077,11.25429
2024-10-09 22:00:00,4.555551259,4.4427824
2024-10-09 22:15:00,10.62465385,11.208299
2024-10-09 22:30:00,5.470408031,5.480187
2024-10-09 22:45:00,7.542795466,7.6165023
2024-10-09 23:00:00,9.699836954,9.48807
2024-10-09 23:15:00,4.958443367,4.983097
2024-10-09 23:30:00,3.155910631,3.2366548
2024-10-09 23:45:00,4.080579672,3.9882622
2024-10-10 00:00:00,9.891254371,9.78869
2024-10-10 00:15:00,10.56703803,10.781937
2024-10-10 00:30:00,2.44572011,2.5130641
2024-10-10 00:45:00,7.964850813,8.29381
2024-10-10 01:00:00,1.508064801,1.5404818
2024-10-10 01:15:00,10.79636713,10.132757
2024-10-10 01:30:00,10.23907004,9.937787
2024-10-10 01:45:00,8.573162736,8.926987
2024-10-10 02:00:00,9.570815074,9.750539
2024-10-10 02:15:00,6.917970431,7.263642
2024-10-10 02:30:00,2.795201622,2.6444979
2024-10-10 02:45:00,10.37709489,10.682767
2024-10-10 03:00:00,2.544165524,2.5894737
2024-10-10 03:15:00,3.389466387,3.423972
2024-10-10 03:30:00,5.471594413,5.5313125
2024-10-10 03:45:00,6.143422977,6.1730924
2024-10-10 04:00:00,2.163591481,2.2031674
2024-10-10 04:15:00,8.869727712,9.046115
2024-10-10 04:30:00,2.552317539,2.622519
2024-10-10 04:45:00,8.200048576,7.9182935
2024-10-10 05:00:00,6.253618164,5.986257
2024-10-10 05:15:00,10.02325377,9.965379
2024-10-10 05:30:00,4.301837359,4.230753
2024-10-10 05:45:00,10.08760908,9.798463
2024-10-10 06:00:00,3.733764023,3.6278095
2024-10-10 06:15:00,6.720436117,6.9103503
2024-10-10 06:30:00,6.097546294,5.991717
2024-10-10 06:45:00,4.488955638,4.6805377
2024-10-10 07:00:00,1.166640237,1.2236938
2024-10-10 07:15:00,5.228155463,5.443254
2024-10-10 07:30:00,2.355204535,2.4298542
2024-10-10 07:45:00,3.531646827,3.5076592
2024-10-10 08:00:00,8.626665087,8.430563
2024-10-10 08:15:00,6.865110488,6.815633
2024-10-10 08:30:00,6.518763698,6.567554
2024-10-10 08:45:00,6.951505365,6.735939
2024-10-10 09:00:00,2.43950406,2.4418864
2024-10-10 09:15:00,2.739924249,2.8008602
2024-10-10 09:30:00,6.613523567,6.9177103
2024-10-10 09:45:00,5.564753271,5.5031166
2024-10-10 10:00:00,6.367119767,6.1261015
2024-10-10 10:15:00,10.17938788,10.315308
2024-10-10 10:30:00,3.148852724,3.0760124
2024-10-10 10:45:00,10.39232871,10.230771
2024-10-10 11:00:00,10.75271943,10.388303
2024-10-10 11:15:00,10.32555274,10.367721
2024-10-10 11:30:00,7.633409106,7.832439
2024-10-10 11:45:00,9.640149048,10.065324
2024-10-10 12:00:00,11.53588862,11.551727
2024-10-10 12:15:00,6.075242541,6.026369
2024-10-10 12:30:00,10.65201354,10.251771
2024-10-10 12:45:00,11.00163555,10.622791
2024-10-10 13:00:00,4.433853576,4.3616166
2024-10-10 13:15:00,5.812522964,5.817327
2024-10-10 13:30:00,6.913175171,7.11751
2024-10-10 13:45:00,4.747776073,4.702748
2024-10-10 14:00:00,4.343383837,4.422252
2024-10-10 14:15:00,5.095720607,5.146959
2024-10-10 14:30:00,5.680047178,5.633603
2024-10-10 14:45:00,4.067790938,3.8942559
2024-10-10 15:00:00,6.093774621,5.8159113
2024-10-10 15:15:00,9.463692178,9.369359
2024-10-10 15:30:00,7.896601942,7.6647425
2024-10-10 15:45:00,5.12251902,5.171766
2024-10-10 16:00:00,2.94697837,2.851013
2024-10-10 16:15:00,9.892472835,9.900655
2024-10-10 16:30:00,6.49027294,6.223444
2024-10-10 16:45:00,11.37770461,11.0258875
2024-10-10 17:00:00,3.750825309,3.8172596
2024-10-10 17:15:00,3.021225624,3.05763
2024-10-10 17:30:00,1.207160915,1.2183373
2024-10-10 17:45:00,1.953407677,1.878314
2024-10-10 18:00:00,4.897354782,5.0183454
2024-10-10 18:15:00,3.225499819,3.2563362
2024-10-10 18:30:00,1.540762129,1.529033
2024-10-10 18:45:00,3.631486729,3.5309887
2024-10-10 19:00:00,8.782709363,8.8459215
2024-10-10 19:15:00,8.284746454,8.5673485
2024-10-10 19:30:00,2.742767763,2.6939182
2024-10-10 19:45:00,10.43534263,10.681941
2024-10-10 20:00:00,2.786679711,2.8103364
2024-10-10 20:15:00,2.079786203,2.1455207
2024-10-10 20:30:00,2.608530682,2.7302122
2024-10-10 20:45:00,2.516683663,2.6457527
2024-10-10 21:00:00,7.891903912,7.9272885
2024-10-10 21:15:00,2.558517247,2.6414547
2024-10-10 21:30:00,7.330002584,7.7522197
2024-10-10 21:45:00,3.976563738,3.8969414
2024-10-10 22:00:00,3.627125624,3.7002132
2024-10-10 22:15:00,9.829141533,9.861693
2024-10-10 22:30:00,3.4106078,3.4654007
2024-10-10 22:45:00,10.31365932,10.01664
2024-10-10 23:00:00,4.301552513,4.2792406
2024-10-10 23:15:00,11.98401224,11.389317
2024-10-10 23:30:00,11.4145433,10.9361105
2024-10-10 23:45:00,9.409318137,9.2808075
2024-10-11 00:00:00,10.20351986,10.463189
2024-10-11 00:15:00,9.805860563,10.125337
2024-10-11 00:30:00,7.892841466,7.64711
2024-10-11 00:45:00,10.065242,9.629692
2024-10-11 01:00:00,7.468046158,7.693446
2024-10-11 01:15:00,9.546515339,9.641708
2024-10-11 01:30:00,10.47587157,10.558287
2024-10-11 01:45:00,8.815944887,9.276682
2024-10-11 02:00:00,10.91789139,10.872097
2024-10-11 02:15:00,5.774526379,5.995915
2024-10-11 02:30:00,10.24961792,10.653784
2024-10-11 02:45:00,3.482977103,3.549487
2024-10-11 03:00:00,1.501681899,1.4596449
2024-10-11 03:15:00,2.643750531,2.5441191
2024-10-11 03:30:00,3.019170701,2.9554853
2024-10-11 03:45:00,9.803587273,9.8510475
2024-10-11 04:00:00,5.210668577,5.2700605
2024-10-11 04:15:00,3.489294117,3.5182688
2024-10-11 04:30:00,9.190469904,9.511676
2024-10-11 04:45:00,3.274280477,3.1413262
2024-10-11 05:00:00,1.883590628,1.9543953
2024-10-11 05:15:00,5.633024672,5.91212
2024-10-11 05:30:00,2.003211983,1.9168155
2024-10-11 05:45:00,3.851115074,4.0434647
2024-10-11 06:00:00,8.369449447,7.9783406
2024-10-11 06:15:00,4.955322606,5.159683
2024-10-11 06:30:00,2.008224608,2.0707734
2024-10-11 06:45:00,5.396129339,5.35318
2024-10-11 07:00:00,6.330303609,6.599067
2024-10-11 07:15:00,3.79326103,3.8338628
2024-10-11 07:30:00,2.786417572,2.8951936
2024-10-11 07:45:00,8.823376827,8.940643
2024-10-11 08:00:00,1.865331313,1.8048391
2024-10-11 08:15:00,10.94428122,10.854207
2024-10-11 08:30:00,1.287213841,1.2696109
2024-10-11 08:45:00,7.969008772,7.8004193
2024-10-11 09:00:00,2.583251164,2.5774856
2024-10-11 09:15:00,7.094463026,6.9833174
2024-10-11 09:30:00,3.235221811,3.07794
2024-10-11 09:45:00,1.4625145,1.5725932
2024-10-11 10:00:00,10.04893348,9.537513
2024-10-11 10:15:00,5.39018165,5.4656315
2024-10-11 10:30:00,4.048663927,4.135919
2024-10-11 10:45:00,11.18274833,10.708555
2024-10-11 11:00:00,1.905732849,2.0397472
2024-10-11 11:15:00,4.957733525,4.7597537
2024-10-11 11:30:00,3.039264051,2.9516206
2024-10-11 11:45:00,11.38524903,11.382315
2024-10-11 12:00:00,6.650190749,6.871653
2024-10-11 12:15:00,9.534520664,9.687859
2024-10-11 12:30:00,2.741047604,2.7205505
2024-10-11 12:45:00,4.455849564,4.3226275
2024-10-11 13:00:00,7.873652978,7.559197
2024-10-11 13:15:00,2.986480973,2.8632228
2024-10-11 13:30:00,6.375224712,6.5166464
2024-10-11 13:45:00,10.79149733,10.880985
2024-10-11 14:00:00,10.24406365,10.461802
2024-10-11 14:15:00,4.839636689,4.755109
2024-10-11 14:30:00,6.3792727,6.396323
2024-10-11 14:45:00,3.20016732,3.1457934
2024-10-11 15:00:00,11.50632427,11.219677
2024-10-11 15:15:00,6.250711948,6.349719
2024-10-11 15:30:00,3.518921043,3.3630438
2024-10-11 15:45:00,9.870707943,10.142195
2024-10-11 16:00:00,5.554000513,5.614603
2024-10-11 16:15:00,7.375500843,7.779595
2024-10-11 16:30:00,10.07210285,10.049128
2024-10-11 16:45:00,4.273548979,4.3489056
2024-10-11 17:00:00,7.220354612,7.0473285
2024-10-11 17:15:00,1.700567067,1.7626841
2024-10-11 17:30:00,3.629903062,3.5969682
2024-10-11 17:45:00,2.445184246,2.52453
2024-10-11 18:00:00,7.398387691,7.724694
2024-10-11 18:15:00,3.5544876,3.730957
2024-10-11 18:30:00,9.107487931,9.459811
2024-10-11 18:45:00,9.205231815,8.9652815
2024-10-11 19:00:00,9.523592469,9.187259
2024-10-11 19:15:00,2.62112465,2.5388753
2024-10-11 19:30:00,6.232809381,6.3703327
2024-10-11 19:45:00,8.411322014,8.385439
2024-10-11 20:00:00,4.588387636,4.4945335
2024-10-11 20:15:00,3.812276752,3.995384
2024-10-11 20:30:00,8.530769887,8.486368
2024-10-11 20:45:00,5.100320984,4.89653
2024-10-11 21:00:00,3.361600361,3.525865
2024-10-11 21:15:00,7.069492699,6.7293267
2024-10-11 21:30:00,7.428965854,7.6012435
2024-10-11 21:45:00,9.095288252,8.864052
2024-10-11 22:00:00,1.551730073,1.5953683
2024-10-11 22:15:00,2.909445197,2.962444
2024-10-11 22:30:00,9.079571193,9.0408
2024-10-11 22:45:00,6.662964232,6.69179
2024-10-11 23:00:00,9.824795273,9.650553
2024-10-11 23:15:00,5.376168973,5.557437
2024-10-11 23:30:00,5.722752182,5.6963367
2024-10-11 23:45:00,5.228462846,4.99053
2024-10-12 00:00:00,8.346871467,8.283983
2024-10-12 00:15:00,7.274579881,7.287688
2024-10-12 00:30:00,5.305657085,5.296654
2024-10-12 00:45:00,3.235392799,3.1507788
2024-10-12 01:00:00,1.244437729,1.225069
2024-10-12 01:15:00,2.050066799,2.0300038
2024-10-12 01:30:00,2.243479661,2.2413993
2024-10-12 01:45:00,6.829652257,6.9398
2024-10-12 02:00:00,9.507169498,9.373617
2024-10-12 02:15:00,5.62141922,5.971866
2024-10-12 02:30:00,5.159739446,5.3257275
2024-10-12 02:45:00,2.596581653,2.576216
2024-10-12 03:00:00,10.30406416,10.715049
2024-10-12 03:15:00,8.300683096,8.632343
2024-10-12 03:30:00,5.208419049,5.3727064
2024-10-12 03:45:00,2.140992544,2.1191695
2024-10-12 04:00:00,10.42122517,10.171393
2024-10-12 04:15:00,2.845808589,2.945887
2024-10-12 04:30:00,8.103941329,8.268762
2024-10-12 04:45:00,4.833370375,4.6346183
2024-10-12 05:00:00,10.09858188,10.168872
2024-10-12 05:15:00,7.356779305,7.3406816
2024-10-12 05:30:00,3.517464741,3.493491
2024-10-12 05:45:00,1.245287487,1.3054237
2024-10-12 06:00:00,3.096233461,3.2570024
2024-10-12 06:15:00,4.727127688,4.795555
2024-10-12 06:30:00,8.022916654,8.397074
2024-10-12 06:45:00,3.454546283,3.2981544
2024-10-12 07:00:00,4.124673512,3.9797614
2024-10-12 07:15:00,5.640125333,5.5766907
2024-10-12 07:30:00,1.649787214,1.6352814
2024-10-12 07:45:00,9.58241639,9.080456
2024-10-12 08:00:00,1.910924936,1.9527841
2024-10-12 08:15:00,8.751565978,9.067491
2024-10-12 08:30:00,3.749546835,3.7953286
2024-10-12 08:45:00,5.910752224,5.9087195
2024-10-12 09:00:00,5.121516115,5.269189
2024-10-12 09:15:00,3.491723806,3.622919
2024-10-12 09:30:00,3.653495106,3.6965117
2024-10-12 09:45:00,10.84906749,10.992448
2024-10-12 10:00:00,4.264527763,4.188351
2024-10-12 10:15:00,3.159935168,3.0886707
2024-10-12 10:30:00,3.643332079,3.7105632
2024-10-12 10:45:00,8.499477553,8.336105
2024-10-12 11:00:00,4.495503188,4.325074
2024-10-12 11:15:00,2.880235594,2.8953123
2024-10-12 11:30:00,5.225463325,5.436935
2024-10-12 11:45:00,2.373581304,2.3487382
2024-10-12 12:00:00,5.297753046,5.362207
2024-10-12 12:15:00,10.06081241,9.778554
2024-10-12 12:30:00,5.021968655,4.9391003
2024-10-12 12:45:00,6.519515866,6.5259867
2024-10-12 13:00:00,9.523762661,9.352512
2024-10-12 13:15:00,6.181725458,6.3945518
2024-10-12 13:30:00,1.608764343,1.714744
2024-10-12 13:45:00,3.403609968,3.3374119
2024-10-12 14:00:00,10.62730569,10.486839
2024-10-12 14:15:00,9.188556317,9.416395
2024-10-12 14:30:00,8.551451514,8.813791
2024-10-12 14:45:00,7.11277283,6.7634473
2024-10-12 15:00:00,4.469480077,4.7209096
2024-10-12 15:15:00,8.127544616,8.310158
2024-10-12 15:30:00,8.217757811,8.214626
2024-10-12 15:45:00,7.765271871,8.020065
2024-10-12 16:00:00,6.565266868,6.3737407
2024-10-12 16:15:00,4.110146774,3.9292276
2024-10-12 16:30:00,5.715249219,5.935783
2024-10-12 16:45:00,6.429609978,6.4153104
2024-10-12 17:00:00,3.477388766,3.4355688
2024-10-12 17:15:00,3.310826973,3.388531
2024-10-12 17:30:00,9.236029399,9.292437
2024-10-12 17:45:00,4.393105866,4.5142407
2024-10-12 18:00:00,10.96542396,10.947174
2024-10-12 18:15:00,6.077369015,5.934298
2024-10-12 18:30:00,7.543697391,7.5034876
2024-10-12 18:45:00,6.275881738,6.520974
2024-10-12 19:00:00,6.081341208,6.205945
2024-10-12 19:15:00,10.5838618,10.1509075
2024-10-12 19:30:00,2.086324833,2.0412505
2024-10-12 19:45:00,4.705815011,4.8318267
2024-10-12 20:00:00,3.936820799,4.0349975
2024-10-12 20:15:00,4.691249079,4.534263
2024-10-12 20:30:00,10.43294071,10.855489
2024-10-12 20:45:00,1.83183594,1.845641
2024-10-12 21:00:00,3.763216447,4.019146
2024-10-12 21:15:00,9.543230411,9.016904
2024-10-12 21:30:00,3.737859514,3.6556857
2024-10-12 21:45:00,9.865023694,10.42886
2024-10-12 22:00:00,4.433025774,4.638235
2024-10-12 22:15:00,2.263257057,2.3387265
2024-10-12 22:30:00,6.265146307,6.6192656
2024-10-12 22:45:00,6.17856303,6.054309
2024-10-12 23:00:00,1.590627825,1.5960072
2024-10-12 23:15:00,9.101674909,9.259478
2024-10-12 23:30:00,2.470303829,2.5207722
2024-10-12 23:45:00,3.476497051,3.305047
2024-10-13 00:00:00,6.996058587,6.8224845
2024-10-13 00:15:00,11.02592107,10.602172
2024-10-13 00:30:00,1.434829459,1.4347582
2024-10-13 00:45:00,9.95247653,9.666622
2024-10-13 01:00:00,8.942261662,9.326935
2024-10-13 01:15:00,2.922307202,2.8700993
2024-10-13 01:30:00,5.08495622,4.994633
2024-10-13 01:45:00,10.81514543,10.588589
2024-10-13 02:00:00,2.811416781,2.719664
2024-10-13 02:15:00,2.355469894,2.2655365
2024-10-13 02:30:00,8.875180142,8.827387
2024-10-13 02:45:00,5.913721118,5.9074984
2024-10-13 03:00:00,4.189878633,4.0672917
2024-10-13 03:15:00,2.926474022,2.9063976
2024-10-13 03:30:00,8.922724834,8.685129
2024-10-13 03:45:00,5.830183391,5.662056
2024-10-13 04:00:00,3.685395698,3.7267916
2024-10-13 04:15:00,10.32791424,10.69768
2024-10-13 04:30:00,6.626924594,6.66793
2024-10-13 04:45:00,4.794629427,4.607393
2024-10-13 05:00:00,8.454836829,8.769989
2024-10-13 05:15:00,6.237664174,6.1188264
2024-10-13 05:30:00,1.287222752,1.2323409
2024-10-13 05:45:00,10.0005244,9.871744
2024-10-13 06:00:00,1.960833855,1.8379505
2024-10-13 06:15:00,11.47466333,11.264613
2024-10-13 06:30:00,5.19071162,4.9848695
2024-10-13 06:45:00,7.155939021,6.767618
2024-10-13 07:00:00,11.07212701,11.359518
2024-10-13 07:15:00,4.015070765,3.9084322
2024-10-13 07:30:00,6.259219966,6.2933016
2024-10-13 07:45:00,8.420129824,8.754727
2024-10-13 08:00:00,5.792287655,5.9390554
2024-10-13 08:15:00,4.759778859,4.6108294
2024-10-13 08:30:00,2.357069987,2.4456353
2024-10-13 08:45:00,6.085839031,6.1917186
2024-10-13 09:00:00,6.780618997,6.9369254
2024-10-13 09:15:00,3.363572937,3.491029
2024-10-13 09:30:00,4.681642965,4.7306614
2024-10-13 09:45:00,4.278906264,4.1321397
2024-10-13 10:00:00,5.765374179,5.574467
2024-10-13 10:15:00,8.557587351,9.003527
2024-10-13 10:30:00,4.474261402,4.3116617
2024-10-13 10:45:00,3.786346237,3.9063525
2024-10-13 11:00:00,9.979051925,9.678461
2024-10-13 11:15:00,9.860731402,9.924498
2024-10-13 11:30:00,9.709167703,9.212797
2024-10-13 11:45:00,9.001011682,8.991129
2024-10-13 12:00:00,10.33038956,10.33244
2024-10-13 12:15:00,8.343454439,8.658422
2024-10-13 12:30:00,2.862877495,2.8249855
2024-10-13 12:45:00,1.5371909,1.4875951
2024-10-13 13:00:00,2.864862882,2.9901478
2024-10-13 13:15:00,4.851901683,4.951711
2024-10-13 13:30:00,1.646529372,1.6859567
2024-10-13 13:45:00,8.959786761,9.122049
2024-10-13 14:00:00,7.93696754,7.899735
2024-10-13 14:15:00,8.522292447,9.052953
2024-10-13 14:30:00,2.110314733,2.135482
2024-10-13 14:45:00,4.561843807,4.6926603
2024-10-13 15:00:00,5.630861747,5.7730265
2024-10-13 15:15:00,7.055250293,7.156922
2024-10-13 15:30:00,9.615232367,9.75173
2024-10-13 15:45:00,11.3230054,11.301481
2024-10-13 16:00:00,2.116618962,2.0405052
2024-10-13 16:15:00,7.569509028,7.9066143
2024-10-13 16:30:00,2.53067001,2.489664
2024-10-13 16:45:00,4.558063484,4.3584905
2024-10-13 17:00:00,9.034112218,9.090726
2024-10-13 17:15:00,12.11777037,11.479671
2024-10-13 17:30:00,6.854337712,6.8836827
2024-10-13 17:45:00,4.683934563,4.737119
2024-10-13 18:00:00,3.546364859,3.4274228
2024-10-13 18:15:00,9.564321833,9.336973
2024-10-13 18:30:00,10.64544043,10.757932
2024-10-13 18:45:00,9.81291454,9.615816
2024-10-13 19:00:00,6.721233157,6.410934
2024-10-13 19:15:00,6.928806499,6.981071
2024-10-13 19:30:00,10.59845756,10.09178
2024-10-13 19:45:00,10.69501166,10.515854
2024-10-13 20:00:00,11.02183814,10.939382
2024-10-13 20:15:00,8.115472996,8.278592
2024-10-13 20:30:00,3.158668135,3.19766
2024-10-13 20:45:00,4.593928569,4.5940886
2024-10-13 21:00:00,3.825013574,3.9946759
2024-10-13 21:15:00,2.991337781,3.094696
2024-10-13 21:30:00,3.738341047,3.6357722
2024-10-13 21:45:00,9.755071521,9.888967
2024-10-13 22:00:00,8.680868686,8.914318
2024-10-13 22:15:00,1.57950276,1.5820175
2024-10-13 22:30:00,2.512235013,2.569568
2024-10-13 22:45:00,11.71423145,11.244557
2024-10-13 23:00:00,3.598549838,3.5408225
2024-10-13 23:15:00,7.77483913,7.389054
2024-10-13 23:30:00,3.133782077,3.1358445
2024-10-13 23:45:00,3.428797129,3.581351
2024-10-14 00:00:00,6.506049539,6.2054625
2024-10-14 00:15:00,6.344618135,6.3300886
2024-10-14 00:30:00,7.579860839,7.646872
2024-10-14 00:45:00,2.819521079,2.8939793
2024-10-14 01:00:00,3.780338364,3.8661973
2024-10-14 01:15:00,7.416616607,7.8168054
2024-10-14 01:30:00,2.299250107,2.197126
2024-10-14 01:45:00,10.74456431,10.453011
2024-10-14 02:00:00,2.957999764,3.0618145
2024-10-14 02:15:00,5.8852613,5.6957865
2024-10-14 02:30:00,2.349870157,2.3214297
2024-10-14 02:45:00,8.167871058,8.139056
2024-10-14 03:00:00,4.475673502,4.326509
2024-10-14 03:15:00,1.958414582,1.9352728
2024-10-14 03:30:00,7.182321754,7.205857
2024-10-14 03:45:00,11.74521111,11.310051
2024-10-14 04:00:00,9.621318173,9.522827
2024-10-14 04:15:00,8.197989677,8.42934
2024-10-14 04:30:00,1.254880591,1.2760179
2024-10-14 04:45:00,10.53179836,10.213544
2024-10-14 05:00:00,10.52100548,10.59345
2024-10-14 05:15:00,1.578740699,1.5442164
2024-10-14 05:30:00,2.493231093,2.3836381
2024-10-14 05:45:00,6.087321391,5.93215
2024-10-14 06:00:00,5.123605888,5.184012
2024-10-14 06:15:00,4.394837271,4.154427
2024-10-14 06:30:00,3.008571823,3.1428323
2024-10-14 06:45:00,7.330733365,7.219368
2024-10-14 07:00:00,9.484417288,9.494964
2024-10-14 07:15:00,10.73089707,11.155867
2024-10-14 07:30:00,4.121975648,4.1276603
2024-10-14 07:45:00,8.360161533,8.670973
2024-10-14 08:00:00,9.330986608,9.276613
2024-10-14 08:15:00,6.439574229,6.314922
2024-10-14 08:30:00,10.48479365,10.7446165
2024-10-14 08:45:00,1.453300215,1.3718334
2024-10-14 09:00:00,10.05732088,10.564679
2024-10-14 09:15:00,10.13825809,10.009953
2024-10-14 09:30:00,2.405099462,2.5298986
2024-10-14 09:45:00,5.757518704,5.7617497
2024-10-14 10:00:00,6.919327917,6.7484374
2024-10-14 10:15:00,5.307367586,5.2862897
2024-10-14 10:30:00,10.92818256,10.56302
2024-10-14 10:45:00,8.276470402,8.246863
2024-10-14 11:00:00,2.530118203,2.4906788
2024-10-14 11:15:00,10.80169249,11.055611
2024-10-14 11:30:00,1.648052433,1.6450951
2024-10-14 11:45:00,7.681578812,7.257572
2024-10-14 12:00:00,6.4770708,6.716993
2024-10-14 12:15:00,1.862725113,1.8588411
2024-10-14 12:30:00,8.315513054,8.242018
2024-10-14 12:45:00,11.93673023,11.213212
2024-10-14 13:00:00,6.247733546,6.0003533
2024-10-14 13:15:00,6.274106562,6.3119907
2024-10-14 13:30:00,5.046349795,5.1656356
2024-10-14 13:45:00,10.37206533,10.621067
2024-10-14 14:00:00,11.36282523,10.877956
2024-10-14 14:15:00,5.607306929,5.362756
2024-10-14 14:30:00,10.07513451,10.1315
2024-10-14 14:45:00,3.259458835,3.3172472
2024-10-14 15:00:00,5.555909746,5.6625166
2024-10-14 15:15:00,3.510279566,3.5720873
2024-10-14 15:30:00,3.508796588,3.5597107
2024-10-14 15:45:00,10.43166281,10.38094
2024-10-14 16:00:00,8.30907845,8.528056
2024-10-14 16:15:00,1.733658062,1.8201752
2024-10-14 16:30:00,9.690961653,9.245973
2024-10-14 16:45:00,7.119024615,7.0811563
2024-10-14 17:00:00,9.436859625,9.271712
2024-10-14 17:15:00,7.48093207,7.6204696
2024-10-14 17:30:00,5.113305197,5.0398273
2024-10-14 17:45:00,6.4808867,6.233559
2024-10-14 18:00:00,2.611016205,2.6958864
2024-10-14 18:15:00,4.13460276,4.3375854
2024-10-14 18:30:00,1.439314537,1.405072
2024-10-14 18:45:00,5.162825028,5.2697473
2024-10-14 19:00:00,2.172768392,2.0741904
2024-10-14 19:15:00,8.0312298,8.027674
2024-10-14 19:30:00,10.75338425,10.907484
2024-10-14 19:45:00,9.013353415,8.952401
2024-10-14 20:00:00,3.380254797,3.3619053
2024-10-14 20:15:00,6.766279122,6.435149
2024-10-14 20:30:00,8.662262857,8.534859
2024-10-14 20:45:00,9.692122644,9.658966
2024-10-14 21:00:00,3.961010195,4.001236
2024-10-14 21:15:00,6.049239578,5.7746825
2024-10-14 21:30:00,2.37162549,2.281416
2024-10-14 21:45:00,9.200383844,8.860222
2024-10-14 22:00:00,5.55758134,5.6788273
2024-10-14 22:15:00,1.600669967,1.630186
2024-10-14 22:30:00,6.498438908,6.533183
2024-10-14 22:45:00,8.957568587,9.184186
2024-10-14 23:00:00,1.518033334,1.5733535
2024-10-14 23:15:00,5.18064828,5.4335084
2024-10-14 23:30:00,5.822153821,6.016112
2024-10-14 23:45:00,10.94934071,11.099877
2024-10-15 00:00:00,3.33172673,3.459779
2024-10-15 00:15:00,9.700627319,9.292608
2024-10-15 00:30:00,2.495801615,2.6146522
2024-10-15 00:45:00,10.48198583,10.642897
2024-10-15 01:00:00,4.373118524,4.4626207
2024-10-15 01:15:00,2.675197804,2.6083183
2024-10-15 01:30:00,5.218558552,5.036721
2024-10-15 01:45:00,1.24556348,1.24078
2024-10-15 02:00:00,2.36161532,2.2761683
2024-10-15 02:15:00,6.000409544,6.032395
2024-10-15 02:30:00,11.02814082,11.232919
2024-10-15 02:45:00,5.646830893,5.435126
2024-10-15 03:00:00,7.834204416,7.9087024
2024-10-15 03:15:00,8.647652509,8.474523
2024-10-15 03:30:00,1.448120441,1.5258002
2024-10-15 03:45:00,4.542219067,4.5009527
2024-10-15 04:00:00,11.68043955,11.345341
2024-10-15 04:15:00,1.324334333,1.2676557
2024-10-15 04:30:00,5.791875406,5.7544794
2024-10-15 04:45:00,8.89680541,9.194731
2024-10-15 05:00:00,4.171740342,4.0525727
2024-10-15 05:15:00,11.17474695,11.309205
2024-10-15 05:30:00,5.994742541,6.1018796
2024-10-15 05:45:00,10.51336236,10.840929
2024-10-15 06:00:00,6.729335597,6.683293
2024-10-15 06:15:00,5.267275918,5.203672
2024-10-15 06:30:00,8.48686279,8.385654
2024-10-15 06:45:00,10.56382216,10.86168
2024-10-15 07:00:00,5.098105291,5.256484
2024-10-15 07:15:00,10.73717007,10.262682
2024-10-15 07:30:00,8.056903271,8.288143
2024-10-15 07:45:00,5.163409335,5.1330953
2024-10-15 08:00:00,1.706104075,1.7034879
2024-10-15 08:15:00,4.356181523,4.298436
2024-10-15 08:30:00,10.16415904,9.941413
2024-10-15 08:45:00,2.052419218,2.136799
2024-10-15 09:00:00,6.917011362,7.1503677
2024-10-15 09:15:00,6.71334314,6.4001594
2024-10-15 09:30:00,7.475803316,7.6235137
2024-10-15 09:45:00,11.02800119,11.136933
2024-10-15 10:00:00,8.981730063,8.956572
2024-10-15 10:15:00,6.34663637,6.3255944
2024-10-15 10:30:00,9.839694911,9.91121
2024-10-15 10:45:00,8.59622223,8.227315
2024-10-15 11:00:00,10.4859982,10.561121
2024-10-15 11:15:00,9.209539374,8.857442
2024-10-15 11:30:00,9.245652256,9.250975
2024-10-15 11:45:00,2.02268734,1.9996287
2024-10-15 12:00:00,1.220052165,1.177337
2024-10-15 12:15:00,10.6617999,10.852476
2024-10-15 12:30:00,3.812545433,3.7136002
2024-10-15 12:45:00,2.718757442,2.8090599
2024-10-15 13:00:00,2.767413733,2.7632482
2024-10-15 13:15:00,8.747023839,8.636452
2024-10-15 13:30:00,1.556054749,1.5954894
2024-10-15 13:45:00,7.997939287,7.940741
2024-10-15 14:00:00,6.686917005,6.9193215
2024-10-15 14:15:00,2.703461429,2.6061158
2024-10-15 14:30:00,2.64508251,2.6398604
2024-10-15 14:45:00,2.740717625,2.621912
2024-10-15 15:00:00,4.076873126,3.9166098
2024-10-15 15:15:00,7.869578539,7.624898
2024-10-15 15:30:00,3.258376223,3.2775927
2024-10-15 15:45:00,8.167616276,8.248688
2024-10-15 16:00:00,11.01568171,10.798383
2024-10-15 16:15:00,9.868784661,10.144876
2024-10-15 16:30:00,9.365954799,9.059928
2024-10-15 16:45:00,10.84967412,11.504617
2024-10-15 17:00:00,7.110390158,7.428946
2024-10-15 17:15:00,10.01152724,9.518447
2024-10-15 17:30:00,9.038025365,9.405859
2024-10-15 17:45:00,11.2483281,11.157099
2024-10-15 18:00:00,7.806151112,7.6189756
2024-10-15 18:15:00,4.098219649,3.9984658
2024-10-15 18:30:00,3.314363412,3.1508605
2024-10-15 18:45:00,4.230856041,4.2985964
2024-10-15 19:00:00,8.361310682,8.78366
2024-10-15 19:15:00,8.009994004,7.7456894
2024-10-15 19:30:00,3.273566555,3.36992
2024-10-15 19:45:00,9.680885877,10.139506
2024-10-15 20:00:00,11.64814691,11.509532
2024-10-15 20:15:00,8.893094184,9.133726
2024-10-15 20:30:00,1.756690737,1.791745
2024-10-15 20:45:00,7.768212497,7.4422083
2024-10-15 21:00:00,11.0042206,11.084491
2024-10-15 21:15:00,4.587000513,4.5229235
2024-10-15 21:30:00,7.099809031,7.0522842
2024-10-15 21:45:00,3.506831037,3.59808
2024-10-15 22:00:00,9.725660236,10.199417
2024-10-15 22:15:00,10.25589942,10.481615
2024-10-15 22:30:00,4.942791288,4.9122005
2024-10-15 22:45:00,5.017026535,4.798967
2024-10-15 23:00:00,1.105658599,1.1420108
2024-10-15 23:15:00,4.373133426,4.516241
2024-10-15 23:30:00,9.642930592,9.28878
2024-10-15 23:45:00,1.461930822,1.4119085
2024-10-16 00:00:00,3.097113851,3.1643195
2024-10-16 00:15:00,8.903411449,8.357817
2024-10-16 00:30:00,7.67084568,7.7393374
2024-10-16 00:45:00,11.34335822,11.523068
2024-10-16 01:00:00,4.947381576,5.136637
2024-10-16 01:15:00,2.552148094,2.4817848
2024-10-16 01:30:00,8.30526128,8.378455
2024-10-16 01:45:00,1.924060113,1.9544271
2024-10-16 02:00:00,2.289120013,2.3722568
2024-10-16 02:15:00,7.030945207,7.0254836
2024-10-16 02:30:00,5.673139201,5.8496075
2024-10-16 02:45:00,3.737940893,3.9974537
2024-10-16 03:00:00,6.077533744,5.9877634
2024-10-16 03:15:00,9.66855256,10.078523
2024-10-16 03:30:00,8.703674778,8.7601
2024-10-16 03:45:00,6.379860412,6.1154838
2024-10-16 04:00:00,4.435506883,4.2328577
2024-10-16 04:15:00,7.119732094,7.267758
2024-10-16 04:30:00,1.181846921,1.2437489
2024-10-16 04:45:00,8.255931439,8.634897
2024-10-16 05:00:00,9.85789322,9.56619
2024-10-16 05:15:00,2.514659886,2.51504
2024-10-16 05:30:00,5.047967568,5.21525
2024-10-16 05:45:00,2.702718631,2.6682322
2024-10-16 06:00:00,11.46238466,11.146487
2024-10-16 06:15:00,9.532025295,9.840969
2024-10-16 06:30:00,1.379612744,1.4017547
2024-10-16 06:45:00,11.4598828,11.234981
2024-10-16 07:00:00,2.567452238,2.6500726
2024-10-16 07:15:00,1.953693791,1.9757267
2024-10-16 07:30:00,1.446605719,1.4989876
2024-10-16 07:45:00,9.463251792,9.228282
2024-10-16 08:00:00,10.87773988,10.448574
2024-10-16 08:15:00,2.13455137,2.0869265
2024-10-16 08:30:00,10.92855177,11.412253
2024-10-16 08:45:00,4.497135289,4.4440193
2024-10-16 09:00:00,7.804519366,7.964018
2024-10-16 09:15:00,11.67557088,11.222143
2024-10-16 09:30:00,1.254209552,1.2921203
2024-10-16 09:45:00,6.978863218,6.8700247
2024-10-16 10:00:00,7.90408404,8.032335
2024-10-16 10:15:00,5.191223575,5.095796
2024-10-16 10:30:00,2.430247934,2.3508189
2024-10-16 10:45:00,7.811487091,7.518994
2024-10-16 11:00:00,1.63844283,1.6729945
2024-10-16 11:15:00,11.40278128,11.172629
2024-10-16 11:30:00,6.180126858,6.2524886
2024-10-16 11:45:00,10.75401215,10.658649
2024-10-16 12:00:00,10.12368844,9.903217
2024-10-16 12:15:00,1.224562193,1.2608471
2024-10-16 12:30:00,5.794834999,5.780946
2024-10-16 12:45:00,10.52100182,10.6522
2024-10-16 13:00:00,5.306459446,5.0508895
2024-10-16 13:15:00,4.653443511,4.5630493
2024-10-16 13:30:00,8.486592436,8.167985
2024-10-16 13:45:00,8.307221272,8.184203
2024-10-16 14:00:00,7.760570441,7.838328
2024-10-16 14:15:00,4.852094315,4.948566
2024-10-16 14:30:00,1.85578302,1.8340106
2024-10-16 14:45:00,10.23830746,10.535891
2024-10-16 15:00:00,4.682135881,4.54183
2024-10-16 15:15:00,8.967749407,9.154103
2024-10-16 15:30:00,4.900670441,4.87926
2024-10-16 15:45:00,6.105476319,6.390367
2024-10-16 16:00:00,4.993865584,5.106828
2024-10-16 16:15:00,1.960793287,1.9729292
2024-10-16 16:30:00,4.335919414,4.491265
2024-10-16 16:45:00,11.46333972,11.198111
2024-10-16 17:00:00,2.271535678,2.3948472
2024-10-16 17:15:00,6.885943082,6.755822
2024-10-16 17:30:00,10.91409174,11.266957
2024-10-16 17:45:00,1.414219753,1.4658749
2024-10-16 18:00:00,1.963351384,1.8375542
2024-10-16 18:15:00,10.33251045,10.465052
2024-10-16 18:30:00,9.217286853,8.871334
2024-10-16 18:45:00,6.356343169,6.757805
2024-10-16 19:00:00,6.317954199,6.507177
2024-10-16 19:15:00,10.87348295,11.457686
2024-10-16 19:30:00,1.400328719,1.3678888
2024-10-16 19:45:00,3.763463912,3.9686124
2024-10-16 20:00:00,4.275759667,4.3418984
2024-10-16 20:15:00,2.444548918,2.358138
2024-10-16 20:30:00,4.816833295,5.0184784
2024-10-16 20:45:00,5.173372339,5.09521
2024-10-16 21:00:00,12.0314215,11.4998865
2024-10-16 21:15:00,6.043774904,5.9322414
2024-10-16 21:30:00,10.44937259,11.150082
2024-10-16 21:45:00,9.623316588,9.184897
2024-10-16 22:00:00,9.033673078,8.794036
2024-10-16 22:15:00,4.735519598,4.682173
2024-10-16 22:30:00,5.310056802,5.551316
2024-10-16 22:45:00,1.677138453,1.6692322
2024-10-16 23:00:00,5.043674552,5.0492425
2024-10-16 23:15:00,10.02465496,9.334706
2024-10-16 23:30:00,9.758337862,9.271435
2024-10-16 23:45:00,9.551885785,9.641934
2024-10-17 00:00:00,3.399178608,3.4609656
2024-10-17 00:15:00,3.41879238,3.435588
2024-10-17 00:30:00,8.095764084,7.674647
2024-10-17 00:45:00,7.687345881,7.5976415
2024-10-17 01:00:00,3.073794521,3.160954
2024-10-17 01:15:00,8.448771882,8.657784
2024-10-17 01:30:00,5.269242989,5.1785774
2024-10-17 01:45:00,10.97608859,10.47971
2024-10-17 02:00:00,4.721393711,4.8226633
2024-10-17 02:15:00,3.618554499,3.5082145
2024-10-17 02:30:00,3.118702676,3.1780012
2024-10-17 02:45:00,10.32847055,10.007294
2024-10-17 03:00:00,9.95721235,9.924645
2024-10-17 03:15:00,5.376182807,5.539184
2024-10-17 03:30:00,3.448301159,3.6041574
2024-10-17 03:45:00,4.282672748,4.1999817
2024-10-17 04:00:00,5.040647406,5.0376067
2024-10-17 04:15:00,1.58145448,1.607197
2024-10-17 04:30:00,1.95110451,1.8641994
2024-10-17 04:45:00,10.9607042,10.951814
2024-10-17 05:00:00,8.50744872,8.927267
2024-10-17 05:15:00,9.001777759,9.222997
2024-10-17 05:30:00,6.324536855,6.1916595
2024-10-17 05:45:00,4.965912806,4.97901
2024-10-17 06:00:00,2.180559733,2.249394
2024-10-17 06:15:00,7.039373752,6.951843
2024-10-17 06:30:00,9.208982283,8.796941
2024-10-17 06:45:00,3.153190641,3.1758115
2024-10-17 07:00:00,4.789403886,5.116063
2024-10-17 07:15:00,10.88096291,10.910771
2024-10-17 07:30:00,9.704933666,9.909776
2024-10-17 07:45:00,9.756136734,9.296043
2024-10-17 08:00:00,1.58380232,1.5391884
2024-10-17 08:15:00,2.761061012,2.8510432
2024-10-17 08:30:00,3.998046889,4.164131
2024-10-17 08:45:00,4.312989631,4.285805
2024-10-17 09:00:00,2.476749851,2.447212
2024-10-17 09:15:00,4.097985202,4.1521773
2024-10-17 09:30:00,5.537199565,5.7327867
2024-10-17 09:45:00,1.75386007,1.7151188
2024-10-17 10:00:00,5.348651992,5.15369
2024-10-17 10:15:00,6.169786137,6.245064
2024-10-17 10:30:00,1.650123466,1.5983573
2024-10-17 10:45:00,7.697650114,7.8659
2024-10-17 11:00:00,2.067892947,2.0142741
2024-10-17 11:15:00,8.12359846,7.8464403
2024-10-17 11:30:00,11.42578759,11.404426
2024-10-17 11:45:00,1.693512626,1.7247473
2024-10-17 12:00:00,4.029082487,3.9842036
2024-10-17 12:15:00,2.649873002,2.5489912
2024-10-17 12:30:00,4.894660238,4.998086
2024-10-17 12:45:00,9.949319982,9.481478
2024-10-17 13:00:00,10.36214789,10.585011
2024-10-17 13:15:00,9.702262886,9.92035
2024-10-17 13:30:00,8.273346754,8.361838
2024-10-17 13:45:00,9.090970637,8.698569
2024-10-17 14:00:00,2.38729006,2.3773358
2024-10-17 14:15:00,3.524468176,3.70304
2024-10-17 14:30:00,4.927476815,5.003996
2024-10-17 14:45:00,1.720819069,1.6226466
2024-10-17 15:00:00,9.607483325,9.769303
2024-10-17 15:15:00,3.73252497,3.8699672
2024-10-17 15:30:00,1.66733418,1.7179433
2024-10-17 15:45:00,1.910703724,1.8261636
2024-10-17 16:00:00,11.12653575,11.303555
2024-10-17 16:15:00,10.72134623,10.375521
2024-10-17 16:30:00,11.06028393,10.781624
2024-10-17 16:45:00,10.67109432,10.844521
2024-10-17 17:00:00,9.575563943,9.184675
2024-10-17 17:15:00,4.189078086,4.0896807
2024-10-17 17:30:00,4.381014678,4.4785175
2024-10-17 17:45:00,5.3207069,5.1204405
2024-10-17 18:00:00,8.838790531,9.267875
2024-10-17 18:15:00,10.87234228,10.749096
2024-10-17 18:30:00,5.612064006,5.588829
2024-10-17 18:45:00,4.135394501,4.2624955
2024-10-17 19:00:00,3.827343434,3.7531831
2024-10-17 19:15:00,4.024645166,3.8791678
2024-10-17 19:30:00,1.207182151,1.2304168
2024-10-17 19:45:00,3.538770308,3.5100899
2024-10-17 20:00:00,4.660672216,4.4682717
2024-10-17 20:15:00,9.18405293,9.304923
2024-10-17 20:30:00,7.138927523,6.838302
2024-10-17 20:45:00,4.566767778,4.458041
2024-10-17 21:00:00,7.679088207,7.458631
2024-10-17 21:15:00,9.635590859,9.286126
2024-10-17 21:30:00,7.4354789,7.4530168
2024-10-17 21:45:00,1.801490175,1.8194302
2024-10-17 22:00:00,3.382811499,3.5330598
2024-10-17 22:15:00,4.179664173,4.1603627
2024-10-17 22:30:00,4.868225026,5.0711656
2024-10-17 22:45:00,1.467883287,1.4195901
2024-10-17 23:00:00,9.216890263,8.895309
2024-10-17 23:15:00,6.136949408,5.9859037
2024-10-17 23:30:00,10.2045181,10.286875
2024-10-17 23:45:00,6.492098803,6.6120324
2024-10-18 00:00:00,11.59746886,11.459244
2024-10-18 00:15:00,8.774119068,8.366852
2024-10-18 00:30:00,10.88347932,10.656417
2024-10-18 00:45:00,11.41058242,11.164962
2024-10-18 01:00:00,6.054592394,5.875488
2024-10-18 01:15:00,7.686582185,7.7039967
2024-10-18 01:30:00,10.66474685,10.602728
2024-10-18 01:45:00,6.760902887,7.150229
2024-10-18 02:00:00,1.788576171,1.7555625
2024-10-18 02:15:00,8.2080993,8.504624
2024-10-18 02:30:00,10.07411876,10.669186
2024-10-18 02:45:00,9.978780699,9.454068
2024-10-18 03:00:00,8.952728013,8.776501
2024-10-18 03:15:00,2.159278335,2.0554664
2024-10-18 03:30:00,8.828797266,8.68793
2024-10-18 03:45:00,1.506763498,1.505836
2024-10-18 04:00:00,11.29927216,10.643382
2024-10-18 04:15:00,10.38897664,10.757979
2024-10-18 04:30:00,11.69193813,11.325089
2024-10-18 04:45:00,4.270379779,4.3316717
2024-10-18 05:00:00,6.729618995,6.9932437
2024-10-18 05:15:00,7.528103906,7.260387
2024-10-18 05:30:00,6.510911653,6.772316
2024-10-18 05:45:00,5.246243406,5.4705505
2024-10-18 06:00:00,11.79753243,11.443978
2024-10-18 06:15:00,10.17712266,10.223347
2024-10-18 06:30:00,7.871560439,7.521992
2024-10-18 06:45:00,8.003087614,7.80686
2024-10-18 07:00:00,8.112256331,8.476899
2024-10-18 07:15:00,7.103563397,7.3549504
2024-10-18 07:30:00,7.672363214,8.140855
2024-10-18 07:45:00,9.349491632,9.450444
2024-10-18 08:00:00,11.76817139,11.258018
2024-10-18 08:15:00,9.90815751,9.787865
2024-10-18 08:30:00,2.460911576,2.407946
2024-10-18 08:45:00,6.923849342,6.9511423
2024-10-18 09:00:00,7.901891887,7.5594373
2024-10-18 09:15:00,3.977419095,3.8926315
2024-10-18 09:30:00,6.20773965,6.3337765
2024-10-18 09:45:00,10.07277744,10.612108
2024-10-18 10:00:00,3.993983462,3.8788388
2024-10-18 10:15:00,4.235311524,4.3760114
2024-10-18 10:30:00,10.8397809,10.505248
2024-10-18 10:45:00,2.186137441,2.0800166
2024-10-18 11:00:00,10.13947622,9.889766
2024-10-18 11:15:00,4.341540791,4.3188033
2024-10-18 11:30:00,6.197932704,6.362123
2024-10-18 11:45:00,8.237756217,8.019085
2024-10-18 12:00:00,7.48028467,7.774394
2024-10-18 12:15:00,11.67223323,11.480278
2024-10-18 12:30:00,1.492160123,1.5181671
2024-10-18 12:45:00,8.140359978,8.627516
2024-10-18 13:00:00,9.731540614,9.57969
2024-10-18 13:15:00,6.845038295,7.265427
2024-10-18 13:30:00,11.830003,11.297332
2024-10-18 13:45:00,5.673097801,5.4627233
2024-10-18 14:00:00,8.655314208,8.945206
2024-10-18 14:15:00,7.921099043,8.188139
2024-10-18 14:30:00,1.50958179,1.4834245
2024-10-18 14:45:00,6.867229537,6.9677663
2024-10-18 15:00:00,3.713961454,3.8574066
2024-10-18 15:15:00,6.591317849,6.758934
2024-10-18 15:30:00,10.30340285,10.040697
2024-10-18 15:45:00,7.447125451,7.7320757
2024-10-18 16:00:00,7.218818681,7.566836
2024-10-18 16:15:00,8.518902749,8.260028
2024-10-18 16:30:00,6.667393981,6.627823
2024-10-18 16:45:00,5.624038796,5.647488
2024-10-18 17:00:00,5.328164589,5.190661
2024-10-18 17:15:00,8.847149499,8.72103
2024-10-18 17:30:00,9.318103798,8.990415
2024-10-18 17:45:00,5.45151386,5.5230155
2024-10-18 18:00:00,1.586731789,1.622051
2024-10-18 18:15:00,6.863184516,6.9184985
2024-10-18 18:30:00,6.550433724,6.8976574
2024-10-18 18:45:00,5.801806563,5.9771914
2024-10-18 19:00:00,5.059661881,4.7797766
2024-10-18 19:15:00,9.47038458,9.952696
2024-10-18 19:30:00,6.201069191,6.1857567
2024-10-18 19:45:00,9.348888633,9.768364
2024-10-18 20:00:00,7.16680637,7.462649
2024-10-18 20:15:00,9.018355193,9.435103
2024-10-18 20:30:00,9.900653444,10.138902
2024-10-18 20:45:00,3.661807474,3.838056
2024-10-18 21:00:00,9.655887574,9.648807
2024-10-18 21:15:00,8.471196208,8.771267
2024-10-18 21:30:00,6.942622644,6.887374
2024-10-18 21:45:00,6.60914094,6.8950014
2024-10-18 22:00:00,4.611312583,4.3531647
2024-10-18 22:15:00,6.605170472,6.74077
2024-10-18 22:30:00,5.099217279,5.0779905
2024-10-18 22:45:00,10.75394733,10.532005
2024-10-18 23:00:00,6.914963009,7.0372715
2024-10-18 23:15:00,4.122309548,4.1307654
2024-10-18 23:30:00,2.71099719,2.7124598
2024-10-18 23:45:00,8.359784528,8.323366
2024-10-19 00:00:00,8.280696212,8.225798
2024-10-19 00:15:00,5.014523158,4.7843394
2024-10-19 00:30:00,2.9204024,2.803746
2024-10-19 00:45:00,8.616671639,8.508022
2024-10-19 01:00:00,3.791880095,3.975675
2024-10-19 01:15:00,9.877446186,10.262956
2024-10-19 01:30:00,8.734554191,8.73209
2024-10-19 01:45:00,10.71683946,10.11757
2024-10-19 02:00:00,11.25211123,11.758973
2024-10-19 02:15:00,4.495872383,4.775083
2024-10-19 02:30:00,6.04567289,6.0694957
2024-10-19 02:45:00,5.141268033,5.0517516
2024-10-19 03:00:00,2.031951773,1.9063044
2024-10-19 03:15:00,5.456737284,5.288634
2024-10-19 03:30:00,5.596929561,5.774865
2024-10-19 03:45:00,2.814292008,2.9367929
2024-10-19 04:00:00,10.30617764,10.413868
2024-10-19 04:15:00,4.179506243,4.1119404
2024-10-19 04:30:00,8.994339355,9.375998
2024-10-19 04:45:00,2.022597874,2.046965
2024-10-19 05:00:00,1.523930712,1.4817243
2024-10-19 05:15:00,11.91727033,11.6
2024-10-19 05:30:00,2.49965998,2.4032276
2024-10-19 05:45:00,9.14076145,9.091424
2024-10-19 06:00:00,7.579090919,7.5747805
2024-10-19 06:15:00,6.062818729,5.906814
2024-10-19 06:30:00,1.542020383,1.5228411
2024-10-19 06:45:00,4.169725841,4.351468
2024-10-19 07:00:00,11.13819917,10.772428
2024-10-19 07:15:00,10.62185573,10.570027
2024-10-19 07:30:00,7.183681057,7.355487
2024-10-19 07:45:00,7.318744835,7.4292936
2024-10-19 08:00:00,5.163848469,5.3700666
2024-10-19 08:15:00,8.856094342,9.100108
2024-10-19 08:30:00,10.15049955,10.198705
2024-10-19 08:45:00,8.957387073,8.869477
2024-10-19 09:00:00,6.802078149,6.4396544
2024-10-19 09:15:00,7.334385566,7.451106
2024-10-19 09:30:00,3.28374814,3.3449519
2024-10-19 09:45:00,11.92806135,11.56255
2024-10-19 10:00:00,10.79098744,10.511542
2024-10-19 10:15:00,10.40209553,10.871879
2024-10-19 10:30:00,2.813232024,2.9499729
2024-10-19 10:45:00,7.413934571,7.749074
2024-10-19 11:00:00,7.55040419,7.371749
2024-10-19 11:15:00,4.838407712,4.6726985
2024-10-19 11:30:00,10.09693631,10.101968
2024-10-19 11:45:00,8.950264864,9.197752
2024-10-19 12:00:00,8.617419796,8.443127
2024-10-19 12:15:00,1.496677667,1.4564997
2024-10-19 12:30:00,10.56493856,10.99487
2024-10-19 12:45:00,8.388698832,8.204964
2024-10-19 13:00:00,11.86461485,11.632656
2024-10-19 13:15:00,2.008547515,2.1121957
2024-10-19 13:30:00,8.560913118,8.482477
2024-10-19 13:45:00,9.026562239,8.681093
2024-10-19 14:00:00,1.762528116,1.7853016
2024-10-19 14:15:00,1.871077836,1.8370612
2024-10-19 14:30:00,9.176650529,9.283854
2024-10-19 14:45:00,9.672789436,9.309615
2024-10-19 15:00:00,10.6964075,10.490153
2024-10-19 15:15:00,9.33842134,9.093009
2024-10-19 15:30:00,3.71864255,3.6645916
2024-10-19 15:45:00,11.34913901,11.169147
2024-10-19 16:00:00,3.769543353,3.9063592
2024-10-19 16:15:00,8.875693844,8.621892
2024-10-19 16:30:00,6.940618229,6.5631423
2024-10-19 16:45:00,2.468828072,2.37574
2024-10-19 17:00:00,10.27261794,10.587912
2024-10-19 17:15:00,7.549545852,7.152872
2024-10-19 17:30:00,1.947781333,1.9729683
2024-10-19 17:45:00,4.851541186,5.031925
2024-10-19 18:00:00,8.586782401,8.637417
2024-10-19 18:15:00,7.896535027,7.5090036
2024-10-19 18:30:00,3.482504242,3.5593228
2024-10-19 18:45:00,6.839113512,6.759803
2024-10-19 19:00:00,4.439628938,4.399929
2024-10-19 19:15:00,6.362006995,6.6321445
2024-10-19 19:30:00,4.242078608,4.4495945
2024-10-19 19:45:00,6.779792711,6.658938
2024-10-19 20:00:00,9.431317147,9.767895
2024-10-19 20:15:00,3.432951767,3.4021256
2024-10-19 20:30:00,1.126585147,1.1474538
2024-10-19 20:45:00,2.649957355,2.7066095
2024-10-19 21:00:00,9.937233005,9.73691
2024-10-19 21:15:00,5.325248651,5.3688874
2024-10-19 21:30:00,8.528662208,8.975593
2024-10-19 21:45:00,1.443634234,1.4406817
2024-10-19 22:00:00,2.78637737,2.7318666
2024-10-19 22:15:00,6.731971622,6.848767
2024-10-19 22:30:00,9.046219896,8.820474
2024-10-19 22:45:00,9.461397077,9.296339
2024-10-19 23:00:00,8.004293291,7.773735
2024-10-19 23:15:00,8.424668289,8.946265
2024-10-19 23:30:00,3.007590601,2.9828353
2024-10-19 23:45:00,7.591309908,8.028122
2024-10-20 00:00:00,5.205862186,5.3874693
2024-10-20 00:15:00,10.69456501,10.367137
2024-10-20 00:30:00,7.239469325,7.3394113
2024-10-20 00:45:00,6.954730456,6.5440288
2024-10-20 01:00:00,7.372660097,7.2427998
2024-10-20 01:15:00,9.541582475,9.871727
2024-10-20 01:30:00,1.248827256,1.258346
2024-10-20 01:45:00,10.42284574,9.869837
2024-10-20 02:00:00,1.431082725,1.4424938
2024-10-20 02:15:00,7.461742927,7.154487
2024-10-20 02:30:00,6.220154153,6.1581283
2024-10-20 02:45:00,4.857316746,4.9143825
2024-10-20 03:00:00,2.507445476,2.5532005
2024-10-20 03:15:00,2.515511283,2.445573
2024-10-20 03:30:00,9.157520415,8.714296
2024-10-20 03:45:00,2.433259293,2.3556345
2024-10-20 04:00:00,8.424864709,8.242638
2024-10-20 04:15:00,11.80684589,11.319581
2024-10-20 04:30:00,8.650519492,8.267608
2024-10-20 04:45:00,2.015223084,1.989585
2024-10-20 05:00:00,6.516730644,6.521534
2024-10-20 05:15:00,9.419662823,9.784832
2024-10-20 05:30:00,10.54429334,10.633204
2024-10-20 05:45:00,8.72174798,8.878121
2024-10-20 06:00:00,4.270984715,4.4228835
2024-10-20 06:15:00,3.674258767,3.654496
2024-10-20 06:30:00,9.13790746,9.207851
2024-10-20 06:45:00,8.918639347,8.707584
2024-10-20 07:00:00,6.254958969,6.3198104
2024-10-20 07:15:00,2.104046554,2.0986779
2024-10-20 07:30:00,8.377114695,8.224967
2024-10-20 07:45:00,7.548116144,7.4012113
2024-10-20 08:00:00,1.257533788,1.2419999
2024-10-20 08:15:00,8.017579856,7.900485
2024-10-20 08:30:00,2.596758702,2.6152484
2024-10-20 08:45:00,9.316236603,9.5102005
2024-10-20 09:00:00,7.962651658,8.055915
2024-10-20 09:15:00,1.669298419,1.6755754
2024-10-20 09:30:00,6.616887259,6.865979
2024-10-20 09:45:00,8.726556444,9.010775
2024-10-20 10:00:00,10.56371784,10.061559
2024-10-20 10:15:00,2.038171993,1.9800379
2024-10-20 10:30:00,1.92456365,2.0152147
2024-10-20 10:45:00,9.543784504,9.27332
2024-10-20 11:00:00,3.569906573,3.6196926
2024-10-20 11:15:00,7.267293981,6.907303
2024-10-20 11:30:00,7.343126064,7.3753486
2024-10-20 11:45:00,7.574995527,7.8105135
2024-10-20 12:00:00,4.798802563,4.655608
2024-10-20 12:15:00,1.560697535,1.5134586
2024-10-20 12:30:00,6.412305982,6.720055
2024-10-20 12:45:00,6.234573331,6.3145404
2024-10-20 13:00:00,5.536996735,5.466709
2024-10-20 13:15:00,3.857510324,3.8883047
2024-10-20 13:30:00,9.845736853,9.936976
2024-10-20 13:45:00,4.88730284,5.045867
2024-10-20 14:00:00,2.644820056,2.5782542
2024-10-20 14:15:00,9.000211917,8.723306
2024-10-20 14:30:00,7.924301166,7.915592
2024-10-20 14:45:00,4.379303374,4.4344854
2024-10-20 15:00:00,2.65333415,2.6604056
2024-10-20 15:15:00,5.76114229,5.607369
2024-10-20 15:30:00,1.864886183,1.7726321
2024-10-20 15:45:00,3.328147794,3.387786
2024-10-20 16:00:00,11.1625948,11.1933365
2024-10-20 16:15:00,2.774448112,2.787071
2024-10-20 16:30:00,4.2285567,4.0986867
2024-10-20 16:45:00,2.381755589,2.5240357
2024-10-20 17:00:00,10.79821395,10.436649
2024-10-20 17:15:00,11.12294231,10.968879
2024-10-20 17:30:00,1.748267802,1.7687113
2024-10-20 17:45:00,10.05629138,10.432679
2024-10-20 18:00:00,2.47422473,2.5079744
2024-10-20 18:15:00,5.591186991,5.4041076
2024-10-20 18:30:00,6.9784988,6.8581567
2024-10-20 18:45:00,5.507617958,5.6956234
2024-10-20 19:00:00,2.678575782,2.6531448
2024-10-20 19:15:00,9.504385421,9.804321
2024-10-20 19:30:00,8.571095701,8.232794
2024-10-20 19:45:00,10.6790361,10.855827
2024-10-20 20:00:00,4.76024962,4.9754853
2024-10-20 20:15:00,5.879152067,5.647733
2024-10-20 20:30:00,4.661924029,4.7855763
2024-10-20 20:45:00,1.79157472,1.7820811
2024-10-20 21:00:00,1.728132983,1.6745255
2024-10-20 21:15:00,9.265796641,9.011829
2024-10-20 21:30:00,4.145595053,4.130674
2024-10-20 21:45:00,6.169354364,6.1567373
2024-10-20 22:00:00,11.02449352,11.069577
2024-10-20 22:15:00,1.311180753,1.3031318
2024-10-20 22:30:00,6.807254398,6.5731072
2024-10-20 22:45:00,6.39724125,6.7367425
2024-10-20 23:00:00,11.75854839,11.322256
2024-10-20 23:15:00,9.511270074,9.697961
2024-10-20 23:30:00,1.832283769,1.7659699
2024-10-20 23:45:00,2.869093147,2.8265412
2024-10-21 00:00:00,1.45038001,1.4822558
2024-10-21 00:15:00,3.174628406,3.1947174
2024-10-21 00:30:00,3.461286975,3.334293
2024-10-21 00:45:00,2.095785403,2.0471077
2024-10-21 01:00:00,6.531048026,6.366515
2024-10-21 01:15:00,10.6467809,10.824229
2024-10-21 01:30:00,9.693684453,9.700814
2024-10-21 01:45:00,3.277518198,3.2167263
2024-10-21 02:00:00,8.734814351,9.182876
2024-10-21 02:15:00,10.99393731,11.056793
2024-10-21 02:30:00,9.924717644,9.414646
2024-10-21 02:45:00,6.115302983,5.822557
2024-10-21 03:00:00,4.282454581,4.1294827
2024-10-21 03:15:00,9.052244973,8.970857
2024-10-21 03:30:00,8.90731312,9.140075
2024-10-21 03:45:00,4.206907045,4.305882
2024-10-21 04:00:00,3.394239227,3.419074
2024-10-21 04:15:00,8.760048317,8.314145
2024-10-21 04:30:00,11.29484425,10.774768
2024-10-21 04:45:00,1.410872706,1.3834026
2024-10-21 05:00:00,11.74318062,11.4622135
2024-10-21 05:15:00,3.142655485,3.1491885
2024-10-21 05:30:00,4.9726332,4.8085184
2024-10-21 05:45:00,1.637358045,1.6153142
2024-10-21 06:00:00,1.660834078,1.6940502
2024-10-21 06:15:00,4.024913523,3.922946
2024-10-21 06:30:00,6.678368469,6.865837
2024-10-21 06:45:00,10.34666937,10.773023
2024-10-21 07:00:00,1.894751735,1.9225702
2024-10-21 07:15:00,6.7484073,6.8082743
2024-10-21 07:30:00,5.762096995,5.546129
2024-10-21 07:45:00,10.83921417,10.900431
2024-10-21 08:00:00,3.198558891,3.1847768
2024-10-21 08:15:00,5.143072796,5.0318274
2024-10-21 08:30:00,1.46858229,1.4438524
2024-10-21 08:45:00,10.97743654,10.976205
2024-10-21 09:00:00,7.135870183,7.354989
2024-10-21 09:15:00,7.111244446,6.8353577
2024-10-21 09:30:00,1.629824679,1.738538
2024-10-21 09:45:00,2.05293681,2.1486561
2024-10-21 10:00:00,9.372050405,9.050895
2024-10-21 10:15:00,7.29201134,6.95587
2024-10-21 10:30:00,3.295909975,3.177854
2024-10-21 10:45:00,7.01447779,6.8124733
2024-10-21 11:00:00,11.61280819,10.904448
2024-10-21 11:15:00,2.172562641,2.287064
2024-10-21 11:30:00,11.53166361,11.204496
2024-10-21 11:45:00,9.459231354,9.118169
2024-10-21 12:00:00,2.642801877,2.635973
2024-10-21 12:15:00,9.555587708,9.535601
2024-10-21 12:30:00,9.024702233,8.915029
2024-10-21 12:45:00,7.736099735,7.338314
2024-10-21 13:00:00,9.33472252,9.094007
2024-10-21 13:15:00,2.581156904,2.5907068
2024-10-21 13:30:00,8.339695178,8.640403
2024-10-21 13:45:00,7.925932903,7.936471
2024-10-21 14:00:00,3.931008577,3.9905274
2024-10-21 14:15:00,8.652514456,8.359934
2024-10-21 14:30:00,7.985548438,7.785063
2024-10-21 14:45:00,3.44223437,3.610602
2024-10-21 15:00:00,2.704131351,2.7094455
2024-10-21 15:15:00,4.857172021,4.8386745
2024-10-21 15:30:00,5.524643908,5.2468486
2024-10-21 15:45:00,9.885911807,9.437715
2024-10-21 16:00:00,5.34876106,5.669215
2024-10-21 16:15:00,9.045200067,8.950434
2024-10-21 16:30:00,5.952299901,5.829796
2024-10-21 16:45:00,1.766864481,1.8725138
2024-10-21 17:00:00,7.836662407,7.987826
2024-10-21 17:15:00,10.60479485,10.265186
2024-10-21 17:30:00,6.716067811,6.6117435
2024-10-21 17:45:00,8.253382232,8.28474
2024-10-21 18:00:00,9.358639062,9.306412
2024-10-21 18:15:00,5.530255115,5.7868795
2024-10-21 18:30:00,3.694707585,3.7207508
2024-10-21 18:45:00,9.706714693,9.871517
2024-10-21 19:00:00,9.694882894,9.94863
2024-10-21 19:15:00,9.769415586,10.025801
2024-10-21 19:30:00,9.687103607,9.835468
2024-10-21 19:45:00,2.656231786,2.4770343
2024-10-21 20:00:00,5.721148917,5.570471
2024-10-21 20:15:00,3.234824799,3.190856
2024-10-21 20:30:00,2.849614798,2.8275235
2024-10-21 20:45:00,8.954801335,9.209064
2024-10-21 21:00:00,5.997286283,5.939533
2024-10-21 21:15:00,2.128139595,2.0523386
2024-10-21 21:30:00,5.484330093,5.474163
2024-10-21 21:45:00,11.07383619,11.167379
2024-10-21 22:00:00,3.275798434,3.2923484
2024-10-21 22:15:00,4.934473684,5.107999
2024-10-21 22:30:00,7.778650205,7.3925524
2024-10-21 22:45:00,3.246332353,3.3412123
2024-10-21 23:00:00,11.1035931,11.083765
2024-10-21 23:15:00,7.894377626,7.729031
2024-10-21 23:30:00,3.650713863,3.5777023
2024-10-21 23:45:00,6.010926542,5.927981
2024-10-22 00:00:00,4.974413277,4.7520785
2024-10-22 00:15:00,2.426888209,2.3752632
2024-10-22 00:30:00,4.01612091,4.0606294
2024-10-22 00:45:00,6.873829952,6.8248096
2024-10-22 01:00:00,2.188973744,2.1394846
2024-10-22 01:15:00,1.583991237,1.6764823
2024-10-22 01:30:00,6.898631353,6.575502
2024-10-22 01:45:00,5.774626145,5.452973
2024-10-22 02:00:00,3.073082157,3.177723
2024-10-22 02:15:00,8.559603439,8.357266
2024-10-22 02:30:00,2.081683956,2.0808682
2024-10-22 02:45:00,3.813496607,3.9138846
2024-10-22 03:00:00,2.104882311,2.1404448
2024-10-22 03:15:00,8.406865417,8.715892
2024-10-22 03:30:00,7.600348024,7.5549965
2024-10-22 03:45:00,3.00560055,3.104586
2024-10-22 04:00:00,6.703683951,7.006501
2024-10-22 04:15:00,8.422759581,8.448306
2024-10-22 04:30:00,1.482000571,1.5215366
2024-10-22 04:45:00,8.446871012,8.101605
2024-10-22 05:00:00,4.459715188,4.199234
2024-10-22 05:15:00,2.447829373,2.4178374
2024-10-22 05:30:00,9.784627381,9.93597
2024-10-22 05:45:00,7.47826482,7.475876
2024-10-22 06:00:00,6.787894258,6.6979933
2024-10-22 06:15:00,9.150079907,9.335868
2024-10-22 06:30:00,3.60156165,3.7050774
2024-10-22 06:45:00,1.306448394,1.3108653
2024-10-22 07:00:00,11.50316104,11.50033
2024-10-22 07:15:00,3.827081447,3.8633397
2024-10-22 07:30:00,7.738866674,7.6237707
2024-10-22 07:45:00,11.4059845,11.254096
2024-10-22 08:00:00,3.599668151,3.7150736
2024-10-22 08:15:00,11.38192533,11.505436
2024-10-22 08:30:00,6.863223711,6.552927
2024-10-22 08:45:00,11.57406666,11.077308
2024-10-22 09:00:00,1.956923749,2.0521278
2024-10-22 09:15:00,6.735283005,6.4858365
2024-10-22 09:30:00,10.5571554,11.108319
2024-10-22 09:45:00,2.684848687,2.6710715
2024-10-22 10:00:00,3.995838813,3.8777773
2024-10-22 10:15:00,3.23971254,3.3830357
2024-10-22 10:30:00,11.4059566,11.191033
2024-10-22 10:45:00,4.007826232,3.9269712
2024-10-22 11:00:00,2.475100351,2.3587801
2024-10-22 11:15:00,9.059539487,9.256049
2024-10-22 11:30:00,6.613598169,6.721137
2024-10-22 11:45:00,7.474882122,7.3810368
2024-10-22 12:00:00,7.404318279,7.2667847
2024-10-22 12:15:00,7.178105856,7.203967
2024-10-22 12:30:00,5.876530675,5.709086
2024-10-22 12:45:00,11.41170364,11.443381
2024-10-22 13:00:00,2.806541459,2.9109945
2024-10-22 13:15:00,10.4143047,10.797893
2024-10-22 13:30:00,4.225052739,4.1435595
2024-10-22 13:45:00,3.166032694,3.1099741
2024-10-22 14:00:00,7.726783826,7.8048253
2024-10-22 14:15:00,10.35019968,10.335062
2024-10-22 14:30:00,4.841630875,4.918468
2024-10-22 14:45:00,1.921643767,1.9274249
2024-10-22 15:00:00,6.862225874,6.6889896
2024-10-22 15:15:00,11.39474419,11.5732975
2024-10-22 15:30:00,5.189860194,5.2606144
2024-10-22 15:45:00,1.39136569,1.4199679
2024-10-22 16:00:00,6.627685658,6.3911195
2024-10-22 16:15:00,5.228005045,5.0704737
2024-10-22 16:30:00,1.84551939,1.803159
2024-10-22 16:45:00,10.90355935,10.361218
2024-10-22 17:00:00,7.080568884,7.4569664
2024-10-22 17:15:00,2.730036602,2.800208
2024-10-22 17:30:00,10.73627189,10.533874
2024-10-22 17:45:00,7.205099504,7.148912
2024-10-22 18:00:00,8.425611588,8.068238
2024-10-22 18:15:00,7.398359871,7.2925806
2024-10-22 18:30:00,10.44035613,10.859716
2024-10-22 18:45:00,10.02329971,10.540694
2024-10-22 19:00:00,1.271761724,1.2930464
2024-10-22 19:15:00,1.247184174,1.2572854
2024-10-22 19:30:00,6.356687829,6.1395903
2024-10-22 19:45:00,4.38015299,4.310393
2024-10-22 20:00:00,6.723852314,6.6629386
2024-10-22 20:15:00,4.423048563,4.55281
2024-10-22 20:30:00,10.05890353,9.904211
2024-10-22 20:45:00,3.016638453,2.986183
2024-10-22 21:00:00,1.668660511,1.7174379
2024-10-22 21:15:00,4.4188455,4.6152363
2024-10-22 21:30:00,2.657600576,2.6672802
2024-10-22 21:45:00,7.029633925,7.1756988
2024-10-22 22:00:00,5.857690851,5.964647
2024-10-22 22:15:00,7.869048664,8.197547
2024-10-22 22:30:00,2.060067143,1.981592
2024-10-22 22:45:00,9.414108629,9.435084
2024-10-22 23:00:00,3.850138873,3.9380555
2024-10-22 23:15:00,8.322005828,8.2681265
2024-10-22 23:30:00,4.014611764,4.1923146
2024-10-22 23:45:00,9.838003747,9.904316
2024-10-23 00:00:00,9.521365236,9.879501
2024-10-23 00:15:00,4.355375622,4.349067
2024-10-23 00:30:00,10.01124548,9.878228
2024-10-23 00:45:00,4.591768211,4.4596295
2024-10-23 01:00:00,10.88077941,10.493435
2024-10-23 01:15:00,3.040683035,3.1474938
2024-10-23 01:30:00,3.834099028,3.9813337
2024-10-23 01:45:00,9.894489981,10.217845
2024-10-23 02:00:00,2.026289664,1.9934201
2024-10-23 02:15:00,8.529188454,8.222378
2024-10-23 02:30:00,7.995823636,8.260733
2024-10-23 02:45:00,11.3823766,11.569909
2024-10-23 03:00:00,11.0811379,11.316332
2024-10-23 03:15:00,6.27780684,6.090341
2024-10-23 03:30:00,7.417506283,7.5311193
2024-10-23 03:45:00,2.819037653,2.7147143
2024-10-23 04:00:00,3.638880524,3.648499
2024-10-23 04:15:00,6.843494397,6.7874246
2024-10-23 04:30:00,3.545056796,3.764529
2024-10-23 04:45:00,3.336429067,3.3796346
2024-10-23 05:00:00,1.368338894,1.3864762
2024-10-23 05:15:00,2.003668489,1.9345615
2024-10-23 05:30:00,8.261604173,8.385653
2024-10-23 05:45:00,1.309919534,1.3190792
2024-10-23 06:00:00,10.25486645,10.174363
2024-10-23 06:15:00,1.828380368,1.9183242
2024-10-23 06:30:00,2.698060079,2.7609925
2024-10-23 06:45:00,4.53576813,4.595975
2024-10-23 07:00:00,8.848110123,8.504185
2024-10-23 07:15:00,8.657521721,8.466606
2024-10-23 07:30:00,3.825864685,3.7318015
2024-10-23 07:45:00,4.553511392,4.5557356
2024-10-23 08:00:00,9.712146762,9.669867
2024-10-23 08:15:00,6.295390011,6.1519046
2024-10-23 08:30:00,5.861449792,5.9177456
2024-10-23 08:45:00,8.109182686,7.6985826
2024-10-23 09:00:00,6.219331421,6.025792
2024-10-23 09:15:00,5.690477771,5.468046
2024-10-23 09:30:00,8.640463086,9.001756
2024-10-23 09:45:00,11.26139789,10.877805
2024-10-23 10:00:00,6.797869922,6.9292884
2024-10-23 10:15:00,4.239709038,4.1401205
2024-10-23 10:30:00,11.3642466,10.908154
2024-10-23 10:45:00,8.465912088,8.521852
2024-10-23 11:00:00,8.12842024,7.809603
2024-10-23 11:15:00,7.744840561,7.3716464
2024-10-23 11:30:00,9.175929237,8.840127
2024-10-23 11:45:00,9.056671974,8.903563
2024-10-23 12:00:00,9.045992411,9.31492
2024-10-23 12:15:00,10.88508255,11.320992
2024-10-23 12:30:00,5.823736271,5.5983415
2024-10-23 12:45:00,3.523526968,3.646559
2024-10-23 13:00:00,5.494507324,5.263055
2024-10-23 13:15:00,8.950560746,9.261415
2024-10-23 13:30:00,6.418955724,6.6587753
2024-10-23 13:45:00,10.06411525,10.291851
2024-10-23 14:00:00,3.887974048,3.7124107
2024-10-23 14:15:00,9.133551336,8.650359
2024-10-23 14:30:00,3.734418752,3.6425548
2024-10-23 14:45:00,10.18063433,9.774959
2024-10-23 15:00:00,5.921423105,5.7868614
2024-10-23 15:15:00,11.94416191,11.373994
2024-10-23 15:30:00,8.324479501,8.2548485
2024-10-23 15:45:00,8.862857825,9.201124
2024-10-23 16:00:00,1.533606443,1.6021919
2024-10-23 16:15:00,8.592839276,8.438907
2024-10-23 16:30:00,5.716635503,5.6002154
2024-10-23 16:45:00,4.327843033,4.4870553
2024-10-23 17:00:00,9.054370948,9.173846
2024-10-23 17:15:00,3.527733611,3.4541466
2024-10-23 17:30:00,2.898679532,2.9606757
2024-10-23 17:45:00,4.654033276,4.791614
2024-10-23 18:00:00,7.706941829,7.3750834
2024-10-23 18:15:00,4.006450543,3.847449
2024-10-23 18:30:00,7.015893945,7.2013855
2024-10-23 18:45:00,5.147193821,5.3593307
2024-10-23 19:00:00,4.81133065,5.0551624
2024-10-23 19:15:00,3.042669939,3.1667073
2024-10-23 19:30:00,4.318117906,4.3874445
2024-10-23 19:45:00,3.742766718,3.8550591
2024-10-23 20:00:00,3.658006446,3.5252588
2024-10-23 20:15:00,1.927344828,2.0073135
2024-10-23 20:30:00,5.952466254,5.7333393
2024-10-23 20:45:00,3.88085264,3.7380848
2024-10-23 21:00:00,10.74989578,10.893563
2024-10-23 21:15:00,7.509295599,7.3686495
2024-10-23 21:30:00,5.817922568,5.9413915
2024-10-23 21:45:00,4.575673356,4.5859337
2024-10-23 22:00:00,6.050962956,6.0865
2024-10-23 22:15:00,4.64599917,4.6564817
2024-10-23 22:30:00,9.992951263,9.718697
2024-10-23 22:45:00,3.57535327,3.6685724
2024-10-23 23:00:00,4.039658428,4.0984287
2024-10-23 23:15:00,8.661656316,8.353193
2024-10-23 23:30:00,10.97666056,10.547706
2024-10-23 23:45:00,8.028931555,7.8510604
2024-10-24 00:00:00,1.958735595,2.0318968
2024-10-24 00:15:00,10.2086535,10.490013
2024-10-24 00:30:00,8.78009407,9.14888
2024-10-24 00:45:00,4.020942991,3.897917
2024-10-24 01:00:00,1.767030481,1.7225218
2024-10-24 01:15:00,8.882503834,8.78497
2024-10-24 01:30:00,3.686061843,3.603054
2024-10-24 01:45:00,6.466946432,6.4567647
2024-10-24 02:00:00,2.019321936,2.1202025
2024-10-24 02:15:00,6.869044562,7.00418
2024-10-24 02:30:00,1.432185271,1.4071833
2024-10-24 02:45:00,7.238565569,6.9709277
2024-10-24 03:00:00,9.568227308,9.832837
2024-10-24 03:15:00,6.909651468,7.108706
2024-10-24 03:30:00,10.86136481,10.529523
2024-10-24 03:45:00,6.817536892,6.9604673
2024-10-24 04:00:00,7.727227185,8.164705
2024-10-24 04:15:00,4.903392133,4.850922
2024-10-24 04:30:00,4.315633,4.2822657
2024-10-24 04:45:00,4.391466583,4.629353
2024-10-24 05:00:00,2.11846668,2.1817904
2024-10-24 05:15:00,3.762003742,3.8126988
2024-10-24 05:30:00,5.240017509,5.2081647
2024-10-24 05:45:00,4.859118754,4.6536803
2024-10-24 06:00:00,6.366139113,6.286659
2024-10-24 06:15:00,5.8291467,6.202779
2024-10-24 06:30:00,8.418622075,8.447077
2024-10-24 06:45:00,5.147663739,5.161757
2024-10-24 07:00:00,8.481494886,8.207174
2024-10-24 07:15:00,9.646257224,10.106138
2024-10-24 07:30:00,5.671615025,5.767263
2024-10-24 07:45:00,7.067129772,6.911397
2024-10-24 08:00:00,8.396812911,8.458727
2024-10-24 08:15:00,6.256253176,6.2483788
2024-10-24 08:30:00,2.892591514,2.8225105
2024-10-24 08:45:00,4.028971317,4.1492743
2024-10-24 09:00:00,1.384539025,1.4236736
2024-10-24 09:15:00,8.097060062,8.395208
2024-10-24 09:30:00,3.933333722,3.980056
2024-10-24 09:45:00,9.206958405,9.057243
2024-10-24 10:00:00,8.408538756,8.641196
2024-10-24 10:15:00,8.986926503,8.69574
2024-10-24 10:30:00,10.25034403,10.331162
2024-10-24 10:45:00,5.512979863,5.3050613
2024-10-24 11:00:00,2.909365109,2.9990265
2024-10-24 11:15:00,10.85850304,10.948322
2024-10-24 11:30:00,11.24813663,11.526573
2024-10-24 11:45:00,3.338181072,3.444281
2024-10-24 12:00:00,8.920349091,8.918942
2024-10-24 12:15:00,1.889894258,1.8552018
2024-10-24 12:30:00,1.360206688,1.384185
2024-10-24 12:45:00,8.409223502,8.234632
2024-10-24 13:00:00,3.909403386,3.78961
2024-10-24 13:15:00,9.383440515,9.88945
2024-10-24 13:30:00,6.284294777,6.498891
2024-10-24 13:45:00,9.158263582,8.927644
2024-10-24 14:00:00,2.363038884,2.2752306
2024-10-24 14:15:00,9.64189494,9.904567
2024-10-24 14:30:00,3.258566106,3.1246212
2024-10-24 14:45:00,7.496652948,7.107617
2024-10-24 15:00:00,7.381650389,7.368268
2024-10-24 15:15:00,1.988239595,1.9236056
2024-10-24 15:30:00,11.74654264,11.691822
2024-10-24 15:45:00,4.200252816,4.2960105
2024-10-24 16:00:00,8.751622255,8.72971
2024-10-24 16:15:00,7.608293761,7.814157
2024-10-24 16:30:00,1.564735729,1.5480262
2024-10-24 16:45:00,10.10666401,10.173452
2024-10-24 17:00:00,4.238179111,4.2412767
2024-10-24 17:15:00,3.466551354,3.5950634
2024-10-24 17:30:00,1.711054223,1.6731882
2024-10-24 17:45:00,4.123679451,3.9263048
2024-10-24 18:00:00,7.544647427,7.6023703
2024-10-24 18:15:00,3.238830696,3.1993496
2024-10-24 18:30:00,6.358983938,6.062584
2024-10-24 18:45:00,9.683265298,9.25385
2024-10-24 19:00:00,11.67785576,11.1567135
2024-10-24 19:15:00,8.000719415,8.471811
2024-10-24 19:30:00,3.302457302,3.2419689
2024-10-24 19:45:00,5.254014549,5.052063
2024-10-24 20:00:00,6.507369399,6.7406893
2024-10-24 20:15:00,10.06790152,9.920904
2024-10-24 20:30:00,6.549785746,6.772881
2024-10-24 20:45:00,6.005503146,6.2472363
2024-10-24 21:00:00,3.735354747,3.6897054
2024-10-24 21:15:00,5.887608495,6.1164546
2024-10-24 21:30:00,4.466862001,4.4553065
2024-10-24 21:45:00,6.647822199,6.9582047
2024-10-24 22:00:00,9.801209911,9.544053
2024-10-24 22:15:00,11.17434165,11.028718
2024-10-24 22:30:00,10.02308087,10.003151
2024-10-24 22:45:00,10.03958936,9.769587
2024-10-24 23:00:00,4.899062377,4.785097
2024-10-24 23:15:00,8.766264319,8.393917
2024-10-24 23:30:00,5.045105549,5.3554306
2024-10-24 23:45:00,1.365245097,1.4471412
2024-10-25 00:00:00,10.08479802,10.469685
2024-10-25 00:15:00,1.639149584,1.6965691
2024-10-25 00:30:00,2.280435305,2.3224242
2024-10-25 00:45:00,1.312115968,1.350309
2024-10-25 01:00:00,1.915472294,1.9371684
2024-10-25 01:15:00,1.687708013,1.7399552
2024-10-25 01:30:00,7.749456236,8.10896
2024-10-25 01:45:00,9.849911246,9.834309
2024-10-25 02:00:00,8.938753807,8.989232
2024-10-25 02:15:00,7.735459392,7.6468325
2024-10-25 02:30:00,9.262465018,9.437072
2024-10-25 02:45:00,5.706706468,5.7113023
2024-10-25 03:00:00,10.90151721,10.565451
2024-10-25 03:15:00,6.19414578,5.996193
2024-10-25 03:30:00,1.546886117,1.4893243
2024-10-25 03:45:00,8.74762183,8.645692
2024-10-25 04:00:00,9.05561685,9.400411
2024-10-25 04:15:00,3.53049458,3.532901
2024-10-25 04:30:00,4.179744309,4.2997026
2024-10-25 04:45:00,8.069506459,8.20405
2024-10-25 05:00:00,6.944770345,7.2941284
2024-10-25 05:15:00,10.02592377,10.381574
2024-10-25 05:30:00,5.909461098,6.1621556
2024-10-25 05:45:00,7.793504552,7.9611497
2024-10-25 06:00:00,4.159260921,4.1066427
2024-10-25 06:15:00,11.1912101,10.925058
2024-10-25 06:30:00,5.267600215,5.0366087
2024-10-25 06:45:00,6.374452754,6.607507
2024-10-25 07:00:00,7.798627438,7.6927094
2024-10-25 07:15:00,3.699152901,3.7438655
2024-10-25 07:30:00,4.37565877,4.346027
2024-10-25 07:45:00,6.497880723,6.4195757
2024-10-25 08:00:00,3.973949358,4.012196
2024-10-25 08:15:00,2.332310972,2.4640942
2024-10-25 08:30:00,9.761738793,10.207406
2024-10-25 08:45:00,4.861795371,4.6751266
2024-10-25 09:00:00,5.533200016,5.514442
2024-10-25 09:15:00,7.192871765,6.934732
2024-10-25 09:30:00,9.651155248,9.910646
2024-10-25 09:45:00,2.548638381,2.5235798
2024-10-25 10:00:00,7.615697216,7.6879606
2024-10-25 10:15:00,4.603904582,4.8474574
2024-10-25 10:30:00,9.667247328,10.059245
2024-10-25 10:45:00,7.962093891,7.883276
2024-10-25 11:00:00,2.523173334,2.49134
2024-10-25 11:15:00,4.255554885,4.163076
2024-10-25 11:30:00,1.515379663,1.5219963
2024-10-25 11:45:00,9.633488387,9.433495
2024-10-25 12:00:00,5.392072582,5.3421116
2024-10-25 12:15:00,1.741400087,1.6473807
2024-10-25 12:30:00,1.33158652,1.3622681
2024-10-25 12:45:00,10.70084265,10.934392
2024-10-25 13:00:00,10.19850705,10.038318
2024-10-25 13:15:00,4.703994024,4.644108
2024-10-25 13:30:00,6.5175141,6.7096834
2024-10-25 13:45:00,6.641597612,6.8570094
2024-10-25 14:00:00,6.503747078,6.2872105
2024-10-25 14:15:00,4.147391538,4.324988
2024-10-25 14:30:00,5.209601704,5.255894
2024-10-25 14:45:00,3.049215469,3.0074265
2024-10-25 15:00:00,1.581704228,1.5210325
2024-10-25 15:15:00,2.664380908,2.672601
2024-10-25 15:30:00,1.288890126,1.2588079
2024-10-25 15:45:00,5.433366851,5.554761
2024-10-25 16:00:00,8.043639325,7.909687
2024-10-25 16:15:00,2.931167073,3.020981
2024-10-25 16:30:00,6.976160814,6.8864713
2024-10-25 16:45:00,4.600288851,4.503221
2024-10-25 17:00:00,2.35270831,2.412085
2024-10-25 17:15:00,2.432379697,2.498727
2024-10-25 17:30:00,7.348760485,7.4716806
2024-10-25 17:45:00,2.323780366,2.3471186
2024-10-25 18:00:00,6.971591125,6.6764507
2024-10-25 18:15:00,2.978164733,3.061747
2024-10-25 18:30:00,9.968900131,10.030108
2024-10-25 18:45:00,1.655881747,1.639092
2024-10-25 19:00:00,4.923480216,5.122474
2024-10-25 19:15:00,8.616458528,8.933016
2024-10-25 19:30:00,8.882265335,8.720845
2024-10-25 19:45:00,2.65180537,2.742743
2024-10-25 20:00:00,3.133593329,2.997825
2024-10-25 20:15:00,6.681744142,6.8455834
2024-10-25 20:30:00,8.115562297,7.8570232
2024-10-25 20:45:00,9.420189487,8.909185
2024-10-25 21:00:00,7.388554601,7.7560725
2024-10-25 21:15:00,8.590641504,8.941821
2024-10-25 21:30:00,5.539055598,5.5956225
2024-10-25 21:45:00,6.816751147,6.748337
2024-10-25 22:00:00,5.493995245,5.6925693
2024-10-25 22:15:00,9.098488546,9.006488
2024-10-25 22:30:00,3.0050591,2.925121
2024-10-25 22:45:00,3.877781243,3.703753
2024-10-25 23:00:00,9.439152106,9.712758
2024-10-25 23:15:00,8.936926656,8.750548
2024-10-25 23:30:00,9.106059436,8.76132
2024-10-25 23:45:00,2.173020181,2.102959
2024-10-26 00:00:00,5.92381012,6.0323453
2024-10-26 00:15:00,6.642467659,6.905537
2024-10-26 00:30:00,9.161136539,9.502831
2024-10-26 00:45:00,5.861614384,5.5626574
2024-10-26 01:00:00,6.885758925,6.7870636
2024-10-26 01:15:00,3.890242394,3.766644
2024-10-26 01:30:00,9.732689152,10.174694
2024-10-26 01:45:00,10.5255388,10.652787
2024-10-26 02:00:00,5.652125411,5.952239
2024-10-26 02:15:00,5.421869142,5.565519
2024-10-26 02:30:00,4.23953916,4.3715186
2024-10-26 02:45:00,4.22440902,4.0707717
2024-10-26 03:00:00,6.690581256,6.702971
2024-10-26 03:15:00,2.865601479,2.9842858
2024-10-26 03:30:00,7.387256761,7.329225
2024-10-26 03:45:00,6.909524542,6.908457
2024-10-26 04:00:00,8.992207638,8.679516
2024-10-26 04:15:00,3.509758361,3.3355045
2024-10-26 04:30:00,8.00548087,8.438156
2024-10-26 04:45:00,1.346718068,1.3049942
2024-10-26 05:00:00,6.512846992,6.75165
2024-10-26 05:15:00,9.819386906,9.95857
2024-10-26 05:30:00,8.30250232,8.410679
2024-10-26 05:45:00,10.04643828,10.261225
2024-10-26 06:00:00,2.663324705,2.726837
2024-10-26 06:15:00,8.771636249,8.5387745
2024-10-26 06:30:00,5.693944988,6.04071
2024-10-26 06:45:00,4.159532316,4.347275
2024-10-26 07:00:00,4.957440815,4.7903924
2024-10-26 07:15:00,2.236960844,2.2445574
2024-10-26 07:30:00,8.073251095,8.266617
2024-10-26 07:45:00,7.782273667,7.7046995
2024-10-26 08:00:00,2.75759383,2.584567
2024-10-26 08:15:00,6.693482024,6.8939176
2024-10-26 08:30:00,2.359672138,2.4101639
2024-10-26 08:45:00,4.233575323,4.4117155
2024-10-26 09:00:00,1.46847085,1.5373898
2024-10-26 09:15:00,7.516919121,7.745659
2024-10-26 09:30:00,1.244471876,1.3135188
2024-10-26 09:45:00,3.843589714,3.9343655
2024-10-26 10:00:00,3.954239861,4.0290127
2024-10-26 10:15:00,9.306381728,9.164907
2024-10-26 10:30:00,5.792192561,5.5068655
2024-10-26 10:45:00,7.341679623,7.1077604
2024-10-26 11:00:00,3.962562742,3.918942
2024-10-26 11:15:00,7.111656725,6.754177
2024-10-26 11:30:00,2.727059512,2.62366
2024-10-26 11:45:00,11.45679377,11.360409
2024-10-26 12:00:00,6.255947641,6.4639244
2024-10-26 12:15:00,9.589280553,9.96582
2024-10-26 12:30:00,2.212671052,2.3422577
2024-10-26 12:45:00,7.375772777,7.316838
2024-10-26 13:00:00,7.858248862,7.824478
2024-10-26 13:15:00,9.0237993,9.27371
2024-10-26 13:30:00,6.383057352,6.101522
2024-10-26 13:45:00,1.530257957,1.4503978
2024-10-26 14:00:00,3.854798927,3.7083006
2024-10-26 14:15:00,4.086460399,3.95984
2024-10-26 14:30:00,4.535186202,4.487393
2024-10-26 14:45:00,2.123570102,2.0884843
2024-10-26 15:00:00,1.119794407,1.1332295
2024-10-26 15:15:00,6.424053509,6.4253974
2024-10-26 15:30:00,8.853426895,8.88652
2024-10-26 15:45:00,3.396230194,3.614788
2024-10-26 16:00:00,8.521877132,8.553584
2024-10-26 16:15:00,9.091548234,8.827987
2024-10-26 16:30:00,5.441870255,5.6433163
2024-10-26 16:45:00,6.617794457,6.6298738
2024-10-26 17:00:00,4.24132947,4.3944316
2024-10-26 17:15:00,4.871369046,4.9830403
2024-10-26 17:30:00,7.041947608,7.068086
2024-10-26 17:45:00,4.9222219,4.8113275
2024-10-26 18:00:00,6.388394724,6.431138
2024-10-26 18:15:00,8.68068012,8.952823
2024-10-26 18:30:00,11.40403457,10.909731
2024-10-26 18:45:00,10.66886403,10.954115
2024-10-26 19:00:00,10.21473863,10.533598
2024-10-26 19:15:00,10.00751383,10.352765
2024-10-26 19:30:00,3.810548899,3.7322023
2024-10-26 19:45:00,10.78548221,10.971714
2024-10-26 20:00:00,3.498652781,3.4787169
2024-10-26 20:15:00,9.846528391,10.094407
2024-10-26 20:30:00,7.31868669,7.3055153
2024-10-26 20:45:00,10.05274938,10.174291
2024-10-26 21:00:00,10.85940088,11.389757
