timestamp,y_true,y_pred
2024-08-30 07:00:00,0.0,0.008539148
2024-08-30 07:15:00,0.0,0.085559316
2024-08-30 07:30:00,0.0,0.098690525
2024-08-30 07:45:00,0.0,0.049914025
2024-08-30 08:00:00,0.0,-0.105283715
2024-08-30 08:15:00,0.0,-0.14597216
2024-08-30 08:30:00,0.0,-0.096385844
2024-08-30 08:45:00,0.0,-0.07770171
2024-08-30 09:00:00,0.0,-0.04185973
2024-08-30 09:15:00,0.0,-0.017345253
2024-08-30 09:30:00,0.0,-0.06196438
2024-08-30 09:45:00,0.0,-0.10125959
2024-08-30 10:00:00,0.0,-0.047160983
2024-08-30 10:15:00,0.0,-0.077252686
2024-08-30 10:30:00,0.0,-0.09201946
2024-08-30 10:45:00,0.0,-0.052633896
2024-08-30 11:00:00,0.0,-0.1029903
2024-08-30 11:15:00,0.0,-0.09324245
2024-08-30 11:30:00,0.0,-0.10328876
2024-08-30 11:45:00,0.0,-0.04227067
2024-08-30 12:00:00,0.0,0.0023492165
2024-08-30 12:15:00,0.0,0.010682445
2024-08-30 12:30:00,0.0,-0.01411437
2024-08-30 12:45:00,0.0,-0.029098084
2024-08-30 13:00:00,0.2947478954,-0.02015044
2024-08-30 13:15:00,0.0,-0.0599193
2024-08-30 13:30:00,0.0,-0.086777896
2024-08-30 13:45:00,0.0,-0.045062374
2024-08-30 14:00:00,0.0,-0.08407807
2024-08-30 14:15:00,0.0,-0.068930686
2024-08-30 14:30:00,0.0,-0.029123418
2024-08-30 14:45:00,0.0,-0.013512888
2024-08-30 15:00:00,0.0,-0.014885736
2024-08-30 15:15:00,0.06118401419,-0.031025302
2024-08-30 15:30:00,0.0,0.023470964
2024-08-30 15:45:00,0.0,0.043080643
2024-08-30 16:00:00,0.0,0.0073993457
2024-08-30 16:15:00,0.0,-0.0116298
2024-08-30 16:30:00,0.0,0.018697027
2024-08-30 16:45:00,0.0,0.050152913
2024-08-30 17:00:00,0.0,0.011467005
2024-08-30 17:15:00,0.0,-0.0006942704
2024-08-30 17:30:00,0.0,0.014616649
2024-08-30 17:45:00,0.0,0.023714894
2024-08-30 18:00:00,0.0,0.08493218
2024-08-30 18:15:00,0.0,0.09212742
2024-08-30 18:30:00,0.0,0.082958885
2024-08-30 18:45:00,0.0,0.0423619
2024-08-30 19:00:00,0.0,0.0021373322
2024-08-30 19:15:00,0.0,0.14247422
2024-08-30 19:30:00,0.0,0.13394964
2024-08-30 19:45:00,0.0,0.09226553
2024-08-30 20:00:00,0.0,0.060145564
2024-08-30 20:15:00,0.0,0.008671075
2024-08-30 20:30:00,0.0,-0.060879696
2024-08-30 20:45:00,0.0,-0.13270275
2024-08-30 21:00:00,0.0,-0.08389053
2024-08-30 21:15:00,0.0,0.03477192
2024-08-30 21:30:00,0.0,-0.003189686
2024-08-30 21:45:00,0.0,0.050239723
2024-08-30 22:00:00,0.0,0.07334035
2024-08-30 22:15:00,0.0,0.05477421
2024-08-30 22:30:00,0.0,0.03700524
2024-08-30 22:45:00,0.0,0.0071433554
2024-08-30 23:00:00,0.0,0.074059695
2024-08-30 23:15:00,0.0,-0.030407993
2024-08-30 23:30:00,0.0,-0.010328504
2024-08-30 23:45:00,0.0,0.037605386
2024-08-31 00:00:00,0.0,0.053812984
2024-08-31 00:15:00,0.0,-0.026823156
2024-08-31 00:30:00,0.0,0.01434064
2024-08-31 00:45:00,0.0,0.07088746
2024-08-31 01:00:00,0.0,0.08758567
2024-08-31 01:15:00,0.0,0.06341965
2024-08-31 01:30:00,0.0,0.0685742
2024-08-31 01:45:00,0.0,0.050302103
2024-08-31 02:00:00,0.0,0.09278883
2024-08-31 02:15:00,0.0,0.07108564
2024-08-31 02:30:00,0.0,0.08178998
2024-08-31 02:45:00,0.0,0.06409945
2024-08-31 03:00:00,0.0,0.092410766
2024-08-31 03:15:00,0.0,0.13315113
2024-08-31 03:30:00,0.0,0.023509515
2024-08-31 03:45:00,0.0,0.13363524
2024-08-31 04:00:00,0.0,0.04772806
2024-08-31 04:15:00,0.0,0.05038119
2024-08-31 04:30:00,0.0,0.029083898
2024-08-31 04:45:00,0.0,0.0011825616
2024-08-31 05:00:00,0.0,0.00850404
2024-08-31 05:15:00,0.0,0.029566057
2024-08-31 05:30:00,0.0,0.12700601
2024-08-31 05:45:00,0.0,0.057708368
2024-08-31 06:00:00,0.0,0.17207055
2024-08-31 06:15:00,0.0,0.080912024
2024-08-31 06:30:00,0.0,-0.0028217211
2024-08-31 06:45:00,0.0,-0.04678966
2024-08-31 07:00:00,0.0,-0.016969094
2024-08-31 07:15:00,0.0,0.008458528
2024-08-31 07:30:00,0.0,-9.592196e-05
2024-08-31 07:45:00,0.0,0.0051451228
2024-08-31 08:00:00,0.0,0.03621537
2024-08-31 08:15:00,0.0,0.0052098073
2024-08-31 08:30:00,0.0,0.0662246
2024-08-31 08:45:00,0.0,0.04776605
2024-08-31 09:00:00,2.482839925,0.034873027
2024-08-31 09:15:00,0.0,-0.03526754
2024-08-31 09:30:00,0.0,-0.09383668
2024-08-31 09:45:00,0.0,-0.12705149
2024-08-31 10:00:00,0.0,0.034565825
2024-08-31 10:15:00,0.0,0.02967981
2024-08-31 10:30:00,0.0,-0.14104627
2024-08-31 10:45:00,0.0,-0.112923674
2024-08-31 11:00:00,0.0,-0.08463486
2024-08-31 11:15:00,0.0,-0.03452721
2024-08-31 11:30:00,0.0,0.00019062303
2024-08-31 11:45:00,0.0,0.019653687
2024-08-31 12:00:00,0.0,0.035931796
2024-08-31 12:15:00,0.0,0.03276637
2024-08-31 12:30:00,0.0,0.04172433
2024-08-31 12:45:00,0.0,0.012888667
2024-08-31 13:00:00,0.0,0.06021145
2024-08-31 13:15:00,0.0,0.04793344
2024-08-31 13:30:00,0.0,0.0439867
2024-08-31 13:45:00,0.0,0.06061536
2024-08-31 14:00:00,0.0,0.044595465
2024-08-31 14:15:00,0.0,0.037281606
2024-08-31 14:30:00,0.0,0.024291795
2024-08-31 14:45:00,0.0,0.085552394
2024-08-31 15:00:00,0.0,0.11451726
2024-08-31 15:15:00,0.0,0.077444285
2024-08-31 15:30:00,0.0,0.020368895
2024-08-31 15:45:00,0.0,0.023093056
2024-08-31 16:00:00,0.0,-0.025442716
2024-08-31 16:15:00,0.0,-0.026026003
2024-08-31 16:30:00,0.0,0.018651852
2024-08-31 16:45:00,0.0,-0.005712317
2024-08-31 17:00:00,0.0,-0.017539043
2024-08-31 17:15:00,0.0,0.025971057
2024-08-31 17:30:00,0.0,0.07486654
2024-08-31 17:45:00,0.0,0.015067557
2024-08-31 18:00:00,0.0,-0.009958113
2024-08-31 18:15:00,0.0,-0.03438627
2024-08-31 18:30:00,0.0,0.024632404
2024-08-31 18:45:00,0.0,0.029531965
2024-08-31 19:00:00,0.0,0.09043936
2024-08-31 19:15:00,0.0,0.053491153
2024-08-31 19:30:00,0.0,0.004540279
2024-08-31 19:45:00,0.398103455,0.010686951
2024-08-31 20:00:00,0.0,0.068616405
2024-08-31 20:15:00,0.0,-0.010142688
2024-08-31 20:30:00,0.0,-0.01117661
2024-08-31 20:45:00,0.0,-0.043153193
2024-08-31 21:00:00,0.0,0.011461577
2024-08-31 21:15:00,0.0,0.08930574
2024-08-31 21:30:00,0.0,0.05988974
2024-08-31 21:45:00,0.0,0.096809134
2024-08-31 22:00:00,0.0,0.086038254
2024-08-31 22:15:00,0.0,0.0705009
2024-08-31 22:30:00,0.0,0.09620475
2024-08-31 22:45:00,0.0,0.12774995
2024-08-31 23:00:00,0.0,0.054846853
2024-08-31 23:15:00,0.0,0.04314095
2024-08-31 23:30:00,0.0,0.04911076
2024-08-31 23:45:00,0.0,0.11509716
2024-09-01 00:00:00,0.0,0.05587851
2024-09-01 00:15:00,0.0,0.029638568
2024-09-01 00:30:00,0.0,0.02055004
2024-09-01 00:45:00,0.0,0.020667434
2024-09-01 01:00:00,0.0,0.06548808
2024-09-01 01:15:00,0.0,-0.038228493
2024-09-01 01:30:00,0.0,-0.01298294
2024-09-01 01:45:00,0.0,-0.01821025
2024-09-01 02:00:00,0.0,0.024133071
2024-09-01 02:15:00,0.0,0.043235898
2024-09-01 02:30:00,0.0,0.06540304
2024-09-01 02:45:00,0.0,0.06508772
2024-09-01 03:00:00,0.0,0.064438365
2024-09-01 03:15:00,0.0,0.042365212
2024-09-01 03:30:00,0.0,-0.00020103862
2024-09-01 03:45:00,0.0,-0.00087623496
2024-09-01 04:00:00,0.0,0.01264383
2024-09-01 04:15:00,0.0,0.0538319
2024-09-01 04:30:00,0.0,0.057209715
2024-09-01 04:45:00,0.0,-0.005673639
2024-09-01 05:00:00,0.0,-0.0036427465
2024-09-01 05:15:00,0.0,0.03904739
2024-09-01 05:30:00,0.0,-0.013372259
2024-09-01 05:45:00,0.0,0.15937482
2024-09-01 06:00:00,0.0,-0.0067509436
2024-09-01 06:15:00,0.0,0.008439986
2024-09-01 06:30:00,0.0,0.034017324
2024-09-01 06:45:00,0.0,0.025669234
2024-09-01 07:00:00,0.0,0.08538551
2024-09-01 07:15:00,0.0,0.13901626
2024-09-01 07:30:00,0.0,0.12487039
2024-09-01 07:45:00,0.0,0.0016919174
2024-09-01 08:00:00,0.0,-0.05890456
2024-09-01 08:15:00,0.0,-0.00695415
2024-09-01 08:30:00,0.0,-0.020294614
2024-09-01 08:45:00,0.0,0.058742706
2024-09-01 09:00:00,0.0,0.021965344
2024-09-01 09:15:00,0.0,-0.00978611
2024-09-01 09:30:00,0.0,0.005339035
2024-09-01 09:45:00,0.0,0.009423054
2024-09-01 10:00:00,0.0,-0.036867544
2024-09-01 10:15:00,0.0,-0.006293083
2024-09-01 10:30:00,0.0,0.00030241886
2024-09-01 10:45:00,0.0,0.07538554
2024-09-01 11:00:00,0.0,0.04721977
2024-09-01 11:15:00,0.0,0.057001077
2024-09-01 11:30:00,0.0,0.03593872
2024-09-01 11:45:00,0.0,-0.041647844
2024-09-01 12:00:00,0.0,-0.016108481
2024-09-01 12:15:00,0.0,-0.04373663
2024-09-01 12:30:00,0.0,0.008587444
2024-09-01 12:45:00,0.0,0.006504208
2024-09-01 13:00:00,0.0,-0.017796312
2024-09-01 13:15:00,0.0,0.018484479
2024-09-01 13:30:00,0.0,0.047977917
2024-09-01 13:45:00,0.0,0.0794271
2024-09-01 14:00:00,0.0,0.07467838
2024-09-01 14:15:00,0.0,-0.03724916
2024-09-01 14:30:00,0.0,4.999074e-06
2024-09-01 14:45:00,0.0,-0.009471983
2024-09-01 15:00:00,0.0,-0.017914787
2024-09-01 15:15:00,0.0,0.077512845
2024-09-01 15:30:00,0.0,0.08971642
2024-09-01 15:45:00,0.0,0.15866865
2024-09-01 16:00:00,0.0,0.07929153
2024-09-01 16:15:00,0.0,0.13012797
2024-09-01 16:30:00,0.0,0.078615375
2024-09-01 16:45:00,0.0,0.090851106
2024-09-01 17:00:00,0.0,0.013759214
2024-09-01 17:15:00,0.0,-5.8067166e-05
2024-09-01 17:30:00,0.0,0.06527374
2024-09-01 17:45:00,0.0,0.029310632
2024-09-01 18:00:00,0.0,0.00799586
2024-09-01 18:15:00,0.0,0.0035971405
2024-09-01 18:30:00,0.0,-0.01556066
2024-09-01 18:45:00,0.0,0.01209065
2024-09-01 19:00:00,0.0,0.012316913
2024-09-01 19:15:00,0.0,0.009718253
2024-09-01 19:30:00,0.0,-0.034603108
2024-09-01 19:45:00,0.0,0.015716601
2024-09-01 20:00:00,0.0,0.0138302585
2024-09-01 20:15:00,3.999321163,0.06732484
2024-09-01 20:30:00,0.0,0.07014459
2024-09-01 20:45:00,0.0,-0.10404831
2024-09-01 21:00:00,0.0,-0.072472334
2024-09-01 21:15:00,0.0,-0.01188468
2024-09-01 21:30:00,0.0,-0.0044945288
2024-09-01 21:45:00,0.0,-0.0762846
2024-09-01 22:00:00,0.0,0.017498467
2024-09-01 22:15:00,0.0,0.025009446
2024-09-01 22:30:00,0.0,-0.010070472
2024-09-01 22:45:00,0.0,-0.06259304
2024-09-01 23:00:00,0.0,-0.0837487
2024-09-01 23:15:00,0.0,-0.06164496
2024-09-01 23:30:00,0.0,-0.050599072
2024-09-01 23:45:00,0.0,-0.07224856
2024-09-02 00:00:00,0.0,-0.06516963
2024-09-02 00:15:00,0.0,-0.04076306
2024-09-02 00:30:00,0.0,-0.077191696
2024-09-02 00:45:00,0.0,-0.08328781
2024-09-02 01:00:00,1.882858876,-0.08531141
2024-09-02 01:15:00,0.0,-0.012000107
2024-09-02 01:30:00,0.0,-0.061673507
2024-09-02 01:45:00,0.0,-0.031163832
2024-09-02 02:00:00,0.0,-0.13748719
2024-09-02 02:15:00,0.0,0.0044950065
2024-09-02 02:30:00,0.0,0.027666638
2024-09-02 02:45:00,0.0,-0.03405233
2024-09-02 03:00:00,0.0,-0.038451765
2024-09-02 03:15:00,0.0,-0.0626747
2024-09-02 03:30:00,0.0,-0.029116772
2024-09-02 03:45:00,0.0,-0.04577961
2024-09-02 04:00:00,0.0,-0.032431986
2024-09-02 04:15:00,0.0,-0.043059606
2024-09-02 04:30:00,0.0,-0.0039021727
2024-09-02 04:45:00,0.0,-0.038647152
2024-09-02 05:00:00,0.0,-0.078494295
2024-09-02 05:15:00,0.0,-0.05034959
2024-09-02 05:30:00,0.0,-0.07995091
2024-09-02 05:45:00,0.0,-0.030024426
2024-09-02 06:00:00,0.0,-0.0338776
2024-09-02 06:15:00,0.0,-0.123776965
2024-09-02 06:30:00,0.0,-0.03766816
2024-09-02 06:45:00,0.0,0.028997945
2024-09-02 07:00:00,0.0,-0.030539012
2024-09-02 07:15:00,0.0,-0.050540652
2024-09-02 07:30:00,0.0,-0.040372744
2024-09-02 07:45:00,0.0,-0.021946171
2024-09-02 08:00:00,0.0,-0.00020318349
2024-09-02 08:15:00,0.0,0.0009958276
2024-09-02 08:30:00,0.0,-0.0068036527
2024-09-02 08:45:00,0.0,-0.039842628
2024-09-02 09:00:00,0.0,-0.042471785
2024-09-02 09:15:00,0.0,-0.079485
2024-09-02 09:30:00,0.0,-0.08615824
2024-09-02 09:45:00,0.0,-0.062659316
2024-09-02 10:00:00,0.0,-0.07894774
2024-09-02 10:15:00,0.0,-0.06364053
2024-09-02 10:30:00,0.0,-0.11582547
2024-09-02 10:45:00,0.0,-0.075663194
2024-09-02 11:00:00,0.0,-0.06284834
2024-09-02 11:15:00,0.0,0.04252997
2024-09-02 11:30:00,0.0,-0.0024907833
2024-09-02 11:45:00,0.0,0.0065141795
2024-09-02 12:00:00,0.0,0.03206308
2024-09-02 12:15:00,0.0,0.04727717
2024-09-02 12:30:00,0.0,0.008276648
2024-09-02 12:45:00,0.0,0.016680902
2024-09-02 13:00:00,0.0,0.02245342
2024-09-02 13:15:00,0.0,0.071340196
2024-09-02 13:30:00,0.0,-0.007300478
2024-09-02 13:45:00,0.0,0.02636522
2024-09-02 14:00:00,0.0,0.022219405
2024-09-02 14:15:00,0.0,0.025710663
2024-09-02 14:30:00,0.0,0.027020624
2024-09-02 14:45:00,0.0,0.052341785
2024-09-02 15:00:00,0.0,0.08099877
2024-09-02 15:15:00,0.0,0.067703806
2024-09-02 15:30:00,0.0,0.078145124
2024-09-02 15:45:00,0.0,0.03141799
2024-09-02 16:00:00,0.0,0.011832835
2024-09-02 16:15:00,0.0,0.041264996
2024-09-02 16:30:00,0.0,0.025009427
2024-09-02 16:45:00,0.0,0.018417593
2024-09-02 17:00:00,0.0,0.005524668
2024-09-02 17:15:00,0.0,-0.009428483
2024-09-02 17:30:00,0.0,0.076684065
2024-09-02 17:45:00,0.0,0.06857004
2024-09-02 18:00:00,0.0,0.074284345
2024-09-02 18:15:00,5.251439841,0.046617232
2024-09-02 18:30:00,0.0,-0.027204592
2024-09-02 18:45:00,0.0,-0.11871554
2024-09-02 19:00:00,0.0,-0.11536392
2024-09-02 19:15:00,0.0,-0.053174682
2024-09-02 19:30:00,0.0,0.104195125
2024-09-02 19:45:00,0.0,-0.07286085
2024-09-02 20:00:00,0.0,0.059339494
2024-09-02 20:15:00,0.0,0.066269256
2024-09-02 20:30:00,0.0,0.03192487
2024-09-02 20:45:00,0.0,0.08025908
2024-09-02 21:00:00,0.0,0.035620715
2024-09-02 21:15:00,0.0,0.04690363
2024-09-02 21:30:00,0.0,0.08867278
2024-09-02 21:45:00,0.0,0.0323099
2024-09-02 22:00:00,0.0,0.020958155
2024-09-02 22:15:00,0.0,-0.03874069
2024-09-02 22:30:00,0.0,-0.013973937
2024-09-02 22:45:00,0.0,0.017293341
2024-09-02 23:00:00,0.0,0.01769045
2024-09-02 23:15:00,0.0,-0.033387
2024-09-02 23:30:00,0.0,-0.049905192
2024-09-02 23:45:00,0.0,-0.03186313
2024-09-03 00:00:00,0.0,-0.039359473
2024-09-03 00:15:00,0.0,-0.030167086
2024-09-03 00:30:00,0.0,-0.019494718
2024-09-03 00:45:00,0.0,0.08781833
2024-09-03 01:00:00,0.0,-0.05263484
2024-09-03 01:15:00,0.0,-0.0820818
2024-09-03 01:30:00,0.0,-0.053704754
2024-09-03 01:45:00,0.0,-0.039567824
2024-09-03 02:00:00,0.0,-0.034791328
2024-09-03 02:15:00,0.0,-0.034073554
2024-09-03 02:30:00,0.0,-0.03797228
2024-09-03 02:45:00,0.0,-0.08158966
2024-09-03 03:00:00,0.0,-0.08823867
2024-09-03 03:15:00,0.0,-0.06023274
2024-09-03 03:30:00,0.0,-0.06711236
2024-09-03 03:45:00,0.0,0.024887096
2024-09-03 04:00:00,0.0,-0.020006433
2024-09-03 04:15:00,0.0,-0.015029413
2024-09-03 04:30:00,0.0,-0.0108319335
2024-09-03 04:45:00,0.0,-0.011766977
2024-09-03 05:00:00,0.0,-0.040384334
2024-09-03 05:15:00,0.0,-0.03428755
2024-09-03 05:30:00,0.0,-0.030706301
2024-09-03 05:45:00,0.0,-0.014554967
2024-09-03 06:00:00,0.0,0.031496387
2024-09-03 06:15:00,0.0,0.010221165
2024-09-03 06:30:00,0.0,0.04675825
2024-09-03 06:45:00,0.0,0.0065793153
2024-09-03 07:00:00,0.0,0.06320906
2024-09-03 07:15:00,0.0,0.06773922
2024-09-03 07:30:00,0.0,-0.049965717
2024-09-03 07:45:00,0.0,-0.09750162
2024-09-03 08:00:00,0.0,-0.092844315
2024-09-03 08:15:00,0.0,-0.08006907
2024-09-03 08:30:00,0.0,-0.13560517
2024-09-03 08:45:00,0.0,-0.13260919
2024-09-03 09:00:00,0.0,0.14203985
2024-09-03 09:15:00,0.0,0.0521852
2024-09-03 09:30:00,0.0,0.06893001
2024-09-03 09:45:00,0.0,0.014770532
2024-09-03 10:00:00,0.0,-0.01351159
2024-09-03 10:15:00,0.0,-0.08855931
2024-09-03 10:30:00,0.0,-0.11899406
2024-09-03 10:45:00,0.0,-0.058733393
2024-09-03 11:00:00,0.0,-0.06056877
2024-09-03 11:15:00,0.0,-0.1086049
2024-09-03 11:30:00,0.0,-0.06299403
2024-09-03 11:45:00,0.0,-0.06947133
2024-09-03 12:00:00,0.0,-0.09304383
2024-09-03 12:15:00,0.0,-0.05862259
2024-09-03 12:30:00,0.0,-0.08961037
2024-09-03 12:45:00,0.0,-0.03378825
2024-09-03 13:00:00,0.0,-0.00620823
2024-09-03 13:15:00,0.0,-0.014203794
2024-09-03 13:30:00,0.0,0.06938334
2024-09-03 13:45:00,0.0,0.087524205
2024-09-03 14:00:00,0.0,0.1518191
2024-09-03 14:15:00,0.0,0.05695901
2024-09-03 14:30:00,0.0,0.029962894
2024-09-03 14:45:00,0.0,0.030777548
2024-09-03 15:00:00,0.0,-0.006219222
2024-09-03 15:15:00,0.0,-0.029311093
2024-09-03 15:30:00,0.0,-0.05013391
2024-09-03 15:45:00,0.0,-0.05778814
2024-09-03 16:00:00,0.0,-0.09192908
2024-09-03 16:15:00,0.0,-0.13838854
2024-09-03 16:30:00,0.0,-0.072519556
2024-09-03 16:45:00,0.0,-0.092527
2024-09-03 17:00:00,0.0,-0.06919112
2024-09-03 17:15:00,0.0,-0.084611684
2024-09-03 17:30:00,0.0,-0.08343164
2024-09-03 17:45:00,0.0,0.011004224
2024-09-03 18:00:00,0.0,-0.013164895
2024-09-03 18:15:00,0.0,-0.01676176
2024-09-03 18:30:00,0.0,0.06284499
2024-09-03 18:45:00,0.0,0.09007919
2024-09-03 19:00:00,0.0,0.18354183
2024-09-03 19:15:00,0.0,0.028422361
2024-09-03 19:30:00,0.0,-0.0678495
2024-09-03 19:45:00,0.0,0.009863454
2024-09-03 20:00:00,0.0,0.020396711
2024-09-03 20:15:00,0.0,0.035584513
2024-09-03 20:30:00,0.0,0.055840783
2024-09-03 20:45:00,0.0,0.17673223
2024-09-03 21:00:00,0.0,0.07003249
2024-09-03 21:15:00,0.0,0.021768196
2024-09-03 21:30:00,0.0,0.015116644
2024-09-03 21:45:00,0.0,0.024677051
2024-09-03 22:00:00,0.0,0.019153165
2024-09-03 22:15:00,0.0,0.015270302
2024-09-03 22:30:00,0.0,-0.017547509
2024-09-03 22:45:00,0.0,-0.08180644
2024-09-03 23:00:00,0.0,-0.091257535
2024-09-03 23:15:00,0.0,-0.05682707
2024-09-03 23:30:00,0.0,-0.051722355
2024-09-03 23:45:00,0.0,-0.028825536
2024-09-04 00:00:00,0.0,-0.021961072
2024-09-04 00:15:00,0.0,-0.035360042
2024-09-04 00:30:00,0.0,0.00012057661
2024-09-04 00:45:00,0.0,-0.0741325
2024-09-04 01:00:00,0.0,-0.04702962
2024-09-04 01:15:00,0.0,0.04873872
2024-09-04 01:30:00,0.0,-0.0025416154
2024-09-04 01:45:00,0.0,-0.10110669
2024-09-04 02:00:00,0.0,-0.08526116
2024-09-04 02:15:00,0.0,-0.079221174
2024-09-04 02:30:00,0.0,0.003344951
2024-09-04 02:45:00,0.0,0.00940168
2024-09-04 03:00:00,0.0,0.03432613
2024-09-04 03:15:00,0.0,0.09693434
2024-09-04 03:30:00,0.0,0.088589355
2024-09-04 03:45:00,0.0,0.066883266
2024-09-04 04:00:00,0.0,0.08039287
2024-09-04 04:15:00,0.0,0.0661367
2024-09-04 04:30:00,0.0,0.019276561
2024-09-04 04:45:00,0.0,-0.04936941
2024-09-04 05:00:00,0.0,-0.049555015
2024-09-04 05:15:00,0.0,-0.0031090658
2024-09-04 05:30:00,0.0,-0.008059879
2024-09-04 05:45:00,0.0,-0.0058680633
2024-09-04 06:00:00,0.0,-0.0014620059
2024-09-04 06:15:00,0.0,-0.026156576
2024-09-04 06:30:00,0.0,-0.05186668
2024-09-04 06:45:00,0.0,0.0006288506
2024-09-04 07:00:00,0.0,0.017834608
2024-09-04 07:15:00,0.0,-0.067547426
2024-09-04 07:30:00,0.0,-0.034190137
2024-09-04 07:45:00,0.0,-0.054558735
2024-09-04 08:00:00,0.0,-0.012056682
2024-09-04 08:15:00,0.0,-0.0069072642
2024-09-04 08:30:00,0.0,-0.05955521
2024-09-04 08:45:00,0.0,-0.12262488
2024-09-04 09:00:00,0.0,-0.06362756
2024-09-04 09:15:00,0.0,-0.08229932
2024-09-04 09:30:00,0.0,-0.15127692
2024-09-04 09:45:00,0.0,-0.04535325
2024-09-04 10:00:00,0.0,-0.03143207
2024-09-04 10:15:00,0.0,-0.06452888
2024-09-04 10:30:00,0.0,-0.0638479
2024-09-04 10:45:00,0.0,-0.03560778
2024-09-04 11:00:00,0.0,-0.07742457
2024-09-04 11:15:00,0.0,-0.053547785
2024-09-04 11:30:00,0.0,-0.06202312
2024-09-04 11:45:00,0.0,-0.021586306
2024-09-04 12:00:00,0.0,-0.0051393397
2024-09-04 12:15:00,0.0,-0.06969742
2024-09-04 12:30:00,0.0,-0.07281707
2024-09-04 12:45:00,0.0,-0.013131817
2024-09-04 13:00:00,0.0,0.09839396
2024-09-04 13:15:00,0.0,0.0908498
2024-09-04 13:30:00,0.0,0.023681194
2024-09-04 13:45:00,0.0,0.02458515
2024-09-04 14:00:00,0.0,0.007202584
2024-09-04 14:15:00,1.34301859,0.10101882
2024-09-04 14:30:00,0.0,0.10451217
2024-09-04 14:45:00,0.0,-0.041339286
2024-09-04 15:00:00,0.0,-0.089396685
2024-09-04 15:15:00,0.0,-0.11255302
2024-09-04 15:30:00,0.0,-0.022757566
2024-09-04 15:45:00,0.0,0.0028670249
2024-09-04 16:00:00,0.0,0.02154786
2024-09-04 16:15:00,0.0,-0.011776271
2024-09-04 16:30:00,0.0,-0.035715666
2024-09-04 16:45:00,0.0,0.019552672
2024-09-04 17:00:00,0.0,-0.013534299
2024-09-04 17:15:00,0.0,0.00022971959
2024-09-04 17:30:00,0.0,0.012908253
2024-09-04 17:45:00,0.0,-0.018042332
2024-09-04 18:00:00,0.0,-0.0015645074
2024-09-04 18:15:00,0.0,-0.013546604
2024-09-04 18:30:00,0.0,0.020676916
2024-09-04 18:45:00,0.0,-0.009045157
2024-09-04 19:00:00,0.0,-0.073647656
2024-09-04 19:15:00,0.0,-0.04371851
2024-09-04 19:30:00,0.0,0.026721755
2024-09-04 19:45:00,0.0,0.0004466697
2024-09-04 20:00:00,0.0,-0.041417472
2024-09-04 20:15:00,0.0,-0.09582953
2024-09-04 20:30:00,0.0,-0.02855761
2024-09-04 20:45:00,0.0,0.18293512
2024-09-04 21:00:00,0.0,0.17123361
2024-09-04 21:15:00,0.0,0.16187784
2024-09-04 21:30:00,0.0,0.026641738
2024-09-04 21:45:00,0.0,-0.035384323
2024-09-04 22:00:00,0.0,0.061130483
2024-09-04 22:15:00,0.0,0.015067896
2024-09-04 22:30:00,0.0,-0.025351146
2024-09-04 22:45:00,0.0,-0.03192648
2024-09-04 23:00:00,0.0,0.008463175
2024-09-04 23:15:00,0.0,0.04425429
2024-09-04 23:30:00,0.0,0.22427784
2024-09-04 23:45:00,0.0,0.16445161
2024-09-05 00:00:00,0.0,0.06927806
2024-09-05 00:15:00,0.0,0.07676711
2024-09-05 00:30:00,0.0,-0.11137605
2024-09-05 00:45:00,0.0,-0.025864227
2024-09-05 01:00:00,0.0,-0.071082056
2024-09-05 01:15:00,0.0,-0.05013093
2024-09-05 01:30:00,0.0,-0.11057375
2024-09-05 01:45:00,0.0,-0.06751258
2024-09-05 02:00:00,0.0,-0.014104943
2024-09-05 02:15:00,0.0,0.07538253
2024-09-05 02:30:00,0.0,0.045019355
2024-09-05 02:45:00,0.0,0.06783392
2024-09-05 03:00:00,0.0,0.02811956
2024-09-05 03:15:00,0.0,0.029942987
2024-09-05 03:30:00,0.0,-0.03213487
2024-09-05 03:45:00,0.0,-0.039189443
2024-09-05 04:00:00,0.0,-0.05552872
2024-09-05 04:15:00,0.0,0.06274454
2024-09-05 04:30:00,0.0,-0.032455713
2024-09-05 04:45:00,0.0,-0.08581905
2024-09-05 05:00:00,0.0,-0.05058594
2024-09-05 05:15:00,0.0,-0.013338929
2024-09-05 05:30:00,0.0,-0.0030330175
2024-09-05 05:45:00,0.0,-0.019660868
2024-09-05 06:00:00,0.0,-0.011422126
2024-09-05 06:15:00,0.0,-0.12899502
2024-09-05 06:30:00,0.0,-0.08060579
2024-09-05 06:45:00,0.0,0.073926404
2024-09-05 07:00:00,0.0,-0.003126507
2024-09-05 07:15:00,0.0,-0.0771288
2024-09-05 07:30:00,0.0,-0.050436474
2024-09-05 07:45:00,0.0,0.050162714
2024-09-05 08:00:00,0.0,0.050421245
2024-09-05 08:15:00,0.3595696486,-0.008064996
2024-09-05 08:30:00,0.0,0.05502437
2024-09-05 08:45:00,0.0,0.014345639
2024-09-05 09:00:00,0.0,0.06004332
2024-09-05 09:15:00,0.0,0.11826135
2024-09-05 09:30:00,0.0,0.036534417
2024-09-05 09:45:00,0.0,0.044296604
2024-09-05 10:00:00,0.0,0.025143726
2024-09-05 10:15:00,0.0,0.004480068
2024-09-05 10:30:00,0.0,-0.0114277
2024-09-05 10:45:00,0.0,-0.071450114
2024-09-05 11:00:00,0.0,-0.078452386
2024-09-05 11:15:00,0.0,-0.0840167
2024-09-05 11:30:00,0.0,-0.101187885
2024-09-05 11:45:00,0.0,-0.03391523
2024-09-05 12:00:00,0.0,-0.027888453
2024-09-05 12:15:00,0.0,-0.1720178
2024-09-05 12:30:00,0.0,-0.06737849
2024-09-05 12:45:00,0.0,-0.029842
2024-09-05 13:00:00,0.0,-0.08418742
2024-09-05 13:15:00,0.0,-0.032124992
2024-09-05 13:30:00,2.296623583,-0.051879022
2024-09-05 13:45:00,0.0,-0.003886613
2024-09-05 14:00:00,0.0,-0.18209262
2024-09-05 14:15:00,0.0,-0.18360575
2024-09-05 14:30:00,0.0,-0.14506978
2024-09-05 14:45:00,0.0,-0.13015325
2024-09-05 15:00:00,0.0,0.002459427
2024-09-05 15:15:00,0.0,-0.07191111
2024-09-05 15:30:00,0.0,0.06497314
2024-09-05 15:45:00,0.0,-0.0060510156
2024-09-05 16:00:00,0.0,0.006742964
2024-09-05 16:15:00,0.0,0.028805463
2024-09-05 16:30:00,0.0,-0.005129594
2024-09-05 16:45:00,0.0,0.029696159
2024-09-05 17:00:00,0.0,0.013360291
2024-09-05 17:15:00,0.0,0.037251182
2024-09-05 17:30:00,0.0,0.070857964
2024-09-05 17:45:00,0.0,0.017287858
2024-09-05 18:00:00,0.0,0.028309548
2024-09-05 18:15:00,0.0,0.048420604
2024-09-05 18:30:00,0.0,-0.08030564
2024-09-05 18:45:00,0.0,-0.035400823
2024-09-05 19:00:00,0.0,0.061209206
2024-09-05 19:15:00,0.0,0.08223863
2024-09-05 19:30:00,0.0,0.032216873
2024-09-05 19:45:00,0.0,-0.01337129
2024-09-05 20:00:00,0.0,-0.056170236
2024-09-05 20:15:00,0.0,-0.021380175
2024-09-05 20:30:00,0.0,-0.058301054
2024-09-05 20:45:00,0.0,0.0423051
2024-09-05 21:00:00,0.0,-0.012449982
2024-09-05 21:15:00,0.0,-0.02427505
2024-09-05 21:30:00,0.0,-0.05968599
2024-09-05 21:45:00,0.0,-0.13585545
2024-09-05 22:00:00,0.0,-0.0422224
2024-09-05 22:15:00,0.0,0.036766972
2024-09-05 22:30:00,0.0,-0.018341595
2024-09-05 22:45:00,0.0,0.073189154
2024-09-05 23:00:00,0.0,0.16716911
2024-09-05 23:15:00,0.0,0.1264458
2024-09-05 23:30:00,0.0,0.03290185
2024-09-05 23:45:00,0.0,0.14154226
2024-09-06 00:00:00,0.0,0.1749062
2024-09-06 00:15:00,0.0,0.06504532
2024-09-06 00:30:00,0.0,0.08911217
2024-09-06 00:45:00,0.0,0.031156033
2024-09-06 01:00:00,0.0,-0.1381426
2024-09-06 01:15:00,0.0,-0.051600493
2024-09-06 01:30:00,0.0,-0.05510714
2024-09-06 01:45:00,0.0,-0.042929262
2024-09-06 02:00:00,0.0,0.0057704607
2024-09-06 02:15:00,0.0,-0.019480493
2024-09-06 02:30:00,0.0,0.10976392
2024-09-06 02:45:00,0.0,0.07738355
2024-09-06 03:00:00,0.0,-0.058872055
2024-09-06 03:15:00,0.0,0.011165484
2024-09-06 03:30:00,0.0,-0.06837241
2024-09-06 03:45:00,0.0,-0.12460736
2024-09-06 04:00:00,0.0,-0.13381068
2024-09-06 04:15:00,0.0,-0.17443502
2024-09-06 04:30:00,0.0,-0.16107672
2024-09-06 04:45:00,0.0,-0.04053293
2024-09-06 05:00:00,0.0,0.027226737
2024-09-06 05:15:00,0.0,0.0025218162
2024-09-06 05:30:00,0.0,-0.003389449
2024-09-06 05:45:00,0.0,0.10762052
2024-09-06 06:00:00,0.0,0.03083059
2024-09-06 06:15:00,0.0,0.04764523
2024-09-06 06:30:00,0.0,0.07731395
2024-09-06 06:45:00,0.0,0.065194815
2024-09-06 07:00:00,0.0,0.07347098
2024-09-06 07:15:00,0.0,0.09163766
2024-09-06 07:30:00,0.0,0.11838396
2024-09-06 07:45:00,0.0,-0.018098399
2024-09-06 08:00:00,0.0,-0.024387298
2024-09-06 08:15:00,0.0,0.021469206
2024-09-06 08:30:00,1.780200303,0.05346686
2024-09-06 08:45:00,0.0,0.063170604
2024-09-06 09:00:00,0.0,-0.062813
2024-09-06 09:15:00,0.0,0.004382063
2024-09-06 09:30:00,0.0,-0.022718009
2024-09-06 09:45:00,0.0,-0.08353587
2024-09-06 10:00:00,0.0,-0.09990119
2024-09-06 10:15:00,0.0,0.0029648507
2024-09-06 10:30:00,0.0,-0.025519319
2024-09-06 10:45:00,0.0,-0.08515943
2024-09-06 11:00:00,0.0,-0.07763364
2024-09-06 11:15:00,0.0,0.04377089
2024-09-06 11:30:00,0.0,0.05376448
2024-09-06 11:45:00,0.0,-0.045339666
2024-09-06 12:00:00,0.0,0.033748947
2024-09-06 12:15:00,0.0,-0.08821558
2024-09-06 12:30:00,0.0,-0.06416138
2024-09-06 12:45:00,0.0,-0.11372687
2024-09-06 13:00:00,0.0,-0.086597025
2024-09-06 13:15:00,0.0,-0.11009795
2024-09-06 13:30:00,0.0,-0.11022978
2024-09-06 13:45:00,0.0,-0.08672123
2024-09-06 14:00:00,0.0,-0.10502381
2024-09-06 14:15:00,0.0,-0.03004898
2024-09-06 14:30:00,0.0,-0.036220647
2024-09-06 14:45:00,0.0,-0.07965697
2024-09-06 15:00:00,0.0,0.00045244576
2024-09-06 15:15:00,0.0,0.04028649
2024-09-06 15:30:00,0.0,-0.051873755
2024-09-06 15:45:00,0.0,-0.07704666
2024-09-06 16:00:00,0.0,-0.046000693
2024-09-06 16:15:00,0.0,-0.06323256
2024-09-06 16:30:00,0.0,0.0056173294
2024-09-06 16:45:00,0.0,-0.056891736
2024-09-06 17:00:00,0.0,-0.02989961
2024-09-06 17:15:00,0.0,-0.017765343
2024-09-06 17:30:00,0.0,-0.023353891
2024-09-06 17:45:00,0.0,-0.0035513386
2024-09-06 18:00:00,0.0,-0.0072298013
2024-09-06 18:15:00,0.0,0.035968747
2024-09-06 18:30:00,0.0,0.07324961
2024-09-06 18:45:00,0.0,-0.014229665
2024-09-06 19:00:00,0.0,0.04459794
2024-09-06 19:15:00,0.0,0.05184257
2024-09-06 19:30:00,0.0,0.018954419
2024-09-06 19:45:00,0.0,0.04937291
2024-09-06 20:00:00,0.0,0.15644306
2024-09-06 20:15:00,0.0,0.072708555
2024-09-06 20:30:00,0.0,0.117927924
2024-09-06 20:45:00,0.0,0.11768846
2024-09-06 21:00:00,0.0,0.056667022
2024-09-06 21:15:00,0.0,0.065182246
2024-09-06 21:30:00,0.0,-0.013125347
2024-09-06 21:45:00,0.0,-0.05729954
2024-09-06 22:00:00,0.0,0.036790904
2024-09-06 22:15:00,0.0,0.035475243
2024-09-06 22:30:00,0.0,-0.07064847
2024-09-06 22:45:00,0.0,-0.040596787
2024-09-06 23:00:00,0.0,-0.028369201
2024-09-06 23:15:00,0.0,0.04346076
2024-09-06 23:30:00,0.0,0.13419071
2024-09-06 23:45:00,0.0,0.13275065
2024-09-07 00:00:00,0.0,0.1862777
2024-09-07 00:15:00,0.0,0.14208429
2024-09-07 00:30:00,0.0,0.05583485
2024-09-07 00:45:00,0.0,0.022280458
2024-09-07 01:00:00,0.0,0.07454673
2024-09-07 01:15:00,0.0,0.12157911
2024-09-07 01:30:00,0.0,0.13162258
2024-09-07 01:45:00,0.0,0.12695675
2024-09-07 02:00:00,0.0,0.009165163
2024-09-07 02:15:00,0.0,0.042473998
2024-09-07 02:30:00,0.0,0.025617719
2024-09-07 02:45:00,0.0,0.08896683
2024-09-07 03:00:00,0.0,0.054866116
2024-09-07 03:15:00,0.0,0.074440956
2024-09-07 03:30:00,0.0,0.09589032
2024-09-07 03:45:00,0.0,0.11367685
2024-09-07 04:00:00,0.0,0.12348806
2024-09-07 04:15:00,0.0,0.18771526
2024-09-07 04:30:00,0.0,0.0747071
2024-09-07 04:45:00,0.0,0.15686035
2024-09-07 05:00:00,0.0,0.14065379
2024-09-07 05:15:00,0.0,0.14640866
2024-09-07 05:30:00,0.0,0.12202663
2024-09-07 05:45:00,0.0,0.13524093
2024-09-07 06:00:00,0.667249211,0.12158903
2024-09-07 06:15:00,0.0,0.11775239
2024-09-07 06:30:00,0.0,0.08168753
2024-09-07 06:45:00,0.0,0.06988713
2024-09-07 07:00:00,0.0,0.03613597
2024-09-07 07:15:00,0.0,0.017976336
2024-09-07 07:30:00,0.0,-0.088130616
2024-09-07 07:45:00,0.0,-0.047992565
2024-09-07 08:00:00,0.0,0.057159834
2024-09-07 08:15:00,0.0,-0.10320638
2024-09-07 08:30:00,0.0,-0.010919515
2024-09-07 08:45:00,0.0,-0.0015581105
2024-09-07 09:00:00,0.0,-0.0049260017
2024-09-07 09:15:00,0.0,0.020180354
2024-09-07 09:30:00,0.0,0.23698168
2024-09-07 09:45:00,0.0,0.1460755
2024-09-07 10:00:00,0.0,-0.015170559
2024-09-07 10:15:00,0.0,0.0601777
2024-09-07 10:30:00,0.0,0.030501798
2024-09-07 10:45:00,0.0,0.009726569
2024-09-07 11:00:00,0.0,-0.0022489792
2024-09-07 11:15:00,0.0,0.023739241
2024-09-07 11:30:00,0.0,-0.0028787386
2024-09-07 11:45:00,0.0,-0.10215644
2024-09-07 12:00:00,0.0,-0.09002402
2024-09-07 12:15:00,0.0,-0.07057143
2024-09-07 12:30:00,0.0,-0.25043175
2024-09-07 12:45:00,0.0,0.0043233805
2024-09-07 13:00:00,0.0,-0.070598334
2024-09-07 13:15:00,0.0,0.04143839
2024-09-07 13:30:00,0.0,0.046955332
2024-09-07 13:45:00,0.0,0.043320592
2024-09-07 14:00:00,0.0,-0.030328846
2024-09-07 14:15:00,0.0,-0.085296795
2024-09-07 14:30:00,0.0,-0.015517518
2024-09-07 14:45:00,0.0,0.0074676047
2024-09-07 15:00:00,0.0,-0.08028694
2024-09-07 15:15:00,0.0,-0.057017416
2024-09-07 15:30:00,0.0,0.004049197
2024-09-07 15:45:00,0.0,0.1736359
2024-09-07 16:00:00,0.0,0.015288289
2024-09-07 16:15:00,0.0,0.0877699
2024-09-07 16:30:00,0.0,-0.057808492
2024-09-07 16:45:00,0.0,0.008420899
2024-09-07 17:00:00,0.0,-0.056849703
2024-09-07 17:15:00,0.0,0.027316388
2024-09-07 17:30:00,0.0,0.042893242
2024-09-07 17:45:00,0.0,0.10004024
2024-09-07 18:00:00,0.0,0.066497475
2024-09-07 18:15:00,0.0,0.08510355
2024-09-07 18:30:00,0.0,0.1241125
2024-09-07 18:45:00,0.0,0.038949683
2024-09-07 19:00:00,0.0,-0.02414636
2024-09-07 19:15:00,0.0,0.010949136
2024-09-07 19:30:00,0.0,0.038919352
2024-09-07 19:45:00,0.0,0.01654886
2024-09-07 20:00:00,0.0,0.041558765
2024-09-07 20:15:00,0.0,0.011986869
2024-09-07 20:30:00,0.0,0.077217005
2024-09-07 20:45:00,0.0,0.120956235
2024-09-07 21:00:00,0.0,0.0646737
2024-09-07 21:15:00,0.0,0.16781168
2024-09-07 21:30:00,0.0,0.1792061
2024-09-07 21:45:00,0.0,0.25411502
2024-09-07 22:00:00,0.0,0.19077371
2024-09-07 22:15:00,0.0,0.11588136
2024-09-07 22:30:00,0.0,0.1415787
2024-09-07 22:45:00,0.0,0.19285174
2024-09-07 23:00:00,0.0,0.09138948
2024-09-07 23:15:00,0.0,0.12709376
2024-09-07 23:30:00,0.0,0.07599222
2024-09-07 23:45:00,0.0,0.09266211
2024-09-08 00:00:00,0.0,0.15556824
2024-09-08 00:15:00,0.0,0.017759556
2024-09-08 00:30:00,0.0,-0.04507184
2024-09-08 00:45:00,0.0,0.090041116
2024-09-08 01:00:00,0.0,0.19688314
2024-09-08 01:15:00,0.0,0.022076584
2024-09-08 01:30:00,0.0,-0.05030457
2024-09-08 01:45:00,0.0,0.06926413
2024-09-08 02:00:00,0.0,0.082102805
2024-09-08 02:15:00,0.0,0.09834276
2024-09-08 02:30:00,0.0,0.17313114
2024-09-08 02:45:00,0.0,0.03699982
2024-09-08 03:00:00,0.0,0.06421917
2024-09-08 03:15:00,0.0,0.11487622
2024-09-08 03:30:00,0.0,0.08800281
2024-09-08 03:45:00,0.0,0.05131377
2024-09-08 04:00:00,0.0,0.05218981
2024-09-08 04:15:00,0.0,0.12029887
2024-09-08 04:30:00,0.0,0.02057527
2024-09-08 04:45:00,0.0,0.0059627993
2024-09-08 05:00:00,0.0,0.05538476
2024-09-08 05:15:00,0.0,0.070330724
2024-09-08 05:30:00,0.0,0.05556028
2024-09-08 05:45:00,0.0,0.011264359
2024-09-08 06:00:00,0.0,0.0707024
2024-09-08 06:15:00,0.0,0.014273622
2024-09-08 06:30:00,0.0,0.046188217
2024-09-08 06:45:00,0.0,0.06663442
2024-09-08 07:00:00,0.0,0.063325815
2024-09-08 07:15:00,0.0,0.1066952
2024-09-08 07:30:00,0.0,0.13860956
2024-09-08 07:45:00,0.0,0.010359884
2024-09-08 08:00:00,0.0,-0.008434457
2024-09-08 08:15:00,0.0,0.08212934
2024-09-08 08:30:00,0.0,-0.054583795
2024-09-08 08:45:00,0.0,-0.025407251
2024-09-08 09:00:00,0.0,-0.061647516
2024-09-08 09:15:00,0.0,-0.13205215
2024-09-08 09:30:00,0.5043384395,-0.09686312
2024-09-08 09:45:00,0.0,-0.1133402
2024-09-08 10:00:00,0.0,-0.1465232
2024-09-08 10:15:00,0.0,-0.06655735
2024-09-08 10:30:00,0.0,-0.004175105
2024-09-08 10:45:00,0.0,0.025929391
2024-09-08 11:00:00,0.0,-0.0241638
2024-09-08 11:15:00,0.0,0.032784853
2024-09-08 11:30:00,0.0,0.100844085
2024-09-08 11:45:00,0.0,0.038615953
2024-09-08 12:00:00,0.0,0.02895594
2024-09-08 12:15:00,0.0,0.061391357
2024-09-08 12:30:00,0.0,0.019005613
2024-09-08 12:45:00,0.0,0.022909747
2024-09-08 13:00:00,0.0,0.023238324
2024-09-08 13:15:00,0.0,0.032276437
2024-09-08 13:30:00,0.0,0.024523655
2024-09-08 13:45:00,0.0,-0.061038755
2024-09-08 14:00:00,0.0,-0.04013237
2024-09-08 14:15:00,0.0,-0.022891056
2024-09-08 14:30:00,0.0,0.026666487
2024-09-08 14:45:00,0.0,0.07705104
2024-09-08 15:00:00,0.0,0.06337763
2024-09-08 15:15:00,0.0,0.120412596
2024-09-08 15:30:00,0.0,0.05083157
2024-09-08 15:45:00,0.0,0.05712843
2024-09-08 16:00:00,0.0,0.1010264
2024-09-08 16:15:00,0.0,0.059066042
2024-09-08 16:30:00,0.0,0.024813494
2024-09-08 16:45:00,0.0,0.03991524
2024-09-08 17:00:00,0.0,-0.05347073
2024-09-08 17:15:00,0.0,-0.027963936
2024-09-08 17:30:00,0.0,0.009570672
2024-09-08 17:45:00,0.0,-0.005117214
2024-09-08 18:00:00,0.0,0.01433778
2024-09-08 18:15:00,0.0,-0.01840722
2024-09-08 18:30:00,0.0,-0.05066812
2024-09-08 18:45:00,0.0,0.056827303
2024-09-08 19:00:00,0.0,0.08717725
2024-09-08 19:15:00,0.0,0.06376281
2024-09-08 19:30:00,0.0,0.042532906
2024-09-08 19:45:00,0.0,0.072183125
2024-09-08 20:00:00,0.0,0.024911799
2024-09-08 20:15:00,0.0,0.019340295
2024-09-08 20:30:00,0.0,-0.051802825
2024-09-08 20:45:00,0.0,0.028495323
2024-09-08 21:00:00,0.0,0.035485044
2024-09-08 21:15:00,0.0,0.07982388
2024-09-08 21:30:00,0.0,0.044545174
2024-09-08 21:45:00,0.0,0.037275963
2024-09-08 22:00:00,0.0,-0.06896975
2024-09-08 22:15:00,0.0,0.06389967
2024-09-08 22:30:00,0.0,0.029659048
2024-09-08 22:45:00,0.0,0.04175342
2024-09-08 23:00:00,0.0,0.1794712
2024-09-08 23:15:00,0.0,0.1808121
2024-09-08 23:30:00,0.0,0.10271115
2024-09-08 23:45:00,0.0,0.11421282
2024-09-09 00:00:00,0.0,0.15525958
2024-09-09 00:15:00,0.0,0.2106703
2024-09-09 00:30:00,0.0,0.1366557
2024-09-09 00:45:00,0.0,0.090596445
2024-09-09 01:00:00,0.0,0.05469656
2024-09-09 01:15:00,0.0,0.086028285
2024-09-09 01:30:00,0.0,0.17123654
2024-09-09 01:45:00,0.0,0.19753997
2024-09-09 02:00:00,0.0,0.18333332
2024-09-09 02:15:00,0.0,0.25660285
2024-09-09 02:30:00,0.0,0.23217678
2024-09-09 02:45:00,0.0,0.11617995
2024-09-09 03:00:00,0.0,0.10417065
2024-09-09 03:15:00,0.0,0.068845674
2024-09-09 03:30:00,0.0,0.14335735
2024-09-09 03:45:00,0.0,0.1436539
2024-09-09 04:00:00,0.0,0.06371624
2024-09-09 04:15:00,0.0,0.12492046
2024-09-09 04:30:00,0.0,0.08401444
2024-09-09 04:45:00,0.0,0.08901444
2024-09-09 05:00:00,0.0,0.015048573
2024-09-09 05:15:00,0.0,0.051719524
2024-09-09 05:30:00,0.0,0.06374623
2024-09-09 05:45:00,0.0,0.10170719
2024-09-09 06:00:00,0.0,0.057396423
2024-09-09 06:15:00,2.091658323,0.0055891643
2024-09-09 06:30:00,0.0,-0.0077382633
2024-09-09 06:45:00,0.0,-0.06628381
2024-09-09 07:00:00,0.0,0.028647194
2024-09-09 07:15:00,0.0,0.02605508
2024-09-09 07:30:00,0.0,0.071755975
2024-09-09 07:45:00,0.0,-0.09318478
2024-09-09 08:00:00,0.0,-0.070645444
2024-09-09 08:15:00,0.0,-0.029529793
2024-09-09 08:30:00,0.0,0.009298915
2024-09-09 08:45:00,0.0,-0.08092769
2024-09-09 09:00:00,0.0,-0.041360356
2024-09-09 09:15:00,0.0,-0.08012706
2024-09-09 09:30:00,0.0,-0.06485145
2024-09-09 09:45:00,0.0,-0.09548432
2024-09-09 10:00:00,0.0,-0.20313008
2024-09-09 10:15:00,0.0,-0.16192986
2024-09-09 10:30:00,0.0,-0.1819269
2024-09-09 10:45:00,0.0,-0.14030461
2024-09-09 11:00:00,0.0,-0.057100575
2024-09-09 11:15:00,0.0,-0.01999712
2024-09-09 11:30:00,0.0,-0.09302459
2024-09-09 11:45:00,0.0,-0.06355039
2024-09-09 12:00:00,0.0,-0.0053350106
2024-09-09 12:15:00,0.0,-0.123506166
2024-09-09 12:30:00,0.0,-0.14759178
2024-09-09 12:45:00,0.0,-0.2672342
2024-09-09 13:00:00,0.0,-0.13710491
2024-09-09 13:15:00,0.0,-0.09328777
2024-09-09 13:30:00,0.0,-0.049025126
2024-09-09 13:45:00,0.0,-0.04626733
2024-09-09 14:00:00,0.0,0.012610307
2024-09-09 14:15:00,0.0,-0.03700239
2024-09-09 14:30:00,0.0,0.03301216
2024-09-09 14:45:00,0.0,0.052914336
2024-09-09 15:00:00,0.0,0.025952956
2024-09-09 15:15:00,0.0,0.056383226
2024-09-09 15:30:00,0.0,0.049576983
2024-09-09 15:45:00,0.0,0.14089769
2024-09-09 16:00:00,0.0,0.10925846
2024-09-09 16:15:00,0.0,0.052405216
2024-09-09 16:30:00,0.0,0.09458857
2024-09-09 16:45:00,0.0,0.032758955
2024-09-09 17:00:00,0.0,0.045395795
2024-09-09 17:15:00,0.0,0.053973876
2024-09-09 17:30:00,0.0,0.03267196
2024-09-09 17:45:00,0.0,0.023909513
2024-09-09 18:00:00,0.0,0.03572177
2024-09-09 18:15:00,0.0,-0.02770516
2024-09-09 18:30:00,0.0,0.05340135
2024-09-09 18:45:00,0.0,0.16279188
2024-09-09 19:00:00,0.0,0.107637264
2024-09-09 19:15:00,0.0,0.055865243
2024-09-09 19:30:00,2.753196404,0.040784735
2024-09-09 19:45:00,0.0,0.081469856
2024-09-09 20:00:00,0.0,0.042190593
2024-09-09 20:15:00,0.0,0.061063316
2024-09-09 20:30:00,0.0,0.119713105
2024-09-09 20:45:00,0.0,0.010155615
2024-09-09 21:00:00,0.0,0.030314537
2024-09-09 21:15:00,0.0,-0.01782446
2024-09-09 21:30:00,0.0,-0.060312852
2024-09-09 21:45:00,0.0,-0.00060173124
2024-09-09 22:00:00,0.0,-0.018010722
2024-09-09 22:15:00,0.0,-0.10910411
2024-09-09 22:30:00,0.0,-0.12673485
2024-09-09 22:45:00,0.0,-0.059783787
2024-09-09 23:00:00,0.0,-0.080291234
2024-09-09 23:15:00,0.0,-0.098866306
2024-09-09 23:30:00,0.0,-0.0945433
2024-09-09 23:45:00,0.0,-0.13531001
2024-09-10 00:00:00,0.0,-0.037420485
2024-09-10 00:15:00,0.0,-0.07821474
2024-09-10 00:30:00,0.0,-0.14899851
2024-09-10 00:45:00,0.0,-0.2054902
2024-09-10 01:00:00,0.0,-0.21056019
2024-09-10 01:15:00,6.954144242,-0.14445445
2024-09-10 01:30:00,0.0,-0.13682263
2024-09-10 01:45:00,0.0,-0.4135652
2024-09-10 02:00:00,0.0,-0.39861974
2024-09-10 02:15:00,0.0,-0.19160107
2024-09-10 02:30:00,0.0,0.049661864
2024-09-10 02:45:00,0.0,-0.28957585
2024-09-10 03:00:00,0.0,-0.07190764
2024-09-10 03:15:00,0.0,-0.01894445
2024-09-10 03:30:00,0.0,0.007117815
2024-09-10 03:45:00,0.0,-0.06481929
2024-09-10 04:00:00,0.0,0.092845894
2024-09-10 04:15:00,0.0,0.046628755
2024-09-10 04:30:00,0.0,0.003415891
2024-09-10 04:45:00,0.0,-0.029462399
2024-09-10 05:00:00,0.0,0.014718285
2024-09-10 05:15:00,0.0,-0.03606123
2024-09-10 05:30:00,0.0,-0.060329635
2024-09-10 05:45:00,0.0,-0.07318621
2024-09-10 06:00:00,0.0,-0.08077192
2024-09-10 06:15:00,0.0,-0.10696371
2024-09-10 06:30:00,0.0,-0.018814977
2024-09-10 06:45:00,0.0,-0.016761646
2024-09-10 07:00:00,0.0,0.044797212
2024-09-10 07:15:00,0.0,-0.008362359
2024-09-10 07:30:00,0.0,0.0733346
2024-09-10 07:45:00,0.0,-0.012254235
2024-09-10 08:00:00,0.0,0.005557349
2024-09-10 08:15:00,0.0,0.0026585977
2024-09-10 08:30:00,0.0,0.0010600792
2024-09-10 08:45:00,0.0,-0.052043084
2024-09-10 09:00:00,0.0,-0.031059036
2024-09-10 09:15:00,0.0,-0.04325287
2024-09-10 09:30:00,0.0,-0.018087748
2024-09-10 09:45:00,0.0,0.06034936
2024-09-10 10:00:00,0.0,-0.039729618
2024-09-10 10:15:00,0.0,-0.006428943
2024-09-10 10:30:00,0.0,-0.041485123
2024-09-10 10:45:00,0.0,-0.11397169
2024-09-10 11:00:00,0.0,-0.119396985
2024-09-10 11:15:00,0.0,-0.2017259
2024-09-10 11:30:00,0.0,-0.15034223
2024-09-10 11:45:00,0.0,-0.15003029
2024-09-10 12:00:00,0.0,-0.22211948
2024-09-10 12:15:00,0.0,-0.15413643
2024-09-10 12:30:00,0.0,-0.116610594
2024-09-10 12:45:00,0.0,-0.031566314
2024-09-10 13:00:00,0.0,-0.022792391
2024-09-10 13:15:00,0.0,-0.00938205
2024-09-10 13:30:00,0.0,-0.08406478
2024-09-10 13:45:00,0.0,-0.09840756
2024-09-10 14:00:00,0.0,-0.11667067
2024-09-10 14:15:00,0.0,-0.029413199
2024-09-10 14:30:00,0.0,-0.016569935
2024-09-10 14:45:00,0.0,-0.029470488
2024-09-10 15:00:00,0.0,0.022787303
2024-09-10 15:15:00,0.0,-0.064576745
2024-09-10 15:30:00,0.0,-0.04924838
2024-09-10 15:45:00,0.0,-0.08562361
2024-09-10 16:00:00,0.0,-0.10888511
2024-09-10 16:15:00,0.0,-0.16430219
2024-09-10 16:30:00,0.0,-0.07151128
2024-09-10 16:45:00,0.0,-0.07659798
2024-09-10 17:00:00,0.0,-0.103212915
2024-09-10 17:15:00,0.0,-0.2134154
2024-09-10 17:30:00,0.0,-0.2126378
2024-09-10 17:45:00,0.0,-0.28364623
2024-09-10 18:00:00,0.0,-0.27399778
2024-09-10 18:15:00,0.0,-0.13599366
2024-09-10 18:30:00,0.0,-0.15815379
2024-09-10 18:45:00,0.0,-0.23746116
2024-09-10 19:00:00,0.0,-0.078980654
2024-09-10 19:15:00,0.0,-0.11209649
2024-09-10 19:30:00,0.0,-0.07477124
2024-09-10 19:45:00,0.0,-0.093731865
2024-09-10 20:00:00,0.0,-0.09470689
2024-09-10 20:15:00,0.0,-0.0940665
2024-09-10 20:30:00,0.0,0.026625311
2024-09-10 20:45:00,0.0,0.030264415
2024-09-10 21:00:00,0.0,0.024331616
2024-09-10 21:15:00,0.0,0.024763504
2024-09-10 21:30:00,0.0,0.045186955
2024-09-10 21:45:00,0.0,0.0025880432
2024-09-10 22:00:00,0.0,0.074823685
2024-09-10 22:15:00,0.0,0.008472601
2024-09-10 22:30:00,0.0,0.06884267
2024-09-10 22:45:00,0.0,0.07549175
2024-09-10 23:00:00,0.0,0.12094135
2024-09-10 23:15:00,0.0,0.09483539
2024-09-10 23:30:00,0.0,0.051116742
2024-09-10 23:45:00,0.0,0.22676359
2024-09-11 00:00:00,0.0,0.17776655
2024-09-11 00:15:00,0.0,0.13682802
2024-09-11 00:30:00,0.0,0.21122585
2024-09-11 00:45:00,0.0,0.15263416
2024-09-11 01:00:00,0.0,0.13048086
2024-09-11 01:15:00,0.0,0.06259646
2024-09-11 01:30:00,0.0,0.113880314
2024-09-11 01:45:00,0.0,0.008446693
2024-09-11 02:00:00,0.0,0.06715555
2024-09-11 02:15:00,0.0,0.043585934
2024-09-11 02:30:00,0.0,0.023221955
2024-09-11 02:45:00,1.486033162,0.08157064
2024-09-11 03:00:00,0.0,0.03391571
2024-09-11 03:15:00,0.0,-0.06222294
2024-09-11 03:30:00,0.0,-0.10047826
2024-09-11 03:45:00,0.0,-0.10063935
2024-09-11 04:00:00,0.0,-0.06756389
2024-09-11 04:15:00,0.0,-0.07096348
2024-09-11 04:30:00,0.0,-0.049302187
2024-09-11 04:45:00,0.0,0.059737194
2024-09-11 05:00:00,0.0,0.1459849
2024-09-11 05:15:00,0.0,0.1654592
2024-09-11 05:30:00,0.0,0.1340148
2024-09-11 05:45:00,0.0,0.084051594
2024-09-11 06:00:00,0.0,0.03459973
2024-09-11 06:15:00,0.0,-0.0045527406
2024-09-11 06:30:00,7.166098641,0.07027577
2024-09-11 06:45:00,0.0,0.1273693
2024-09-11 07:00:00,0.0,-0.26286072
2024-09-11 07:15:00,0.0,-0.050595082
2024-09-11 07:30:00,0.0,-0.10093275
2024-09-11 07:45:00,0.0,0.59344465
2024-09-11 08:00:00,0.0,-0.12590116
2024-09-11 08:15:00,0.0,0.0334615
2024-09-11 08:30:00,0.0,0.011742224
2024-09-11 08:45:00,0.0,-0.006298361
2024-09-11 09:00:00,0.0,-0.055966116
2024-09-11 09:15:00,0.0,0.11533211
2024-09-11 09:30:00,0.0,-0.009384326
2024-09-11 09:45:00,0.0,-0.012872673
2024-09-11 10:00:00,0.0,-0.1090196
2024-09-11 10:15:00,0.0,-0.07629738
2024-09-11 10:30:00,0.0,-0.0959669
2024-09-11 10:45:00,0.0,-0.079942204
2024-09-11 11:00:00,0.0,-0.15046875
2024-09-11 11:15:00,0.0,-0.15060171
2024-09-11 11:30:00,0.0,-0.123708405
2024-09-11 11:45:00,0.0,-0.1529131
2024-09-11 12:00:00,0.0,-0.15459016
2024-09-11 12:15:00,0.0,-0.14081836
2024-09-11 12:30:00,0.0,-0.071294166
2024-09-11 12:45:00,0.0,-0.092804015
2024-09-11 13:00:00,0.0,-0.06915125
2024-09-11 13:15:00,0.0,-0.022811865
2024-09-11 13:30:00,0.0,-0.002337304
2024-09-11 13:45:00,0.0,-0.030087436
2024-09-11 14:00:00,0.0,-0.0058360035
2024-09-11 14:15:00,0.0,-0.07275181
2024-09-11 14:30:00,0.0,-0.050433274
2024-09-11 14:45:00,0.0,0.011178391
2024-09-11 15:00:00,0.0,-0.0873355
2024-09-11 15:15:00,0.0,-0.032323897
2024-09-11 15:30:00,0.0,-0.013110225
2024-09-11 15:45:00,0.0,-0.017243156
2024-09-11 16:00:00,0.0,0.03179856
2024-09-11 16:15:00,0.0,0.051088907
2024-09-11 16:30:00,0.0,-0.0134490505
2024-09-11 16:45:00,0.0,-0.061878435
2024-09-11 17:00:00,0.0,-0.03977516
2024-09-11 17:15:00,0.0,-0.04313368
2024-09-11 17:30:00,0.0,-0.047435563
2024-09-11 17:45:00,0.0,-0.09559548
2024-09-11 18:00:00,0.0,-0.018186752
2024-09-11 18:15:00,0.0,-0.04742672
2024-09-11 18:30:00,0.0,0.041340273
2024-09-11 18:45:00,0.0,-0.09523564
2024-09-11 19:00:00,0.0,0.010190347
2024-09-11 19:15:00,0.0,-0.0021786506
2024-09-11 19:30:00,0.0,0.11844981
2024-09-11 19:45:00,0.0,0.04935608
2024-09-11 20:00:00,0.0,-0.13576461
2024-09-11 20:15:00,0.0,-0.01798237
2024-09-11 20:30:00,0.0,0.029582577
2024-09-11 20:45:00,0.0,0.05011963
2024-09-11 21:00:00,0.0,-0.052735798
2024-09-11 21:15:00,0.0,-0.079485536
2024-09-11 21:30:00,0.0,-0.082233906
2024-09-11 21:45:00,0.0,-0.07391061
2024-09-11 22:00:00,0.0,0.01546127
2024-09-11 22:15:00,0.0,0.10878419
2024-09-11 22:30:00,0.0,0.017295826
2024-09-11 22:45:00,0.0,-0.037213787
2024-09-11 23:00:00,0.0,-0.06374688
2024-09-11 23:15:00,0.0,-0.009824943
2024-09-11 23:30:00,0.0,0.035524078
2024-09-11 23:45:00,0.0,0.06279558
2024-09-12 00:00:00,0.0,0.054179464
2024-09-12 00:15:00,0.0,0.010342928
2024-09-12 00:30:00,0.0,-0.11981361
2024-09-12 00:45:00,0.0,-0.062001776
2024-09-12 01:00:00,0.0,-0.074076205
2024-09-12 01:15:00,0.0,-0.015217676
2024-09-12 01:30:00,0.0,-0.046264708
2024-09-12 01:45:00,0.0,-0.18409935
2024-09-12 02:00:00,0.0,-0.10030688
2024-09-12 02:15:00,0.0,-0.11770585
2024-09-12 02:30:00,0.0,-0.08037123
2024-09-12 02:45:00,0.0,-0.016986517
2024-09-12 03:00:00,0.0,0.024646355
2024-09-12 03:15:00,0.0,-0.010666008
2024-09-12 03:30:00,0.0,0.054439027
2024-09-12 03:45:00,0.0,0.04255804
2024-09-12 04:00:00,0.0,0.1110167
2024-09-12 04:15:00,0.0,0.0011773312
2024-09-12 04:30:00,0.0,0.12478192
2024-09-12 04:45:00,0.0,0.1604726
2024-09-12 05:00:00,0.0,-0.010485897
2024-09-12 05:15:00,0.0,-0.027906213
2024-09-12 05:30:00,0.0,-0.051333476
2024-09-12 05:45:00,0.0,-0.021594435
2024-09-12 06:00:00,0.0,-0.012485795
2024-09-12 06:15:00,0.0,-0.07097341
2024-09-12 06:30:00,0.0,-0.10592338
2024-09-12 06:45:00,0.0,-0.08749131
2024-09-12 07:00:00,0.0,-0.03168554
2024-09-12 07:15:00,0.0,0.0051427805
2024-09-12 07:30:00,0.0,-0.041208636
2024-09-12 07:45:00,0.0,-0.033841647
2024-09-12 08:00:00,0.0,-0.051765382
2024-09-12 08:15:00,0.0,-0.026124517
2024-09-12 08:30:00,0.0,-0.05216929
2024-09-12 08:45:00,0.0,-0.03559195
2024-09-12 09:00:00,0.0,0.02021248
2024-09-12 09:15:00,0.0,-0.033419188
2024-09-12 09:30:00,0.0,0.07008366
2024-09-12 09:45:00,0.0,0.121816196
2024-09-12 10:00:00,0.0,0.06900191
2024-09-12 10:15:00,0.0,-0.052110855
2024-09-12 10:30:00,0.0,-0.023554454
2024-09-12 10:45:00,0.0,-0.034410987
2024-09-12 11:00:00,0.0,-0.0043669194
2024-09-12 11:15:00,0.0,-0.018471373
2024-09-12 11:30:00,0.0,-0.037422657
2024-09-12 11:45:00,0.0,-0.05026182
2024-09-12 12:00:00,0.0,-0.02345392
2024-09-12 12:15:00,0.0,0.04928088
2024-09-12 12:30:00,0.0,-0.00768722
2024-09-12 12:45:00,0.0,-0.044185318
2024-09-12 13:00:00,0.0,-0.012131414
2024-09-12 13:15:00,0.0,0.012375144
2024-09-12 13:30:00,0.0,-0.055616543
2024-09-12 13:45:00,0.0,-0.042483624
2024-09-12 14:00:00,0.0,0.0047951075
2024-09-12 14:15:00,0.0,-0.07337947
2024-09-12 14:30:00,0.0,-0.10684182
2024-09-12 14:45:00,0.0,-0.090025455
2024-09-12 15:00:00,0.0,-0.10291334
2024-09-12 15:15:00,0.0,-0.05695715
2024-09-12 15:30:00,0.0,-0.054719187
2024-09-12 15:45:00,0.0,-0.05072078
2024-09-12 16:00:00,0.0,0.0025325404
2024-09-12 16:15:00,0.0,-0.01600581
2024-09-12 16:30:00,0.0,-0.025027782
2024-09-12 16:45:00,0.0,0.0743511
2024-09-12 17:00:00,0.0,0.09570383
2024-09-12 17:15:00,0.0,0.10179929
2024-09-12 17:30:00,0.0,0.064928904
2024-09-12 17:45:00,0.0,0.038878545
2024-09-12 18:00:00,0.0,0.067550674
2024-09-12 18:15:00,0.0,0.007957592
2024-09-12 18:30:00,0.0,-0.033062067
2024-09-12 18:45:00,0.0,-0.009359528
2024-09-12 19:00:00,0.0,0.043421656
2024-09-12 19:15:00,0.0,0.17241707
2024-09-12 19:30:00,0.0,0.2241214
2024-09-12 19:45:00,0.0,0.13289873
2024-09-12 20:00:00,0.0,0.12650044
2024-09-12 20:15:00,0.0,0.045391995
2024-09-12 20:30:00,0.0,0.05538585
2024-09-12 20:45:00,0.0,0.05040467
2024-09-12 21:00:00,0.0,0.06301126
2024-09-12 21:15:00,0.0,0.052717727
2024-09-12 21:30:00,0.0,0.05076192
2024-09-12 21:45:00,0.0,-0.008643166
2024-09-12 22:00:00,0.0,0.18028903
2024-09-12 22:15:00,0.0,0.06531668
2024-09-12 22:30:00,0.0,0.034907535
2024-09-12 22:45:00,0.0,0.06236255
2024-09-12 23:00:00,0.0,0.11974283
2024-09-12 23:15:00,0.0,0.17653911
2024-09-12 23:30:00,0.0,0.10288142
2024-09-12 23:45:00,0.0,0.09891276
2024-09-13 00:00:00,0.0,0.15227681
2024-09-13 00:15:00,0.0,-0.0067400783
2024-09-13 00:30:00,0.0,-0.015700076
2024-09-13 00:45:00,0.0,-0.027269004
2024-09-13 01:00:00,0.0,-0.019982181
2024-09-13 01:15:00,0.0,0.059886675
2024-09-13 01:30:00,0.0,0.034586653
2024-09-13 01:45:00,0.0,0.021561641
2024-09-13 02:00:00,0.0,0.029414017
2024-09-13 02:15:00,0.0,0.084612444
2024-09-13 02:30:00,0.0,0.032578412
2024-09-13 02:45:00,0.0,0.15831722
2024-09-13 03:00:00,0.0,0.11463334
2024-09-13 03:15:00,0.0,0.020742165
2024-09-13 03:30:00,0.0,0.006280052
2024-09-13 03:45:00,0.0,-0.123947315
2024-09-13 04:00:00,0.0,-0.02364247
2024-09-13 04:15:00,0.0,0.112461805
2024-09-13 04:30:00,0.0,0.19582029
2024-09-13 04:45:00,0.0,0.15467355
2024-09-13 05:00:00,0.0,0.099801935
2024-09-13 05:15:00,0.0,0.07143594
2024-09-13 05:30:00,0.0,0.04462237
2024-09-13 05:45:00,0.0,0.015408533
2024-09-13 06:00:00,0.0,0.108124495
2024-09-13 06:15:00,0.0,0.12694176
2024-09-13 06:30:00,0.0,0.1931506
2024-09-13 06:45:00,0.0,0.13898058
2024-09-13 07:00:00,0.0,0.11038578
2024-09-13 07:15:00,0.0,0.055878196
2024-09-13 07:30:00,0.0,0.25430256
2024-09-13 07:45:00,0.0,0.064631484
2024-09-13 08:00:00,0.0,-0.1584685
2024-09-13 08:15:00,0.0,-0.08649787
2024-09-13 08:30:00,0.0,0.0990427
2024-09-13 08:45:00,0.0,0.09157842
2024-09-13 09:00:00,0.0,0.18521297
2024-09-13 09:15:00,0.0,0.056662235
2024-09-13 09:30:00,0.0,-0.041299623
2024-09-13 09:45:00,0.0,-0.052050516
2024-09-13 10:00:00,0.0,-0.14330767
2024-09-13 10:15:00,0.0,-0.18814589
2024-09-13 10:30:00,0.0,-0.07579014
2024-09-13 10:45:00,0.0,-0.094623014
2024-09-13 11:00:00,0.0,-0.10981981
2024-09-13 11:15:00,2.539773318,-0.022553729
2024-09-13 11:30:00,0.0,-0.013898096
2024-09-13 11:45:00,0.0,-0.023831366
2024-09-13 12:00:00,0.0,0.05643762
2024-09-13 12:15:00,0.0,-0.035947196
2024-09-13 12:30:00,0.0,0.011841885
2024-09-13 12:45:00,0.0,-0.11112227
2024-09-13 13:00:00,0.0,-0.034006584
2024-09-13 13:15:00,0.0,-0.07154524
2024-09-13 13:30:00,0.0,-0.14632389
2024-09-13 13:45:00,0.0,-0.05552222
2024-09-13 14:00:00,0.0,-0.06502615
2024-09-13 14:15:00,0.0,-0.12498996
2024-09-13 14:30:00,0.0,-0.08857902
2024-09-13 14:45:00,0.0,-0.10290469
2024-09-13 15:00:00,0.0,-0.1351274
2024-09-13 15:15:00,0.0,-0.04128875
2024-09-13 15:30:00,0.0,0.010717755
2024-09-13 15:45:00,2.79974647,0.033838626
2024-09-13 16:00:00,0.0,0.038728252
2024-09-13 16:15:00,0.0,-0.13094571
2024-09-13 16:30:00,0.0,0.010146472
2024-09-13 16:45:00,0.0,0.0015409028
2024-09-13 17:00:00,0.0,0.076407
2024-09-13 17:15:00,0.0,0.04609139
2024-09-13 17:30:00,0.0,0.08146358
2024-09-13 17:45:00,0.0,0.036397062
2024-09-13 18:00:00,0.0,0.08503296
2024-09-13 18:15:00,0.0,0.044523723
2024-09-13 18:30:00,0.0,0.030375628
2024-09-13 18:45:00,0.0,-0.012029382
2024-09-13 19:00:00,0.0,0.038243685
2024-09-13 19:15:00,0.0,0.015099128
2024-09-13 19:30:00,0.0,0.033224802
2024-09-13 19:45:00,0.0,-0.0036676687
2024-09-13 20:00:00,0.0,-0.041729987
2024-09-13 20:15:00,0.0,-0.025377054
2024-09-13 20:30:00,0.0,-0.088675246
2024-09-13 20:45:00,0.0,-0.05639537
2024-09-13 21:00:00,0.0,0.022892626
2024-09-13 21:15:00,0.0,0.026610486
2024-09-13 21:30:00,0.0,-0.0039980514
2024-09-13 21:45:00,2.071027979,0.010182482
2024-09-13 22:00:00,0.0,0.02873615
2024-09-13 22:15:00,0.0,-0.018222272
2024-09-13 22:30:00,0.0,0.014743628
2024-09-13 22:45:00,0.0,-0.012551674
2024-09-13 23:00:00,0.0,-0.013997437
2024-09-13 23:15:00,0.0,0.054701038
2024-09-13 23:30:00,0.0,0.07067179
2024-09-13 23:45:00,0.0,-0.026574466
2024-09-14 00:00:00,0.0,-0.028820598
2024-09-14 00:15:00,0.0,-0.01900885
2024-09-14 00:30:00,0.0,-0.034280762
2024-09-14 00:45:00,0.0,-0.0025967467
2024-09-14 01:00:00,0.0,-0.0151694305
2024-09-14 01:15:00,0.0,-0.0054656398
2024-09-14 01:30:00,0.0,-0.0034228542
2024-09-14 01:45:00,0.0,0.013970144
2024-09-14 02:00:00,0.0,-0.016937638
2024-09-14 02:15:00,0.0,0.00067174766
2024-09-14 02:30:00,0.0,0.042235844
2024-09-14 02:45:00,0.0,0.049268574
2024-09-14 03:00:00,0.0,0.06693922
2024-09-14 03:15:00,0.0,0.10211483
2024-09-14 03:30:00,0.0,0.042676404
2024-09-14 03:45:00,0.0,0.0951721
2024-09-14 04:00:00,0.0,0.105692744
2024-09-14 04:15:00,0.0,0.010436798
2024-09-14 04:30:00,0.0,0.09650661
2024-09-14 04:45:00,0.0,0.067550525
2024-09-14 05:00:00,0.0,0.09835674
2024-09-14 05:15:00,0.0,0.08597961
2024-09-14 05:30:00,0.0,0.21008778
2024-09-14 05:45:00,0.0,0.1255387
2024-09-14 06:00:00,0.0,0.16887225
2024-09-14 06:15:00,0.0,0.006117814
2024-09-14 06:30:00,0.0,0.11169365
2024-09-14 06:45:00,0.0,0.115456805
2024-09-14 07:00:00,0.0,0.16017418
2024-09-14 07:15:00,0.0,0.14404322
2024-09-14 07:30:00,0.0,0.11588599
2024-09-14 07:45:00,0.0,0.09373928
2024-09-14 08:00:00,0.0,0.031770516
2024-09-14 08:15:00,0.0,-0.07963039
2024-09-14 08:30:00,0.0,-0.09428042
2024-09-14 08:45:00,0.0,0.0049015316
2024-09-14 09:00:00,0.0,0.003963318
2024-09-14 09:15:00,0.0,-0.0705344
2024-09-14 09:30:00,0.0,0.0012834074
2024-09-14 09:45:00,0.0,0.024948563
2024-09-14 10:00:00,0.0,0.11017188
2024-09-14 10:15:00,0.0,0.1369977
2024-09-14 10:30:00,0.0,0.04292495
2024-09-14 10:45:00,0.0,0.12896098
2024-09-14 11:00:00,0.0,0.02097096
2024-09-14 11:15:00,0.0,0.14336245
2024-09-14 11:30:00,0.0,0.083598
2024-09-14 11:45:00,0.0,0.08763915
2024-09-14 12:00:00,0.0,0.05429409
2024-09-14 12:15:00,0.0,0.0648271
2024-09-14 12:30:00,0.0,-0.018356852
2024-09-14 12:45:00,0.0,-0.01305897
2024-09-14 13:00:00,0.0,0.007184578
2024-09-14 13:15:00,0.0,-0.015854504
2024-09-14 13:30:00,0.0,-0.050385058
2024-09-14 13:45:00,0.0,-0.024120921
2024-09-14 14:00:00,0.0,-0.017610388
2024-09-14 14:15:00,0.0,0.0039966856
2024-09-14 14:30:00,0.0,0.033761542
2024-09-14 14:45:00,0.0,-0.009432999
2024-09-14 15:00:00,0.0,0.019759333
2024-09-14 15:15:00,0.0,0.011304015
2024-09-14 15:30:00,0.0,0.026414853
2024-09-14 15:45:00,3.242711561,-0.013875388
2024-09-14 16:00:00,0.0,0.027308373
2024-09-14 16:15:00,0.0,-0.021070214
2024-09-14 16:30:00,0.0,0.11782994
2024-09-14 16:45:00,0.0,0.0047166604
2024-09-14 17:00:00,0.0,0.13577007
2024-09-14 17:15:00,0.0,0.08932792
2024-09-14 17:30:00,0.0,0.02321013
2024-09-14 17:45:00,0.0,0.0311007
2024-09-14 18:00:00,0.0,0.14387356
2024-09-14 18:15:00,0.0,0.097704634
2024-09-14 18:30:00,0.0,0.2504474
2024-09-14 18:45:00,0.0,-0.050045624
2024-09-14 19:00:00,0.0,0.20583546
2024-09-14 19:15:00,0.0,0.29033482
2024-09-14 19:30:00,0.0,0.058634702
2024-09-14 19:45:00,0.0,0.10834325
2024-09-14 20:00:00,0.0,0.14931661
2024-09-14 20:15:00,0.0,-0.031383622
2024-09-14 20:30:00,0.0,-0.050316893
2024-09-14 20:45:00,0.0,-0.03433088
2024-09-14 21:00:00,0.0,-0.09226264
2024-09-14 21:15:00,0.0,-0.106860936
2024-09-14 21:30:00,0.0,-0.11491039
2024-09-14 21:45:00,0.0,-0.1318063
2024-09-14 22:00:00,0.0,-0.12779844
2024-09-14 22:15:00,0.0,-0.08555911
2024-09-14 22:30:00,0.0,0.0067851273
2024-09-14 22:45:00,0.0,0.049523927
2024-09-14 23:00:00,0.0,-0.027256623
2024-09-14 23:15:00,0.0,0.0033391372
2024-09-14 23:30:00,0.0,-0.03491618
2024-09-14 23:45:00,0.0,-0.0015232095
2024-09-15 00:00:00,0.0,0.09058891
2024-09-15 00:15:00,0.0,-0.013238045
2024-09-15 00:30:00,0.0,-0.03096739
2024-09-15 00:45:00,0.0,0.014896722
2024-09-15 01:00:00,0.0,0.03716048
2024-09-15 01:15:00,0.0,0.06936192
2024-09-15 01:30:00,0.0,-0.023753343
2024-09-15 01:45:00,0.0,0.062385526
2024-09-15 02:00:00,0.0,0.063582845
2024-09-15 02:15:00,0.0,0.030551223
2024-09-15 02:30:00,0.0,0.042681802
2024-09-15 02:45:00,0.0,0.024940096
2024-09-15 03:00:00,6.168604401,0.06725555
2024-09-15 03:15:00,0.0,0.08080688
2024-09-15 03:30:00,0.0,-0.07980926
2024-09-15 03:45:00,0.0,-0.058127284
2024-09-15 04:00:00,0.0,-0.1192653
2024-09-15 04:15:00,0.0,0.15181552
2024-09-15 04:30:00,0.0,-0.09721782
2024-09-15 04:45:00,0.0,0.12868449
2024-09-15 05:00:00,0.0,0.1047034
2024-09-15 05:15:00,0.0,0.015391872
2024-09-15 05:30:00,0.0,-0.099519335
2024-09-15 05:45:00,0.0,-0.09325108
2024-09-15 06:00:00,0.0,-0.060643733
2024-09-15 06:15:00,0.0,-0.053314984
2024-09-15 06:30:00,0.0,-0.028139288
2024-09-15 06:45:00,0.0,-0.03166812
2024-09-15 07:00:00,0.0,-0.07899753
2024-09-15 07:15:00,0.0,-0.05174149
2024-09-15 07:30:00,0.0,-0.04400255
2024-09-15 07:45:00,6.4607752320000005,-0.024484718
2024-09-15 08:00:00,0.0,-0.012046561
2024-09-15 08:15:00,0.0,-0.20539756
2024-09-15 08:30:00,0.0,0.023830285
2024-09-15 08:45:00,0.0,0.13422516
2024-09-15 09:00:00,0.0,0.6141553
2024-09-15 09:15:00,0.0,-0.072428025
2024-09-15 09:30:00,0.0,0.1659555
2024-09-15 09:45:00,0.0,0.16888796
2024-09-15 10:00:00,0.0,0.20048505
2024-09-15 10:15:00,0.0,-0.0786897
2024-09-15 10:30:00,0.0,-0.06188759
2024-09-15 10:45:00,0.0,-0.066184595
2024-09-15 11:00:00,0.0,-0.09021673
2024-09-15 11:15:00,0.0,-0.021225482
2024-09-15 11:30:00,0.0,0.087032795
2024-09-15 11:45:00,0.0,0.03143323
2024-09-15 12:00:00,0.0,-0.16027686
2024-09-15 12:15:00,0.0,-0.04909357
2024-09-15 12:30:00,0.0,-0.028757382
2024-09-15 12:45:00,0.0,-0.090066954
2024-09-15 13:00:00,0.0,-0.12491656
2024-09-15 13:15:00,0.0,-0.15893415
2024-09-15 13:30:00,0.0,-0.12737413
2024-09-15 13:45:00,0.0,-0.08079546
2024-09-15 14:00:00,0.0,-0.05212617
2024-09-15 14:15:00,0.0,0.012669639
2024-09-15 14:30:00,0.0,-0.0040844334
2024-09-15 14:45:00,0.0,-0.073312365
2024-09-15 15:00:00,0.0,-0.032733038
2024-09-15 15:15:00,0.0,0.0035730957
2024-09-15 15:30:00,0.0,0.01286308
2024-09-15 15:45:00,0.0,0.026914623
2024-09-15 16:00:00,0.0,-0.032734722
2024-09-15 16:15:00,0.0,0.022757744
2024-09-15 16:30:00,0.0,0.001755708
2024-09-15 16:45:00,0.0,0.0106530525
2024-09-15 17:00:00,0.0,0.01776424
2024-09-15 17:15:00,0.0,0.012504795
2024-09-15 17:30:00,0.0,0.01732131
2024-09-15 17:45:00,0.0,0.034406092
2024-09-15 18:00:00,0.0,0.06548903
2024-09-15 18:15:00,0.0,0.041643243
2024-09-15 18:30:00,0.0,-0.025664238
2024-09-15 18:45:00,0.0,0.023567164
2024-09-15 19:00:00,0.0,-0.030133437
2024-09-15 19:15:00,0.0,0.046464723
2024-09-15 19:30:00,0.0,-0.036735337
2024-09-15 19:45:00,0.0,0.022037394
2024-09-15 20:00:00,0.0,0.0026098303
2024-09-15 20:15:00,0.0,0.015418674
2024-09-15 20:30:00,0.0,-0.01585695
2024-09-15 20:45:00,0.0,-0.015392909
2024-09-15 21:00:00,0.0,0.078570426
2024-09-15 21:15:00,0.0,-0.008482471
2024-09-15 21:30:00,0.0,0.046736557
2024-09-15 21:45:00,0.0,0.05137356
2024-09-15 22:00:00,0.0,0.06763308
2024-09-15 22:15:00,0.0,-0.0026659276
2024-09-15 22:30:00,0.0,-0.0077727693
2024-09-15 22:45:00,0.0,0.013166558
2024-09-15 23:00:00,0.0,0.08870452
2024-09-15 23:15:00,0.0,-0.014967805
2024-09-15 23:30:00,0.0,-0.032961465
2024-09-15 23:45:00,0.0,-0.013046561
2024-09-16 00:00:00,0.0,-0.002464443
2024-09-16 00:15:00,0.0,-0.076524675
2024-09-16 00:30:00,0.0,-0.071724944
2024-09-16 00:45:00,0.0,-0.02699973
2024-09-16 01:00:00,0.0,-0.053080555
2024-09-16 01:15:00,0.0,0.00859371
2024-09-16 01:30:00,0.0,0.042712376
2024-09-16 01:45:00,0.0,0.05045928
2024-09-16 02:00:00,0.0,0.05112833
2024-09-16 02:15:00,0.0,0.05816098
2024-09-16 02:30:00,0.0,0.085183606
2024-09-16 02:45:00,0.0,-0.04569757
2024-09-16 03:00:00,0.0,0.007934036
2024-09-16 03:15:00,0.0,-0.059167605
2024-09-16 03:30:00,0.0,-0.030702548
2024-09-16 03:45:00,0.0,0.05685945
2024-09-16 04:00:00,0.0,0.07584296
2024-09-16 04:15:00,0.0,0.093910865
2024-09-16 04:30:00,0.0,-0.0059596524
2024-09-16 04:45:00,0.0,-0.091425724
2024-09-16 05:00:00,0.0,-0.10941134
2024-09-16 05:15:00,0.0,-0.051520206
2024-09-16 05:30:00,0.0,-0.11942739
2024-09-16 05:45:00,0.0,-0.08763933
2024-09-16 06:00:00,0.0,-0.07153897
2024-09-16 06:15:00,0.0,-0.021624848
2024-09-16 06:30:00,0.0,-0.0046356753
2024-09-16 06:45:00,0.0,0.091762535
2024-09-16 07:00:00,0.0,0.045473404
2024-09-16 07:15:00,0.0,-0.0063335155
2024-09-16 07:30:00,0.0,-0.0014343298
2024-09-16 07:45:00,0.0,0.05268791
2024-09-16 08:00:00,0.0,0.106019326
2024-09-16 08:15:00,0.0,0.06676674
2024-09-16 08:30:00,0.0,0.073193446
2024-09-16 08:45:00,0.0,0.029113738
2024-09-16 09:00:00,0.0,0.029123053
2024-09-16 09:15:00,0.0,0.020037105
2024-09-16 09:30:00,0.0,0.06270608
2024-09-16 09:45:00,0.0,0.09512848
2024-09-16 10:00:00,0.0,0.077336214
2024-09-16 10:15:00,0.0,0.019618241
2024-09-16 10:30:00,0.0,0.029864954
2024-09-16 10:45:00,0.0,0.05358085
2024-09-16 11:00:00,0.0,0.007048079
2024-09-16 11:15:00,0.0,-0.016300526
2024-09-16 11:30:00,0.0,0.0051451325
2024-09-16 11:45:00,0.0,0.021389788
2024-09-16 12:00:00,0.0,0.09463052
2024-09-16 12:15:00,0.0,0.06997248
2024-09-16 12:30:00,0.0,-0.020099362
2024-09-16 12:45:00,0.0,-0.0015542441
2024-09-16 13:00:00,0.0,-0.060282797
2024-09-16 13:15:00,0.0,0.009181645
2024-09-16 13:30:00,0.0,0.07327491
2024-09-16 13:45:00,0.0,0.08441928
2024-09-16 14:00:00,0.0,0.081453
2024-09-16 14:15:00,0.0,0.032929726
2024-09-16 14:30:00,0.0,0.07893916
2024-09-16 14:45:00,0.0,0.008863397
2024-09-16 15:00:00,0.0,-0.045743264
2024-09-16 15:15:00,0.0,0.08023418
2024-09-16 15:30:00,0.0,0.07638426
2024-09-16 15:45:00,0.0,0.033171352
2024-09-16 16:00:00,0.0,0.020247767
2024-09-16 16:15:00,0.0,0.009267805
2024-09-16 16:30:00,0.0,-0.08201492
2024-09-16 16:45:00,0.0,0.11122383
2024-09-16 17:00:00,0.0,0.21068692
2024-09-16 17:15:00,0.0,-0.009428813
2024-09-16 17:30:00,0.0,0.05855126
2024-09-16 17:45:00,0.0,-0.14282988
2024-09-16 18:00:00,0.0,-0.030012328
2024-09-16 18:15:00,0.0,-0.028209917
2024-09-16 18:30:00,0.0,-0.012698709
2024-09-16 18:45:00,0.0,0.013006315
2024-09-16 19:00:00,0.0,-0.017122
2024-09-16 19:15:00,0.0,-0.12121165
2024-09-16 19:30:00,0.0,-0.048899762
2024-09-16 19:45:00,0.0,-0.0012442467
2024-09-16 20:00:00,0.0,0.117406376
2024-09-16 20:15:00,0.0,0.01116428
2024-09-16 20:30:00,0.0,0.027985375
2024-09-16 20:45:00,0.0,0.029088281
2024-09-16 21:00:00,0.0,-0.0073411455
2024-09-16 21:15:00,0.0,-0.023335924
2024-09-16 21:30:00,0.0,0.0073284903
2024-09-16 21:45:00,0.0,0.05551251
2024-09-16 22:00:00,0.0,0.063007005
2024-09-16 22:15:00,0.0,0.03755673
2024-09-16 22:30:00,0.0,0.04782015
2024-09-16 22:45:00,0.0,0.07860203
2024-09-16 23:00:00,0.0,0.087668926
2024-09-16 23:15:00,0.0,0.005599531
2024-09-16 23:30:00,0.0,0.004518217
2024-09-16 23:45:00,0.0,0.001514158
2024-09-17 00:00:00,0.0,0.011538011
2024-09-17 00:15:00,0.0,0.024055833
2024-09-17 00:30:00,0.0,0.014276539
2024-09-17 00:45:00,0.0,-0.0048808283
2024-09-17 01:00:00,0.0,-0.002707263
2024-09-17 01:15:00,0.0,-0.030512061
2024-09-17 01:30:00,0.0,-0.03583032
2024-09-17 01:45:00,0.0,0.028806854
2024-09-17 02:00:00,0.0,-0.015658682
2024-09-17 02:15:00,0.0,-0.0067294296
2024-09-17 02:30:00,0.0,-0.0471845
2024-09-17 02:45:00,0.0,0.022006612
2024-09-17 03:00:00,0.0,0.036409307
2024-09-17 03:15:00,0.0,0.016216936
2024-09-17 03:30:00,0.0,0.23211424
2024-09-17 03:45:00,0.0,0.06615211
2024-09-17 04:00:00,0.0,0.18529327
2024-09-17 04:15:00,0.0,0.2450351
2024-09-17 04:30:00,0.0,0.08419116
2024-09-17 04:45:00,0.0,0.092727005
2024-09-17 05:00:00,0.0,0.020643126
2024-09-17 05:15:00,0.0,0.0006198573
2024-09-17 05:30:00,1.7290732920000003,0.034150325
2024-09-17 05:45:00,0.0,-0.037083104
2024-09-17 06:00:00,0.0,-0.031380728
2024-09-17 06:15:00,0.0,-0.037816606
2024-09-17 06:30:00,0.0,-0.17831524
2024-09-17 06:45:00,0.0,-0.10175324
2024-09-17 07:00:00,0.0,-0.04918283
2024-09-17 07:15:00,0.0,-0.047151163
2024-09-17 07:30:00,0.0,-0.09776434
2024-09-17 07:45:00,0.0,0.06394619
2024-09-17 08:00:00,0.0,0.0511892
2024-09-17 08:15:00,0.0,0.3063408
2024-09-17 08:30:00,0.0,0.04233697
2024-09-17 08:45:00,0.0,-0.020904206
2024-09-17 09:00:00,0.0,-0.0026698788
2024-09-17 09:15:00,0.0,-0.017070863
2024-09-17 09:30:00,0.0,0.14964312
2024-09-17 09:45:00,0.0,-0.012756131
2024-09-17 10:00:00,0.0,0.15425798
2024-09-17 10:15:00,0.0,0.06963607
2024-09-17 10:30:00,0.0,0.15921699
2024-09-17 10:45:00,0.0,-0.017145349
2024-09-17 11:00:00,0.0,-0.111713424
2024-09-17 11:15:00,0.0,0.064027786
2024-09-17 11:30:00,0.0,-0.072244905
2024-09-17 11:45:00,0.0,-0.10337515
2024-09-17 12:00:00,0.0,0.028030915
2024-09-17 12:15:00,0.0,-0.07350484
2024-09-17 12:30:00,0.0,0.02402035
2024-09-17 12:45:00,0.0,0.0344179
2024-09-17 13:00:00,0.0,0.120287806
2024-09-17 13:15:00,0.0,0.002033128
2024-09-17 13:30:00,0.0,-0.07559099
2024-09-17 13:45:00,0.0,0.03243354
2024-09-17 14:00:00,0.0,0.15645991
2024-09-17 14:15:00,0.0,-0.047625363
2024-09-17 14:30:00,0.0,-0.09313236
2024-09-17 14:45:00,0.0,0.0069040162
2024-09-17 15:00:00,0.0,0.06599388
2024-09-17 15:15:00,0.0,0.06516424
2024-09-17 15:30:00,0.0,0.048773978
2024-09-17 15:45:00,0.0,0.057629857
2024-09-17 16:00:00,0.0,0.036726523
2024-09-17 16:15:00,0.0,0.09120653
2024-09-17 16:30:00,0.0,0.07014309
2024-09-17 16:45:00,0.0,0.08117312
2024-09-17 17:00:00,0.0,0.014067227
2024-09-17 17:15:00,0.0,0.070555955
2024-09-17 17:30:00,0.0,0.010990527
2024-09-17 17:45:00,0.0,0.03240641
2024-09-17 18:00:00,0.0,0.054570843
2024-09-17 18:15:00,0.0,0.109235756
2024-09-17 18:30:00,0.0,0.09442819
2024-09-17 18:45:00,0.0,0.06083976
2024-09-17 19:00:00,0.0,0.036462743
2024-09-17 19:15:00,0.0,0.028960643
2024-09-17 19:30:00,0.0,0.05684578
2024-09-17 19:45:00,0.0,-0.028138421
2024-09-17 20:00:00,0.0,0.007941863
2024-09-17 20:15:00,0.0,0.012812488
2024-09-17 20:30:00,0.0,-0.07465359
2024-09-17 20:45:00,0.0,-0.008925478
2024-09-17 21:00:00,0.0,-0.057752836
2024-09-17 21:15:00,0.0,0.06948569
2024-09-17 21:30:00,0.0,0.023008635
2024-09-17 21:45:00,0.0,-0.034775373
2024-09-17 22:00:00,0.0,0.0012965776
2024-09-17 22:15:00,0.0,0.101470746
2024-09-17 22:30:00,0.0,0.021266017
2024-09-17 22:45:00,0.0,0.06376007
2024-09-17 23:00:00,0.0,0.07455644
2024-09-17 23:15:00,0.0,0.040757567
2024-09-17 23:30:00,0.0,0.06748113
2024-09-17 23:45:00,0.0,0.13585433
2024-09-18 00:00:00,0.0,0.0031545481
2024-09-18 00:15:00,0.0,0.045666896
2024-09-18 00:30:00,1.7986602579999997,-0.044847175
2024-09-18 00:45:00,0.0,-0.048927873
2024-09-18 01:00:00,0.0,-0.14835042
2024-09-18 01:15:00,0.0,-0.086265594
2024-09-18 01:30:00,0.0,-0.21160476
2024-09-18 01:45:00,0.0,-0.100586295
2024-09-18 02:00:00,0.0,-0.17482461
2024-09-18 02:15:00,0.0,-0.11375959
2024-09-18 02:30:00,0.0,-0.008060584
2024-09-18 02:45:00,0.0,0.014780224
2024-09-18 03:00:00,0.0,0.006260993
2024-09-18 03:15:00,0.0,0.033994954
2024-09-18 03:30:00,0.0,0.045643058
2024-09-18 03:45:00,0.0,0.088378854
2024-09-18 04:00:00,0.0,0.0030176914
2024-09-18 04:15:00,0.0,-0.027391486
2024-09-18 04:30:00,0.0,-0.03948756
2024-09-18 04:45:00,0.0,-0.07280375
2024-09-18 05:00:00,0.0,-0.04547635
2024-09-18 05:15:00,0.0,-0.015891457
2024-09-18 05:30:00,0.0,-0.028312268
2024-09-18 05:45:00,0.0,0.002219467
2024-09-18 06:00:00,0.0,0.010339358
2024-09-18 06:15:00,0.0,0.028461458
2024-09-18 06:30:00,0.0,0.040021393
2024-09-18 06:45:00,0.0,-0.009927444
2024-09-18 07:00:00,0.0,-0.026052983
2024-09-18 07:15:00,0.0,-0.052880764
2024-09-18 07:30:00,0.0,-0.09644131
2024-09-18 07:45:00,0.0,-0.04907997
2024-09-18 08:00:00,0.0,-0.029390132
2024-09-18 08:15:00,0.0,-0.015219204
2024-09-18 08:30:00,0.0,-0.041145694
2024-09-18 08:45:00,0.0,0.004687423
2024-09-18 09:00:00,0.0,-0.06971842
2024-09-18 09:15:00,0.0,-0.019620849
2024-09-18 09:30:00,0.0,0.031944487
2024-09-18 09:45:00,0.0,-0.022981204
2024-09-18 10:00:00,0.0,0.032906365
2024-09-18 10:15:00,0.0,0.0023684825
2024-09-18 10:30:00,0.0,0.10799306
2024-09-18 10:45:00,0.0,0.0012352422
2024-09-18 11:00:00,0.0,-0.047123447
2024-09-18 11:15:00,0.0,0.032029837
2024-09-18 11:30:00,0.0,0.05600797
2024-09-18 11:45:00,0.0,0.03189014
2024-09-18 12:00:00,0.0,-0.016527932
2024-09-18 12:15:00,0.0,-0.06108225
2024-09-18 12:30:00,0.0,-0.029326031
2024-09-18 12:45:00,0.0,-0.038572196
2024-09-18 13:00:00,0.0,0.016258685
2024-09-18 13:15:00,0.0,0.012547108
2024-09-18 13:30:00,0.0,-0.044000614
2024-09-18 13:45:00,0.0,-0.044003606
2024-09-18 14:00:00,0.0,-0.029233256
2024-09-18 14:15:00,0.0,-0.05031324
2024-09-18 14:30:00,0.0,-0.04757733
2024-09-18 14:45:00,0.0,0.052393965
2024-09-18 15:00:00,0.0,-0.05202186
2024-09-18 15:15:00,0.0,-0.061731804
2024-09-18 15:30:00,0.0,-0.015297144
2024-09-18 15:45:00,0.0,0.023410825
2024-09-18 16:00:00,0.0,0.0708746
2024-09-18 16:15:00,0.0,0.059367556
2024-09-18 16:30:00,0.0,0.08597569
2024-09-18 16:45:00,0.02181748016,0.05769183
2024-09-18 17:00:00,0.0,0.046394095
2024-09-18 17:15:00,0.0,-0.029717995
2024-09-18 17:30:00,3.162155756,-0.060546905
2024-09-18 17:45:00,0.0,-0.019225951
2024-09-18 18:00:00,0.0,-0.14205068
2024-09-18 18:15:00,0.0,-0.06418148
2024-09-18 18:30:00,0.0,-0.090905
2024-09-18 18:45:00,0.0,-0.050288152
2024-09-18 19:00:00,0.0,-0.17233506
2024-09-18 19:15:00,0.0,-0.09789427
2024-09-18 19:30:00,0.0,-0.02457168
2024-09-18 19:45:00,0.0,-0.1011725
2024-09-18 20:00:00,0.0,-0.024795799
2024-09-18 20:15:00,2.5768846769999993,-0.051463258
2024-09-18 20:30:00,0.0,-0.055643864
2024-09-18 20:45:00,0.0,-0.23442928
2024-09-18 21:00:00,0.0,-0.071929455
2024-09-18 21:15:00,0.0,0.00020415067
2024-09-18 21:30:00,0.0,0.0626128
2024-09-18 21:45:00,0.0,-0.123955406
2024-09-18 22:00:00,0.0,-0.116018824
2024-09-18 22:15:00,0.0,-0.16100796
2024-09-18 22:30:00,0.0,-0.058540337
2024-09-18 22:45:00,0.0,-0.12369247
2024-09-18 23:00:00,0.0,-0.14066432
2024-09-18 23:15:00,0.0,-0.15839657
2024-09-18 23:30:00,0.0,-0.17943852
2024-09-18 23:45:00,0.0,-0.19479746
2024-09-19 00:00:00,0.0,0.09215935
2024-09-19 00:15:00,0.0,-0.17835641
2024-09-19 00:30:00,0.0,-0.17470947
2024-09-19 00:45:00,0.0,-0.16968562
2024-09-19 01:00:00,0.0,-0.13336855
2024-09-19 01:15:00,0.0,-0.028455917
2024-09-19 01:30:00,0.0,-0.038362112
2024-09-19 01:45:00,0.0,0.017972706
2024-09-19 02:00:00,0.0,-0.0010304763
2024-09-19 02:15:00,0.0,0.0073219617
2024-09-19 02:30:00,0.0,-0.0052239676
2024-09-19 02:45:00,0.0,0.05281846
2024-09-19 03:00:00,0.0,-0.005653992
2024-09-19 03:15:00,0.0,0.00855943
2024-09-19 03:30:00,0.0,0.004673895
2024-09-19 03:45:00,0.0,0.043630995
2024-09-19 04:00:00,0.0,0.045841474
2024-09-19 04:15:00,0.0,0.040715083
2024-09-19 04:30:00,0.0,0.033265967
2024-09-19 04:45:00,0.0,-0.089853555
2024-09-19 05:00:00,0.0,-0.008601963
2024-09-19 05:15:00,0.0,-0.034500133
2024-09-19 05:30:00,0.0,-0.046411414
2024-09-19 05:45:00,0.0,0.112246454
2024-09-19 06:00:00,0.0,0.037553493
2024-09-19 06:15:00,0.0,0.035684124
2024-09-19 06:30:00,0.0,0.0005616828
2024-09-19 06:45:00,0.0,-0.023902994
2024-09-19 07:00:00,0.0,0.054149576
2024-09-19 07:15:00,0.0,0.11997781
2024-09-19 07:30:00,0.0,0.11360309
2024-09-19 07:45:00,0.0,0.14894372
2024-09-19 08:00:00,0.0,0.09584914
2024-09-19 08:15:00,0.0,0.046325836
2024-09-19 08:30:00,0.0,0.0037594722
2024-09-19 08:45:00,0.0,0.005118576
2024-09-19 09:00:00,0.0,-0.012809235
2024-09-19 09:15:00,0.0,0.0504593
2024-09-19 09:30:00,0.0,0.033371914
2024-09-19 09:45:00,0.0,-0.05633506
2024-09-19 10:00:00,0.0,-0.027585633
2024-09-19 10:15:00,0.0,-0.041000783
2024-09-19 10:30:00,0.0,0.005420304
2024-09-19 10:45:00,0.0,-0.03020876
2024-09-19 11:00:00,0.0,-0.06949399
2024-09-19 11:15:00,0.0,-0.07636484
2024-09-19 11:30:00,0.0,0.002891747
2024-09-19 11:45:00,0.0,-0.07922804
2024-09-19 12:00:00,0.0,0.058449812
2024-09-19 12:15:00,0.0,-0.042300593
2024-09-19 12:30:00,0.0,0.019110946
2024-09-19 12:45:00,0.0,0.08800381
2024-09-19 13:00:00,0.0,-0.016653048
2024-09-19 13:15:00,0.0,0.08774123
2024-09-19 13:30:00,0.0,0.13376352
2024-09-19 13:45:00,0.0,0.10449802
2024-09-19 14:00:00,0.0,0.045279466
2024-09-19 14:15:00,0.0,0.07093414
2024-09-19 14:30:00,0.0,-0.020536268
2024-09-19 14:45:00,0.0,-0.07334288
2024-09-19 15:00:00,0.0,-0.12618886
2024-09-19 15:15:00,0.0,-0.16212906
2024-09-19 15:30:00,0.0,-0.056668557
2024-09-19 15:45:00,0.0,-0.03682681
2024-09-19 16:00:00,0.0,-0.04236016
2024-09-19 16:15:00,0.0,-0.02432077
2024-09-19 16:30:00,0.0,0.0063203904
2024-09-19 16:45:00,0.0,0.020749465
2024-09-19 17:00:00,0.0,-0.058138948
2024-09-19 17:15:00,0.0,-0.054661803
2024-09-19 17:30:00,0.0,-0.15437444
2024-09-19 17:45:00,0.0,-0.08904487
2024-09-19 18:00:00,0.0,-0.004799982
2024-09-19 18:15:00,0.0,0.004369326
2024-09-19 18:30:00,0.0,0.011404052
2024-09-19 18:45:00,0.0,-0.043727674
2024-09-19 19:00:00,0.0,-0.027073238
2024-09-19 19:15:00,0.0,-0.0454435
2024-09-19 19:30:00,0.0,-0.08699667
2024-09-19 19:45:00,0.0,-0.03812693
2024-09-19 20:00:00,0.0,-0.014185243
2024-09-19 20:15:00,0.0,-0.02656884
2024-09-19 20:30:00,0.0,-0.025091676
2024-09-19 20:45:00,0.0,-0.0008963853
2024-09-19 21:00:00,0.0,-0.055514794
2024-09-19 21:15:00,0.0,-0.06288843
2024-09-19 21:30:00,0.0,0.08243211
2024-09-19 21:45:00,0.0,0.0561176
2024-09-19 22:00:00,0.0,-0.023886135
2024-09-19 22:15:00,0.0,-0.023649769
2024-09-19 22:30:00,0.0,-0.045419134
2024-09-19 22:45:00,0.0,-0.034976255
2024-09-19 23:00:00,0.0,0.059236795
2024-09-19 23:15:00,0.0,0.028330019
2024-09-19 23:30:00,0.0,0.027109701
2024-09-19 23:45:00,0.0,0.06663177
2024-09-20 00:00:00,0.0,0.18180059
2024-09-20 00:15:00,0.0,0.035464555
2024-09-20 00:30:00,0.0,-0.043457385
2024-09-20 00:45:00,0.0,-0.016123515
2024-09-20 01:00:00,0.0,-0.011727391
2024-09-20 01:15:00,0.0,-0.053020876
2024-09-20 01:30:00,0.0,-0.048352674
2024-09-20 01:45:00,0.0,-0.058907412
2024-09-20 02:00:00,0.0,-0.030089712
2024-09-20 02:15:00,0.0,0.015644034
2024-09-20 02:30:00,0.0,-0.06121418
2024-09-20 02:45:00,0.0,0.060228817
2024-09-20 03:00:00,0.0,0.022883859
2024-09-20 03:15:00,0.0,0.08684246
2024-09-20 03:30:00,0.0,0.08258015
2024-09-20 03:45:00,0.0,0.03138689
2024-09-20 04:00:00,0.0,0.15410547
2024-09-20 04:15:00,0.0,0.18893321
2024-09-20 04:30:00,0.0,0.044374205
2024-09-20 04:45:00,0.0,0.02449186
2024-09-20 05:00:00,0.0,-0.02623936
2024-09-20 05:15:00,0.0,-0.015066911
2024-09-20 05:30:00,0.0,0.026169023
2024-09-20 05:45:00,0.0,0.042995572
2024-09-20 06:00:00,0.0,-0.010881716
2024-09-20 06:15:00,0.0,-0.037647933
2024-09-20 06:30:00,0.0,-0.0006410912
2024-09-20 06:45:00,0.0,-0.008304787
2024-09-20 07:00:00,0.0,0.050266683
2024-09-20 07:15:00,0.0,0.07402589
2024-09-20 07:30:00,0.0,-0.036812898
2024-09-20 07:45:00,0.0,-0.0057992777
2024-09-20 08:00:00,0.0,-0.059663057
2024-09-20 08:15:00,0.0,-0.037134863
2024-09-20 08:30:00,0.0,-0.08857389
2024-09-20 08:45:00,0.0,-0.061105095
2024-09-20 09:00:00,0.0,-0.07485977
2024-09-20 09:15:00,0.0,-0.026522877
2024-09-20 09:30:00,0.0,0.012574258
2024-09-20 09:45:00,0.0,-0.0048849955
2024-09-20 10:00:00,0.0,-0.01165599
2024-09-20 10:15:00,0.0,0.01063086
2024-09-20 10:30:00,0.0,0.008268473
2024-09-20 10:45:00,0.0,-0.0028668854
2024-09-20 11:00:00,0.0,-0.019891232
2024-09-20 11:15:00,0.0,0.019961862
2024-09-20 11:30:00,0.0,0.053661957
2024-09-20 11:45:00,0.0,0.081889234
2024-09-20 12:00:00,0.0,0.066631
2024-09-20 12:15:00,0.0,-0.012193652
2024-09-20 12:30:00,0.0,0.013271636
2024-09-20 12:45:00,0.0,-0.0004382708
2024-09-20 13:00:00,0.0,-0.025067499
2024-09-20 13:15:00,0.0,0.045377452
2024-09-20 13:30:00,0.0,-0.021958852
2024-09-20 13:45:00,0.0,0.06232565
2024-09-20 14:00:00,0.0,0.051938374
2024-09-20 14:15:00,0.0,0.10455481
2024-09-20 14:30:00,0.0,0.06424579
2024-09-20 14:45:00,0.0,0.010686955
2024-09-20 15:00:00,0.0,0.039195172
2024-09-20 15:15:00,0.0,0.054071467
2024-09-20 15:30:00,0.0,-0.015679322
2024-09-20 15:45:00,0.0,0.03365191
2024-09-20 16:00:00,0.0,0.02119695
2024-09-20 16:15:00,0.0,0.11942901
2024-09-20 16:30:00,0.0,0.047018096
2024-09-20 16:45:00,0.0,0.05037404
2024-09-20 17:00:00,0.0,0.073415495
2024-09-20 17:15:00,1.652250623,-0.034529712
2024-09-20 17:30:00,0.0,0.04319514
2024-09-20 17:45:00,0.0,-0.029888323
2024-09-20 18:00:00,0.0,-0.03724171
2024-09-20 18:15:00,0.0,-0.098373145
2024-09-20 18:30:00,0.0,-0.013095244
2024-09-20 18:45:00,0.0,0.0920732
2024-09-20 19:00:00,0.0,0.0017137328
2024-09-20 19:15:00,0.0,-0.05834113
2024-09-20 19:30:00,0.0,-0.028081302
2024-09-20 19:45:00,0.0,-0.042080313
2024-09-20 20:00:00,0.0,-0.06190723
2024-09-20 20:15:00,0.0,0.00049895525
2024-09-20 20:30:00,0.0,-0.026038082
2024-09-20 20:45:00,0.0,-0.06216928
2024-09-20 21:00:00,0.0,-0.073652506
2024-09-20 21:15:00,0.0,-0.09908988
2024-09-20 21:30:00,0.0,-0.01825659
2024-09-20 21:45:00,0.0,0.004917825
2024-09-20 22:00:00,0.0,-0.052381802
2024-09-20 22:15:00,0.0,0.033547603
2024-09-20 22:30:00,0.0,-0.017283862
2024-09-20 22:45:00,0.0,-0.03689109
2024-09-20 23:00:00,0.0,0.0055818926
2024-09-20 23:15:00,0.0,0.014102438
2024-09-20 23:30:00,0.0,0.09655278
2024-09-20 23:45:00,0.0,0.049388386
2024-09-21 00:00:00,0.0,0.13950332
2024-09-21 00:15:00,0.0,0.01215302
2024-09-21 00:30:00,0.0,-0.007806485
2024-09-21 00:45:00,0.0,0.03662594
2024-09-21 01:00:00,0.0,-0.0017793315
2024-09-21 01:15:00,0.0,-0.029169044
2024-09-21 01:30:00,0.0,0.009135671
2024-09-21 01:45:00,0.0,0.06992197
2024-09-21 02:00:00,0.0,0.046715237
2024-09-21 02:15:00,0.0,-0.028706657
2024-09-21 02:30:00,0.0,0.032857582
2024-09-21 02:45:00,0.0,-0.050964225
2024-09-21 03:00:00,0.0,0.08271432
2024-09-21 03:15:00,0.0,-0.056234542
2024-09-21 03:30:00,0.0,0.03287811
2024-09-21 03:45:00,0.0,0.08965354
2024-09-21 04:00:00,0.0,-0.06894598
2024-09-21 04:15:00,0.0,0.047826726
2024-09-21 04:30:00,0.0,0.077031545
2024-09-21 04:45:00,0.0,0.041179746
2024-09-21 05:00:00,0.0,0.06222562
2024-09-21 05:15:00,0.0,0.07857186
2024-09-21 05:30:00,0.0,-0.05113015
2024-09-21 05:45:00,0.0,-0.0881896
2024-09-21 06:00:00,0.0,-0.083727166
2024-09-21 06:15:00,0.0,-0.04878097
2024-09-21 06:30:00,0.0,0.004173429
2024-09-21 06:45:00,0.0,0.006273495
2024-09-21 07:00:00,0.0,0.035799313
2024-09-21 07:15:00,0.0,-0.0050259493
2024-09-21 07:30:00,0.0,0.112991445
2024-09-21 07:45:00,0.0,0.02471293
2024-09-21 08:00:00,0.0,0.04219955
2024-09-21 08:15:00,0.0,0.10498682
2024-09-21 08:30:00,0.0,0.026820268
2024-09-21 08:45:00,0.0,0.054288134
2024-09-21 09:00:00,0.0,0.0026067637
2024-09-21 09:15:00,0.0,0.023865825
2024-09-21 09:30:00,0.0,0.058010776
2024-09-21 09:45:00,0.0,0.07404631
2024-09-21 10:00:00,0.0,0.075749695
2024-09-21 10:15:00,0.0,0.016170915
2024-09-21 10:30:00,0.0,-0.034735728
2024-09-21 10:45:00,0.0,0.020309318
2024-09-21 11:00:00,9.592660722,-0.025304241
2024-09-21 11:15:00,0.0,0.019315045
2024-09-21 11:30:00,0.0,-0.081135474
2024-09-21 11:45:00,0.0,0.0009813781
2024-09-21 12:00:00,0.0,-0.19234544
2024-09-21 12:15:00,0.0,0.14373162
2024-09-21 12:30:00,0.0,-0.17037845
2024-09-21 12:45:00,0.0,0.044481825
2024-09-21 13:00:00,0.0,0.027582914
2024-09-21 13:15:00,0.0,0.0053170123
2024-09-21 13:30:00,0.0,-0.020079188
2024-09-21 13:45:00,0.0,-0.07057549
2024-09-21 14:00:00,0.0,-0.12503666
2024-09-21 14:15:00,0.0,-0.0832529
2024-09-21 14:30:00,0.0,-0.08089298
2024-09-21 14:45:00,0.0,-0.05927224
2024-09-21 15:00:00,0.0,-0.035385694
2024-09-21 15:15:00,0.0,-0.007752581
2024-09-21 15:30:00,0.0,0.036379486
2024-09-21 15:45:00,0.0,0.033395752
2024-09-21 16:00:00,0.0,0.024911724
2024-09-21 16:15:00,0.0,0.08532546
2024-09-21 16:30:00,0.0,0.057925433
2024-09-21 16:45:00,0.0,0.006829191
2024-09-21 17:00:00,0.0,0.0163381
2024-09-21 17:15:00,0.0,-0.0028805446
2024-09-21 17:30:00,0.0,-0.2810099
2024-09-21 17:45:00,0.0,-0.046642136
2024-09-21 18:00:00,0.0,0.0025109036
2024-09-21 18:15:00,0.0,0.048662502
2024-09-21 18:30:00,0.0,0.03965434
2024-09-21 18:45:00,0.0,-0.07183062
2024-09-21 19:00:00,0.0,0.013058281
2024-09-21 19:15:00,6.192490068,0.011475114
2024-09-21 19:30:00,0.0,-0.0070921355
2024-09-21 19:45:00,0.0,-0.23075537
2024-09-21 20:00:00,0.0,-0.20708597
2024-09-21 20:15:00,0.0,-0.12773474
2024-09-21 20:30:00,0.0,0.106855534
2024-09-21 20:45:00,0.0,-0.051494267
2024-09-21 21:00:00,0.0,0.19735503
2024-09-21 21:15:00,0.0,0.16834836
2024-09-21 21:30:00,0.0,0.012560449
2024-09-21 21:45:00,0.0,-0.0045612827
2024-09-21 22:00:00,0.0,-0.02998371
2024-09-21 22:15:00,0.0,-0.009440299
2024-09-21 22:30:00,0.0,-0.014877278
2024-09-21 22:45:00,0.0,-0.045417745
2024-09-21 23:00:00,0.0,-0.06049445
2024-09-21 23:15:00,0.0,0.010008787
2024-09-21 23:30:00,0.0,0.021457342
2024-09-21 23:45:00,0.0,0.082511656
2024-09-22 00:00:00,0.0,0.056109767
2024-09-22 00:15:00,0.0,0.016848445
2024-09-22 00:30:00,0.0,0.022171203
2024-09-22 00:45:00,0.0,0.04462335
2024-09-22 01:00:00,0.0,0.04939392
2024-09-22 01:15:00,0.0,0.040949646
2024-09-22 01:30:00,0.0,0.010071251
2024-09-22 01:45:00,0.0,-0.094377324
2024-09-22 02:00:00,0.0,-0.021583645
2024-09-22 02:15:00,0.0,-0.010775636
2024-09-22 02:30:00,0.0,0.019031845
2024-09-22 02:45:00,0.0,0.014800711
2024-09-22 03:00:00,0.0,0.06580468
2024-09-22 03:15:00,0.0,-0.03860029
2024-09-22 03:30:00,0.0,0.025954518
2024-09-22 03:45:00,0.0,-0.082522295
2024-09-22 04:00:00,0.0,-0.034530126
2024-09-22 04:15:00,0.0,0.06465329
2024-09-22 04:30:00,0.0,0.04916567
2024-09-22 04:45:00,0.0,0.008065643
2024-09-22 05:00:00,0.0,0.027838716
2024-09-22 05:15:00,0.0,0.060904115
2024-09-22 05:30:00,0.0,0.05019389
2024-09-22 05:45:00,0.0,-0.04444875
2024-09-22 06:00:00,0.0,0.07020861
2024-09-22 06:15:00,0.0,-0.06925929
2024-09-22 06:30:00,0.0,-0.04066608
2024-09-22 06:45:00,0.0,-0.05191921
2024-09-22 07:00:00,0.0,-0.06375323
2024-09-22 07:15:00,0.0,0.025911
2024-09-22 07:30:00,0.0,0.018925542
2024-09-22 07:45:00,0.0,-0.017139686
2024-09-22 08:00:00,0.0,-0.015016121
2024-09-22 08:15:00,0.0,0.09310657
2024-09-22 08:30:00,0.0,-0.021467578
2024-09-22 08:45:00,0.0,0.049947485
2024-09-22 09:00:00,0.0,-0.04661302
2024-09-22 09:15:00,0.0,-0.0235688
2024-09-22 09:30:00,0.0,0.041807935
2024-09-22 09:45:00,0.0,0.058191255
2024-09-22 10:00:00,0.0,0.19085744
2024-09-22 10:15:00,0.0,0.04939512
2024-09-22 10:30:00,0.0,0.04974791
2024-09-22 10:45:00,0.0,0.13388573
2024-09-22 11:00:00,0.0,0.107835114
2024-09-22 11:15:00,0.0,0.09758911
2024-09-22 11:30:00,0.0,-0.032059986
2024-09-22 11:45:00,0.0,0.12901132
2024-09-22 12:00:00,0.0,0.05535888
2024-09-22 12:15:00,0.0,0.19482297
2024-09-22 12:30:00,0.0,0.09939687
2024-09-22 12:45:00,0.0,0.07525426
2024-09-22 13:00:00,0.0,-0.06565044
2024-09-22 13:15:00,0.0,-0.04992428
2024-09-22 13:30:00,0.0,0.002255826
2024-09-22 13:45:00,0.0,-0.028477939
2024-09-22 14:00:00,0.0,0.052438464
2024-09-22 14:15:00,0.0,0.071721755
2024-09-22 14:30:00,4.248790462,-0.030311404
2024-09-22 14:45:00,0.0,-0.036875673
2024-09-22 15:00:00,0.0,-0.1822784
2024-09-22 15:15:00,0.0,-0.22384016
2024-09-22 15:30:00,0.0,-0.015834184
2024-09-22 15:45:00,0.0,0.07944953
2024-09-22 16:00:00,0.0,-0.0344429
2024-09-22 16:15:00,0.0,0.10978499
2024-09-22 16:30:00,0.0,0.14759332
2024-09-22 16:45:00,0.0,0.043826554
2024-09-22 17:00:00,0.0,-0.045015942
2024-09-22 17:15:00,0.0,-0.03376938
2024-09-22 17:30:00,0.0,-0.08477206
2024-09-22 17:45:00,0.0,-0.09104501
2024-09-22 18:00:00,0.0,-0.105178654
2024-09-22 18:15:00,0.0,-0.05625825
2024-09-22 18:30:00,0.0,0.02474243
2024-09-22 18:45:00,0.0,0.00659305
2024-09-22 19:00:00,0.0,5.5421962e-05
2024-09-22 19:15:00,0.0,-0.0073646638
2024-09-22 19:30:00,0.0,0.025104666
2024-09-22 19:45:00,0.0,0.05326449
2024-09-22 20:00:00,0.0,0.18672314
2024-09-22 20:15:00,0.5534696322,0.081371695
2024-09-22 20:30:00,0.0,0.113826364
2024-09-22 20:45:00,0.0,0.034327783
2024-09-22 21:00:00,0.0,0.11354033
2024-09-22 21:15:00,0.0,0.011299989
2024-09-22 21:30:00,0.0,-0.025027348
2024-09-22 21:45:00,0.0,-0.035505563
2024-09-22 22:00:00,0.0,-0.00034303174
2024-09-22 22:15:00,0.0,-0.0815041
2024-09-22 22:30:00,0.0,-0.023078654
2024-09-22 22:45:00,0.0,0.01932077
2024-09-22 23:00:00,0.0,0.069308445
2024-09-22 23:15:00,0.0,0.031547867
2024-09-22 23:30:00,0.0,-0.025035985
2024-09-22 23:45:00,0.0,0.02487291
2024-09-23 00:00:00,0.0,0.01545237
2024-09-23 00:15:00,0.0,0.02921466
2024-09-23 00:30:00,0.0,0.08610004
2024-09-23 00:45:00,0.0,0.042884998
2024-09-23 01:00:00,0.0,-0.052039284
2024-09-23 01:15:00,0.0,-0.04518433
2024-09-23 01:30:00,0.0,0.021229686
2024-09-23 01:45:00,0.0,0.0352509
2024-09-23 02:00:00,0.0,0.06475288
2024-09-23 02:15:00,0.0,-0.00053196703
2024-09-23 02:30:00,0.0,0.0069824727
2024-09-23 02:45:00,0.0,0.033735372
2024-09-23 03:00:00,0.0,0.07413839
2024-09-23 03:15:00,0.0,0.04080848
2024-09-23 03:30:00,0.0,0.09884202
2024-09-23 03:45:00,0.0,-0.00022954261
2024-09-23 04:00:00,0.0,-0.057360366
2024-09-23 04:15:00,0.0,-0.06658853
2024-09-23 04:30:00,0.0,-0.024879627
2024-09-23 04:45:00,0.0,0.055676658
2024-09-23 05:00:00,0.0,0.0025116093
2024-09-23 05:15:00,0.0,0.062639594
2024-09-23 05:30:00,0.0,0.10369167
2024-09-23 05:45:00,0.0,0.09056548
2024-09-23 06:00:00,0.0,0.113605976
2024-09-23 06:15:00,0.0,0.099235274
2024-09-23 06:30:00,0.0,0.10941009
2024-09-23 06:45:00,0.0,0.100205734
2024-09-23 07:00:00,0.0,0.09497645
2024-09-23 07:15:00,1.9635451100000003,0.05722037
2024-09-23 07:30:00,0.0,0.024612414
2024-09-23 07:45:00,0.0,-0.036022738
2024-09-23 08:00:00,0.0,-0.047697872
2024-09-23 08:15:00,0.0,-0.02279307
2024-09-23 08:30:00,0.0,0.0011928343
2024-09-23 08:45:00,0.0,-0.0320766
2024-09-23 09:00:00,0.0,0.062430453
2024-09-23 09:15:00,0.0,0.09837956
2024-09-23 09:30:00,0.0,0.027837079
2024-09-23 09:45:00,0.0,0.019998709
2024-09-23 10:00:00,0.0,0.05580042
2024-09-23 10:15:00,0.0,0.010204063
2024-09-23 10:30:00,0.0,-0.015719613
2024-09-23 10:45:00,0.0,0.0631027
2024-09-23 11:00:00,0.0,0.019993555
2024-09-23 11:15:00,0.0,0.071903005
2024-09-23 11:30:00,0.0,-0.048151568
2024-09-23 11:45:00,0.0,-0.08192384
2024-09-23 12:00:00,0.0,-0.03717078
2024-09-23 12:15:00,0.0,-0.00624044
2024-09-23 12:30:00,0.0,-0.057328533
2024-09-23 12:45:00,0.0,-0.03688062
2024-09-23 13:00:00,0.0,-0.046857335
2024-09-23 13:15:00,0.0,-0.0481529
2024-09-23 13:30:00,0.0,-0.011276595
2024-09-23 13:45:00,0.0,-0.018946443
2024-09-23 14:00:00,0.0,-0.01917788
2024-09-23 14:15:00,0.0,0.0100896135
2024-09-23 14:30:00,0.0,-0.014816498
2024-09-23 14:45:00,0.0,-0.008015975
2024-09-23 15:00:00,0.0,0.033186965
2024-09-23 15:15:00,0.0,0.0733926
2024-09-23 15:30:00,0.0,0.0030428087
2024-09-23 15:45:00,0.0,0.0046835095
2024-09-23 16:00:00,0.0,0.06644884
2024-09-23 16:15:00,0.0,0.043452606
2024-09-23 16:30:00,0.0,0.022013988
2024-09-23 16:45:00,0.0,0.019586915
2024-09-23 17:00:00,0.0,0.07286455
2024-09-23 17:15:00,0.0,0.04635765
2024-09-23 17:30:00,0.0,0.04891439
2024-09-23 17:45:00,0.0,0.107306994
2024-09-23 18:00:00,0.0,0.1465642
2024-09-23 18:15:00,0.0,0.13566245
2024-09-23 18:30:00,0.0,0.083784394
2024-09-23 18:45:00,0.0,0.10256125
2024-09-23 19:00:00,0.0,0.08425429
2024-09-23 19:15:00,0.0,0.056736015
2024-09-23 19:30:00,0.0,0.009183582
2024-09-23 19:45:00,0.0,0.069360346
2024-09-23 20:00:00,0.0,0.015546979
2024-09-23 20:15:00,0.0,0.07854589
2024-09-23 20:30:00,0.0,0.08769645
2024-09-23 20:45:00,0.0,0.08118811
2024-09-23 21:00:00,0.0,0.06469238
2024-09-23 21:15:00,0.0,0.056284234
2024-09-23 21:30:00,0.0,0.06860558
2024-09-23 21:45:00,0.6703831711,0.0163197
2024-09-23 22:00:00,0.0,0.053214654
2024-09-23 22:15:00,0.0,0.0012707453
2024-09-23 22:30:00,0.0,0.041874245
2024-09-23 22:45:00,0.0,0.033157766
2024-09-23 23:00:00,0.0,0.07045363
2024-09-23 23:15:00,0.0,0.044214442
2024-09-23 23:30:00,0.0,0.02648626
2024-09-23 23:45:00,0.0,0.03079783
2024-09-24 00:00:00,0.0,-0.01316767
2024-09-24 00:15:00,0.0,0.065935716
2024-09-24 00:30:00,0.0,-0.031388137
2024-09-24 00:45:00,0.0,-0.0891089
2024-09-24 01:00:00,0.0,-0.072437145
2024-09-24 01:15:00,0.0,-0.06598312
2024-09-24 01:30:00,0.0,-0.07036542
2024-09-24 01:45:00,0.0,-0.049754847
2024-09-24 02:00:00,0.0,-0.010057415
2024-09-24 02:15:00,0.0,-0.00033776366
2024-09-24 02:30:00,0.0,0.047412712
2024-09-24 02:45:00,0.0,0.13067824
2024-09-24 03:00:00,0.0,0.13097788
2024-09-24 03:15:00,0.0,0.076984115
2024-09-24 03:30:00,0.0,0.08632614
2024-09-24 03:45:00,0.0,0.067542635
2024-09-24 04:00:00,0.0,0.083413586
2024-09-24 04:15:00,0.0,0.09394001
2024-09-24 04:30:00,0.0,0.1325315
2024-09-24 04:45:00,0.0,0.1012832
2024-09-24 05:00:00,0.0,0.092677124
2024-09-24 05:15:00,0.0,0.06881785
2024-09-24 05:30:00,0.0,0.056164186
2024-09-24 05:45:00,0.0,0.063547
2024-09-24 06:00:00,0.0,0.033029057
2024-09-24 06:15:00,0.0,-0.027812893
2024-09-24 06:30:00,0.0,-0.046420407
2024-09-24 06:45:00,0.0,0.08431146
2024-09-24 07:00:00,0.0,0.053395953
2024-09-24 07:15:00,0.0,0.09388957
2024-09-24 07:30:00,0.0,0.14432119
2024-09-24 07:45:00,0.0,-0.039519526
2024-09-24 08:00:00,0.0,0.01750874
2024-09-24 08:15:00,0.0,-0.07162525
2024-09-24 08:30:00,0.0,-0.060426924
2024-09-24 08:45:00,0.0,-0.07030558
2024-09-24 09:00:00,0.0,-0.051381633
2024-09-24 09:15:00,0.0,0.039526638
2024-09-24 09:30:00,0.0,0.07754638
2024-09-24 09:45:00,0.0,0.056625266
2024-09-24 10:00:00,0.0,0.12456231
2024-09-24 10:15:00,0.0,0.14364114
2024-09-24 10:30:00,0.0,0.2122269
2024-09-24 10:45:00,0.0,-0.04617212
2024-09-24 11:00:00,0.0,0.014327187
2024-09-24 11:15:00,0.0,-0.054202992
2024-09-24 11:30:00,0.0,0.1057191
2024-09-24 11:45:00,0.0,0.17699224
2024-09-24 12:00:00,0.0,0.043301553
2024-09-24 12:15:00,0.0,-0.056805845
2024-09-24 12:30:00,0.0,-0.014299109
2024-09-24 12:45:00,0.0,0.01729226
2024-09-24 13:00:00,0.0,0.0031690258
2024-09-24 13:15:00,0.0,0.101429544
2024-09-24 13:30:00,0.0,0.21521017
2024-09-24 13:45:00,0.0,0.13503912
2024-09-24 14:00:00,0.0,0.1046963
2024-09-24 14:15:00,0.0,0.16342787
2024-09-24 14:30:00,0.0,0.092102215
2024-09-24 14:45:00,0.0,0.1930331
2024-09-24 15:00:00,0.0,0.061155207
2024-09-24 15:15:00,0.0,-0.10051502
2024-09-24 15:30:00,0.0,-0.015586172
2024-09-24 15:45:00,0.0,-0.04701043
2024-09-24 16:00:00,0.0,0.08942643
2024-09-24 16:15:00,0.0,0.109279305
2024-09-24 16:30:00,0.0,0.064942494
2024-09-24 16:45:00,0.0,0.18054442
2024-09-24 17:00:00,0.0,0.076892845
2024-09-24 17:15:00,0.0,0.036952727
2024-09-24 17:30:00,0.0,0.041346576
2024-09-24 17:45:00,0.0,0.020293439
2024-09-24 18:00:00,0.0,0.0070758304
2024-09-24 18:15:00,0.0,-0.04733084
2024-09-24 18:30:00,0.0,0.00069695915
2024-09-24 18:45:00,3.31283382,-0.058310762
2024-09-24 19:00:00,0.0,-0.121775456
2024-09-24 19:15:00,0.0,-0.1188308
2024-09-24 19:30:00,0.0,-0.072771706
2024-09-24 19:45:00,0.0,-0.014499351
2024-09-24 20:00:00,0.0,0.32288924
2024-09-24 20:15:00,0.0,0.20308527
2024-09-24 20:30:00,0.0,0.21393539
2024-09-24 20:45:00,0.0,0.028937107
2024-09-24 21:00:00,0.0,-0.0044775954
2024-09-24 21:15:00,0.0,-0.019685665
2024-09-24 21:30:00,0.0,0.03923216
2024-09-24 21:45:00,0.0,-0.020040525
2024-09-24 22:00:00,0.0,0.11068624
2024-09-24 22:15:00,0.0,-0.050439995
2024-09-24 22:30:00,0.0,-0.018867292
2024-09-24 22:45:00,0.0,0.041287187
2024-09-24 23:00:00,0.0,0.041378554
2024-09-24 23:15:00,0.0,0.07279443
2024-09-24 23:30:00,0.0,0.10085606
2024-09-24 23:45:00,0.0,-0.0035065599
2024-09-25 00:00:00,0.0,-0.047378536
2024-09-25 00:15:00,0.0,-0.08659985
2024-09-25 00:30:00,0.0,-0.01603279
2024-09-25 00:45:00,0.0,-0.05476785
2024-09-25 01:00:00,0.0,-0.038883604
2024-09-25 01:15:00,0.0,0.17337336
2024-09-25 01:30:00,0.0,0.098035105
2024-09-25 01:45:00,0.0,-0.0551798
2024-09-25 02:00:00,0.0,0.09636358
2024-09-25 02:15:00,0.0,0.15425652
2024-09-25 02:30:00,0.0,0.036697432
2024-09-25 02:45:00,0.0,-0.026543101
2024-09-25 03:00:00,0.0,-0.06506679
2024-09-25 03:15:00,0.0,-0.021579852
2024-09-25 03:30:00,0.0,0.062832005
2024-09-25 03:45:00,0.0,0.06821145
2024-09-25 04:00:00,0.0,0.12506887
2024-09-25 04:15:00,0.0,0.0928185
2024-09-25 04:30:00,0.0,0.058962863
2024-09-25 04:45:00,0.0,-0.018657396
2024-09-25 05:00:00,0.0,0.0014279217
2024-09-25 05:15:00,0.0,0.022784537
2024-09-25 05:30:00,0.0,0.007992116
2024-09-25 05:45:00,0.0,0.051303722
2024-09-25 06:00:00,0.0,0.06567922
2024-09-25 06:15:00,0.0,0.025598038
2024-09-25 06:30:00,0.0,0.07123149
2024-09-25 06:45:00,0.0,-0.006811075
2024-09-25 07:00:00,0.0,-0.008455068
2024-09-25 07:15:00,0.0,-0.084448375
2024-09-25 07:30:00,0.0,-0.065414764
2024-09-25 07:45:00,0.0,0.021898843
2024-09-25 08:00:00,2.177582245,-0.08734103
2024-09-25 08:15:00,0.0,-0.0053403163
2024-09-25 08:30:00,0.0,0.030227989
2024-09-25 08:45:00,0.0,-0.059174366
2024-09-25 09:00:00,0.0,-0.06866489
2024-09-25 09:15:00,0.0,-0.008552254
2024-09-25 09:30:00,0.0,0.04642079
2024-09-25 09:45:00,0.0,0.05531343
2024-09-25 10:00:00,0.0,0.035421737
2024-09-25 10:15:00,0.01615535053,0.056880023
2024-09-25 10:30:00,0.0,0.08611519
2024-09-25 10:45:00,0.0,0.006118586
2024-09-25 11:00:00,0.0,-0.050671358
2024-09-25 11:15:00,0.0,-0.11388964
2024-09-25 11:30:00,0.0,-0.016741835
2024-09-25 11:45:00,0.0,-0.12346346
2024-09-25 12:00:00,0.0,-0.080455445
2024-09-25 12:15:00,0.0,-0.10671382
2024-09-25 12:30:00,0.0,-0.026694821
2024-09-25 12:45:00,0.0,-0.044781398
2024-09-25 13:00:00,0.0,-0.027170585
2024-09-25 13:15:00,0.0,-0.036265444
2024-09-25 13:30:00,0.0,-0.057691295
2024-09-25 13:45:00,0.0,-0.033828437
2024-09-25 14:00:00,0.0,-0.067706786
2024-09-25 14:15:00,0.0,-0.02531694
2024-09-25 14:30:00,0.0,-0.059472032
2024-09-25 14:45:00,0.0,0.014821557
2024-09-25 15:00:00,0.0,0.036425978
2024-09-25 15:15:00,0.0,-0.010874266
2024-09-25 15:30:00,0.0,-0.016377397
2024-09-25 15:45:00,0.0,-0.007277534
2024-09-25 16:00:00,0.0,0.029465588
2024-09-25 16:15:00,0.0,0.0041689514
2024-09-25 16:30:00,0.0,0.044664945
2024-09-25 16:45:00,0.0,0.056903034
2024-09-25 17:00:00,0.0,0.09737461
2024-09-25 17:15:00,0.0,0.07900607
2024-09-25 17:30:00,0.0,0.11029411
2024-09-25 17:45:00,0.0,0.09156904
2024-09-25 18:00:00,0.0,0.08622434
2024-09-25 18:15:00,0.0,0.024303405
2024-09-25 18:30:00,0.0,0.0041048597
2024-09-25 18:45:00,0.0,-0.005358068
2024-09-25 19:00:00,0.0,0.08659671
2024-09-25 19:15:00,0.0,0.088457726
2024-09-25 19:30:00,0.0,0.13084218
2024-09-25 19:45:00,0.0,0.056724623
2024-09-25 20:00:00,0.0,-0.010266543
2024-09-25 20:15:00,0.0,0.06330978
2024-09-25 20:30:00,0.0,0.09847205
2024-09-25 20:45:00,0.0,0.1512387
2024-09-25 21:00:00,0.0,0.0900882
2024-09-25 21:15:00,0.0,0.11219731
2024-09-25 21:30:00,0.0,0.057103463
2024-09-25 21:45:00,0.0,0.05365544
2024-09-25 22:00:00,0.0,0.13984396
2024-09-25 22:15:00,0.0,0.114063896
2024-09-25 22:30:00,0.0,0.08386664
2024-09-25 22:45:00,0.4910390298,0.06597915
2024-09-25 23:00:00,0.0,0.0832178
2024-09-25 23:15:00,0.0,0.045001328
2024-09-25 23:30:00,0.0,0.09120588
2024-09-25 23:45:00,0.0,0.009510051
2024-09-26 00:00:00,0.0,0.12747881
2024-09-26 00:15:00,0.0,0.10069455
2024-09-26 00:30:00,0.0,-0.028360376
2024-09-26 00:45:00,0.0,-0.045626134
2024-09-26 01:00:00,0.0,0.024492005
2024-09-26 01:15:00,0.0,-0.030874128
2024-09-26 01:30:00,0.0,-0.07882024
2024-09-26 01:45:00,0.0,-0.010525469
2024-09-26 02:00:00,0.0,0.0051348833
2024-09-26 02:15:00,0.0,-0.05502668
2024-09-26 02:30:00,0.0,0.081710055
2024-09-26 02:45:00,0.0,0.13393539
2024-09-26 03:00:00,0.0,0.08340503
2024-09-26 03:15:00,0.0,0.101751514
2024-09-26 03:30:00,0.0,-0.065325186
2024-09-26 03:45:00,0.0,-0.039404906
2024-09-26 04:00:00,0.0,-0.037954196
2024-09-26 04:15:00,0.0,-0.03422945
2024-09-26 04:30:00,0.0,-0.040161196
2024-09-26 04:45:00,1.371657669,-0.022919653
2024-09-26 05:00:00,0.0,-0.053366497
2024-09-26 05:15:00,0.0,-0.075169824
2024-09-26 05:30:00,0.0,-0.09015355
2024-09-26 05:45:00,0.0,-0.16670352
2024-09-26 06:00:00,0.8363533859,-0.12244898
2024-09-26 06:15:00,0.0,-0.19138236
2024-09-26 06:30:00,0.0,-0.09987616
2024-09-26 06:45:00,0.0,-0.045453493
2024-09-26 07:00:00,0.0,-0.118360735
2024-09-26 07:15:00,0.0,0.010401408
2024-09-26 07:30:00,0.0,0.019626351
2024-09-26 07:45:00,0.0,0.18844
2024-09-26 08:00:00,0.0,0.17315927
2024-09-26 08:15:00,0.0,0.625182
2024-09-26 08:30:00,0.0,0.49645755
2024-09-26 08:45:00,0.0,0.34162158
2024-09-26 09:00:00,0.0,0.50100935
2024-09-26 09:15:00,0.0,0.36791912
2024-09-26 09:30:00,0.0,0.53838164
2024-09-26 09:45:00,0.0,0.19883457
2024-09-26 10:00:00,0.0,-0.05916369
2024-09-26 10:15:00,0.0,0.012802553
2024-09-26 10:30:00,0.0,-0.023041684
2024-09-26 10:45:00,0.0,0.0014337259
2024-09-26 11:00:00,0.0,-0.03744441
2024-09-26 11:15:00,0.0,-0.047706697
2024-09-26 11:30:00,0.0,-0.05811889
2024-09-26 11:45:00,0.0,-0.07730305
2024-09-26 12:00:00,0.0,-0.043234497
2024-09-26 12:15:00,0.0,-0.009926692
2024-09-26 12:30:00,0.0,-0.028706431
2024-09-26 12:45:00,0.0,-0.03660006
2024-09-26 13:00:00,0.0,-0.009501014
2024-09-26 13:15:00,0.0,-0.020594254
2024-09-26 13:30:00,0.0,0.014372774
2024-09-26 13:45:00,0.0,-0.037466995
2024-09-26 14:00:00,0.0,0.022143545
2024-09-26 14:15:00,0.0,0.017984634
2024-09-26 14:30:00,0.0,-0.049525063
2024-09-26 14:45:00,4.087552321,0.11150955
2024-09-26 15:00:00,0.0,0.068308406
2024-09-26 15:15:00,0.0,-0.013862029
2024-09-26 15:30:00,0.0,0.0058846744
2024-09-26 15:45:00,0.0,-0.08041736
2024-09-26 16:00:00,0.0,0.10755118
2024-09-26 16:15:00,0.0,-0.20807412
2024-09-26 16:30:00,0.0,0.028533762
2024-09-26 16:45:00,0.0,-0.0029189829
2024-09-26 17:00:00,0.0,0.008328802
2024-09-26 17:15:00,0.0,-0.025169078
2024-09-26 17:30:00,0.0,0.008861553
2024-09-26 17:45:00,0.0,-0.023107432
2024-09-26 18:00:00,0.0,-0.014059614
2024-09-26 18:15:00,0.0,0.0025411104
2024-09-26 18:30:00,4.097532396,-0.08491886
2024-09-26 18:45:00,0.0,-0.08401265
2024-09-26 19:00:00,0.0,-0.18595873
2024-09-26 19:15:00,0.0,-0.13169447
2024-09-26 19:30:00,0.0,-0.2755551
2024-09-26 19:45:00,0.0,0.29660946
2024-09-26 20:00:00,0.0,-0.10250737
2024-09-26 20:15:00,0.0,-0.051243525
2024-09-26 20:30:00,0.0,0.07941557
2024-09-26 20:45:00,0.0,0.0693423
2024-09-26 21:00:00,0.0,0.051310383
2024-09-26 21:15:00,0.0,0.17765537
2024-09-26 21:30:00,0.0,-0.035440143
2024-09-26 21:45:00,0.0,-0.0010544084
2024-09-26 22:00:00,0.0,-0.091448955
2024-09-26 22:15:00,0.0,-0.107158616
2024-09-26 22:30:00,0.0,0.12741645
2024-09-26 22:45:00,0.0,0.12249935
2024-09-26 23:00:00,0.0,0.08524549
2024-09-26 23:15:00,0.0,0.098977484
2024-09-26 23:30:00,0.0,0.05730551
2024-09-26 23:45:00,0.0,0.092141874
2024-09-27 00:00:00,0.0,0.09286116
2024-09-27 00:15:00,0.0,0.034090172
2024-09-27 00:30:00,0.0,0.03186404
2024-09-27 00:45:00,0.0,0.06513634
2024-09-27 01:00:00,0.0,0.20343162
2024-09-27 01:15:00,0.0,0.023622803
2024-09-27 01:30:00,0.0,-0.016518723
2024-09-27 01:45:00,0.0,0.001809828
2024-09-27 02:00:00,0.0,0.022782693
2024-09-27 02:15:00,0.0,0.03486098
2024-09-27 02:30:00,0.0,0.023022352
2024-09-27 02:45:00,0.0,0.065547206
2024-09-27 03:00:00,0.0,0.015730806
2024-09-27 03:15:00,0.0,-0.08708578
2024-09-27 03:30:00,0.0,-0.019374577
2024-09-27 03:45:00,0.0,-0.08269107
2024-09-27 04:00:00,0.0,-0.065695554
2024-09-27 04:15:00,0.0,-0.07803788
2024-09-27 04:30:00,0.0,-0.11229705
2024-09-27 04:45:00,0.0,0.0068395296
2024-09-27 05:00:00,0.0,0.027730485
2024-09-27 05:15:00,0.0,0.04885613
2024-09-27 05:30:00,0.0,0.038155127
2024-09-27 05:45:00,0.0,0.017196363
2024-09-27 06:00:00,0.0,0.05088948
2024-09-27 06:15:00,0.0,0.08220241
2024-09-27 06:30:00,0.0,-0.025840983
2024-09-27 06:45:00,0.0,0.005594639
2024-09-27 07:00:00,0.0,0.02084651
2024-09-27 07:15:00,0.0,0.026468888
2024-09-27 07:30:00,0.0,0.09239134
2024-09-27 07:45:00,0.0,0.026491936
2024-09-27 08:00:00,0.0,0.05029374
2024-09-27 08:15:00,0.0,0.041453216
2024-09-27 08:30:00,0.0,-0.021337118
2024-09-27 08:45:00,0.0,-0.049210455
2024-09-27 09:00:00,0.0,-0.18781088
2024-09-27 09:15:00,0.0,-0.26686287
2024-09-27 09:30:00,0.0,-0.28671777
2024-09-27 09:45:00,0.0,-0.23600724
2024-09-27 10:00:00,0.0,-0.24315874
2024-09-27 10:15:00,0.0,-0.17894521
2024-09-27 10:30:00,0.0,-0.12011901
2024-09-27 10:45:00,0.0,-0.10153851
2024-09-27 11:00:00,0.0,-0.12603109
2024-09-27 11:15:00,0.0,-0.11760178
2024-09-27 11:30:00,0.0,-0.10559435
2024-09-27 11:45:00,0.0,-0.09559535
2024-09-27 12:00:00,0.0,-0.12309539
2024-09-27 12:15:00,0.0,-0.15120414
2024-09-27 12:30:00,0.4521466805,-0.112529546
2024-09-27 12:45:00,0.0,-0.16550536
2024-09-27 13:00:00,0.0,-0.088360325
2024-09-27 13:15:00,0.0,-0.04009888
2024-09-27 13:30:00,0.0,-0.049100805
2024-09-27 13:45:00,0.0,0.04516675
2024-09-27 14:00:00,0.0,0.071291335
2024-09-27 14:15:00,0.0,0.073756956
2024-09-27 14:30:00,0.0,0.044280283
2024-09-27 14:45:00,0.0,0.057620373
2024-09-27 15:00:00,0.0,0.05234501
2024-09-27 15:15:00,0.0,-0.07699896
2024-09-27 15:30:00,0.0,-0.016294114
2024-09-27 15:45:00,0.0,-0.03821207
2024-09-27 16:00:00,0.0,-0.10420309
2024-09-27 16:15:00,0.0,-0.06528471
2024-09-27 16:30:00,0.0,-0.12915237
2024-09-27 16:45:00,0.0,-0.10947037
2024-09-27 17:00:00,0.0,-0.035319883
2024-09-27 17:15:00,0.0,-0.04910932
2024-09-27 17:30:00,0.0,-0.052888215
2024-09-27 17:45:00,0.0,-0.016681798
2024-09-27 18:00:00,0.0,-0.013320566
2024-09-27 18:15:00,0.0,-0.027548304
2024-09-27 18:30:00,0.0,-0.035628065
2024-09-27 18:45:00,0.0,-0.022982813
2024-09-27 19:00:00,0.0,0.003110461
2024-09-27 19:15:00,0.0,0.06936551
2024-09-27 19:30:00,0.0,0.03300155
2024-09-27 19:45:00,0.0,0.01959937
2024-09-27 20:00:00,0.0,0.014807089
2024-09-27 20:15:00,0.0,0.022769522
2024-09-27 20:30:00,0.0,0.03151684
2024-09-27 20:45:00,0.0,0.016799884
2024-09-27 21:00:00,0.0,0.045161612
2024-09-27 21:15:00,0.0,0.00788
2024-09-27 21:30:00,0.0,0.011292605
2024-09-27 21:45:00,0.0,0.13287745
2024-09-27 22:00:00,0.0,0.13456024
2024-09-27 22:15:00,0.0,0.029329127
2024-09-27 22:30:00,0.0,0.02476051
2024-09-27 22:45:00,0.0,0.0044518085
2024-09-27 23:00:00,0.0,-0.02394318
2024-09-27 23:15:00,0.0,0.11976358
2024-09-27 23:30:00,0.0,0.06719766
2024-09-27 23:45:00,0.0,0.032874294
2024-09-28 00:00:00,0.0,0.033875372
2024-09-28 00:15:00,0.0,-0.036186714
2024-09-28 00:30:00,0.0,0.01650783
2024-09-28 00:45:00,0.0,-0.015030201
2024-09-28 01:00:00,0.0,0.016475935
2024-09-28 01:15:00,0.0,0.010208477
2024-09-28 01:30:00,0.0,-0.05940553
2024-09-28 01:45:00,0.0,-0.046385955
2024-09-28 02:00:00,0.0,0.023777077
2024-09-28 02:15:00,0.0,0.08891142
2024-09-28 02:30:00,0.0,0.047525298
2024-09-28 02:45:00,0.0,0.0198011
2024-09-28 03:00:00,0.0,0.05633553
2024-09-28 03:15:00,0.0,0.08669682
2024-09-28 03:30:00,0.0,-0.025118383
2024-09-28 03:45:00,0.0,0.040076915
2024-09-28 04:00:00,0.0,0.008235938
2024-09-28 04:15:00,0.0,0.0015741668
2024-09-28 04:30:00,0.0,0.049993064
2024-09-28 04:45:00,0.0,0.05215473
2024-09-28 05:00:00,0.0,0.025410788
2024-09-28 05:15:00,0.0,0.07132954
2024-09-28 05:30:00,0.0,0.025664868
2024-09-28 05:45:00,0.0,-0.06437237
2024-09-28 06:00:00,0.0,-0.060170427
2024-09-28 06:15:00,0.0,-0.042178977
2024-09-28 06:30:00,0.0,0.052708413
2024-09-28 06:45:00,0.0,0.056325156
2024-09-28 07:00:00,0.0,-0.051171962
2024-09-28 07:15:00,0.0,0.0024811204
2024-09-28 07:30:00,0.0,0.0083767595
2024-09-28 07:45:00,0.0,0.0016995467
2024-09-28 08:00:00,0.0,0.011435115
2024-09-28 08:15:00,0.0,-0.045878023
2024-09-28 08:30:00,0.0,-0.07670484
2024-09-28 08:45:00,0.0,-0.026599357
2024-09-28 09:00:00,0.0,0.061174292
2024-09-28 09:15:00,0.0,0.026722291
2024-09-28 09:30:00,0.0,0.0546021
2024-09-28 09:45:00,0.0,0.0475219
2024-09-28 10:00:00,0.0,-0.017362438
2024-09-28 10:15:00,0.0,0.040870473
2024-09-28 10:30:00,0.0,0.05932242
2024-09-28 10:45:00,0.0,0.06707164
2024-09-28 11:00:00,0.0,0.074779056
2024-09-28 11:15:00,0.0,0.065635554
2024-09-28 11:30:00,0.0,0.1746166
2024-09-28 11:45:00,0.0,0.0033312445
2024-09-28 12:00:00,0.0,0.05134818
2024-09-28 12:15:00,0.0,0.014965893
2024-09-28 12:30:00,0.0,0.0056400667
2024-09-28 12:45:00,0.0,0.0329122
2024-09-28 13:00:00,0.0,0.077806816
2024-09-28 13:15:00,0.0,0.16789721
2024-09-28 13:30:00,0.0,0.09547173
2024-09-28 13:45:00,0.0,0.013598064
2024-09-28 14:00:00,0.0,0.032841165
2024-09-28 14:15:00,0.0,0.09470279
2024-09-28 14:30:00,0.0,0.08522428
2024-09-28 14:45:00,0.0,0.07818206
2024-09-28 15:00:00,0.0,0.09153836
2024-09-28 15:15:00,0.0,0.033646785
2024-09-28 15:30:00,0.0,0.04983633
2024-09-28 15:45:00,0.0,0.085465245
2024-09-28 16:00:00,0.0,0.11232001
2024-09-28 16:15:00,0.0,0.09357432
2024-09-28 16:30:00,0.0,0.033629883
2024-09-28 16:45:00,0.0,0.094851434
2024-09-28 17:00:00,0.0,-0.0001759683
2024-09-28 17:15:00,0.0,-0.009673769
2024-09-28 17:30:00,0.0,0.025747672
2024-09-28 17:45:00,0.0,0.043171976
2024-09-28 18:00:00,0.0,0.012053567
2024-09-28 18:15:00,0.0,0.038187657
2024-09-28 18:30:00,0.0,0.07736926
2024-09-28 18:45:00,0.0,0.07095627
2024-09-28 19:00:00,0.0,0.07825566
2024-09-28 19:15:00,0.0,0.035256695
2024-09-28 19:30:00,0.0,0.03392265
2024-09-28 19:45:00,0.0,0.12664917
2024-09-28 20:00:00,0.0,0.045124095
2024-09-28 20:15:00,0.0,0.037520766
2024-09-28 20:30:00,0.0,0.045047652
2024-09-28 20:45:00,0.0,0.06776416
2024-09-28 21:00:00,0.0,0.09333106
2024-09-28 21:15:00,0.0,0.11814503
2024-09-28 21:30:00,0.0,0.103894316
2024-09-28 21:45:00,0.0,0.037988335
2024-09-28 22:00:00,0.0,0.11307681
2024-09-28 22:15:00,0.0,0.11972447
2024-09-28 22:30:00,0.0,0.06268167
2024-09-28 22:45:00,0.0,0.10864954
2024-09-28 23:00:00,0.0,0.15193653
2024-09-28 23:15:00,0.0,0.084944114
2024-09-28 23:30:00,0.0,0.07099475
2024-09-28 23:45:00,0.0,0.014859567
2024-09-29 00:00:00,0.0,0.0037898952
2024-09-29 00:15:00,0.0,0.020021848
2024-09-29 00:30:00,0.0,-0.06832231
2024-09-29 00:45:00,0.0,-0.029348478
2024-09-29 01:00:00,0.0,0.008191267
2024-09-29 01:15:00,0.0,0.069365
2024-09-29 01:30:00,0.0,0.023533918
2024-09-29 01:45:00,0.0,-0.015229994
2024-09-29 02:00:00,0.0,0.0043760613
2024-09-29 02:15:00,0.0,0.0066158534
2024-09-29 02:30:00,0.0,0.17935339
2024-09-29 02:45:00,0.0,0.1769709
2024-09-29 03:00:00,0.0,0.121446826
2024-09-29 03:15:00,0.0,0.01446824
2024-09-29 03:30:00,0.0,0.04015776
2024-09-29 03:45:00,0.0,0.016152138
2024-09-29 04:00:00,0.0,0.038147394
2024-09-29 04:15:00,0.0,-0.012073879
2024-09-29 04:30:00,0.0,-0.033447728
2024-09-29 04:45:00,0.0,-0.0041293013
2024-09-29 05:00:00,0.0,0.036202084
2024-09-29 05:15:00,0.0,-0.0013359487
2024-09-29 05:30:00,0.0,-0.035102163
2024-09-29 05:45:00,0.0,0.025680428
2024-09-29 06:00:00,0.0,0.059425082
2024-09-29 06:15:00,0.0,0.060399465
2024-09-29 06:30:00,0.0,0.027886303
2024-09-29 06:45:00,0.0,0.040941946
2024-09-29 07:00:00,0.0,0.07194691
2024-09-29 07:15:00,0.0,-0.0017104233
2024-09-29 07:30:00,0.0,-0.007245756
2024-09-29 07:45:00,0.0,-0.017725946
2024-09-29 08:00:00,0.0,0.06432675
2024-09-29 08:15:00,0.0,0.06978591
2024-09-29 08:30:00,0.0,0.066988625
2024-09-29 08:45:00,0.0,0.13008778
2024-09-29 09:00:00,0.0,0.08766835
2024-09-29 09:15:00,0.0,0.06560146
2024-09-29 09:30:00,0.0,0.05296036
2024-09-29 09:45:00,0.0,0.107973605
2024-09-29 10:00:00,0.0,0.08377306
2024-09-29 10:15:00,0.0,0.042321485
2024-09-29 10:30:00,0.0,0.06813592
2024-09-29 10:45:00,0.0,0.0475443
2024-09-29 11:00:00,0.0,0.1524575
2024-09-29 11:15:00,0.0,0.049931843
2024-09-29 11:30:00,0.0,0.06989548
2024-09-29 11:45:00,3.657430263,0.004200992
2024-09-29 12:00:00,0.0,0.004717883
2024-09-29 12:15:00,0.0,-0.08520319
2024-09-29 12:30:00,0.0,0.0043637566
2024-09-29 12:45:00,0.0,0.031250916
2024-09-29 13:00:00,0.0,0.09506748
2024-09-29 13:15:00,0.0,-0.1254263
2024-09-29 13:30:00,0.0,0.0060320576
2024-09-29 13:45:00,0.0,0.032186683
2024-09-29 14:00:00,0.0,0.056342736
2024-09-29 14:15:00,0.0,0.042128187
2024-09-29 14:30:00,0.0,-0.013534563
2024-09-29 14:45:00,0.0,0.033861898
2024-09-29 15:00:00,0.0,0.1073501
2024-09-29 15:15:00,0.0,-0.055448472
2024-09-29 15:30:00,0.0,-0.13802324
2024-09-29 15:45:00,0.0,-0.12783207
2024-09-29 16:00:00,0.0,-0.04586552
2024-09-29 16:15:00,0.0,-0.019115293
2024-09-29 16:30:00,0.0,-0.09116228
2024-09-29 16:45:00,0.0,-0.05081649
2024-09-29 17:00:00,0.0,-0.05718744
2024-09-29 17:15:00,0.0,-0.043721538
2024-09-29 17:30:00,0.0,0.008714838
2024-09-29 17:45:00,0.0,0.051524267
2024-09-29 18:00:00,0.0,0.1104955
2024-09-29 18:15:00,0.0,-0.055412762
2024-09-29 18:30:00,0.0,-0.017149996
2024-09-29 18:45:00,0.0,-0.037809946
2024-09-29 19:00:00,0.0,-0.08141645
2024-09-29 19:15:00,0.0,-0.05713715
2024-09-29 19:30:00,0.0,-0.08338389
2024-09-29 19:45:00,0.0,-0.07528653
2024-09-29 20:00:00,0.0,-0.16631193
2024-09-29 20:15:00,0.0,-0.14594029
2024-09-29 20:30:00,0.0,-0.15266362
2024-09-29 20:45:00,0.0,-0.14098504
2024-09-29 21:00:00,0.0,-0.10036338
2024-09-29 21:15:00,0.0,-0.00394507
2024-09-29 21:30:00,0.0,-0.017164934
2024-09-29 21:45:00,0.0,-0.0251462
2024-09-29 22:00:00,0.0,-0.013341375
2024-09-29 22:15:00,0.0,-0.016285356
2024-09-29 22:30:00,0.0,0.06732059
2024-09-29 22:45:00,0.0,0.044456895
2024-09-29 23:00:00,0.0,0.06087158
2024-09-29 23:15:00,0.0,-0.008744257
2024-09-29 23:30:00,0.0,0.097060665
2024-09-29 23:45:00,0.0,0.040080473
2024-09-30 00:00:00,0.0,0.018897947
2024-09-30 00:15:00,0.0,0.029726075
2024-09-30 00:30:00,0.0,0.12613685
2024-09-30 00:45:00,0.0,0.017790854
2024-09-30 01:00:00,0.0,0.09951491
2024-09-30 01:15:00,0.0,0.120828696
2024-09-30 01:30:00,0.0,0.11327369
2024-09-30 01:45:00,0.0,0.07966123
2024-09-30 02:00:00,0.0,0.09485333
2024-09-30 02:15:00,0.0,-0.0007569839
2024-09-30 02:30:00,0.0,0.06538821
2024-09-30 02:45:00,0.0,0.037896905
2024-09-30 03:00:00,0.0,0.05673867
2024-09-30 03:15:00,0.0,-0.078768104
2024-09-30 03:30:00,0.0,-0.05687639
2024-09-30 03:45:00,0.0,-0.15829714
2024-09-30 04:00:00,0.0,-0.14617427
2024-09-30 04:15:00,0.0,-0.06770071
2024-09-30 04:30:00,0.0,-0.15413423
2024-09-30 04:45:00,0.0,-0.049699664
2024-09-30 05:00:00,0.0,-0.005929775
2024-09-30 05:15:00,0.0,0.029475521
2024-09-30 05:30:00,0.0,0.035878588
2024-09-30 05:45:00,0.0,-0.0061363582
2024-09-30 06:00:00,0.0,-0.022380428
2024-09-30 06:15:00,0.0,0.06647383
2024-09-30 06:30:00,0.0,0.11970389
2024-09-30 06:45:00,0.0,0.05559437
2024-09-30 07:00:00,0.0,-0.06637934
2024-09-30 07:15:00,0.0,0.0057669804
2024-09-30 07:30:00,0.0,0.0132494075
2024-09-30 07:45:00,0.0,0.05659226
2024-09-30 08:00:00,0.0,0.053100273
2024-09-30 08:15:00,0.0,0.0077076214
2024-09-30 08:30:00,0.0,-0.005679486
2024-09-30 08:45:00,0.0,-0.008691031
2024-09-30 09:00:00,0.0,-0.061337557
2024-09-30 09:15:00,0.0,-0.034717403
2024-09-30 09:30:00,0.0,-0.050389457
2024-09-30 09:45:00,0.0,-0.046467815
2024-09-30 10:00:00,0.0,0.06219376
2024-09-30 10:15:00,0.0,0.08284478
2024-09-30 10:30:00,0.0,0.07557561
2024-09-30 10:45:00,0.0,0.09234556
2024-09-30 11:00:00,0.7368792368,0.07102403
2024-09-30 11:15:00,0.0,0.072637536
2024-09-30 11:30:00,2.926246002,0.049441207
2024-09-30 11:45:00,0.0,0.018304933
2024-09-30 12:00:00,0.0,-0.050552934
2024-09-30 12:15:00,0.0,0.09445996
2024-09-30 12:30:00,0.0,-0.009382304
2024-09-30 12:45:00,1.599927923,-0.017262535
2024-09-30 13:00:00,0.0,-0.028356077
2024-09-30 13:15:00,0.0,0.02684023
2024-09-30 13:30:00,0.0,-0.025502782
2024-09-30 13:45:00,0.0,0.05851459
2024-09-30 14:00:00,0.0,0.02316792
2024-09-30 14:15:00,0.0,-0.020433955
2024-09-30 14:30:00,0.0,0.009935485
2024-09-30 14:45:00,0.0,0.026729187
2024-09-30 15:00:00,1.3598309810000002,0.044311535
2024-09-30 15:15:00,0.0,-0.0121892495
2024-09-30 15:30:00,0.0,-0.13611239
2024-09-30 15:45:00,0.0,-0.007106792
2024-09-30 16:00:00,0.0,0.05119788
2024-09-30 16:15:00,0.0,0.07496771
2024-09-30 16:30:00,0.0,0.06216077
2024-09-30 16:45:00,2.9829814319999994,0.060665548
2024-09-30 17:00:00,0.0,0.08778752
2024-09-30 17:15:00,0.0,0.005204878
2024-09-30 17:30:00,0.0,0.03357886
2024-09-30 17:45:00,0.0,0.051325228
2024-09-30 18:00:00,0.0,0.003688504
2024-09-30 18:15:00,0.0,-0.08166789
2024-09-30 18:30:00,0.0,0.027981801
2024-09-30 18:45:00,0.0,-0.0449477
2024-09-30 19:00:00,0.0,0.012212417
2024-09-30 19:15:00,0.0,-0.0095572695
2024-09-30 19:30:00,0.0,0.0027237523
2024-09-30 19:45:00,0.0,0.0035014125
2024-09-30 20:00:00,0.0,0.011167197
2024-09-30 20:15:00,0.0,0.005267794
2024-09-30 20:30:00,0.0,0.0097194575
2024-09-30 20:45:00,0.0,0.065803036
2024-09-30 21:00:00,0.0,0.041166086
2024-09-30 21:15:00,1.21716704,0.08254741
2024-09-30 21:30:00,0.0,0.12205446
2024-09-30 21:45:00,0.0,0.046881784
2024-09-30 22:00:00,0.0,0.09133405
2024-09-30 22:15:00,0.0,0.1201344
2024-09-30 22:30:00,0.0,0.15000871
2024-09-30 22:45:00,0.0,0.16453582
2024-09-30 23:00:00,0.0,0.110926785
2024-09-30 23:15:00,0.0,0.0133050885
2024-09-30 23:30:00,0.0,0.026298279
2024-09-30 23:45:00,0.0,0.012387167
2024-10-01 00:00:00,0.0,0.08895166
2024-10-01 00:15:00,0.0,0.085884295
2024-10-01 00:30:00,0.0,0.07757079
2024-10-01 00:45:00,0.0,0.0804734
2024-10-01 01:00:00,0.0,0.0005785971
2024-10-01 01:15:00,0.0,0.04714391
2024-10-01 01:30:00,0.0,0.019480877
2024-10-01 01:45:00,0.0,0.12140254
2024-10-01 02:00:00,0.0,0.16187184
2024-10-01 02:15:00,0.0,0.09221739
2024-10-01 02:30:00,0.0,0.06020594
2024-10-01 02:45:00,0.0,0.031628314
2024-10-01 03:00:00,0.0,0.06292027
2024-10-01 03:15:00,0.0,0.11366123
2024-10-01 03:30:00,0.0,0.111713365
2024-10-01 03:45:00,0.0,0.058930352
2024-10-01 04:00:00,0.0,0.0043886295
2024-10-01 04:15:00,0.0,0.0072461204
2024-10-01 04:30:00,0.0,0.0006696028
2024-10-01 04:45:00,0.0,0.05311541
2024-10-01 05:00:00,0.0,0.061879773
2024-10-01 05:15:00,0.0,0.095458604
2024-10-01 05:30:00,0.0,0.118496746
2024-10-01 05:45:00,0.0,0.1333003
2024-10-01 06:00:00,0.0,0.18947297
2024-10-01 06:15:00,0.0,0.106586635
2024-10-01 06:30:00,0.0,0.041451145
2024-10-01 06:45:00,0.0,0.0569689
2024-10-01 07:00:00,0.0,0.049450513
2024-10-01 07:15:00,0.0,0.05021581
2024-10-01 07:30:00,0.0,-0.0020524052
2024-10-01 07:45:00,0.0,-0.0044138143
2024-10-01 08:00:00,0.0,0.029460056
2024-10-01 08:15:00,0.0,0.04852781
2024-10-01 08:30:00,0.0,-0.0013714705
2024-10-01 08:45:00,0.0,-0.06430761
2024-10-01 09:00:00,0.0,-0.12536494
2024-10-01 09:15:00,0.0,-0.117521636
2024-10-01 09:30:00,0.0,-0.14202307
2024-10-01 09:45:00,0.0,-0.070421375
2024-10-01 10:00:00,0.0,-0.035826836
2024-10-01 10:15:00,0.0,0.1104082
2024-10-01 10:30:00,0.0,0.027611174
2024-10-01 10:45:00,0.0,-0.0003411691
2024-10-01 11:00:00,0.0,-0.009447167
2024-10-01 11:15:00,0.0,-0.011203859
2024-10-01 11:30:00,0.0,0.0021874635
2024-10-01 11:45:00,0.0,-0.050058663
2024-10-01 12:00:00,0.0,0.011251636
2024-10-01 12:15:00,0.0,-0.032305103
2024-10-01 12:30:00,0.0,-0.09362248
2024-10-01 12:45:00,0.0,-0.0700669
2024-10-01 13:00:00,0.0,-0.031593226
2024-10-01 13:15:00,0.0,-0.0004753918
2024-10-01 13:30:00,0.0,0.011706129
2024-10-01 13:45:00,0.0,-0.1511207
2024-10-01 14:00:00,0.0,-0.105489284
2024-10-01 14:15:00,0.0,-0.10853407
2024-10-01 14:30:00,0.0,-0.10612088
2024-10-01 14:45:00,0.0,-0.13925594
2024-10-01 15:00:00,0.0,-0.14189826
2024-10-01 15:15:00,0.6268903787,-0.098097056
2024-10-01 15:30:00,0.0,-0.026885338
2024-10-01 15:45:00,0.0,-0.01969812
2024-10-01 16:00:00,0.0,0.06408829
2024-10-01 16:15:00,0.0,0.11511543
2024-10-01 16:30:00,0.0,0.019381197
2024-10-01 16:45:00,0.0,0.09755627
2024-10-01 17:00:00,0.0,0.061332233
2024-10-01 17:15:00,0.0,0.036536984
2024-10-01 17:30:00,0.0,-0.00010754933
2024-10-01 17:45:00,0.0,-0.035883583
2024-10-01 18:00:00,0.0,-0.004059161
2024-10-01 18:15:00,0.0,0.052633833
2024-10-01 18:30:00,0.0,0.08400051
2024-10-01 18:45:00,0.0,0.0034136802
2024-10-01 19:00:00,0.0,0.13341233
2024-10-01 19:15:00,0.0,0.14347033
2024-10-01 19:30:00,0.0,0.11783818
2024-10-01 19:45:00,0.0,0.014386886
2024-10-01 20:00:00,0.0,0.11905138
2024-10-01 20:15:00,0.0,0.055201836
2024-10-01 20:30:00,0.0,0.05410207
2024-10-01 20:45:00,0.0,-0.09867808
2024-10-01 21:00:00,0.0,-0.06580796
2024-10-01 21:15:00,0.0,-0.057629347
2024-10-01 21:30:00,0.0,-0.0923493
2024-10-01 21:45:00,0.0,-0.08159967
2024-10-01 22:00:00,0.0,-0.09932676
2024-10-01 22:15:00,0.0,-0.11049879
2024-10-01 22:30:00,0.0,-0.02213394
2024-10-01 22:45:00,0.0,-0.07834654
2024-10-01 23:00:00,0.0,-0.04422859
2024-10-01 23:15:00,0.0,0.03996267
2024-10-01 23:30:00,0.0,0.022955053
2024-10-01 23:45:00,0.0,0.026022231
2024-10-02 00:00:00,3.1452015480000006,0.10651341
2024-10-02 00:15:00,0.0,0.06965018
2024-10-02 00:30:00,0.0,-0.27754256
2024-10-02 00:45:00,0.0,-0.15882118
2024-10-02 01:00:00,0.0,-0.26214224
2024-10-02 01:15:00,0.0,-0.015436945
2024-10-02 01:30:00,4.767615022,-0.015302073
2024-10-02 01:45:00,0.0,0.089110404
2024-10-02 02:00:00,0.0,-0.28162414
2024-10-02 02:15:00,0.0,0.017756876
2024-10-02 02:30:00,0.0,0.1384753
2024-10-02 02:45:00,0.0,0.5188483
2024-10-02 03:00:00,0.0,0.051981054
2024-10-02 03:15:00,0.0,0.09611655
2024-10-02 03:30:00,0.0,0.1922733
2024-10-02 03:45:00,0.0,0.16585861
2024-10-02 04:00:00,4.269087892,0.044368826
2024-10-02 04:15:00,0.0,0.09622444
2024-10-02 04:30:00,0.0,-0.2374246
2024-10-02 04:45:00,0.0,0.12030481
2024-10-02 05:00:00,0.0,-0.021395434
2024-10-02 05:15:00,0.0,0.37123737
2024-10-02 05:30:00,0.0,0.09181004
2024-10-02 05:45:00,0.0,0.07508481
2024-10-02 06:00:00,8.42359036,0.14823148
2024-10-02 06:15:00,0.0,0.02238757
2024-10-02 06:30:00,0.0,-0.13183106
2024-10-02 06:45:00,0.0,0.21237683
2024-10-02 07:00:00,0.0,-0.027171807
2024-10-02 07:15:00,0.0,0.7423813
2024-10-02 07:30:00,0.0,-0.001881419
2024-10-02 07:45:00,0.0,0.42341217
2024-10-02 08:00:00,0.0,0.6643052
2024-10-02 08:15:00,0.0,0.45581305
2024-10-02 08:30:00,0.0,0.1785818
2024-10-02 08:45:00,0.0,0.1217643
2024-10-02 09:00:00,0.0,0.091974534
2024-10-02 09:15:00,0.0,0.059563216
2024-10-02 09:30:00,0.0,0.064985625
2024-10-02 09:45:00,0.0,0.015405418
2024-10-02 10:00:00,0.0,0.016867569
2024-10-02 10:15:00,0.0,0.07196516
2024-10-02 10:30:00,0.0,0.11206813
2024-10-02 10:45:00,0.0,-0.0058118645
2024-10-02 11:00:00,0.0,-0.010568775
2024-10-02 11:15:00,0.0,0.067194134
2024-10-02 11:30:00,0.0,0.026719008
2024-10-02 11:45:00,0.0,0.03757135
2024-10-02 12:00:00,0.0,0.04258841
2024-10-02 12:15:00,0.0,0.072777905
2024-10-02 12:30:00,0.0,0.34312183
2024-10-02 12:45:00,0.0,0.03602122
2024-10-02 13:00:00,0.0,0.013061064
2024-10-02 13:15:00,0.0,-0.033045463
2024-10-02 13:30:00,0.0,-0.03890827
2024-10-02 13:45:00,0.0,0.13877238
2024-10-02 14:00:00,0.0,0.12928264
2024-10-02 14:15:00,0.0,0.055487636
2024-10-02 14:30:00,0.0,0.08119553
2024-10-02 14:45:00,0.0,0.0056061535
2024-10-02 15:00:00,0.0,-0.046327613
2024-10-02 15:15:00,0.0,0.05830539
2024-10-02 15:30:00,0.0,0.16827254
2024-10-02 15:45:00,0.0,0.101195715
2024-10-02 16:00:00,0.0,0.024738494
2024-10-02 16:15:00,0.0,0.044193774
2024-10-02 16:30:00,0.0,-0.05538566
2024-10-02 16:45:00,0.9192876118,-0.0034480044
2024-10-02 17:00:00,0.0,-0.050180957
2024-10-02 17:15:00,0.0,-0.077137105
2024-10-02 17:30:00,0.0,0.036572967
2024-10-02 17:45:00,0.0,0.2179864
2024-10-02 18:00:00,0.0,0.4073514
2024-10-02 18:15:00,0.0,0.3748187
2024-10-02 18:30:00,0.0,0.40057337
2024-10-02 18:45:00,0.0,0.1838525
2024-10-02 19:00:00,0.0,0.42318544
2024-10-02 19:15:00,0.0,0.080133386
2024-10-02 19:30:00,0.0,0.12489066
2024-10-02 19:45:00,0.0,0.11650044
2024-10-02 20:00:00,0.0,0.15816192
2024-10-02 20:15:00,0.0,-0.0032265813
2024-10-02 20:30:00,0.0,0.04282248
2024-10-02 20:45:00,0.0,0.075040616
2024-10-02 21:00:00,0.0,0.14624475
2024-10-02 21:15:00,0.0,0.22217385
2024-10-02 21:30:00,0.0,0.32840836
2024-10-02 21:45:00,0.0,0.2623407
2024-10-02 22:00:00,0.0,0.15926227
2024-10-02 22:15:00,0.0,0.19413337
2024-10-02 22:30:00,0.0,0.17253648
2024-10-02 22:45:00,0.0,0.2099411
2024-10-02 23:00:00,0.0,0.09435728
2024-10-02 23:15:00,0.0,0.098340556
2024-10-02 23:30:00,0.0,0.11494329
2024-10-02 23:45:00,0.0,0.22594516
2024-10-03 00:00:00,0.0,0.1471329
2024-10-03 00:15:00,0.0,0.10410002
2024-10-03 00:30:00,0.0,0.10095764
2024-10-03 00:45:00,0.0,0.14121245
2024-10-03 01:00:00,0.0,0.01994932
2024-10-03 01:15:00,0.0,-0.11167192
2024-10-03 01:30:00,0.0,-0.041257553
2024-10-03 01:45:00,0.0,0.06730563
2024-10-03 02:00:00,0.0,-0.031534668
2024-10-03 02:15:00,0.0,0.10732529
2024-10-03 02:30:00,0.0,-0.006989032
2024-10-03 02:45:00,0.0,0.06305543
2024-10-03 03:00:00,0.0,0.15369362
2024-10-03 03:15:00,0.0,0.025515068
2024-10-03 03:30:00,0.0,-0.045849424
2024-10-03 03:45:00,0.0,0.18284239
2024-10-03 04:00:00,0.0,0.14423154
2024-10-03 04:15:00,0.0,0.0051350007
2024-10-03 04:30:00,0.0,-0.11788819
2024-10-03 04:45:00,0.0,-0.06622697
2024-10-03 05:00:00,0.0,-0.07900225
2024-10-03 05:15:00,0.0,0.03167475
2024-10-03 05:30:00,0.0,0.043914303
2024-10-03 05:45:00,0.0,0.04153931
2024-10-03 06:00:00,0.0,-0.007876757
2024-10-03 06:15:00,0.0,0.0746139
2024-10-03 06:30:00,0.0,0.026096286
2024-10-03 06:45:00,0.0,0.15947638
2024-10-03 07:00:00,0.0,0.12186733
2024-10-03 07:15:00,0.0,0.12786412
2024-10-03 07:30:00,0.0,0.13859583
2024-10-03 07:45:00,0.0,0.058829244
2024-10-03 08:00:00,0.0,-0.01529244
2024-10-03 08:15:00,0.0,-0.020455178
2024-10-03 08:30:00,0.0,-0.0014415358
2024-10-03 08:45:00,0.0,0.01794883
2024-10-03 09:00:00,0.0,6.554417e-05
2024-10-03 09:15:00,0.0,-0.0034901914
2024-10-03 09:30:00,0.0,0.00895063
2024-10-03 09:45:00,0.0,-0.011450836
2024-10-03 10:00:00,0.0,0.016311403
2024-10-03 10:15:00,0.0,-0.02636648
2024-10-03 10:30:00,0.0,-0.027551861
2024-10-03 10:45:00,0.0,-0.02528967
2024-10-03 11:00:00,0.0,-0.013094129
2024-10-03 11:15:00,0.0,0.020497337
2024-10-03 11:30:00,0.0,-0.037021443
2024-10-03 11:45:00,0.0,0.0002974565
2024-10-03 12:00:00,0.0,-0.026230758
2024-10-03 12:15:00,0.0,0.0368432
2024-10-03 12:30:00,0.0,0.04333841
2024-10-03 12:45:00,0.0,0.08953405
2024-10-03 13:00:00,0.0,0.19024704
2024-10-03 13:15:00,0.0,0.21856235
2024-10-03 13:30:00,0.0,0.09125477
2024-10-03 13:45:00,3.200293604,0.12524366
2024-10-03 14:00:00,4.141473508,0.05815418
2024-10-03 14:15:00,0.0,-0.02229757
2024-10-03 14:30:00,0.0,-0.14105503
2024-10-03 14:45:00,0.0,-0.24816264
2024-10-03 15:00:00,0.0,0.028866684
2024-10-03 15:15:00,0.0,0.12629865
2024-10-03 15:30:00,0.0,0.1798251
2024-10-03 15:45:00,0.0,0.4152324
2024-10-03 16:00:00,0.0,0.30986476
2024-10-03 16:15:00,0.0,0.302345
2024-10-03 16:30:00,0.0,-0.07060134
2024-10-03 16:45:00,0.0,0.083175704
2024-10-03 17:00:00,0.0,-0.118253514
2024-10-03 17:15:00,0.0,-0.119647086
2024-10-03 17:30:00,0.0,-0.09823256
2024-10-03 17:45:00,0.0,0.032829132
2024-10-03 18:00:00,0.0,-0.029795906
2024-10-03 18:15:00,0.0,0.08954697
2024-10-03 18:30:00,0.0,0.16277908
2024-10-03 18:45:00,0.0,-0.0040569785
2024-10-03 19:00:00,0.0,0.026188176
2024-10-03 19:15:00,0.0,0.020651083
2024-10-03 19:30:00,0.0,-0.004213835
2024-10-03 19:45:00,0.0,0.019612428
2024-10-03 20:00:00,0.0,-0.019270167
2024-10-03 20:15:00,0.0,0.06737515
2024-10-03 20:30:00,0.0,0.039785195
2024-10-03 20:45:00,0.0,-0.03286726
2024-10-03 21:00:00,0.0,-0.018011456
2024-10-03 21:15:00,0.0,-0.063007824
2024-10-03 21:30:00,0.0,-0.10888823
2024-10-03 21:45:00,0.0,-0.07632404
2024-10-03 22:00:00,0.0,-0.11491605
2024-10-03 22:15:00,0.0,-0.1273814
2024-10-03 22:30:00,0.0,-0.06986179
2024-10-03 22:45:00,0.0,-0.004558131
2024-10-03 23:00:00,0.0,0.10792277
2024-10-03 23:15:00,0.0,0.06491079
2024-10-03 23:30:00,0.0,0.071271524
2024-10-03 23:45:00,0.0,0.062925324
2024-10-04 00:00:00,0.0,0.052489374
2024-10-04 00:15:00,0.0,0.0046531237
2024-10-04 00:30:00,0.0,0.0017127498
2024-10-04 00:45:00,0.0,0.037781302
2024-10-04 01:00:00,0.0,-0.06199344
2024-10-04 01:15:00,0.0,-0.0052992254
2024-10-04 01:30:00,0.0,-0.039080754
2024-10-04 01:45:00,0.0,-0.006539403
2024-10-04 02:00:00,0.0,0.031352986
2024-10-04 02:15:00,0.0,0.06134896
2024-10-04 02:30:00,0.0,0.11646467
2024-10-04 02:45:00,0.0,0.057957266
2024-10-04 03:00:00,0.0,0.14037411
2024-10-04 03:15:00,0.0,0.16443133
2024-10-04 03:30:00,0.0,0.09205945
2024-10-04 03:45:00,0.0,0.063291594
2024-10-04 04:00:00,0.0,-0.009566093
2024-10-04 04:15:00,0.0,0.036915854
2024-10-04 04:30:00,0.0,-0.0036630402
2024-10-04 04:45:00,0.0,0.15390638
2024-10-04 05:00:00,0.0,0.07461172
2024-10-04 05:15:00,0.0,-0.00080624496
2024-10-04 05:30:00,0.0,-0.012840627
2024-10-04 05:45:00,0.0,0.00543433
2024-10-04 06:00:00,0.0,0.041407175
2024-10-04 06:15:00,0.0,0.006766454
2024-10-04 06:30:00,0.0,0.06838239
2024-10-04 06:45:00,9.08502048,0.032302648
2024-10-04 07:00:00,0.0,0.05599401
2024-10-04 07:15:00,0.0,-0.088814065
2024-10-04 07:30:00,0.0,-0.20332432
2024-10-04 07:45:00,0.0,-0.21500428
2024-10-04 08:00:00,0.0,0.38539425
2024-10-04 08:15:00,0.0,-0.11847451
2024-10-04 08:30:00,0.0,0.06956319
2024-10-04 08:45:00,0.0,0.18055914
2024-10-04 09:00:00,0.0,0.37032115
2024-10-04 09:15:00,0.0,0.05900606
2024-10-04 09:30:00,0.0,0.20199856
2024-10-04 09:45:00,0.0,0.24179532
2024-10-04 10:00:00,0.0,0.17681132
2024-10-04 10:15:00,0.0,0.23111519
2024-10-04 10:30:00,0.0,0.11744472
2024-10-04 10:45:00,0.0,0.16173276
2024-10-04 11:00:00,0.0,0.15875785
2024-10-04 11:15:00,0.0,0.24418747
2024-10-04 11:30:00,0.0,0.18389459
2024-10-04 11:45:00,0.0,0.1714423
2024-10-04 12:00:00,0.0,0.068357654
2024-10-04 12:15:00,0.0,0.009110394
2024-10-04 12:30:00,0.0,0.093198486
2024-10-04 12:45:00,0.0,0.09062329
2024-10-04 13:00:00,0.0,-0.058454216
2024-10-04 13:15:00,0.0,0.12569386
2024-10-04 13:30:00,0.0,-0.11250314
2024-10-04 13:45:00,0.0,-0.036961976
2024-10-04 14:00:00,0.0,-0.044264525
2024-10-04 14:15:00,0.0,0.09931972
2024-10-04 14:30:00,0.0,0.055178437
2024-10-04 14:45:00,0.0,0.014859026
2024-10-04 15:00:00,0.0,0.038671415
2024-10-04 15:15:00,0.0,0.03497422
2024-10-04 15:30:00,0.0,0.020678366
2024-10-04 15:45:00,0.0,0.017805077
2024-10-04 16:00:00,0.0,-0.008666238
2024-10-04 16:15:00,0.0,-0.052271586
2024-10-04 16:30:00,0.0,-0.016035946
2024-10-04 16:45:00,0.0,-0.020225301
2024-10-04 17:00:00,0.0,-0.049430925
2024-10-04 17:15:00,0.0,-0.032471094
2024-10-04 17:30:00,0.0,-0.06941444
2024-10-04 17:45:00,4.808038099,-0.015557085
2024-10-04 18:00:00,0.0,-0.074581936
2024-10-04 18:15:00,0.0,-0.19361241
2024-10-04 18:30:00,0.0,-0.3337638
2024-10-04 18:45:00,0.0,-0.15372251
2024-10-04 19:00:00,0.0,0.030777073
2024-10-04 19:15:00,0.0,-0.03318195
2024-10-04 19:30:00,0.0,-0.004749578
2024-10-04 19:45:00,0.0,0.0032359774
2024-10-04 20:00:00,0.0,0.08094765
2024-10-04 20:15:00,0.0,-0.038748525
2024-10-04 20:30:00,0.0,-0.023955392
2024-10-04 20:45:00,0.0,0.030573837
2024-10-04 21:00:00,0.0,0.079709694
2024-10-04 21:15:00,0.0,-0.054163065
2024-10-04 21:30:00,0.0,-0.0700491
2024-10-04 21:45:00,0.0,-0.051390976
2024-10-04 22:00:00,0.0,-0.087534785
2024-10-04 22:15:00,0.0,-0.118308224
2024-10-04 22:30:00,0.0,-0.07185851
2024-10-04 22:45:00,0.0,-0.053363234
2024-10-04 23:00:00,0.0,0.003420275
2024-10-04 23:15:00,0.0,-0.08176242
2024-10-04 23:30:00,0.0,-0.112606585
2024-10-04 23:45:00,0.0,-0.052011985
2024-10-05 00:00:00,0.0,-0.03919796
2024-10-05 00:15:00,0.0,0.22052288
2024-10-05 00:30:00,0.0,0.094761245
2024-10-05 00:45:00,0.0,0.059713986
2024-10-05 01:00:00,0.0,-0.06041227
2024-10-05 01:15:00,0.0,-0.08692642
2024-10-05 01:30:00,0.0,-0.107227184
2024-10-05 01:45:00,0.0,-0.07646435
2024-10-05 02:00:00,0.0,-0.0397591
2024-10-05 02:15:00,0.0,0.039640684
2024-10-05 02:30:00,0.0,0.0008940693
2024-10-05 02:45:00,0.0,0.023546053
2024-10-05 03:00:00,0.0,-0.11093949
2024-10-05 03:15:00,0.0,0.01156629
2024-10-05 03:30:00,0.0,-0.00027903417
2024-10-05 03:45:00,0.0,0.08827779
2024-10-05 04:00:00,0.0,0.04550415
2024-10-05 04:15:00,0.0,-0.0065040314
2024-10-05 04:30:00,0.0,0.046237707
2024-10-05 04:45:00,0.0,0.081094295
2024-10-05 05:00:00,0.0,0.06239305
2024-10-05 05:15:00,0.0,0.009697425
2024-10-05 05:30:00,0.0,0.065902896
2024-10-05 05:45:00,0.0,-0.043583214
2024-10-05 06:00:00,0.0,-0.04072051
2024-10-05 06:15:00,0.0,0.04808341
2024-10-05 06:30:00,0.0,0.09662545
2024-10-05 06:45:00,0.0,0.06496492
2024-10-05 07:00:00,0.0,0.1809878
2024-10-05 07:15:00,0.0,0.13355066
2024-10-05 07:30:00,0.0,0.2318185
2024-10-05 07:45:00,0.0,0.1917231
2024-10-05 08:00:00,0.0,0.19307816
2024-10-05 08:15:00,0.0,0.20121486
2024-10-05 08:30:00,0.0,0.14266577
2024-10-05 08:45:00,0.0,0.122169115
2024-10-05 09:00:00,0.0,0.104362845
2024-10-05 09:15:00,0.0,0.07401068
2024-10-05 09:30:00,0.0,0.16960496
2024-10-05 09:45:00,0.0,0.045849886
2024-10-05 10:00:00,0.0,0.030955339
2024-10-05 10:15:00,0.0,0.022825044
2024-10-05 10:30:00,0.0,-0.0074060555
2024-10-05 10:45:00,0.0,-0.058858227
2024-10-05 11:00:00,0.0,-0.053459197
2024-10-05 11:15:00,0.0,-0.0777775
2024-10-05 11:30:00,0.0,-0.028375654
2024-10-05 11:45:00,0.0,-0.088222414
2024-10-05 12:00:00,0.0,-0.10294202
2024-10-05 12:15:00,0.0,-0.049611762
2024-10-05 12:30:00,0.0,-0.15370552
2024-10-05 12:45:00,0.0,-0.0495002
2024-10-05 13:00:00,0.0,-0.073127545
2024-10-05 13:15:00,0.0,-0.069816135
2024-10-05 13:30:00,0.0,-0.0107229315
2024-10-05 13:45:00,0.0,0.042674024
2024-10-05 14:00:00,0.0,0.024891099
2024-10-05 14:15:00,0.0,-0.09921314
2024-10-05 14:30:00,0.0,-0.13472413
2024-10-05 14:45:00,0.0,-0.19244798
2024-10-05 15:00:00,0.0,-0.16590436
2024-10-05 15:15:00,0.0,-0.10182537
2024-10-05 15:30:00,0.0,-0.13990884
2024-10-05 15:45:00,0.0,-0.20370671
2024-10-05 16:00:00,0.0,-0.054345097
2024-10-05 16:15:00,0.0,-0.039436083
2024-10-05 16:30:00,0.0,-0.03339895
2024-10-05 16:45:00,0.0,0.013476771
2024-10-05 17:00:00,0.0,0.052189905
2024-10-05 17:15:00,0.0,0.032224115
2024-10-05 17:30:00,0.0,0.017157923
2024-10-05 17:45:00,0.0,0.014525661
2024-10-05 18:00:00,0.0,0.05871455
2024-10-05 18:15:00,0.0,-0.012303793
2024-10-05 18:30:00,0.0,0.108871676
2024-10-05 18:45:00,0.0,-0.0017727887
2024-10-05 19:00:00,0.0,0.038579077
2024-10-05 19:15:00,0.0,0.075182155
2024-10-05 19:30:00,0.0,0.012103745
2024-10-05 19:45:00,0.0,-0.03473597
2024-10-05 20:00:00,0.0,-0.024745591
2024-10-05 20:15:00,0.0,-0.0065803058
2024-10-05 20:30:00,0.0,0.05121584
2024-10-05 20:45:00,0.0,-0.011589189
2024-10-05 21:00:00,0.0,0.014972685
2024-10-05 21:15:00,0.0,-0.014684289
2024-10-05 21:30:00,0.0,-0.05646017
2024-10-05 21:45:00,0.0,-0.028523197
2024-10-05 22:00:00,0.0,-0.065334104
2024-10-05 22:15:00,0.0,-0.10860112
2024-10-05 22:30:00,0.0,-0.123067304
2024-10-05 22:45:00,0.0,-0.10858536
2024-10-05 23:00:00,0.0,-0.12665571
2024-10-05 23:15:00,0.0,-0.0880836
2024-10-05 23:30:00,0.0,-0.064757645
2024-10-05 23:45:00,0.0,0.009597332
2024-10-06 00:00:00,0.0,0.02002662
2024-10-06 00:15:00,0.0,0.0028211644
2024-10-06 00:30:00,0.0,-0.017944349
2024-10-06 00:45:00,0.0,-0.03223149
2024-10-06 01:00:00,0.0,-0.025900492
2024-10-06 01:15:00,0.0,-0.04109032
2024-10-06 01:30:00,0.0,0.093802616
2024-10-06 01:45:00,0.0,-0.025135048
2024-10-06 02:00:00,0.0,0.047995105
2024-10-06 02:15:00,0.0,0.051236816
2024-10-06 02:30:00,0.0,0.077571034
2024-10-06 02:45:00,0.0,-0.01123724
2024-10-06 03:00:00,0.0,0.040969256
2024-10-06 03:15:00,0.0,0.06130609
2024-10-06 03:30:00,0.0,-0.0020935761
2024-10-06 03:45:00,0.0,-0.06932059
2024-10-06 04:00:00,0.0,-0.038058326
2024-10-06 04:15:00,0.0,-0.005450137
2024-10-06 04:30:00,0.0,-0.01971069
2024-10-06 04:45:00,0.0,0.001672294
2024-10-06 05:00:00,0.0,-0.107997365
2024-10-06 05:15:00,0.0,-0.060544327
2024-10-06 05:30:00,0.0,0.011704689
2024-10-06 05:45:00,0.0,-0.005496176
2024-10-06 06:00:00,1.477662006,0.1266498
2024-10-06 06:15:00,0.0,0.09439108
2024-10-06 06:30:00,0.0,0.07289854
2024-10-06 06:45:00,0.0,0.033606905
2024-10-06 07:00:00,0.0,-0.03756368
2024-10-06 07:15:00,0.0,0.2139941
2024-10-06 07:30:00,0.0,-0.029066937
2024-10-06 07:45:00,0.0,0.056092918
2024-10-06 08:00:00,0.0,0.039237976
2024-10-06 08:15:00,0.0,-0.107994586
2024-10-06 08:30:00,0.0,-0.1482725
2024-10-06 08:45:00,0.0,-0.16310957
2024-10-06 09:00:00,0.0,-0.086972244
2024-10-06 09:15:00,0.0,-0.062460754
2024-10-06 09:30:00,0.0,-0.070581004
2024-10-06 09:45:00,0.0,-0.07925271
2024-10-06 10:00:00,0.0,-0.075329594
2024-10-06 10:15:00,0.0,-0.03732562
2024-10-06 10:30:00,0.0,-0.085835494
2024-10-06 10:45:00,0.0,-0.06172193
2024-10-06 11:00:00,0.0,-0.010469961
2024-10-06 11:15:00,0.0,0.0030129312
2024-10-06 11:30:00,0.0,-0.0035964556
2024-10-06 11:45:00,0.0,-0.023285596
2024-10-06 12:00:00,0.0,-0.01417529
2024-10-06 12:15:00,0.0,0.003773583
2024-10-06 12:30:00,0.0,0.031059684
2024-10-06 12:45:00,0.0,-0.0050263307
2024-10-06 13:00:00,0.0,-0.046337537
2024-10-06 13:15:00,0.0,-0.02598973
2024-10-06 13:30:00,0.0,-0.018579176
2024-10-06 13:45:00,0.0,-0.0058206134
2024-10-06 14:00:00,0.0,-0.047402117
2024-10-06 14:15:00,0.0,0.028376661
2024-10-06 14:30:00,0.0,0.012841782
2024-10-06 14:45:00,0.0,-0.028263792
2024-10-06 15:00:00,0.0,0.012242719
2024-10-06 15:15:00,0.0,0.004983436
2024-10-06 15:30:00,0.0,0.017057732
2024-10-06 15:45:00,0.0,0.0307841
2024-10-06 16:00:00,0.0,0.026514504
2024-10-06 16:15:00,0.0,0.038573854
2024-10-06 16:30:00,0.0,-0.037800115
2024-10-06 16:45:00,0.0,-0.038077574
2024-10-06 17:00:00,0.0,-0.09519091
2024-10-06 17:15:00,0.0,-0.09170388
2024-10-06 17:30:00,0.0,-0.058728237
2024-10-06 17:45:00,0.0,-0.05702319
2024-10-06 18:00:00,0.0,-0.038279388
2024-10-06 18:15:00,0.0,0.0022394902
2024-10-06 18:30:00,0.0,-0.10228187
2024-10-06 18:45:00,0.0,-0.02314515
2024-10-06 19:00:00,0.0,-0.088179834
2024-10-06 19:15:00,0.0,0.07300074
2024-10-06 19:30:00,0.0,-0.04654558
2024-10-06 19:45:00,0.0,0.020505572
2024-10-06 20:00:00,1.8909124379999998,-0.008990068
2024-10-06 20:15:00,0.0,0.031124596
2024-10-06 20:30:00,0.0,0.00024558022
2024-10-06 20:45:00,0.0,-0.045791473
2024-10-06 21:00:00,0.0,-0.024130836
2024-10-06 21:15:00,0.0,0.033915445
2024-10-06 21:30:00,0.0,0.05909899
2024-10-06 21:45:00,0.0,0.037295286
2024-10-06 22:00:00,0.0,0.025435181
2024-10-06 22:15:00,0.0,0.04960618
2024-10-06 22:30:00,0.0,-0.020738544
2024-10-06 22:45:00,0.0,-0.076728985
2024-10-06 23:00:00,0.0,-0.14605983
2024-10-06 23:15:00,0.0,-0.15061876
2024-10-06 23:30:00,0.0,-0.1695613
2024-10-06 23:45:00,0.0,-0.1504598
2024-10-07 00:00:00,0.0,-0.12629484
2024-10-07 00:15:00,0.0,-0.11802638
2024-10-07 00:30:00,0.0,-0.08799175
2024-10-07 00:45:00,0.0,-0.00071236055
2024-10-07 01:00:00,0.0,0.019470718
2024-10-07 01:15:00,0.0,0.0032908027
2024-10-07 01:30:00,0.0,-0.055213105
2024-10-07 01:45:00,0.0,-0.024598435
2024-10-07 02:00:00,0.0,-0.009764925
2024-10-07 02:15:00,0.0,-0.01950941
2024-10-07 02:30:00,0.0,0.05422795
2024-10-07 02:45:00,0.0,-0.036833566
2024-10-07 03:00:00,0.0,-0.09728885
2024-10-07 03:15:00,0.0,-0.11091279
2024-10-07 03:30:00,0.0,-0.08960944
2024-10-07 03:45:00,0.0,-0.15735959
2024-10-07 04:00:00,0.0,-0.06732867
2024-10-07 04:15:00,0.0,-0.053585537
2024-10-07 04:30:00,0.0,0.014743684
2024-10-07 04:45:00,0.0,0.070087135
2024-10-07 05:00:00,0.0,0.030497884
2024-10-07 05:15:00,0.0,0.03300554
2024-10-07 05:30:00,0.0,0.0538961
2024-10-07 05:45:00,0.0,0.038168203
2024-10-07 06:00:00,0.0,0.04054724
2024-10-07 06:15:00,0.0,-0.038333174
2024-10-07 06:30:00,0.0,-0.047809448
2024-10-07 06:45:00,0.0,-0.07993882
2024-10-07 07:00:00,0.0,-0.08452046
2024-10-07 07:15:00,0.0,-0.03625501
2024-10-07 07:30:00,0.0,-0.050471548
2024-10-07 07:45:00,0.0,-0.0011133072
2024-10-07 08:00:00,0.0,-0.004476213
2024-10-07 08:15:00,0.0,-0.00088944274
2024-10-07 08:30:00,0.0,-0.0060104895
2024-10-07 08:45:00,0.0,0.0077271513
2024-10-07 09:00:00,2.331542961,-0.03873117
2024-10-07 09:15:00,0.0,-0.0508094
2024-10-07 09:30:00,0.0,-0.101599194
2024-10-07 09:45:00,0.0,-0.10019113
2024-10-07 10:00:00,0.0,-0.08890301
2024-10-07 10:15:00,0.0,-0.046122216
2024-10-07 10:30:00,0.0,-0.09761985
2024-10-07 10:45:00,0.0,-0.07261635
2024-10-07 11:00:00,0.0,-0.018189386
2024-10-07 11:15:00,0.0,-0.0607395
2024-10-07 11:30:00,0.0,-0.0021764587
2024-10-07 11:45:00,0.0,-0.027524289
2024-10-07 12:00:00,0.0,0.0430824
2024-10-07 12:15:00,0.0,0.023668349
2024-10-07 12:30:00,0.0,0.06326288
2024-10-07 12:45:00,0.0,0.038061768
2024-10-07 13:00:00,0.0,0.015846666
2024-10-07 13:15:00,0.0,0.10946471
2024-10-07 13:30:00,0.0,0.06572724
2024-10-07 13:45:00,0.0,0.07646335
2024-10-07 14:00:00,0.0,0.048618533
2024-10-07 14:15:00,0.0,0.11981516
2024-10-07 14:30:00,0.0,0.08289663
2024-10-07 14:45:00,0.0,-0.012949046
2024-10-07 15:00:00,0.5398295458,0.014559565
2024-10-07 15:15:00,0.0,0.02510494
2024-10-07 15:30:00,0.0,-0.020224212
2024-10-07 15:45:00,0.0,-0.016856339
2024-10-07 16:00:00,0.0,0.014914745
2024-10-07 16:15:00,0.0,-0.060944606
2024-10-07 16:30:00,0.0,-0.039297063
2024-10-07 16:45:00,0.0,-0.0692311
2024-10-07 17:00:00,0.0,-0.08454448
2024-10-07 17:15:00,0.0,-0.026297178
2024-10-07 17:30:00,0.0,-0.034528207
2024-10-07 17:45:00,0.0,-0.056770135
2024-10-07 18:00:00,0.0,-0.08267654
2024-10-07 18:15:00,0.0,-0.05238918
2024-10-07 18:30:00,0.0,-0.15597035
2024-10-07 18:45:00,0.0,-0.11070672
2024-10-07 19:00:00,0.0,-0.081074275
2024-10-07 19:15:00,0.0,-0.047386494
2024-10-07 19:30:00,0.0,-0.039913446
2024-10-07 19:45:00,0.0,-0.035331603
2024-10-07 20:00:00,0.0,-0.025984235
2024-10-07 20:15:00,0.0,-0.07494301
2024-10-07 20:30:00,0.0,-0.055429347
2024-10-07 20:45:00,0.0,-0.04173561
2024-10-07 21:00:00,0.0,-0.0016850614
2024-10-07 21:15:00,0.0,-0.033485234
2024-10-07 21:30:00,0.0,0.028952008
2024-10-07 21:45:00,0.0,0.020681893
2024-10-07 22:00:00,0.0,0.04473168
2024-10-07 22:15:00,0.0,0.0038930553
2024-10-07 22:30:00,0.0,0.089349985
2024-10-07 22:45:00,0.0,0.06822829
2024-10-07 23:00:00,0.0,0.044692453
2024-10-07 23:15:00,0.0,0.030655831
2024-10-07 23:30:00,0.0,0.017122656
2024-10-07 23:45:00,0.0,-0.016130758
2024-10-08 00:00:00,0.0,-0.031801954
2024-10-08 00:15:00,0.0,-0.016926508
2024-10-08 00:30:00,0.0,-0.0046561076
2024-10-08 00:45:00,0.0,-0.04526193
2024-10-08 01:00:00,0.0,-0.09766702
2024-10-08 01:15:00,0.0,-0.015627168
2024-10-08 01:30:00,0.0,-0.048216257
2024-10-08 01:45:00,0.0,-0.104663424
2024-10-08 02:00:00,0.0,-0.114093944
2024-10-08 02:15:00,0.0,-0.06370981
2024-10-08 02:30:00,0.0,-0.039729252
2024-10-08 02:45:00,0.0,-0.008442472
2024-10-08 03:00:00,0.0,-0.023857744
2024-10-08 03:15:00,0.0,-0.0042225462
2024-10-08 03:30:00,0.0,0.014360827
2024-10-08 03:45:00,0.0,-0.045082677
2024-10-08 04:00:00,0.0,-0.033401817
2024-10-08 04:15:00,0.0,-0.078109555
2024-10-08 04:30:00,0.0,-0.06922751
2024-10-08 04:45:00,0.0,-0.07797046
2024-10-08 05:00:00,0.0,0.016550403
2024-10-08 05:15:00,0.0,0.04010873
2024-10-08 05:30:00,0.0,0.047789264
2024-10-08 05:45:00,0.0,-0.066894375
2024-10-08 06:00:00,0.0,-0.06450832
2024-10-08 06:15:00,0.0,-0.038967375
2024-10-08 06:30:00,0.0,0.017190248
2024-10-08 06:45:00,0.0,0.091440335
2024-10-08 07:00:00,0.0,0.10547285
2024-10-08 07:15:00,0.0,0.31553283
2024-10-08 07:30:00,0.0,-0.048321445
2024-10-08 07:45:00,0.0,0.11306809
2024-10-08 08:00:00,0.0,0.0058916826
2024-10-08 08:15:00,0.0,-0.1368508
2024-10-08 08:30:00,0.0,0.01874728
2024-10-08 08:45:00,0.0,0.11188211
2024-10-08 09:00:00,0.0,-0.07553979
2024-10-08 09:15:00,0.0,-0.12226093
2024-10-08 09:30:00,0.0,-0.11157408
2024-10-08 09:45:00,0.0,-0.057144225
2024-10-08 10:00:00,0.0,0.004047052
2024-10-08 10:15:00,0.0,0.0708808
2024-10-08 10:30:00,0.0,0.03796493
2024-10-08 10:45:00,0.0,0.08707016
2024-10-08 11:00:00,0.0,0.15595163
2024-10-08 11:15:00,0.0,0.09107338
2024-10-08 11:30:00,0.0,0.073278554
2024-10-08 11:45:00,0.0,0.057012975
2024-10-08 12:00:00,0.0,0.0069006295
2024-10-08 12:15:00,0.0,0.013826251
2024-10-08 12:30:00,0.0,-0.025543751
2024-10-08 12:45:00,0.0,0.026803555
2024-10-08 13:00:00,0.0,0.026847059
2024-10-08 13:15:00,0.0,0.11022545
2024-10-08 13:30:00,0.0,0.023010781
2024-10-08 13:45:00,0.0,0.27180892
2024-10-08 14:00:00,0.0,0.016089406
2024-10-08 14:15:00,0.0,-0.049014278
2024-10-08 14:30:00,0.0,-0.07696587
2024-10-08 14:45:00,0.0,-0.08734274
2024-10-08 15:00:00,0.0,-0.05426549
2024-10-08 15:15:00,0.0,-0.04179723
2024-10-08 15:30:00,0.0,-0.069695875
2024-10-08 15:45:00,0.0,-0.005729288
2024-10-08 16:00:00,0.0,-0.03932745
2024-10-08 16:15:00,0.0,-0.0012926377
2024-10-08 16:30:00,0.0,-0.076855965
2024-10-08 16:45:00,0.0,-0.05931679
2024-10-08 17:00:00,0.0,-0.05790008
2024-10-08 17:15:00,0.0,-0.07328126
2024-10-08 17:30:00,0.0,-0.021416627
2024-10-08 17:45:00,0.0,-0.06309998
2024-10-08 18:00:00,0.0,-0.08144744
2024-10-08 18:15:00,0.0,-0.041494917
2024-10-08 18:30:00,0.0,-0.098117776
2024-10-08 18:45:00,0.0,-0.11766741
2024-10-08 19:00:00,0.0,-0.07055139
2024-10-08 19:15:00,0.0,-0.1352136
2024-10-08 19:30:00,0.0,-0.12573923
2024-10-08 19:45:00,0.0,-0.10951099
2024-10-08 20:00:00,0.0,-0.08491573
2024-10-08 20:15:00,0.0,-0.021097617
2024-10-08 20:30:00,0.0,-0.0116482945
2024-10-08 20:45:00,0.0,0.010031797
2024-10-08 21:00:00,0.0,-0.014793738
2024-10-08 21:15:00,0.0,-0.03427705
2024-10-08 21:30:00,0.0,0.0024336514
2024-10-08 21:45:00,0.0,0.049800545
2024-10-08 22:00:00,0.0,0.06239288
2024-10-08 22:15:00,0.0,0.043729074
2024-10-08 22:30:00,0.0,0.07235422
2024-10-08 22:45:00,0.0,0.083268344
2024-10-08 23:00:00,0.0,0.05587337
2024-10-08 23:15:00,0.0,0.013720754
2024-10-08 23:30:00,0.0,0.21820666
2024-10-08 23:45:00,0.0,0.111014895
2024-10-09 00:00:00,0.0,0.06888368
2024-10-09 00:15:00,0.0,0.047415063
2024-10-09 00:30:00,0.0,0.045560986
2024-10-09 00:45:00,0.0,-0.030623179
2024-10-09 01:00:00,0.0,-0.065062314
2024-10-09 01:15:00,0.0,-0.07055272
2024-10-09 01:30:00,0.0,0.06661213
2024-10-09 01:45:00,0.0,0.03820222
2024-10-09 02:00:00,0.0,0.10904965
2024-10-09 02:15:00,0.0,0.034813423
2024-10-09 02:30:00,0.0,-0.060804326
2024-10-09 02:45:00,0.0,-0.05474579
2024-10-09 03:00:00,0.0,0.09388474
2024-10-09 03:15:00,0.0,0.060613573
2024-10-09 03:30:00,0.0,-0.020468047
2024-10-09 03:45:00,0.0,0.042511567
2024-10-09 04:00:00,0.0,0.02372389
2024-10-09 04:15:00,0.0,-0.012579011
2024-10-09 04:30:00,0.0,0.064420655
2024-10-09 04:45:00,0.0,-0.054144666
2024-10-09 05:00:00,0.0,0.015201817
2024-10-09 05:15:00,0.0,0.062295724
2024-10-09 05:30:00,0.0,0.12905312
2024-10-09 05:45:00,0.0,0.03805621
2024-10-09 06:00:00,0.0,0.14819169
2024-10-09 06:15:00,0.0,0.008792819
2024-10-09 06:30:00,0.0,-0.009108769
2024-10-09 06:45:00,0.0,0.018646378
2024-10-09 07:00:00,0.0,0.058475032
2024-10-09 07:15:00,0.0,0.13574189
2024-10-09 07:30:00,0.0,0.10869044
2024-10-09 07:45:00,0.0,0.0844971
2024-10-09 08:00:00,0.0,0.037763435
2024-10-09 08:15:00,0.0,0.051796317
2024-10-09 08:30:00,0.0,0.044233065
2024-10-09 08:45:00,0.0,0.046168536
2024-10-09 09:00:00,0.0,-0.023719119
2024-10-09 09:15:00,0.0,0.10623082
2024-10-09 09:30:00,0.0,0.11476396
2024-10-09 09:45:00,0.0,0.02098109
2024-10-09 10:00:00,0.0,0.018345403
2024-10-09 10:15:00,0.0,0.04210937
2024-10-09 10:30:00,0.0,-0.0048617315
2024-10-09 10:45:00,0.0,0.06337963
2024-10-09 11:00:00,0.0,0.025249915
2024-10-09 11:15:00,0.0,-0.0035120444
2024-10-09 11:30:00,0.0,-0.052993704
2024-10-09 11:45:00,0.0,-0.009595576
2024-10-09 12:00:00,0.0,-0.07430854
2024-10-09 12:15:00,0.0,-0.07114935
2024-10-09 12:30:00,0.0,-0.022268012
2024-10-09 12:45:00,0.0,-0.04114939
2024-10-09 13:00:00,0.0,0.014910155
2024-10-09 13:15:00,0.0,-0.03416348
2024-10-09 13:30:00,0.0,-0.035130776
2024-10-09 13:45:00,0.0,0.042391345
2024-10-09 14:00:00,0.0,0.013519198
2024-10-09 14:15:00,0.0,-0.019189207
2024-10-09 14:30:00,0.0,0.001588654
2024-10-09 14:45:00,0.0,-0.03300709
2024-10-09 15:00:00,0.0,0.20463312
2024-10-09 15:15:00,0.0,0.1579145
2024-10-09 15:30:00,0.0,0.18366913
2024-10-09 15:45:00,0.0,0.22994822
2024-10-09 16:00:00,0.0,0.076246925
2024-10-09 16:15:00,0.0,-0.010554701
2024-10-09 16:30:00,0.0,-0.11450386
2024-10-09 16:45:00,0.0,0.09982779
2024-10-09 17:00:00,0.0,0.13469149
2024-10-09 17:15:00,6.55452895,-0.034300417
2024-10-09 17:30:00,0.0,-0.09615649
2024-10-09 17:45:00,0.0,-0.30143028
2024-10-09 18:00:00,0.0,-0.27123177
2024-10-09 18:15:00,0.0,-0.2194979
2024-10-09 18:30:00,0.0,0.11008723
2024-10-09 18:45:00,0.0,-0.084594145
2024-10-09 19:00:00,0.0,0.1169044
2024-10-09 19:15:00,0.0,0.09070892
2024-10-09 19:30:00,0.0,0.12827194
2024-10-09 19:45:00,0.0,-0.061430622
2024-10-09 20:00:00,0.0,-0.0028447972
2024-10-09 20:15:00,0.0,-0.049094796
2024-10-09 20:30:00,0.0,0.007697537
2024-10-09 20:45:00,0.0,0.037966058
2024-10-09 21:00:00,0.0,0.17945972
2024-10-09 21:15:00,0.0,0.09079065
2024-10-09 21:30:00,0.0,0.016302202
2024-10-09 21:45:00,4.138423818,0.0023271237
2024-10-09 22:00:00,0.0,-0.014710112
2024-10-09 22:15:00,0.0,-0.16515923
2024-10-09 22:30:00,0.0,0.011395045
2024-10-09 22:45:00,0.0,0.04197893
2024-10-09 23:00:00,0.0,0.20765996
2024-10-09 23:15:00,0.0,-0.005398811
2024-10-09 23:30:00,0.0,0.21501638
2024-10-09 23:45:00,0.0,0.26779363
2024-10-10 00:00:00,0.0,0.17029269
2024-10-10 00:15:00,0.0,-0.032976534
2024-10-10 00:30:00,0.0,-0.06021449
2024-10-10 00:45:00,0.0,0.06970422
2024-10-10 01:00:00,0.0,0.019420106
2024-10-10 01:15:00,0.0,-0.032504555
2024-10-10 01:30:00,0.0,-0.024780774
2024-10-10 01:45:00,0.0,-0.04538209
2024-10-10 02:00:00,0.0,-0.023592616
2024-10-10 02:15:00,0.0,-0.013761785
2024-10-10 02:30:00,0.0,-0.025272558
2024-10-10 02:45:00,0.0,-0.058906596
2024-10-10 03:00:00,0.0,-0.07293163
2024-10-10 03:15:00,0.0,-0.028299436
2024-10-10 03:30:00,0.0,-0.012903656
2024-10-10 03:45:00,0.0,0.0339498
2024-10-10 04:00:00,0.0,0.0028592355
2024-10-10 04:15:00,0.0,0.026941122
2024-10-10 04:30:00,0.0,0.034677368
2024-10-10 04:45:00,0.0,-0.05312587
2024-10-10 05:00:00,0.0,-0.025743673
2024-10-10 05:15:00,0.0,-0.018721743
2024-10-10 05:30:00,0.0,0.016971078
2024-10-10 05:45:00,0.0,0.06073541
2024-10-10 06:00:00,0.0,0.044475455
2024-10-10 06:15:00,0.0,0.08547696
2024-10-10 06:30:00,0.0,0.1309926
2024-10-10 06:45:00,0.0,-0.060060136
2024-10-10 07:00:00,0.0,-0.06097518
2024-10-10 07:15:00,0.0,0.076158516
2024-10-10 07:30:00,0.0,0.14883746
2024-10-10 07:45:00,0.0,0.0779903
2024-10-10 08:00:00,0.0,0.088456325
2024-10-10 08:15:00,0.0,0.19383572
2024-10-10 08:30:00,0.0,0.09342472
2024-10-10 08:45:00,0.0,0.11660382
2024-10-10 09:00:00,0.0,0.022548616
2024-10-10 09:15:00,0.0,0.13198587
2024-10-10 09:30:00,0.0,0.06457132
2024-10-10 09:45:00,0.0,0.1317126
2024-10-10 10:00:00,0.0,0.11889978
2024-10-10 10:15:00,0.0,0.0979607
2024-10-10 10:30:00,0.0,0.06416254
2024-10-10 10:45:00,0.0,-0.022605283
2024-10-10 11:00:00,0.0,-0.021576734
2024-10-10 11:15:00,0.0,0.005451301
2024-10-10 11:30:00,0.0,0.035923705
2024-10-10 11:45:00,0.0,0.011851649
2024-10-10 12:00:00,0.0,-0.024252417
2024-10-10 12:15:00,0.0,-0.033199035
2024-10-10 12:30:00,0.0,-0.0210546
2024-10-10 12:45:00,0.0,0.037868913
2024-10-10 13:00:00,0.0,0.041695684
2024-10-10 13:15:00,0.0,-0.014922942
2024-10-10 13:30:00,0.0,-0.08788223
2024-10-10 13:45:00,0.0,-0.09839525
2024-10-10 14:00:00,0.0,-0.039540675
2024-10-10 14:15:00,0.0,0.02813243
2024-10-10 14:30:00,0.0,0.08532566
2024-10-10 14:45:00,0.0,-0.007905402
2024-10-10 15:00:00,0.0,0.010481069
2024-10-10 15:15:00,0.0,0.011072973
2024-10-10 15:30:00,0.0,0.003227793
2024-10-10 15:45:00,0.0,0.04832786
2024-10-10 16:00:00,0.0,0.07232107
2024-10-10 16:15:00,3.399598979,0.19664456
2024-10-10 16:30:00,0.0,0.0908729
2024-10-10 16:45:00,0.0,0.039454285
2024-10-10 17:00:00,0.0,-0.04807277
2024-10-10 17:15:00,0.0,-0.11172781
2024-10-10 17:30:00,0.0,-0.039483413
2024-10-10 17:45:00,0.0,-0.06119021
2024-10-10 18:00:00,0.0,0.028664503
2024-10-10 18:15:00,0.0,0.082237974
2024-10-10 18:30:00,0.0,0.17144783
2024-10-10 18:45:00,0.0,0.05753786
2024-10-10 19:00:00,0.0,0.15848984
2024-10-10 19:15:00,0.0,0.153842
2024-10-10 19:30:00,0.0,0.11104244
2024-10-10 19:45:00,0.0,0.03034462
2024-10-10 20:00:00,0.0,0.12639816
2024-10-10 20:15:00,0.0,0.10944425
2024-10-10 20:30:00,0.0,0.019398008
2024-10-10 20:45:00,0.0,-0.0827599
2024-10-10 21:00:00,0.0,-0.05744586
2024-10-10 21:15:00,0.0,-0.023127027
2024-10-10 21:30:00,0.0,0.01302829
2024-10-10 21:45:00,0.0,0.03827786
2024-10-10 22:00:00,0.0,0.0024939189
2024-10-10 22:15:00,0.0,0.04886571
2024-10-10 22:30:00,0.0,0.03076586
2024-10-10 22:45:00,0.0,0.15855049
2024-10-10 23:00:00,0.0,0.12038918
2024-10-10 23:15:00,0.0,0.043150585
2024-10-10 23:30:00,0.0,0.09569364
2024-10-10 23:45:00,0.0,0.06798256
2024-10-11 00:00:00,0.0,0.063896105
2024-10-11 00:15:00,0.0,-0.025102673
2024-10-11 00:30:00,0.0,-0.056034412
2024-10-11 00:45:00,0.0,0.053642794
2024-10-11 01:00:00,0.0,-0.03363327
2024-10-11 01:15:00,0.0,0.0016777407
2024-10-11 01:30:00,0.0,0.0020034763
2024-10-11 01:45:00,0.0,0.017211828
2024-10-11 02:00:00,0.0,-0.010172748
2024-10-11 02:15:00,0.0,0.030429041
2024-10-11 02:30:00,0.0,0.052866098
2024-10-11 02:45:00,0.0,0.06695004
2024-10-11 03:00:00,0.0,0.006207654
2024-10-11 03:15:00,0.0,0.08507302
2024-10-11 03:30:00,0.0,0.03780954
2024-10-11 03:45:00,0.0,0.045855284
2024-10-11 04:00:00,0.0,-0.0009584732
2024-10-11 04:15:00,0.0,0.046281908
2024-10-11 04:30:00,0.0,0.048853066
2024-10-11 04:45:00,0.0,0.05629506
2024-10-11 05:00:00,0.0,0.076629914
2024-10-11 05:15:00,0.0,0.093675986
2024-10-11 05:30:00,0.0,0.027537357
2024-10-11 05:45:00,0.0,0.03698353
2024-10-11 06:00:00,0.0,0.008183972
2024-10-11 06:15:00,2.6889783869999997,-0.004929652
2024-10-11 06:30:00,0.0,0.004024559
2024-10-11 06:45:00,0.0,-0.04491339
2024-10-11 07:00:00,0.415279722,-0.020271737
2024-10-11 07:15:00,0.0,-0.12360564
2024-10-11 07:30:00,0.0,-0.118019596
2024-10-11 07:45:00,0.0,-0.056915995
2024-10-11 08:00:00,0.0,0.051067956
2024-10-11 08:15:00,0.0,-0.0145862745
2024-10-11 08:30:00,0.0,-0.070245035
2024-10-11 08:45:00,0.0,-0.07069782
2024-10-11 09:00:00,0.0,-0.043088883
2024-10-11 09:15:00,0.0,0.017695455
2024-10-11 09:30:00,0.0,-0.048087295
2024-10-11 09:45:00,0.0,0.024396658
2024-10-11 10:00:00,0.0,0.01647206
2024-10-11 10:15:00,0.0,0.024859438
2024-10-11 10:30:00,0.0,-0.033115875
2024-10-11 10:45:00,0.0,0.022570992
2024-10-11 11:00:00,0.0,-0.0042204014
2024-10-11 11:15:00,0.0,0.0366583
2024-10-11 11:30:00,0.0,-0.034819644
2024-10-11 11:45:00,0.0,-0.019696457
2024-10-11 12:00:00,0.0,0.011074883
2024-10-11 12:15:00,0.0,0.058783974
2024-10-11 12:30:00,0.0,0.04259759
2024-10-11 12:45:00,0.0,0.007347775
2024-10-11 13:00:00,0.0,0.020430183
2024-10-11 13:15:00,0.0,0.05781866
2024-10-11 13:30:00,0.0,0.020629354
2024-10-11 13:45:00,0.0,-0.0017604417
2024-10-11 14:00:00,0.0,0.00041859844
2024-10-11 14:15:00,0.0,0.06530287
2024-10-11 14:30:00,0.0,0.11672317
2024-10-11 14:45:00,0.0,0.10803053
2024-10-11 15:00:00,0.0,0.20759076
2024-10-11 15:15:00,3.557739295,0.15032978
2024-10-11 15:30:00,0.0,0.060801174
2024-10-11 15:45:00,0.0,-0.012377385
2024-10-11 16:00:00,0.0,-0.038348332
2024-10-11 16:15:00,1.484898593,0.018654868
2024-10-11 16:30:00,0.0,0.06472607
2024-10-11 16:45:00,0.0,0.0059937234
2024-10-11 17:00:00,0.0,-0.017398339
2024-10-11 17:15:00,0.0,0.0609931
2024-10-11 17:30:00,0.0,0.16221985
2024-10-11 17:45:00,0.0,0.25911546
2024-10-11 18:00:00,0.0,0.4668908
2024-10-11 18:15:00,0.0,0.28909904
2024-10-11 18:30:00,0.0,0.2658291
2024-10-11 18:45:00,0.0,0.08406921
2024-10-11 19:00:00,0.0,0.06338542
2024-10-11 19:15:00,0.0,0.0021441712
2024-10-11 19:30:00,0.0,0.16747345
2024-10-11 19:45:00,0.0,0.23354183
2024-10-11 20:00:00,0.0,0.005630688
2024-10-11 20:15:00,0.0,0.2009017
2024-10-11 20:30:00,0.0,0.10484965
2024-10-11 20:45:00,0.0,0.10949578
2024-10-11 21:00:00,0.0,0.06681864
2024-10-11 21:15:00,0.0,0.009007347
2024-10-11 21:30:00,0.0,0.022122331
2024-10-11 21:45:00,0.0,0.0037410434
2024-10-11 22:00:00,0.0,0.07440085
2024-10-11 22:15:00,0.0,-0.023538707
2024-10-11 22:30:00,0.0,0.031465605
2024-10-11 22:45:00,0.0,0.078702904
2024-10-11 23:00:00,0.0,0.01203176
2024-10-11 23:15:00,0.0,0.09007855
2024-10-11 23:30:00,0.0,0.011998158
2024-10-11 23:45:00,0.0,-0.08433934
2024-10-12 00:00:00,0.0,-0.048833556
2024-10-12 00:15:00,0.0,-0.06337256
2024-10-12 00:30:00,0.0,-0.06775147
2024-10-12 00:45:00,0.0,-0.008234402
2024-10-12 01:00:00,0.0,-0.06210324
2024-10-12 01:15:00,0.0,-0.006605404
2024-10-12 01:30:00,0.0,-0.005559129
2024-10-12 01:45:00,0.0,0.014495445
2024-10-12 02:00:00,1.756694916,0.03751957
2024-10-12 02:15:00,0.0,0.05099633
2024-10-12 02:30:00,0.0,0.12520833
2024-10-12 02:45:00,0.0,0.08724707
2024-10-12 03:00:00,0.0,0.0065818178
2024-10-12 03:15:00,0.0,0.039968863
2024-10-12 03:30:00,0.0,0.00352986
2024-10-12 03:45:00,0.0,0.109049454
2024-10-12 04:00:00,0.0,0.091177255
2024-10-12 04:15:00,0.0,0.11724792
2024-10-12 04:30:00,0.0,0.095230125
2024-10-12 04:45:00,0.0,0.040534765
2024-10-12 05:00:00,0.0,0.0098214885
2024-10-12 05:15:00,0.0,0.028267574
2024-10-12 05:30:00,0.0,-0.04705658
2024-10-12 05:45:00,0.0,0.022726474
2024-10-12 06:00:00,0.0,0.09780547
2024-10-12 06:15:00,0.0,0.011661641
2024-10-12 06:30:00,0.09116834761999999,0.039748996
2024-10-12 06:45:00,0.0,0.020175284
2024-10-12 07:00:00,0.0,0.04936483
2024-10-12 07:15:00,0.0,0.011966963
2024-10-12 07:30:00,0.0,0.08263953
2024-10-12 07:45:00,0.0,0.06426643
2024-10-12 08:00:00,0.0,0.010700822
2024-10-12 08:15:00,0.0,-0.028078856
2024-10-12 08:30:00,0.0,-0.07863294
2024-10-12 08:45:00,0.0,0.083076455
2024-10-12 09:00:00,0.0,0.1933843
2024-10-12 09:15:00,0.0,0.16684994
2024-10-12 09:30:00,0.0,0.11653065
2024-10-12 09:45:00,0.0,0.18198523
2024-10-12 10:00:00,0.0,0.21923561
2024-10-12 10:15:00,0.0,0.029271817
2024-10-12 10:30:00,0.0,0.049092546
2024-10-12 10:45:00,0.0,0.11399137
2024-10-12 11:00:00,0.0,-0.02526936
2024-10-12 11:15:00,0.0,-0.009741501
2024-10-12 11:30:00,0.0,-0.013045404
2024-10-12 11:45:00,0.0,0.1167023
2024-10-12 12:00:00,0.0,0.051603258
2024-10-12 12:15:00,0.0,0.07097135
2024-10-12 12:30:00,0.0,-0.011386491
2024-10-12 12:45:00,0.0,-0.048459467
2024-10-12 13:00:00,0.0,-0.022601575
2024-10-12 13:15:00,0.0,0.016974295
2024-10-12 13:30:00,0.0,-0.08884957
2024-10-12 13:45:00,0.0,-0.046435475
2024-10-12 14:00:00,0.0,-0.056118052
2024-10-12 14:15:00,0.0,-0.11121451
2024-10-12 14:30:00,0.0,-0.12916507
2024-10-12 14:45:00,0.0,-0.08491348
2024-10-12 15:00:00,0.0,-0.12053756
2024-10-12 15:15:00,0.0,-0.0077710007
2024-10-12 15:30:00,0.0,0.031063203
2024-10-12 15:45:00,0.0,0.19668739
2024-10-12 16:00:00,0.0,0.037342098
2024-10-12 16:15:00,0.0,0.0555373
2024-10-12 16:30:00,0.0,-0.013446755
2024-10-12 16:45:00,0.0,0.02084841
2024-10-12 17:00:00,0.0,-0.022945862
2024-10-12 17:15:00,0.0,-0.0020936185
2024-10-12 17:30:00,0.0,0.029675549
2024-10-12 17:45:00,0.7560106147,0.06067684
2024-10-12 18:00:00,0.0,0.06304328
2024-10-12 18:15:00,0.0,0.080638774
2024-10-12 18:30:00,0.0,0.08659014
2024-10-12 18:45:00,0.0,0.089862704
2024-10-12 19:00:00,0.0,0.082707636
2024-10-12 19:15:00,0.0,0.06360331
2024-10-12 19:30:00,0.0,0.07461029
2024-10-12 19:45:00,0.0,0.04846591
2024-10-12 20:00:00,0.0,0.017538918
2024-10-12 20:15:00,0.0,0.03807733
2024-10-12 20:30:00,0.0,0.037903856
2024-10-12 20:45:00,0.0,0.049392562
2024-10-12 21:00:00,0.0,0.053879336
2024-10-12 21:15:00,0.0,-0.0015683832
2024-10-12 21:30:00,0.0,-0.005227881
2024-10-12 21:45:00,0.0,0.04122099
2024-10-12 22:00:00,0.0,-0.04846432
2024-10-12 22:15:00,0.0,0.03826711
2024-10-12 22:30:00,0.0,0.0017097066
2024-10-12 22:45:00,0.0,0.025529554
2024-10-12 23:00:00,0.0,0.031075131
2024-10-12 23:15:00,0.0,0.04577794
2024-10-12 23:30:00,0.0,0.09890791
2024-10-12 23:45:00,0.0,0.048099168
2024-10-13 00:00:00,0.0,0.0012348095
2024-10-13 00:15:00,0.0,0.034648348
2024-10-13 00:30:00,0.0,0.11808518
2024-10-13 00:45:00,0.0,0.07808564
2024-10-13 01:00:00,0.0,0.09201677
2024-10-13 01:15:00,0.0,0.029267
2024-10-13 01:30:00,0.0,0.023144096
2024-10-13 01:45:00,0.0,-0.0031563418
2024-10-13 02:00:00,0.0,-0.018910592
2024-10-13 02:15:00,0.0,0.06770472
2024-10-13 02:30:00,0.0,0.023190685
2024-10-13 02:45:00,0.0,-0.0039415704
2024-10-13 03:00:00,0.0,-0.031243794
2024-10-13 03:15:00,0.0,0.01029838
2024-10-13 03:30:00,0.0,-0.08287627
2024-10-13 03:45:00,0.0,0.02109678
2024-10-13 04:00:00,0.0,0.010832316
2024-10-13 04:15:00,0.0,0.10606521
2024-10-13 04:30:00,0.0,0.12553518
2024-10-13 04:45:00,0.0,0.05583168
2024-10-13 05:00:00,0.0,0.02782483
2024-10-13 05:15:00,0.0,-0.047157116
2024-10-13 05:30:00,0.0,0.038682587
2024-10-13 05:45:00,0.0,0.044759672
2024-10-13 06:00:00,0.0,0.026440574
2024-10-13 06:15:00,0.0,-0.053410202
2024-10-13 06:30:00,0.0,0.01733576
2024-10-13 06:45:00,0.0,0.034961306
2024-10-13 07:00:00,0.0,-0.07341919
2024-10-13 07:15:00,0.0,0.003710865
2024-10-13 07:30:00,0.0,-0.02813082
2024-10-13 07:45:00,0.0,-0.0978161
2024-10-13 08:00:00,0.0,-0.018307831
2024-10-13 08:15:00,0.0,-0.03205755
2024-10-13 08:30:00,0.0,-0.025280902
2024-10-13 08:45:00,0.0,0.03515501
2024-10-13 09:00:00,0.0,0.003797421
2024-10-13 09:15:00,0.0,-0.000435204
2024-10-13 09:30:00,0.0,-0.015808295
2024-10-13 09:45:00,0.0,-0.014096138
2024-10-13 10:00:00,0.0,-0.017899632
2024-10-13 10:15:00,0.0,-0.0038568296
2024-10-13 10:30:00,0.0,-0.0019259152
2024-10-13 10:45:00,0.0,0.011785911
2024-10-13 11:00:00,0.0,0.02308459
2024-10-13 11:15:00,0.0,-0.026799167
2024-10-13 11:30:00,0.0,0.09949526
2024-10-13 11:45:00,0.0,-0.06425306
2024-10-13 12:00:00,0.0,-0.07076465
2024-10-13 12:15:00,0.0,-0.02728048
2024-10-13 12:30:00,0.0,-0.034235187
2024-10-13 12:45:00,0.2086090116,0.011636486
2024-10-13 13:00:00,0.0,0.09955377
2024-10-13 13:15:00,0.0,0.061406925
2024-10-13 13:30:00,0.0,0.066697024
2024-10-13 13:45:00,0.0,-0.04578061
2024-10-13 14:00:00,0.0,-0.011881238
2024-10-13 14:15:00,5.589477384,0.065008245
2024-10-13 14:30:00,0.0,0.056008555
2024-10-13 14:45:00,0.0,-0.07782485
2024-10-13 15:00:00,0.0,-0.05999357
2024-10-13 15:15:00,0.0,-0.07663482
2024-10-13 15:30:00,0.0,0.1364682
2024-10-13 15:45:00,0.0,-0.083346345
2024-10-13 16:00:00,0.0,0.00031071604
2024-10-13 16:15:00,0.0,-0.014635306
2024-10-13 16:30:00,0.0,-0.042243548
2024-10-13 16:45:00,0.0,-0.04340192
2024-10-13 17:00:00,0.0,-0.058285438
2024-10-13 17:15:00,0.0,-0.195129
2024-10-13 17:30:00,0.0,-0.07648689
2024-10-13 17:45:00,0.0,-0.14603771
2024-10-13 18:00:00,0.0,-0.10916562
2024-10-13 18:15:00,0.0,-0.072997876
2024-10-13 18:30:00,0.0,-0.020379996
2024-10-13 18:45:00,0.0,-0.013753432
2024-10-13 19:00:00,0.0,-0.0036927671
2024-10-13 19:15:00,0.0,-0.04044279
2024-10-13 19:30:00,0.0,-0.008727718
2024-10-13 19:45:00,0.0,-0.035050664
2024-10-13 20:00:00,0.0,-0.094957486
2024-10-13 20:15:00,0.0,-0.092930466
2024-10-13 20:30:00,0.0,-0.064800575
2024-10-13 20:45:00,0.0,-0.084793165
2024-10-13 21:00:00,0.0,-0.07445997
2024-10-13 21:15:00,0.0,-0.08391141
2024-10-13 21:30:00,0.0,-0.07980072
2024-10-13 21:45:00,0.0,-0.10878872
2024-10-13 22:00:00,0.0,-0.048360333
2024-10-13 22:15:00,0.0,-0.045995895
2024-10-13 22:30:00,0.0,-0.041332453
2024-10-13 22:45:00,0.0,-0.05099948
2024-10-13 23:00:00,0.0,-0.049638562
2024-10-13 23:15:00,0.0,-0.019881694
2024-10-13 23:30:00,0.0,0.037486684
2024-10-13 23:45:00,0.0,0.08165682
2024-10-14 00:00:00,0.0,0.103564456
2024-10-14 00:15:00,0.0,0.012779943
2024-10-14 00:30:00,0.0,-0.010892986
2024-10-14 00:45:00,0.0,0.010689646
2024-10-14 01:00:00,0.0,-0.055068552
2024-10-14 01:15:00,0.0,0.05269814
2024-10-14 01:30:00,0.0,0.080322504
2024-10-14 01:45:00,0.0,0.026357736
2024-10-14 02:00:00,0.0,-0.025401888
2024-10-14 02:15:00,0.0,0.07517265
2024-10-14 02:30:00,0.0,-0.04537673
2024-10-14 02:45:00,0.0,-0.1089853
2024-10-14 03:00:00,0.0,-0.044992648
2024-10-14 03:15:00,0.0,0.0059540905
2024-10-14 03:30:00,0.0,0.08552238
2024-10-14 03:45:00,0.0,0.04315666
2024-10-14 04:00:00,0.0,0.03787304
2024-10-14 04:15:00,0.0,0.029035093
2024-10-14 04:30:00,0.0,0.026339782
2024-10-14 04:45:00,0.0,0.10457448
2024-10-14 05:00:00,0.0,0.07698558
2024-10-14 05:15:00,0.0,0.024247007
2024-10-14 05:30:00,0.0,0.08001154
2024-10-14 05:45:00,0.0,0.081373446
2024-10-14 06:00:00,2.823552558,0.060810845
2024-10-14 06:15:00,0.0,0.111487195
2024-10-14 06:30:00,0.0,-0.009899307
2024-10-14 06:45:00,0.0,0.0395328
2024-10-14 07:00:00,0.0,-0.026682809
2024-10-14 07:15:00,0.0,0.01919895
2024-10-14 07:30:00,0.0,-0.024192568
2024-10-14 07:45:00,0.0,0.0317923
2024-10-14 08:00:00,0.0,0.027109673
2024-10-14 08:15:00,0.0,0.020997215
2024-10-14 08:30:00,0.0,-0.013593071
2024-10-14 08:45:00,0.0,0.04398974
2024-10-14 09:00:00,0.0,-0.014802289
2024-10-14 09:15:00,0.0,0.008020347
2024-10-14 09:30:00,0.0,0.091550685
2024-10-14 09:45:00,0.0,0.0725927
2024-10-14 10:00:00,0.0,0.075202346
2024-10-14 10:15:00,0.0,0.055156738
2024-10-14 10:30:00,0.0,0.08615945
2024-10-14 10:45:00,0.0,0.058563396
2024-10-14 11:00:00,0.0,0.034593105
2024-10-14 11:15:00,0.0,0.01248734
2024-10-14 11:30:00,0.0,0.03065959
2024-10-14 11:45:00,0.0,0.012447246
2024-10-14 12:00:00,0.0,0.03626555
2024-10-14 12:15:00,0.0,0.0512044
2024-10-14 12:30:00,0.0,0.044396445
2024-10-14 12:45:00,0.0,0.038767934
2024-10-14 13:00:00,0.0,-0.012581871
2024-10-14 13:15:00,0.0,-0.01955976
2024-10-14 13:30:00,0.0,-0.012326106
2024-10-14 13:45:00,0.0,-0.030087907
2024-10-14 14:00:00,0.0,-0.045395393
2024-10-14 14:15:00,0.0,-0.0121956095
2024-10-14 14:30:00,0.0,0.040622745
2024-10-14 14:45:00,2.231358021,-0.09715126
2024-10-14 15:00:00,0.0,0.05091172
2024-10-14 15:15:00,0.0,-0.050301615
2024-10-14 15:30:00,0.0,-0.1914419
2024-10-14 15:45:00,0.0,-0.07031427
2024-10-14 16:00:00,0.0,-0.08886915
2024-10-14 16:15:00,0.0,0.016576331
2024-10-14 16:30:00,0.0,-0.02835603
2024-10-14 16:45:00,0.0,0.015298637
2024-10-14 17:00:00,0.0,-0.037649646
2024-10-14 17:15:00,0.0,-0.10566375
2024-10-14 17:30:00,0.0,-0.10555019
2024-10-14 17:45:00,0.0,0.046518534
2024-10-14 18:00:00,0.0,-0.022125907
2024-10-14 18:15:00,0.0,0.108554654
2024-10-14 18:30:00,0.0,-0.017108172
2024-10-14 18:45:00,0.0,-0.035585843
2024-10-14 19:00:00,0.0,-0.033431835
2024-10-14 19:15:00,0.0,0.025756128
2024-10-14 19:30:00,0.0,0.013320197
2024-10-14 19:45:00,0.0,0.030722661
2024-10-14 20:00:00,0.0,-0.0027310823
2024-10-14 20:15:00,0.0,0.09459785
2024-10-14 20:30:00,0.0,0.11481168
2024-10-14 20:45:00,0.0,0.047333587
2024-10-14 21:00:00,0.0,0.017515644
2024-10-14 21:15:00,0.0,-0.0035643394
2024-10-14 21:30:00,0.0,-0.039592095
2024-10-14 21:45:00,0.0,-0.11150597
2024-10-14 22:00:00,0.0,-0.09255114
2024-10-14 22:15:00,0.0,-0.12667288
2024-10-14 22:30:00,0.0,-0.07896357
2024-10-14 22:45:00,0.0,-0.04116886
2024-10-14 23:00:00,0.0,0.0013631433
2024-10-14 23:15:00,0.0,0.08353164
2024-10-14 23:30:00,0.0,0.06562753
2024-10-14 23:45:00,0.0,0.023211494
2024-10-15 00:00:00,0.0,0.018591553
2024-10-15 00:15:00,0.0,0.10145667
2024-10-15 00:30:00,0.0,0.034427445
2024-10-15 00:45:00,0.0,-0.05337703
2024-10-15 01:00:00,0.0,0.0015529441
2024-10-15 01:15:00,0.0,-0.030188734
2024-10-15 01:30:00,0.0,-0.035991203
2024-10-15 01:45:00,0.0,0.006715062
2024-10-15 02:00:00,0.0,-0.025622433
2024-10-15 02:15:00,0.0,0.00040640665
2024-10-15 02:30:00,0.0,-0.015155734
2024-10-15 02:45:00,0.0,-0.014044943
2024-10-15 03:00:00,0.0,-0.014107408
2024-10-15 03:15:00,0.0,-0.0796798
2024-10-15 03:30:00,0.0,-0.059379503
2024-10-15 03:45:00,0.0,-0.09272808
2024-10-15 04:00:00,0.0,0.04317211
2024-10-15 04:15:00,0.0,-0.0657445
2024-10-15 04:30:00,4.804759,-0.050307643
2024-10-15 04:45:00,0.0,-0.02840571
2024-10-15 05:00:00,0.0,-0.20131955
2024-10-15 05:15:00,0.0,-0.038717136
2024-10-15 05:30:00,0.0,-0.113523394
2024-10-15 05:45:00,0.0,0.070151135
2024-10-15 06:00:00,0.0,-0.16689102
2024-10-15 06:15:00,0.0,0.051705826
2024-10-15 06:30:00,0.0,0.002258413
2024-10-15 06:45:00,0.0,0.03948046
2024-10-15 07:00:00,0.0,-0.060955122
2024-10-15 07:15:00,0.0,0.020493964
2024-10-15 07:30:00,0.0,0.17100626
2024-10-15 07:45:00,0.0,0.32346347
2024-10-15 08:00:00,0.0,0.14134532
2024-10-15 08:15:00,0.0,0.04302084
2024-10-15 08:30:00,0.0,0.03301423
2024-10-15 08:45:00,0.0,-0.016381837
2024-10-15 09:00:00,0.0,0.050223015
2024-10-15 09:15:00,0.0,0.09091071
2024-10-15 09:30:00,0.0,0.08128133
2024-10-15 09:45:00,0.0,0.06403813
2024-10-15 10:00:00,0.0,0.077088095
2024-10-15 10:15:00,0.0,0.093685456
2024-10-15 10:30:00,0.0,0.057773814
2024-10-15 10:45:00,0.0,0.08257356
2024-10-15 11:00:00,0.0,0.14152826
2024-10-15 11:15:00,0.0,3.363476e-05
2024-10-15 11:30:00,0.0,-0.052150853
2024-10-15 11:45:00,0.0,-0.051997725
2024-10-15 12:00:00,0.0,-0.103551574
2024-10-15 12:15:00,0.0,-0.11376593
2024-10-15 12:30:00,0.0,-0.09676304
2024-10-15 12:45:00,0.0,-0.06438072
2024-10-15 13:00:00,0.0,-0.076426804
2024-10-15 13:15:00,0.0,0.035426628
2024-10-15 13:30:00,0.0,0.013297713
2024-10-15 13:45:00,0.0,-0.028678926
2024-10-15 14:00:00,0.0,-0.053353034
2024-10-15 14:15:00,0.0,-0.04065311
2024-10-15 14:30:00,0.0,0.019022536
2024-10-15 14:45:00,0.0,-0.1220992
2024-10-15 15:00:00,0.0,0.2722721
2024-10-15 15:15:00,0.0,0.12143603
2024-10-15 15:30:00,0.0,0.01008777
2024-10-15 15:45:00,0.0,0.010319311
2024-10-15 16:00:00,0.0,-0.034602035
2024-10-15 16:15:00,0.0,-0.0518124
2024-10-15 16:30:00,0.0,0.016970024
2024-10-15 16:45:00,0.0,0.0054123453
2024-10-15 17:00:00,0.0,0.05010473
2024-10-15 17:15:00,0.0,-0.002406419
2024-10-15 17:30:00,0.0,-0.018313298
2024-10-15 17:45:00,0.0,0.014637984
2024-10-15 18:00:00,0.0,0.01863383
2024-10-15 18:15:00,0.0,0.12047448
2024-10-15 18:30:00,0.0,-0.047486287
2024-10-15 18:45:00,0.0,-0.029671164
2024-10-15 19:00:00,0.0,-0.03881765
2024-10-15 19:15:00,0.0,-0.011666113
2024-10-15 19:30:00,0.0,-0.020535309
2024-10-15 19:45:00,0.0,-0.009927276
2024-10-15 20:00:00,0.0,-0.017413653
2024-10-15 20:15:00,0.0,0.09600389
2024-10-15 20:30:00,0.0,-0.03787271
2024-10-15 20:45:00,0.0,-0.0035676411
2024-10-15 21:00:00,0.0,0.04774839
2024-10-15 21:15:00,0.0,-0.0949436
2024-10-15 21:30:00,0.0,-0.16978775
2024-10-15 21:45:00,0.0,-0.12905242
2024-10-15 22:00:00,0.0,-0.10313517
2024-10-15 22:15:00,0.0,-0.0856206
2024-10-15 22:30:00,0.0,-0.12613505
2024-10-15 22:45:00,0.0,-0.108833306
2024-10-15 23:00:00,0.0,-0.07934599
2024-10-15 23:15:00,0.0,0.010144458
2024-10-15 23:30:00,0.0,-0.03577683
2024-10-15 23:45:00,0.0,-0.045777645
2024-10-16 00:00:00,0.0,-0.026307873
2024-10-16 00:15:00,0.0,0.07785519
2024-10-16 00:30:00,0.0,-0.08654615
2024-10-16 00:45:00,0.0,-0.025547871
2024-10-16 01:00:00,0.0,-0.052298218
2024-10-16 01:15:00,0.0,-0.035648778
2024-10-16 01:30:00,0.0,-0.030135544
2024-10-16 01:45:00,0.0,-0.054966256
2024-10-16 02:00:00,0.0,-0.08515296
2024-10-16 02:15:00,0.0,-0.07679451
2024-10-16 02:30:00,0.0,-0.19563642
2024-10-16 02:45:00,0.0,0.0013781008
2024-10-16 03:00:00,0.0,0.035664357
2024-10-16 03:15:00,0.0,0.07299737
2024-10-16 03:30:00,0.0,0.095039375
2024-10-16 03:45:00,0.0,0.09885952
2024-10-16 04:00:00,0.0,0.10789201
2024-10-16 04:15:00,0.0,0.09954237
2024-10-16 04:30:00,0.0,0.1121536
2024-10-16 04:45:00,0.0,0.0764513
2024-10-16 05:00:00,0.0,0.042151347
2024-10-16 05:15:00,0.0,0.0405333
2024-10-16 05:30:00,0.0,0.03681367
2024-10-16 05:45:00,0.0,0.094480835
2024-10-16 06:00:00,0.0,0.12215134
2024-10-16 06:15:00,0.0,0.18221152
2024-10-16 06:30:00,0.0,0.20089126
2024-10-16 06:45:00,0.0,0.1513886
2024-10-16 07:00:00,0.0,0.07404104
2024-10-16 07:15:00,0.0,0.115496926
2024-10-16 07:30:00,1.08168674,0.086329885
2024-10-16 07:45:00,0.0,0.007814865
2024-10-16 08:00:00,0.0,0.046209563
2024-10-16 08:15:00,0.0,-0.030649971
2024-10-16 08:30:00,0.0,-0.095992826
2024-10-16 08:45:00,0.0,-0.04544224
2024-10-16 09:00:00,0.0,-0.10901975
2024-10-16 09:15:00,0.0,-0.08248405
2024-10-16 09:30:00,0.0,-0.042959448
2024-10-16 09:45:00,0.0,-0.12225589
2024-10-16 10:00:00,0.0,-0.09442853
2024-10-16 10:15:00,0.0,-0.05836687
2024-10-16 10:30:00,0.0,-0.0009092168
2024-10-16 10:45:00,0.0,-0.038129527
2024-10-16 11:00:00,0.0,-0.055736694
2024-10-16 11:15:00,0.0,-0.092839874
2024-10-16 11:30:00,0.0,-0.0013225904
2024-10-16 11:45:00,0.0,0.010587521
2024-10-16 12:00:00,0.0,0.022823218
2024-10-16 12:15:00,0.0,-0.018473955
2024-10-16 12:30:00,0.0,-0.030026373
2024-10-16 12:45:00,0.0,-0.03794093
2024-10-16 13:00:00,0.0,0.013556395
2024-10-16 13:15:00,0.0,0.012540246
2024-10-16 13:30:00,0.0,-0.028005121
2024-10-16 13:45:00,0.0,-0.038384605
2024-10-16 14:00:00,0.0,-0.003935352
2024-10-16 14:15:00,0.0,-0.015643688
2024-10-16 14:30:00,0.0,-0.056328543
2024-10-16 14:45:00,0.0,0.083657384
2024-10-16 15:00:00,0.0,0.09849391
2024-10-16 15:15:00,0.0,0.0773497
2024-10-16 15:30:00,0.0,-0.0115875425
2024-10-16 15:45:00,0.0,-0.044843506
2024-10-16 16:00:00,0.0,-0.023793776
2024-10-16 16:15:00,0.0,-0.0019201486
2024-10-16 16:30:00,0.0,0.27976787
2024-10-16 16:45:00,0.0,0.14141373
2024-10-16 17:00:00,0.0,0.19173513
2024-10-16 17:15:00,0.0,0.14191945
2024-10-16 17:30:00,0.0,0.03454749
2024-10-16 17:45:00,0.0,0.0746591
2024-10-16 18:00:00,0.0,-0.016793508
2024-10-16 18:15:00,0.0,-0.047707174
2024-10-16 18:30:00,0.0,-0.04075391
2024-10-16 18:45:00,0.0,-0.031967625
2024-10-16 19:00:00,0.0,-0.078313224
2024-10-16 19:15:00,0.0,-0.07132948
2024-10-16 19:30:00,0.0,-0.016560689
2024-10-16 19:45:00,0.0,0.009495631
2024-10-16 20:00:00,0.0,0.030432682
2024-10-16 20:15:00,0.0,-0.060485903
2024-10-16 20:30:00,0.0,0.011038331
2024-10-16 20:45:00,0.0,0.059143934
2024-10-16 21:00:00,0.0,-0.045258254
2024-10-16 21:15:00,0.0,-0.059178304
2024-10-16 21:30:00,0.0,-0.03915881
2024-10-16 21:45:00,0.0,-0.019456623
2024-10-16 22:00:00,0.0,0.03190515
2024-10-16 22:15:00,0.0,0.08957349
2024-10-16 22:30:00,0.0,0.03875957
2024-10-16 22:45:00,0.0,0.03467275
2024-10-16 23:00:00,0.0,0.022419294
2024-10-16 23:15:00,0.0,-0.022757096
2024-10-16 23:30:00,0.0,-0.001049526
2024-10-16 23:45:00,0.0,-0.03347906
2024-10-17 00:00:00,0.0,-0.010919167
2024-10-17 00:15:00,0.0,0.0062159463
2024-10-17 00:30:00,0.0,0.00027873137
2024-10-17 00:45:00,0.0,-0.011232372
2024-10-17 01:00:00,0.0,-0.0209281
2024-10-17 01:15:00,0.0,0.02858979
2024-10-17 01:30:00,0.0,0.07379946
2024-10-17 01:45:00,0.0,0.07337627
2024-10-17 02:00:00,0.0,0.027078347
2024-10-17 02:15:00,0.0,0.042272568
2024-10-17 02:30:00,0.0,-0.020439148
2024-10-17 02:45:00,0.0,-0.10129253
2024-10-17 03:00:00,0.0,-0.068512045
2024-10-17 03:15:00,0.0,-0.08647765
2024-10-17 03:30:00,0.0,-0.121284924
2024-10-17 03:45:00,0.0,-0.116081774
2024-10-17 04:00:00,0.0,-0.007218268
2024-10-17 04:15:00,0.0,-0.111598544
2024-10-17 04:30:00,0.0,-0.16587877
2024-10-17 04:45:00,0.0,-0.08410883
2024-10-17 05:00:00,0.0,0.023672223
2024-10-17 05:15:00,0.0,-0.020178491
2024-10-17 05:30:00,0.0,0.19633548
2024-10-17 05:45:00,0.0,-0.04056977
2024-10-17 06:00:00,0.0,-0.06743053
2024-10-17 06:15:00,0.0,-0.04549142
2024-10-17 06:30:00,0.0,-0.064547434
2024-10-17 06:45:00,0.0,0.13577223
2024-10-17 07:00:00,0.0,-0.14474955
2024-10-17 07:15:00,0.0,-0.040399123
2024-10-17 07:30:00,0.0,-0.07064153
2024-10-17 07:45:00,0.0,-0.02239503
2024-10-17 08:00:00,0.0,-0.03180428
2024-10-17 08:15:00,0.0,-0.09682871
2024-10-17 08:30:00,0.0,-0.058993615
2024-10-17 08:45:00,0.0,-0.06925783
2024-10-17 09:00:00,0.0,-0.021351406
2024-10-17 09:15:00,0.0,-0.09238789
2024-10-17 09:30:00,0.0,-0.114024684
2024-10-17 09:45:00,0.0,-0.009786176
2024-10-17 10:00:00,0.0,0.0406982
2024-10-17 10:15:00,0.0,0.024991097
2024-10-17 10:30:00,0.0,0.016478462
2024-10-17 10:45:00,0.0,0.060849536
2024-10-17 11:00:00,0.0,0.0198919
2024-10-17 11:15:00,0.0,0.00540021
2024-10-17 11:30:00,0.0,0.0785683
2024-10-17 11:45:00,0.0,0.13279721
2024-10-17 12:00:00,0.0,0.08909904
2024-10-17 12:15:00,0.0,0.04896549
2024-10-17 12:30:00,0.0,0.07528161
2024-10-17 12:45:00,0.0,0.07191282
2024-10-17 13:00:00,0.0,-0.033604186
2024-10-17 13:15:00,0.0,-0.005095389
2024-10-17 13:30:00,0.0,0.0003814398
2024-10-17 13:45:00,0.0,-0.050446108
2024-10-17 14:00:00,0.0,-0.115711994
2024-10-17 14:15:00,0.0,-0.069754764
2024-10-17 14:30:00,0.0,-0.026767597
2024-10-17 14:45:00,0.0,-0.0100075565
2024-10-17 15:00:00,0.0,-0.096103735
2024-10-17 15:15:00,0.0,0.057618268
2024-10-17 15:30:00,0.0,0.09892635
2024-10-17 15:45:00,0.0,0.059180398
2024-10-17 16:00:00,0.0,0.023275087
2024-10-17 16:15:00,0.0,0.021907121
2024-10-17 16:30:00,3.7914450950000003,-0.029513912
2024-10-17 16:45:00,0.0,0.0245109
2024-10-17 17:00:00,0.0,0.030597959
2024-10-17 17:15:00,0.0,-0.09889423
2024-10-17 17:30:00,0.0,-0.07523541
2024-10-17 17:45:00,0.0,-0.015885266
2024-10-17 18:00:00,0.0,0.06753607
2024-10-17 18:15:00,0.0,0.17537792
2024-10-17 18:30:00,0.0,0.0049688686
2024-10-17 18:45:00,0.0,-0.002518403
2024-10-17 19:00:00,0.0,-0.11470472
2024-10-17 19:15:00,0.0,-0.23776807
2024-10-17 19:30:00,0.0,-0.19262944
2024-10-17 19:45:00,0.0,-0.1380856
2024-10-17 20:00:00,0.0,-0.14858614
2024-10-17 20:15:00,0.0,-0.17570804
2024-10-17 20:30:00,0.0,-0.12769774
2024-10-17 20:45:00,0.0,-0.11599
2024-10-17 21:00:00,0.0,-0.1674321
2024-10-17 21:15:00,0.0,-0.22169596
2024-10-17 21:30:00,0.0,-0.12451079
2024-10-17 21:45:00,0.0,-0.13535498
2024-10-17 22:00:00,0.0,-0.10375812
2024-10-17 22:15:00,0.0,-0.02933922
2024-10-17 22:30:00,0.0,0.008653728
2024-10-17 22:45:00,0.0,0.002156062
2024-10-17 23:00:00,0.0,-0.0015452037
2024-10-17 23:15:00,0.0,-0.018977562
2024-10-17 23:30:00,0.0,-0.027696094
2024-10-17 23:45:00,0.0,-0.038699344
2024-10-18 00:00:00,0.0,0.02714621
2024-10-18 00:15:00,0.0,-0.03004866
2024-10-18 00:30:00,0.0,0.03746691
2024-10-18 00:45:00,0.0,-0.040281232
2024-10-18 01:00:00,0.0,-0.06133034
2024-10-18 01:15:00,0.0,-0.05408527
2024-10-18 01:30:00,0.0,-0.047787376
2024-10-18 01:45:00,0.0,0.040871773
2024-10-18 02:00:00,0.0,0.13491394
2024-10-18 02:15:00,0.0,0.08584941
2024-10-18 02:30:00,0.0,0.09571761
2024-10-18 02:45:00,0.0,0.029103147
2024-10-18 03:00:00,0.0,0.030496746
2024-10-18 03:15:00,0.0,0.07713141
2024-10-18 03:30:00,0.0,0.06007053
2024-10-18 03:45:00,0.0,0.06122284
2024-10-18 04:00:00,0.0,0.04792416
2024-10-18 04:15:00,0.0,-0.014663024
2024-10-18 04:30:00,0.0,0.0483642
2024-10-18 04:45:00,0.0,0.08966548
2024-10-18 05:00:00,0.0,0.067238756
2024-10-18 05:15:00,0.0,0.05954827
2024-10-18 05:30:00,0.0,0.08732901
2024-10-18 05:45:00,0.0,0.10305224
2024-10-18 06:00:00,0.0,0.11346661
2024-10-18 06:15:00,0.0,0.1088706
2024-10-18 06:30:00,0.0,0.0262119
2024-10-18 06:45:00,0.0,0.06600216
2024-10-18 07:00:00,0.0,0.018107794
2024-10-18 07:15:00,0.0,-0.066544145
2024-10-18 07:30:00,0.0,0.016932037
2024-10-18 07:45:00,0.0,0.06871543
2024-10-18 08:00:00,0.0,0.08473323
2024-10-18 08:15:00,0.0,0.03598139
2024-10-18 08:30:00,0.0,0.12141354
2024-10-18 08:45:00,0.0,0.021859832
2024-10-18 09:00:00,0.0,0.04490071
2024-10-18 09:15:00,0.0,0.032662172
2024-10-18 09:30:00,0.0,0.015000464
2024-10-18 09:45:00,0.0,-0.03783862
2024-10-18 10:00:00,0.0,-0.007777285
2024-10-18 10:15:00,0.0,-0.050622363
2024-10-18 10:30:00,0.0,-0.12077449
2024-10-18 10:45:00,0.0,0.037502807
2024-10-18 11:00:00,0.0,-0.10100195
2024-10-18 11:15:00,0.0,0.0011010196
2024-10-18 11:30:00,0.0,0.08571363
2024-10-18 11:45:00,0.0,0.016064614
2024-10-18 12:00:00,0.0,-0.0066864006
2024-10-18 12:15:00,0.0,0.08105587
2024-10-18 12:30:00,0.0,0.11565431
2024-10-18 12:45:00,0.0,0.04371506
2024-10-18 13:00:00,0.0,-0.037437625
2024-10-18 13:15:00,0.0,-0.11707544
2024-10-18 13:30:00,0.0,-0.11413169
2024-10-18 13:45:00,0.0,-0.14335664
2024-10-18 14:00:00,0.0,-0.054358475
2024-10-18 14:15:00,0.0,0.048010673
2024-10-18 14:30:00,0.0,-0.007716702
2024-10-18 14:45:00,0.0,-0.09478292
2024-10-18 15:00:00,0.0,-0.09618103
2024-10-18 15:15:00,0.0,-0.052113075
2024-10-18 15:30:00,0.0,-0.039609667
2024-10-18 15:45:00,0.0,0.08955996
2024-10-18 16:00:00,9.875689103,0.06336736
2024-10-18 16:15:00,0.0,0.019334363
2024-10-18 16:30:00,0.0,0.030451695
2024-10-18 16:45:00,0.0,-0.029202053
2024-10-18 17:00:00,0.0,0.018931314
2024-10-18 17:15:00,0.0,0.3096089
2024-10-18 17:30:00,0.0,-0.12756746
2024-10-18 17:45:00,0.0,0.06874248
2024-10-18 18:00:00,0.0,0.099410385
2024-10-18 18:15:00,0.0,0.053840086
2024-10-18 18:30:00,0.0,-0.066430576
2024-10-18 18:45:00,0.0,-0.14674702
2024-10-18 19:00:00,0.0,-0.0693783
2024-10-18 19:15:00,0.0,-0.109698914
2024-10-18 19:30:00,0.0,-0.1328566
2024-10-18 19:45:00,0.0,-0.16173965
2024-10-18 20:00:00,0.0,-0.13046257
2024-10-18 20:15:00,0.0,-0.14520204
2024-10-18 20:30:00,0.0,-0.18510611
2024-10-18 20:45:00,0.0,-0.09058215
2024-10-18 21:00:00,0.0,-0.09056714
2024-10-18 21:15:00,0.0,-0.118941694
2024-10-18 21:30:00,0.0,-0.1765288
2024-10-18 21:45:00,0.0,-0.1637375
2024-10-18 22:00:00,0.0,-0.11926667
2024-10-18 22:15:00,0.0,-0.1575687
2024-10-18 22:30:00,0.0,-0.15432459
2024-10-18 22:45:00,0.0,-0.09683344
2024-10-18 23:00:00,0.0,-0.07871182
2024-10-18 23:15:00,0.0,-0.08023944
2024-10-18 23:30:00,0.0,0.0076615075
2024-10-18 23:45:00,0.0,-0.03305012
2024-10-19 00:00:00,0.0,-0.013935293
2024-10-19 00:15:00,0.0,-0.10275177
2024-10-19 00:30:00,0.0,-0.06750869
2024-10-19 00:45:00,0.0,-0.079814464
2024-10-19 01:00:00,0.0,-0.03186104
2024-10-19 01:15:00,0.0,0.01744319
2024-10-19 01:30:00,0.0,-0.034029208
2024-10-19 01:45:00,0.0,-0.073147096
2024-10-19 02:00:00,0.0,-0.04046014
2024-10-19 02:15:00,0.3871218122,0.16286683
2024-10-19 02:30:00,0.0,0.070354976
2024-10-19 02:45:00,0.0,-0.05937999
2024-10-19 03:00:00,0.0,-0.028929647
2024-10-19 03:15:00,0.0,-0.019885398
2024-10-19 03:30:00,0.0,0.2773129
2024-10-19 03:45:00,0.0,0.08004207
2024-10-19 04:00:00,0.0,0.2044005
2024-10-19 04:15:00,0.0,-0.021160044
2024-10-19 04:30:00,0.0,0.09840632
2024-10-19 04:45:00,0.0,0.15087458
2024-10-19 05:00:00,0.0,0.28230533
2024-10-19 05:15:00,0.0,0.20255849
2024-10-19 05:30:00,0.0,0.082746096
2024-10-19 05:45:00,0.0,0.09881918
2024-10-19 06:00:00,0.0,-0.0007187387
2024-10-19 06:15:00,0.0,-0.041587137
2024-10-19 06:30:00,0.0,-0.039878976
2024-10-19 06:45:00,0.0,0.04385405
2024-10-19 07:00:00,0.0,0.041544806
2024-10-19 07:15:00,0.0,-0.0092623895
2024-10-19 07:30:00,0.0,-0.014859847
2024-10-19 07:45:00,0.0,-0.019652383
2024-10-19 08:00:00,0.0,0.06539906
2024-10-19 08:15:00,0.0,0.06274597
2024-10-19 08:30:00,0.0,0.029087882
2024-10-19 08:45:00,0.0,0.104615696
2024-10-19 09:00:00,0.0,0.007894506
2024-10-19 09:15:00,0.0,0.05536218
2024-10-19 09:30:00,5.39214704,0.052331284
2024-10-19 09:45:00,0.0,-0.016209591
2024-10-19 10:00:00,0.0,-0.07995745
2024-10-19 10:15:00,0.0,-0.045337
2024-10-19 10:30:00,0.0,-0.025588641
2024-10-19 10:45:00,0.0,-0.06749875
2024-10-19 11:00:00,0.0,-0.13344043
2024-10-19 11:15:00,0.0,0.002217341
2024-10-19 11:30:00,0.0,0.060643375
2024-10-19 11:45:00,0.0,0.19134597
2024-10-19 12:00:00,0.0,0.048927393
2024-10-19 12:15:00,0.0,0.10694878
2024-10-19 12:30:00,0.0,-0.016117683
2024-10-19 12:45:00,0.0,0.2378588
2024-10-19 13:00:00,0.0,0.054815546
2024-10-19 13:15:00,0.0,-0.07665867
2024-10-19 13:30:00,0.0,-0.0106713325
2024-10-19 13:45:00,0.0,-0.093054995
2024-10-19 14:00:00,0.0,-0.1432687
2024-10-19 14:15:00,0.0,-0.10496488
2024-10-19 14:30:00,0.0,-0.089544095
2024-10-19 14:45:00,0.0,-0.093714744
2024-10-19 15:00:00,0.0,-0.027642546
2024-10-19 15:15:00,0.0,-0.023482056
2024-10-19 15:30:00,0.0,-0.04196716
2024-10-19 15:45:00,0.0,-0.057875413
2024-10-19 16:00:00,0.0,-0.11812556
2024-10-19 16:15:00,0.0,0.068037406
2024-10-19 16:30:00,0.0,0.021620115
2024-10-19 16:45:00,0.0,0.19120707
2024-10-19 17:00:00,0.0,0.0488229
2024-10-19 17:15:00,0.0,0.010515405
2024-10-19 17:30:00,0.0,-0.05065212
2024-10-19 17:45:00,0.0,0.043730356
2024-10-19 18:00:00,0.0,0.057308637
2024-10-19 18:15:00,0.0,0.021731187
2024-10-19 18:30:00,0.0,0.015897898
2024-10-19 18:45:00,0.0,-0.06277473
2024-10-19 19:00:00,0.0,-0.0573316
2024-10-19 19:15:00,0.0,0.04981161
2024-10-19 19:30:00,0.0,0.05746281
2024-10-19 19:45:00,0.0,0.030326916
2024-10-19 20:00:00,0.0,-0.0026047616
2024-10-19 20:15:00,0.0,-0.01528164
2024-10-19 20:30:00,0.0,0.060349625
2024-10-19 20:45:00,0.0,0.03375682
2024-10-19 21:00:00,0.0,0.07768522
2024-10-19 21:15:00,0.0,0.0154999895
2024-10-19 21:30:00,0.0,0.07705001
2024-10-19 21:45:00,0.0,0.09329031
2024-10-19 22:00:00,0.0,0.096338786
2024-10-19 22:15:00,0.0,0.17346719
2024-10-19 22:30:00,0.0,0.058311053
2024-10-19 22:45:00,0.0,0.10570432
2024-10-19 23:00:00,0.0,0.033078954
2024-10-19 23:15:00,0.0,0.05240585
2024-10-19 23:30:00,0.0,0.10729513
2024-10-19 23:45:00,0.0,0.10288789
2024-10-20 00:00:00,0.0,0.040786948
2024-10-20 00:15:00,0.0,0.04162455
2024-10-20 00:30:00,0.0,0.03719143
2024-10-20 00:45:00,0.0,0.05193696
2024-10-20 01:00:00,0.0,0.00024083426
2024-10-20 01:15:00,0.0,-0.008236744
2024-10-20 01:30:00,3.754525962,0.0063033346
2024-10-20 01:45:00,0.0,0.016731314
2024-10-20 02:00:00,0.0,0.023589328
2024-10-20 02:15:00,0.0,0.049275387
2024-10-20 02:30:00,0.0,-0.070773326
2024-10-20 02:45:00,0.0,-0.056863192
2024-10-20 03:00:00,0.0,-0.122191206
2024-10-20 03:15:00,0.0,-0.038751744
2024-10-20 03:30:00,0.0,-0.06721311
2024-10-20 03:45:00,0.0,-0.068289004
2024-10-20 04:00:00,0.0,-0.024643043
2024-10-20 04:15:00,0.0,-0.060593847
2024-10-20 04:30:00,0.0,0.053803246
2024-10-20 04:45:00,0.0,-0.07299203
2024-10-20 05:00:00,0.0,0.14171258
2024-10-20 05:15:00,0.0,0.039596826
2024-10-20 05:30:00,0.0,-0.10095562
2024-10-20 05:45:00,0.0,-0.017881919
2024-10-20 06:00:00,0.0,0.00328894
2024-10-20 06:15:00,0.0,0.067083895
2024-10-20 06:30:00,0.0,0.01520829
2024-10-20 06:45:00,0.0,-0.06845389
2024-10-20 07:00:00,0.0,-0.08538699
2024-10-20 07:15:00,0.0,0.02154127
2024-10-20 07:30:00,0.0,0.00052335765
2024-10-20 07:45:00,0.0,0.057214025
2024-10-20 08:00:00,1.454052979,0.023402434
2024-10-20 08:15:00,0.0,0.061929435
2024-10-20 08:30:00,0.0,-0.045257557
2024-10-20 08:45:00,0.0,-0.0068880734
2024-10-20 09:00:00,0.0,-0.05162374
2024-10-20 09:15:00,0.0,-0.040073078
2024-10-20 09:30:00,0.0,-0.07164552
2024-10-20 09:45:00,0.0,-0.032142743
2024-10-20 10:00:00,0.0,0.027375823
2024-10-20 10:15:00,0.0,-0.022878336
2024-10-20 10:30:00,0.0,0.016387057
2024-10-20 10:45:00,0.0,-0.063645355
2024-10-20 11:00:00,0.0,-0.07797759
2024-10-20 11:15:00,0.0,-0.067010365
2024-10-20 11:30:00,0.0,-0.049333833
2024-10-20 11:45:00,0.0,0.00072512444
2024-10-20 12:00:00,0.0,-0.029595569
2024-10-20 12:15:00,0.0,-0.034006678
2024-10-20 12:30:00,0.0,0.0065383282
2024-10-20 12:45:00,0.0,0.045754567
2024-10-20 13:00:00,0.0,0.06522492
2024-10-20 13:15:00,0.0,0.01418582
2024-10-20 13:30:00,0.0,0.062087238
2024-10-20 13:45:00,0.0,0.0636533
2024-10-20 14:00:00,0.0,0.09064176
2024-10-20 14:15:00,0.0,0.022865547
2024-10-20 14:30:00,0.0,-0.015261565
2024-10-20 14:45:00,0.0,0.039097525
2024-10-20 15:00:00,0.0,0.014868471
2024-10-20 15:15:00,0.0,-0.0048973495
2024-10-20 15:30:00,0.0,0.03143065
2024-10-20 15:45:00,0.0,0.033368554
2024-10-20 16:00:00,0.0,0.0018869863
2024-10-20 16:15:00,0.0,0.03838625
2024-10-20 16:30:00,0.0,-0.094503224
2024-10-20 16:45:00,4.271309173,-0.045972526
2024-10-20 17:00:00,0.0,-0.00989578
2024-10-20 17:15:00,0.0,-0.15660608
2024-10-20 17:30:00,0.0,-0.14812286
2024-10-20 17:45:00,0.0,-0.10944346
2024-10-20 18:00:00,0.0,0.080316424
2024-10-20 18:15:00,0.0,-0.09461588
2024-10-20 18:30:00,0.0,0.09367482
2024-10-20 18:45:00,0.0,0.045249682
2024-10-20 19:00:00,0.0,0.028295778
2024-10-20 19:15:00,0.0,-0.04079818
2024-10-20 19:30:00,0.0,-0.046127163
2024-10-20 19:45:00,0.0,0.018363295
2024-10-20 20:00:00,0.0,-0.029409718
2024-10-20 20:15:00,0.0,0.012189501
2024-10-20 20:30:00,0.0,-0.026983136
2024-10-20 20:45:00,0.0,0.031698268
2024-10-20 21:00:00,0.0,0.07606879
2024-10-20 21:15:00,0.0,0.042482145
2024-10-20 21:30:00,0.0,0.09104924
2024-10-20 21:45:00,0.0,0.02465256
2024-10-20 22:00:00,0.0,0.13409811
2024-10-20 22:15:00,0.0,-0.01688394
2024-10-20 22:30:00,0.0,0.020890782
2024-10-20 22:45:00,0.0,0.0011983564
2024-10-20 23:00:00,0.0,-0.042880494
2024-10-20 23:15:00,0.0,-0.017075095
2024-10-20 23:30:00,0.0,-0.02564913
2024-10-20 23:45:00,0.0,-0.04482341
2024-10-21 00:00:00,0.0,-0.095845625
2024-10-21 00:15:00,0.0,-0.067295805
2024-10-21 00:30:00,0.0,-0.09603958
2024-10-21 00:45:00,0.0,-0.045738332
2024-10-21 01:00:00,0.0,-0.060414076
2024-10-21 01:15:00,0.0,-0.0963797
2024-10-21 01:30:00,0.0,-0.03632978
2024-10-21 01:45:00,0.0,0.04806533
2024-10-21 02:00:00,0.0,0.032979008
2024-10-21 02:15:00,0.0,0.08218383
2024-10-21 02:30:00,0.0,0.07637924
2024-10-21 02:45:00,0.0,0.08214378
2024-10-21 03:00:00,0.0,0.07697091
2024-10-21 03:15:00,0.0,0.086167425
2024-10-21 03:30:00,0.0,0.0783901
2024-10-21 03:45:00,0.0,0.023147106
2024-10-21 04:00:00,0.0,0.046561427
2024-10-21 04:15:00,0.0,0.01145885
2024-10-21 04:30:00,0.0,0.0042817537
2024-10-21 04:45:00,0.0,0.022349404
2024-10-21 05:00:00,0.0,0.10503939
2024-10-21 05:15:00,0.0,-0.06923487
2024-10-21 05:30:00,0.0,-0.0187824
2024-10-21 05:45:00,0.0,0.034317013
2024-10-21 06:00:00,0.0,0.033736087
2024-10-21 06:15:00,0.0,0.08004794
2024-10-21 06:30:00,0.0,0.10604446
2024-10-21 06:45:00,0.0,0.008241182
2024-10-21 07:00:00,0.0,0.0364961
2024-10-21 07:15:00,0.0,0.13544998
2024-10-21 07:30:00,0.0,0.14474225
2024-10-21 07:45:00,0.0,0.15615721
2024-10-21 08:00:00,0.0,0.11714727
2024-10-21 08:15:00,0.0,0.021213375
2024-10-21 08:30:00,0.0,-4.5122782e-05
2024-10-21 08:45:00,0.0,0.020978438
2024-10-21 09:00:00,0.0,-0.022753483
2024-10-21 09:15:00,0.0,-0.013384009
2024-10-21 09:30:00,0.0,0.049248144
2024-10-21 09:45:00,4.945145391,0.038835667
2024-10-21 10:00:00,0.0,-0.013586378
2024-10-21 10:15:00,0.0,-0.14018159
2024-10-21 10:30:00,0.0,-0.118817784
2024-10-21 10:45:00,0.0,0.17581716
2024-10-21 11:00:00,0.0,0.35629004
2024-10-21 11:15:00,0.0,0.08945294
2024-10-21 11:30:00,0.0,0.27319998
2024-10-21 11:45:00,0.0,0.14188619
2024-10-21 12:00:00,0.0,0.18152778
2024-10-21 12:15:00,0.0,-0.029350452
2024-10-21 12:30:00,0.0,0.21508782
2024-10-21 12:45:00,0.0,-0.07784659
2024-10-21 13:00:00,0.0,0.040684268
2024-10-21 13:15:00,0.0,-0.039446395
2024-10-21 13:30:00,0.0,-0.009964396
2024-10-21 13:45:00,0.0,-0.066890985
2024-10-21 14:00:00,0.0,-0.060739417
2024-10-21 14:15:00,0.0,-0.03366744
2024-10-21 14:30:00,0.0,-0.007776156
2024-10-21 14:45:00,0.0,-0.03242453
2024-10-21 15:00:00,0.0,-0.018123657
2024-10-21 15:15:00,0.0,0.08356505
2024-10-21 15:30:00,0.0,0.06241934
2024-10-21 15:45:00,0.0,0.06831892
2024-10-21 16:00:00,0.0,0.08133254
2024-10-21 16:15:00,0.0,-0.13307203
2024-10-21 16:30:00,0.0,-0.04651811
2024-10-21 16:45:00,0.0,-0.04430829
2024-10-21 17:00:00,0.0,-0.025482848
2024-10-21 17:15:00,0.0,-0.013018669
2024-10-21 17:30:00,0.0,-0.023043094
2024-10-21 17:45:00,0.0,0.015077115
2024-10-21 18:00:00,0.0,-0.04263014
2024-10-21 18:15:00,0.0,-0.032133993
2024-10-21 18:30:00,0.0,-0.019322056
2024-10-21 18:45:00,0.0,-0.022425499
2024-10-21 19:00:00,0.0,-0.005883576
2024-10-21 19:15:00,0.0,0.012632964
2024-10-21 19:30:00,0.0,0.014087067
2024-10-21 19:45:00,0.0,0.003259853
2024-10-21 20:00:00,0.0,0.0020840212
2024-10-21 20:15:00,0.0,-0.031038472
2024-10-21 20:30:00,0.0,-0.05898208
2024-10-21 20:45:00,0.0,-0.08486207
2024-10-21 21:00:00,0.0,-0.11560336
2024-10-21 21:15:00,0.0,-0.09655184
2024-10-21 21:30:00,0.0,-0.06772043
2024-10-21 21:45:00,0.0,-0.07288794
2024-10-21 22:00:00,0.0,-0.05466899
2024-10-21 22:15:00,0.0,-0.1729709
2024-10-21 22:30:00,0.0,-0.14033346
2024-10-21 22:45:00,0.0,-0.016780667
2024-10-21 23:00:00,0.0,0.12153179
2024-10-21 23:15:00,0.0,0.1027125
2024-10-21 23:30:00,0.0,0.07335106
2024-10-21 23:45:00,0.0,0.15092266
2024-10-22 00:00:00,0.0,0.100892164
2024-10-22 00:15:00,0.0,0.06443235
2024-10-22 00:30:00,0.0,0.024867998
2024-10-22 00:45:00,0.0,0.014677729
2024-10-22 01:00:00,0.0,-0.010071357
2024-10-22 01:15:00,0.0,-0.09845254
2024-10-22 01:30:00,0.0,-0.10255328
2024-10-22 01:45:00,0.0,-0.031565618
2024-10-22 02:00:00,0.0,0.076507166
2024-10-22 02:15:00,0.0,0.010492865
2024-10-22 02:30:00,0.0,0.017513482
2024-10-22 02:45:00,0.0,0.028881773
2024-10-22 03:00:00,0.0,0.03628615
2024-10-22 03:15:00,0.0,0.044302825
2024-10-22 03:30:00,0.0,-0.0024968416
2024-10-22 03:45:00,0.0,-0.054108165
2024-10-22 04:00:00,0.0,-0.0069285245
2024-10-22 04:15:00,0.0,0.007658591
2024-10-22 04:30:00,0.0,-0.015172986
2024-10-22 04:45:00,1.066100447,0.056484204
2024-10-22 05:00:00,0.0,-0.08336204
2024-10-22 05:15:00,0.0,-0.02405669
2024-10-22 05:30:00,0.0,-0.08709187
2024-10-22 05:45:00,0.0,-0.03395216
2024-10-22 06:00:00,0.0,-0.040510956
2024-10-22 06:15:00,0.0,-0.05337816
2024-10-22 06:30:00,0.0,-0.018917158
2024-10-22 06:45:00,0.0,-0.039155107
2024-10-22 07:00:00,0.0,-0.012491787
2024-10-22 07:15:00,0.0,0.10270376
2024-10-22 07:30:00,0.0,0.058499426
2024-10-22 07:45:00,0.0,0.06342973
2024-10-22 08:00:00,0.0,-0.00894847
2024-10-22 08:15:00,0.0,0.064732976
2024-10-22 08:30:00,0.0,0.0118220635
2024-10-22 08:45:00,0.0,-0.020993462
2024-10-22 09:00:00,0.0,-0.040651426
2024-10-22 09:15:00,0.0,0.0005027934
2024-10-22 09:30:00,0.0,-0.0149636185
2024-10-22 09:45:00,0.0,-0.0145709785
2024-10-22 10:00:00,0.0,-0.040411588
2024-10-22 10:15:00,0.0,-0.08060739
2024-10-22 10:30:00,0.0,-0.029302023
2024-10-22 10:45:00,0.0,-0.020290494
2024-10-22 11:00:00,0.0,-0.0021246718
2024-10-22 11:15:00,0.0,0.0072046253
2024-10-22 11:30:00,0.0,0.06443044
2024-10-22 11:45:00,0.0,-0.014158913
2024-10-22 12:00:00,0.0,-0.018921327
2024-10-22 12:15:00,0.0,-0.02379687
2024-10-22 12:30:00,0.0,-0.00594811
2024-10-22 12:45:00,0.0,0.02295035
2024-10-22 13:00:00,0.0,-0.029160557
2024-10-22 13:15:00,5.175462673,-0.054904606
2024-10-22 13:30:00,0.0,-0.087596245
2024-10-22 13:45:00,0.0,-0.22486183
2024-10-22 14:00:00,0.0,-0.12723584
2024-10-22 14:15:00,0.0,-0.06672073
2024-10-22 14:30:00,0.0,0.09890217
2024-10-22 14:45:00,0.0,-0.26713935
2024-10-22 15:00:00,0.0,0.06859076
2024-10-22 15:15:00,0.0,0.05703447
2024-10-22 15:30:00,0.0,0.09040379
2024-10-22 15:45:00,0.0,-0.060650986
2024-10-22 16:00:00,0.0,0.089481704
2024-10-22 16:15:00,0.0,0.030941905
2024-10-22 16:30:00,0.0,-0.06604023
2024-10-22 16:45:00,0.0,-0.09458902
2024-10-22 17:00:00,0.0,-0.11649809
2024-10-22 17:15:00,0.0,-0.09208797
2024-10-22 17:30:00,0.0,-0.02654329
2024-10-22 17:45:00,0.0,-0.08534464
2024-10-22 18:00:00,0.0,-0.025263885
2024-10-22 18:15:00,0.0,0.03797093
2024-10-22 18:30:00,0.0,0.05170116
2024-10-22 18:45:00,0.0,0.047493953
2024-10-22 19:00:00,0.0,-0.0051196977
2024-10-22 19:15:00,0.0,-0.03929267
2024-10-22 19:30:00,0.0,-0.029671889
2024-10-22 19:45:00,0.0,0.07718323
2024-10-22 20:00:00,0.0,-0.07973782
2024-10-22 20:15:00,0.0,-0.094418
2024-10-22 20:30:00,0.0,-0.09912964
2024-10-22 20:45:00,0.0,-0.17304638
2024-10-22 21:00:00,0.0,-0.1131294
2024-10-22 21:15:00,0.0,-0.09114499
2024-10-22 21:30:00,0.0,-0.09572955
2024-10-22 21:45:00,0.0,-0.058725134
2024-10-22 22:00:00,0.0,-0.048256136
2024-10-22 22:15:00,0.0,-0.08570919
2024-10-22 22:30:00,0.0,-0.063080974
2024-10-22 22:45:00,0.0,-0.094082005
2024-10-22 23:00:00,0.0,-0.06351576
2024-10-22 23:15:00,0.0,-0.039243273
2024-10-22 23:30:00,0.0,0.005957082
2024-10-22 23:45:00,0.0,-0.006924517
2024-10-23 00:00:00,0.0,-0.050803624
2024-10-23 00:15:00,0.0,-0.039919138
2024-10-23 00:30:00,0.0,-0.07380982
2024-10-23 00:45:00,0.0,-0.08818136
2024-10-23 01:00:00,0.0,-0.06552594
2024-10-23 01:15:00,0.0,-0.06822892
2024-10-23 01:30:00,0.0,-0.031023411
2024-10-23 01:45:00,0.0,-0.10603147
2024-10-23 02:00:00,0.0,-0.09710539
2024-10-23 02:15:00,0.0,-0.06972551
2024-10-23 02:30:00,0.0,-0.16032137
2024-10-23 02:45:00,0.0,-0.060942076
2024-10-23 03:00:00,0.0,-0.041435942
2024-10-23 03:15:00,0.0,-0.06967783
2024-10-23 03:30:00,0.0,-0.083498955
2024-10-23 03:45:00,0.0,-0.03757812
2024-10-23 04:00:00,0.0,0.033539522
2024-10-23 04:15:00,0.0,0.028937569
2024-10-23 04:30:00,0.0,0.020127373
2024-10-23 04:45:00,0.0,0.10592409
2024-10-23 05:00:00,0.0,0.08207347
2024-10-23 05:15:00,0.0,0.17582561
2024-10-23 05:30:00,0.0,0.038446978
2024-10-23 05:45:00,0.0,0.053799655
2024-10-23 06:00:00,0.0,0.042922743
2024-10-23 06:15:00,0.0,-0.028145008
2024-10-23 06:30:00,0.0,-0.045610666
2024-10-23 06:45:00,0.0,0.18048948
2024-10-23 07:00:00,0.0,0.01702833
2024-10-23 07:15:00,0.0,-0.1098293
2024-10-23 07:30:00,0.0,-0.006321098
2024-10-23 07:45:00,0.0,-0.03862915
2024-10-23 08:00:00,6.753380009,0.013556046
2024-10-23 08:15:00,0.0,-0.040288307
2024-10-23 08:30:00,0.0,-0.13316025
2024-10-23 08:45:00,0.0,-0.15711197
2024-10-23 09:00:00,0.0,-0.14631578
2024-10-23 09:15:00,0.0,0.09961293
2024-10-23 09:30:00,0.0,-0.14259872
2024-10-23 09:45:00,0.0,0.027421918
2024-10-23 10:00:00,0.0,0.20591255
2024-10-23 10:15:00,0.0,0.16038541
2024-10-23 10:30:00,0.0,-0.08390945
2024-10-23 10:45:00,0.0,-0.07941331
2024-10-23 11:00:00,0.0,-0.07600028
2024-10-23 11:15:00,0.0,0.06326886
2024-10-23 11:30:00,0.0,0.034973443
2024-10-23 11:45:00,0.0,0.03551959
2024-10-23 12:00:00,0.0,-0.08355751
2024-10-23 12:15:00,0.0,-0.04288026
2024-10-23 12:30:00,0.0,-0.040734943
2024-10-23 12:45:00,0.0,-0.021383787
2024-10-23 13:00:00,0.0,-0.04558952
2024-10-23 13:15:00,0.0,-0.09277225
2024-10-23 13:30:00,0.0,-0.054536007
2024-10-23 13:45:00,0.0,-0.051650725
2024-10-23 14:00:00,0.0,-0.018315103
2024-10-23 14:15:00,0.0,0.08568492
2024-10-23 14:30:00,0.0,0.21987039
2024-10-23 14:45:00,0.0,0.030619895
2024-10-23 15:00:00,0.0,-0.030461902
2024-10-23 15:15:00,0.0,-0.015996367
2024-10-23 15:30:00,0.0,-0.092166536
2024-10-23 15:45:00,0.9830176899,-0.04138034
2024-10-23 16:00:00,0.0,0.03651134
2024-10-23 16:15:00,0.0,-0.013794899
2024-10-23 16:30:00,0.0,-0.08186778
2024-10-23 16:45:00,0.0,0.0243068
2024-10-23 17:00:00,0.0,-0.051101606
2024-10-23 17:15:00,0.0,-0.029932253
2024-10-23 17:30:00,0.0,0.055868704
2024-10-23 17:45:00,0.0,-0.009978827
2024-10-23 18:00:00,0.0,0.00082845375
2024-10-23 18:15:00,0.0,-0.03349826
2024-10-23 18:30:00,0.0,-0.0009571938
2024-10-23 18:45:00,0.0,-0.07124771
2024-10-23 19:00:00,0.0,-0.08826623
2024-10-23 19:15:00,0.0,0.00863906
2024-10-23 19:30:00,0.0,0.011218645
2024-10-23 19:45:00,0.0,0.04253445
2024-10-23 20:00:00,0.0,0.022767471
2024-10-23 20:15:00,0.0,0.012041639
2024-10-23 20:30:00,0.0,-0.024583401
2024-10-23 20:45:00,0.0,-0.046149552
2024-10-23 21:00:00,0.0,-0.0067327595
2024-10-23 21:15:00,0.0,0.028335325
2024-10-23 21:30:00,0.0,0.03737995
2024-10-23 21:45:00,0.0,0.033506982
2024-10-23 22:00:00,0.0,0.021395857
2024-10-23 22:15:00,0.0,0.0154007245
2024-10-23 22:30:00,0.0,0.05105728
2024-10-23 22:45:00,0.0,0.0048826234
2024-10-23 23:00:00,0.0,0.038750134
2024-10-23 23:15:00,0.0,0.12072019
2024-10-23 23:30:00,0.0,0.03305929
2024-10-23 23:45:00,0.0,0.022416364
2024-10-24 00:00:00,0.0,-0.053077206
2024-10-24 00:15:00,0.0,0.011379744
2024-10-24 00:30:00,0.0,-0.015496262
2024-10-24 00:45:00,0.0,-0.03980788
2024-10-24 01:00:00,0.0,0.023305718
2024-10-24 01:15:00,0.0,0.00214816
2024-10-24 01:30:00,0.0,0.016077463
2024-10-24 01:45:00,0.0,-0.027992206
2024-10-24 02:00:00,0.0,-0.040725425
2024-10-24 02:15:00,0.0,0.006921081
2024-10-24 02:30:00,0.0,-0.011435879
2024-10-24 02:45:00,0.0,0.015001593
2024-10-24 03:00:00,0.0,0.05511713
2024-10-24 03:15:00,0.0,0.12479989
2024-10-24 03:30:00,0.0,0.09794714
2024-10-24 03:45:00,0.0,0.015855782
2024-10-24 04:00:00,0.0,-0.01964401
2024-10-24 04:15:00,0.0,-0.037916284
2024-10-24 04:30:00,0.0,-0.08434869
2024-10-24 04:45:00,0.0,0.013507684
2024-10-24 05:00:00,0.0,0.04715933
2024-10-24 05:15:00,0.0,-0.0014311125
2024-10-24 05:30:00,0.0,0.003792548
2024-10-24 05:45:00,0.0,-0.052074373
2024-10-24 06:00:00,0.0,0.011716702
2024-10-24 06:15:00,0.0,-0.07101412
2024-10-24 06:30:00,0.0,-0.011847672
2024-10-24 06:45:00,0.0,-0.033798043
2024-10-24 07:00:00,0.0,-0.020790622
2024-10-24 07:15:00,0.0,-0.045852106
2024-10-24 07:30:00,0.0,-0.07961449
2024-10-24 07:45:00,0.0,-0.011238176
2024-10-24 08:00:00,0.0,0.012358512
2024-10-24 08:15:00,0.0,-0.08018056
2024-10-24 08:30:00,0.0,-0.13073719
2024-10-24 08:45:00,0.0,-0.02592736
2024-10-24 09:00:00,0.0,0.00014191227
2024-10-24 09:15:00,0.0,0.054745667
2024-10-24 09:30:00,0.0,0.030825274
2024-10-24 09:45:00,0.0,0.002216626
2024-10-24 10:00:00,0.0,0.01898884
2024-10-24 10:15:00,0.0,0.054707266
2024-10-24 10:30:00,0.0,0.14051074
2024-10-24 10:45:00,0.0,0.09108754
2024-10-24 11:00:00,0.0,0.06671792
2024-10-24 11:15:00,0.0,0.072574966
2024-10-24 11:30:00,0.0,0.028946703
2024-10-24 11:45:00,0.0,0.051015116
2024-10-24 12:00:00,0.0,0.05775061
2024-10-24 12:15:00,0.0,0.05913739
2024-10-24 12:30:00,0.0,0.04985764
2024-10-24 12:45:00,0.0,0.04345491
2024-10-24 13:00:00,0.0,0.01625639
2024-10-24 13:15:00,0.0,0.007766925
2024-10-24 13:30:00,0.0,-0.047404442
2024-10-24 13:45:00,0.0,0.04523334
2024-10-24 14:00:00,0.0,0.03700823
2024-10-24 14:15:00,0.0,0.21473688
2024-10-24 14:30:00,0.0,0.08857776
2024-10-24 14:45:00,0.0,0.091838054
2024-10-24 15:00:00,0.0,-0.08007692
2024-10-24 15:15:00,0.0,-0.0329317
2024-10-24 15:30:00,0.0,-0.08763714
2024-10-24 15:45:00,0.0,-0.06379534
2024-10-24 16:00:00,0.0,-0.03580017
2024-10-24 16:15:00,0.0,-0.031034578
2024-10-24 16:30:00,0.0,-0.06532019
2024-10-24 16:45:00,0.0,-0.011697514
2024-10-24 17:00:00,0.0,0.016454648
2024-10-24 17:15:00,0.0,-0.056295335
2024-10-24 17:30:00,0.0,-0.08851633
2024-10-24 17:45:00,0.0,-0.117218405
2024-10-24 18:00:00,0.0,-0.0066375956
2024-10-24 18:15:00,0.0,-0.012987051
2024-10-24 18:30:00,0.0,0.002678541
2024-10-24 18:45:00,0.0,-0.017691959
2024-10-24 19:00:00,0.0,-0.023871094
2024-10-24 19:15:00,0.0,-0.044037428
2024-10-24 19:30:00,0.0,-0.036491565
2024-10-24 19:45:00,0.0,-0.008522311
2024-10-24 20:00:00,0.0,-0.0075067133
2024-10-24 20:15:00,0.0,0.0038413059
2024-10-24 20:30:00,0.0,-0.081917755
2024-10-24 20:45:00,0.0,-0.008721284
2024-10-24 21:00:00,0.0,-0.00025644735
2024-10-24 21:15:00,0.0,0.017570488
2024-10-24 21:30:00,0.0,0.03584926
2024-10-24 21:45:00,0.0,0.06798335
2024-10-24 22:00:00,0.0,-0.03866466
2024-10-24 22:15:00,0.0,-0.06858516
2024-10-24 22:30:00,0.0,-0.0047144513
2024-10-24 22:45:00,0.0,0.09919576
2024-10-24 23:00:00,0.0,0.019013694
2024-10-24 23:15:00,3.542161888,0.04247869
2024-10-24 23:30:00,0.0,-0.02978518
2024-10-24 23:45:00,0.0,-0.112111725
2024-10-25 00:00:00,0.0,-0.13038893
2024-10-25 00:15:00,0.0,-0.17804492
2024-10-25 00:30:00,0.0,0.21474981
2024-10-25 00:45:00,0.0,-0.12839149
2024-10-25 01:00:00,0.0,-0.039625056
2024-10-25 01:15:00,0.0,0.018360153
2024-10-25 01:30:00,0.0,0.016833825
2024-10-25 01:45:00,0.0,-0.09678343
2024-10-25 02:00:00,0.0,-0.024232754
2024-10-25 02:15:00,0.0,0.032421198
2024-10-25 02:30:00,0.0,-0.033727348
2024-10-25 02:45:00,0.0,-0.010480027
2024-10-25 03:00:00,0.0,-0.15589663
2024-10-25 03:15:00,0.0,-0.114482634
2024-10-25 03:30:00,0.0,-0.03577715
2024-10-25 03:45:00,0.0,-0.09590543
2024-10-25 04:00:00,0.0,-0.11237061
2024-10-25 04:15:00,0.0,-0.13226372
2024-10-25 04:30:00,0.0,-0.13445546
2024-10-25 04:45:00,0.0,-0.10341099
2024-10-25 05:00:00,0.0,-0.10640175
2024-10-25 05:15:00,0.0,-0.21663406
2024-10-25 05:30:00,0.0,-0.13857181
2024-10-25 05:45:00,0.0,-0.15277873
2024-10-25 06:00:00,0.0,-0.16715145
2024-10-25 06:15:00,0.0,-0.14984456
2024-10-25 06:30:00,0.0,-0.11035464
2024-10-25 06:45:00,0.0,-0.15050524
2024-10-25 07:00:00,0.0,-0.14752778
2024-10-25 07:15:00,0.0,-0.050992407
2024-10-25 07:30:00,0.0,-0.08334718
2024-10-25 07:45:00,0.0,-0.010614099
2024-10-25 08:00:00,0.0,0.03781193
2024-10-25 08:15:00,0.0,0.07150966
2024-10-25 08:30:00,0.0,0.13507569
2024-10-25 08:45:00,0.0,0.0993698
2024-10-25 09:00:00,0.0,0.0390319
2024-10-25 09:15:00,0.0,-0.10906601
2024-10-25 09:30:00,0.0,-0.118572384
2024-10-25 09:45:00,0.0,-0.12813298
2024-10-25 10:00:00,0.0,-0.12836882
2024-10-25 10:15:00,0.0,-0.1326584
2024-10-25 10:30:00,0.0,-0.12738901
2024-10-25 10:45:00,0.0,-0.10167644
2024-10-25 11:00:00,0.0,-0.10408047
2024-10-25 11:15:00,0.0,-0.06445546
2024-10-25 11:30:00,0.0,-0.0745018
2024-10-25 11:45:00,0.0,-0.033081446
2024-10-25 12:00:00,0.0,0.0008264218
2024-10-25 12:15:00,0.0,0.031132342
2024-10-25 12:30:00,0.0,-0.038201593
2024-10-25 12:45:00,0.0,-0.101677135
2024-10-25 13:00:00,0.0,-0.08581557
2024-10-25 13:15:00,0.0,-0.041060787
2024-10-25 13:30:00,0.0,-0.05279604
2024-10-25 13:45:00,0.0,-0.03852091
2024-10-25 14:00:00,0.0,-0.053882785
2024-10-25 14:15:00,0.0,0.06453737
2024-10-25 14:30:00,0.0,-0.03235955
2024-10-25 14:45:00,0.0,0.009736409
2024-10-25 15:00:00,0.0,0.03723058
2024-10-25 15:15:00,0.0,0.026504371
2024-10-25 15:30:00,0.0,0.035119575
2024-10-25 15:45:00,0.0,-0.014528307
2024-10-25 16:00:00,0.0,-0.021657877
2024-10-25 16:15:00,0.0,-0.046165433
2024-10-25 16:30:00,0.0,0.007364313
2024-10-25 16:45:00,0.0,-0.20985612
2024-10-25 17:00:00,0.0,-0.0676075
2024-10-25 17:15:00,0.0,-0.041696534
2024-10-25 17:30:00,0.0,-0.028149711
2024-10-25 17:45:00,0.0,0.06445117
2024-10-25 18:00:00,0.0,0.021830903
2024-10-25 18:15:00,0.0,0.080220245
2024-10-25 18:30:00,0.0,0.10089493
2024-10-25 18:45:00,0.0,0.10873104
2024-10-25 19:00:00,0.0,0.10058812
2024-10-25 19:15:00,0.0,0.036107976
2024-10-25 19:30:00,0.0,-0.018271906
2024-10-25 19:45:00,0.0,-0.017556954
2024-10-25 20:00:00,0.0,-0.002039762
2024-10-25 20:15:00,0.0,-0.0078317905
2024-10-25 20:30:00,0.0,-0.03044508
2024-10-25 20:45:00,0.0,-0.059029862
2024-10-25 21:00:00,0.0,-0.05928731
2024-10-25 21:15:00,0.0,-0.030157933
2024-10-25 21:30:00,0.0,-0.03362624
2024-10-25 21:45:00,0.0,-0.047789536
2024-10-25 22:00:00,0.0,0.013708904
2024-10-25 22:15:00,0.0,-0.0019965074
2024-10-25 22:30:00,0.0,-0.019558819
2024-10-25 22:45:00,0.0,0.045693308
2024-10-25 23:00:00,0.0,0.06496732
2024-10-25 23:15:00,0.0,0.052711565
2024-10-25 23:30:00,0.0,0.016760053
2024-10-25 23:45:00,0.0,0.06626807
2024-10-26 00:00:00,0.0,0.24115399
2024-10-26 00:15:00,0.0,0.065863386
2024-10-26 00:30:00,0.0,0.1374704
2024-10-26 00:45:00,0.0,0.13515894
2024-10-26 01:00:00,0.0,0.12200497
2024-10-26 01:15:00,0.0,0.061669633
2024-10-26 01:30:00,0.0,0.00919236
2024-10-26 01:45:00,0.0,-0.017657984
2024-10-26 02:00:00,0.0,-0.07783188
2024-10-26 02:15:00,0.0,-0.075129
2024-10-26 02:30:00,0.0,-0.06412752
2024-10-26 02:45:00,0.0,-0.02169291
2024-10-26 03:00:00,0.0,-0.004164861
2024-10-26 03:15:00,0.0,0.098058864
2024-10-26 03:30:00,0.0,0.14667416
2024-10-26 03:45:00,0.0,0.0944986
2024-10-26 04:00:00,0.0,0.0002499828
2024-10-26 04:15:00,0.0,0.017147314
2024-10-26 04:30:00,0.0,0.10027435
2024-10-26 04:45:00,0.0,0.0859578
2024-10-26 05:00:00,0.0,0.047115095
2024-10-26 05:15:00,0.0,0.1025703
2024-10-26 05:30:00,0.0,0.073985495
2024-10-26 05:45:00,0.0,0.07406154
2024-10-26 06:00:00,0.0,0.02761552
2024-10-26 06:15:00,0.0,0.117502384
2024-10-26 06:30:00,0.0,0.061864402
2024-10-26 06:45:00,0.0,0.07384529
2024-10-26 07:00:00,0.0,0.080487184
2024-10-26 07:15:00,0.0,0.057638604
2024-10-26 07:30:00,0.0,0.03568589
2024-10-26 07:45:00,0.0,0.10216148
2024-10-26 08:00:00,0.0,0.08712402
2024-10-26 08:15:00,0.0,0.09483363
2024-10-26 08:30:00,0.0,0.025219144
2024-10-26 08:45:00,0.0,0.038253766
2024-10-26 09:00:00,0.0,0.081603006
2024-10-26 09:15:00,0.0,0.09180603
2024-10-26 09:30:00,0.0,0.08173935
2024-10-26 09:45:00,0.0,0.08533164
2024-10-26 10:00:00,0.0,0.12573864
2024-10-26 10:15:00,0.0,0.03845263
2024-10-26 10:30:00,0.0,0.08485896
2024-10-26 10:45:00,0.0,0.12708774
2024-10-26 11:00:00,0.0,0.095008865
2024-10-26 11:15:00,0.0,0.060696103
2024-10-26 11:30:00,0.0,0.08128246
2024-10-26 11:45:00,0.0,0.17001395
2024-10-26 12:00:00,0.0,0.14188547
2024-10-26 12:15:00,0.0,0.057553094
2024-10-26 12:30:00,0.0,0.06934913
2024-10-26 12:45:00,0.0,0.063443504
2024-10-26 13:00:00,0.0,0.060386576
2024-10-26 13:15:00,0.0,0.07856581
2024-10-26 13:30:00,0.0,0.04286003
2024-10-26 13:45:00,0.0,0.019423304
2024-10-26 14:00:00,0.0,-0.02278116
2024-10-26 14:15:00,0.0,-0.08090325
2024-10-26 14:30:00,0.0,0.0044052615
2024-10-26 14:45:00,0.0,0.03060682
2024-10-26 15:00:00,0.0,0.001521411
2024-10-26 15:15:00,0.0,0.060847815
2024-10-26 15:30:00,0.0,0.024300478
2024-10-26 15:45:00,1.731510717,-0.062284388
2024-10-26 16:00:00,0.0,0.0049264235
2024-10-26 16:15:00,2.887301726,0.019036327
2024-10-26 16:30:00,0.0,0.07432774
2024-10-26 16:45:00,0.0,-0.06658693
2024-10-26 17:00:00,0.0,-0.09193241
2024-10-26 17:15:00,0.0,0.044597987
2024-10-26 17:30:00,0.0,0.112665795
2024-10-26 17:45:00,0.0,0.13436046
2024-10-26 18:00:00,0.0,0.1157703
2024-10-26 18:15:00,0.0,0.091251455
2024-10-26 18:30:00,0.0,0.03823714
2024-10-26 18:45:00,0.0,-0.047343634
2024-10-26 19:00:00,0.0,0.087224096
2024-10-26 19:15:00,0.0,-0.04968728
2024-10-26 19:30:00,0.0,0.06403921
2024-10-26 19:45:00,0.0,-0.012030107
2024-10-26 20:00:00,0.0,0.12561631
2024-10-26 20:15:00,0.0,0.041460637
2024-10-26 20:30:00,0.0,0.044956356
2024-10-26 20:45:00,0.0,0.014396415
