timestamp,y_true,y_pred
2024-08-30 07:00:00,0.0,-0.10329896
2024-08-30 07:15:00,0.0,-0.04275808
2024-08-30 07:30:00,0.0,-0.022368988
2024-08-30 07:45:00,0.0,0.0069380365
2024-08-30 08:00:00,0.0,0.014335149
2024-08-30 08:15:00,0.0,0.00026257295
2024-08-30 08:30:00,0.0,0.09427876
2024-08-30 08:45:00,0.0,0.23521735
2024-08-30 09:00:00,0.0,0.28321198
2024-08-30 09:15:00,0.0,0.43442038
2024-08-30 09:30:00,0.0,0.22678842
2024-08-30 09:45:00,0.0,0.24431056
2024-08-30 10:00:00,0.0,0.22872187
2024-08-30 10:15:00,0.0,0.0693472
2024-08-30 10:30:00,0.0,0.037428077
2024-08-30 10:45:00,0.0,0.00686323
2024-08-30 11:00:00,0.0,0.031379554
2024-08-30 11:15:00,0.0,0.032816943
2024-08-30 11:30:00,0.0,0.25763583
2024-08-30 11:45:00,0.0,0.37326732
2024-08-30 12:00:00,0.0,0.22491091
2024-08-30 12:15:00,0.0,0.08961096
2024-08-30 12:30:00,0.0,0.2019636
2024-08-30 12:45:00,0.0,0.17839271
2024-08-30 13:00:00,0.2947478954,0.07339578
2024-08-30 13:15:00,0.0,0.044485368
2024-08-30 13:30:00,0.0,0.18402375
2024-08-30 13:45:00,0.0,0.19141115
2024-08-30 14:00:00,0.0,0.20707205
2024-08-30 14:15:00,0.0,0.2911714
2024-08-30 14:30:00,0.0,0.1741544
2024-08-30 14:45:00,0.0,0.007737352
2024-08-30 15:00:00,0.0,0.15461117
2024-08-30 15:15:00,0.06118401419,0.02079417
2024-08-30 15:30:00,0.0,0.05185452
2024-08-30 15:45:00,0.0,-0.010509938
2024-08-30 16:00:00,0.0,-0.12752475
2024-08-30 16:15:00,0.0,-0.17946695
2024-08-30 16:30:00,0.0,-0.21103288
2024-08-30 16:45:00,0.0,-0.082027875
2024-08-30 17:00:00,0.0,-6.4046944e-05
2024-08-30 17:15:00,0.0,0.059908863
2024-08-30 17:30:00,0.0,-0.012392894
2024-08-30 17:45:00,0.0,-0.095100425
2024-08-30 18:00:00,0.0,-0.097137585
2024-08-30 18:15:00,0.0,-0.03858209
2024-08-30 18:30:00,0.0,0.013821213
2024-08-30 18:45:00,0.0,0.012214001
2024-08-30 19:00:00,0.0,-0.012087799
2024-08-30 19:15:00,0.0,0.029169487
2024-08-30 19:30:00,0.0,0.12648378
2024-08-30 19:45:00,0.0,0.10305113
2024-08-30 20:00:00,0.0,-0.032155994
2024-08-30 20:15:00,0.0,0.03840331
2024-08-30 20:30:00,0.0,-0.052815944
2024-08-30 20:45:00,0.0,-0.1455215
2024-08-30 21:00:00,0.0,-0.23183285
2024-08-30 21:15:00,0.0,-0.18648356
2024-08-30 21:30:00,0.0,-0.06347572
2024-08-30 21:45:00,0.0,-0.012689562
2024-08-30 22:00:00,0.0,0.013236307
2024-08-30 22:15:00,0.0,-0.05074409
2024-08-30 22:30:00,0.0,-0.2775056
2024-08-30 22:45:00,0.0,-0.31960112
2024-08-30 23:00:00,0.0,-0.27896687
2024-08-30 23:15:00,0.0,-0.50213385
2024-08-30 23:30:00,0.0,-0.6131983
2024-08-30 23:45:00,0.0,-0.54148704
2024-08-31 00:00:00,0.0,-0.5877922
2024-08-31 00:15:00,0.0,-0.33205006
2024-08-31 00:30:00,0.0,-0.28757906
2024-08-31 00:45:00,0.0,-0.18598716
2024-08-31 01:00:00,0.0,-0.13975516
2024-08-31 01:15:00,0.0,-0.00083476456
2024-08-31 01:30:00,0.0,0.04513172
2024-08-31 01:45:00,0.0,0.111324176
2024-08-31 02:00:00,0.0,0.32572922
2024-08-31 02:15:00,0.0,0.26839012
2024-08-31 02:30:00,0.0,0.17496336
2024-08-31 02:45:00,0.0,0.11138416
2024-08-31 03:00:00,0.0,0.035036907
2024-08-31 03:15:00,0.0,0.008076239
2024-08-31 03:30:00,0.0,-0.03319734
2024-08-31 03:45:00,0.0,0.038186155
2024-08-31 04:00:00,0.0,0.09346793
2024-08-31 04:15:00,0.0,0.22393301
2024-08-31 04:30:00,0.0,0.11969235
2024-08-31 04:45:00,0.0,0.12167863
2024-08-31 05:00:00,0.0,0.14859046
2024-08-31 05:15:00,0.0,0.19182838
2024-08-31 05:30:00,0.0,-0.022558449
2024-08-31 05:45:00,0.0,-0.12276144
2024-08-31 06:00:00,0.0,0.076107174
2024-08-31 06:15:00,0.0,0.13686442
2024-08-31 06:30:00,0.0,0.14298502
2024-08-31 06:45:00,0.0,0.1556523
2024-08-31 07:00:00,0.0,0.15027511
2024-08-31 07:15:00,0.0,0.10837316
2024-08-31 07:30:00,0.0,0.08060806
2024-08-31 07:45:00,0.0,0.048506517
2024-08-31 08:00:00,0.0,0.03004361
2024-08-31 08:15:00,0.0,0.16387074
2024-08-31 08:30:00,0.0,0.23888272
2024-08-31 08:45:00,0.0,0.2506483
2024-08-31 09:00:00,2.482839925,0.12351942
2024-08-31 09:15:00,0.0,-0.0013429256
2024-08-31 09:30:00,0.0,0.0109085
2024-08-31 09:45:00,0.0,-0.070599414
2024-08-31 10:00:00,0.0,-0.024124343
2024-08-31 10:15:00,0.0,0.019974085
2024-08-31 10:30:00,0.0,0.06172755
2024-08-31 10:45:00,0.0,0.10657788
2024-08-31 11:00:00,0.0,-0.11859463
2024-08-31 11:15:00,0.0,-0.15059826
2024-08-31 11:30:00,0.0,-0.10276696
2024-08-31 11:45:00,0.0,-0.017324554
2024-08-31 12:00:00,0.0,0.14673445
2024-08-31 12:15:00,0.0,0.30887538
2024-08-31 12:30:00,0.0,0.27745306
2024-08-31 12:45:00,0.0,0.12596545
2024-08-31 13:00:00,0.0,0.15847337
2024-08-31 13:15:00,0.0,0.029005952
2024-08-31 13:30:00,0.0,0.01430753
2024-08-31 13:45:00,0.0,0.10369662
2024-08-31 14:00:00,0.0,0.0523624
2024-08-31 14:15:00,0.0,0.0064293672
2024-08-31 14:30:00,0.0,0.105714895
2024-08-31 14:45:00,0.0,0.13716102
2024-08-31 15:00:00,0.0,0.045203518
2024-08-31 15:15:00,0.0,0.07488958
2024-08-31 15:30:00,0.0,0.037835453
2024-08-31 15:45:00,0.0,0.1320332
2024-08-31 16:00:00,0.0,0.22812966
2024-08-31 16:15:00,0.0,0.24404535
2024-08-31 16:30:00,0.0,0.16999497
2024-08-31 16:45:00,0.0,0.050219126
2024-08-31 17:00:00,0.0,-0.04221615
2024-08-31 17:15:00,0.0,-0.010428584
2024-08-31 17:30:00,0.0,0.16204102
2024-08-31 17:45:00,0.0,0.30505246
2024-08-31 18:00:00,0.0,0.21054122
2024-08-31 18:15:00,0.0,0.15843786
2024-08-31 18:30:00,0.0,0.16483416
2024-08-31 18:45:00,0.0,0.19220933
2024-08-31 19:00:00,0.0,0.31933245
2024-08-31 19:15:00,0.0,0.3756913
2024-08-31 19:30:00,0.0,0.23249911
2024-08-31 19:45:00,0.398103455,0.2057037
2024-08-31 20:00:00,0.0,0.07633302
2024-08-31 20:15:00,0.0,-0.018743545
2024-08-31 20:30:00,0.0,-0.08482259
2024-08-31 20:45:00,0.0,-0.105568364
2024-08-31 21:00:00,0.0,-0.11472867
2024-08-31 21:15:00,0.0,-0.046155643
2024-08-31 21:30:00,0.0,0.02295626
2024-08-31 21:45:00,0.0,-0.09924507
2024-08-31 22:00:00,0.0,-0.13245961
2024-08-31 22:15:00,0.0,-0.2811817
2024-08-31 22:30:00,0.0,-0.17484434
2024-08-31 22:45:00,0.0,-0.20457193
2024-08-31 23:00:00,0.0,-0.25182685
2024-08-31 23:15:00,0.0,-0.021946225
2024-08-31 23:30:00,0.0,-0.03346951
2024-08-31 23:45:00,0.0,-0.011171532
2024-09-01 00:00:00,0.0,-0.11851448
2024-09-01 00:15:00,0.0,-0.17838866
2024-09-01 00:30:00,0.0,-0.1598398
2024-09-01 00:45:00,0.0,-0.21852173
2024-09-01 01:00:00,0.0,0.08274968
2024-09-01 01:15:00,0.0,0.097099505
2024-09-01 01:30:00,0.0,0.07208155
2024-09-01 01:45:00,0.0,0.22397742
2024-09-01 02:00:00,0.0,0.19190544
2024-09-01 02:15:00,0.0,0.28609103
2024-09-01 02:30:00,0.0,0.22658555
2024-09-01 02:45:00,0.0,0.22813308
2024-09-01 03:00:00,0.0,0.37379894
2024-09-01 03:15:00,0.0,0.3641833
2024-09-01 03:30:00,0.0,0.49469203
2024-09-01 03:45:00,0.0,0.4395525
2024-09-01 04:00:00,0.0,0.44507772
2024-09-01 04:15:00,0.0,0.4457685
2024-09-01 04:30:00,0.0,0.35777318
2024-09-01 04:45:00,0.0,0.21673217
2024-09-01 05:00:00,0.0,0.09494005
2024-09-01 05:15:00,0.0,0.21914043
2024-09-01 05:30:00,0.0,0.2571438
2024-09-01 05:45:00,0.0,-0.121914715
2024-09-01 06:00:00,0.0,-0.14421345
2024-09-01 06:15:00,0.0,-0.11808845
2024-09-01 06:30:00,0.0,0.07230657
2024-09-01 06:45:00,0.0,0.23727085
2024-09-01 07:00:00,0.0,0.21406202
2024-09-01 07:15:00,0.0,0.23561442
2024-09-01 07:30:00,0.0,0.26326105
2024-09-01 07:45:00,0.0,0.3489522
2024-09-01 08:00:00,0.0,0.36131492
2024-09-01 08:15:00,0.0,0.47357506
2024-09-01 08:30:00,0.0,0.4196022
2024-09-01 08:45:00,0.0,0.26041216
2024-09-01 09:00:00,0.0,0.41589627
2024-09-01 09:15:00,0.0,0.3921911
2024-09-01 09:30:00,0.0,0.23882748
2024-09-01 09:45:00,0.0,0.37731168
2024-09-01 10:00:00,0.0,0.50052536
2024-09-01 10:15:00,0.0,0.40847966
2024-09-01 10:30:00,0.0,0.3359255
2024-09-01 10:45:00,0.0,0.31189942
2024-09-01 11:00:00,0.0,0.2776081
2024-09-01 11:15:00,0.0,0.235226
2024-09-01 11:30:00,0.0,0.16641065
2024-09-01 11:45:00,0.0,0.19030388
2024-09-01 12:00:00,0.0,0.2284719
2024-09-01 12:15:00,0.0,0.30123445
2024-09-01 12:30:00,0.0,0.2703805
2024-09-01 12:45:00,0.0,0.31991974
2024-09-01 13:00:00,0.0,0.34689862
2024-09-01 13:15:00,0.0,0.34369573
2024-09-01 13:30:00,0.0,0.35308364
2024-09-01 13:45:00,0.0,0.3888711
2024-09-01 14:00:00,0.0,0.37035355
2024-09-01 14:15:00,0.0,0.30276188
2024-09-01 14:30:00,0.0,0.32865074
2024-09-01 14:45:00,0.0,0.32190287
2024-09-01 15:00:00,0.0,0.38165393
2024-09-01 15:15:00,0.0,0.34249166
2024-09-01 15:30:00,0.0,0.34671184
2024-09-01 15:45:00,0.0,0.20519383
2024-09-01 16:00:00,0.0,0.16878723
2024-09-01 16:15:00,0.0,0.193615
2024-09-01 16:30:00,0.0,0.12886058
2024-09-01 16:45:00,0.0,0.15377837
2024-09-01 17:00:00,0.0,0.15152785
2024-09-01 17:15:00,0.0,0.12318718
2024-09-01 17:30:00,0.0,0.12140319
2024-09-01 17:45:00,0.0,0.10502749
2024-09-01 18:00:00,0.0,0.17560704
2024-09-01 18:15:00,0.0,0.2192768
2024-09-01 18:30:00,0.0,0.17939101
2024-09-01 18:45:00,0.0,0.15693642
2024-09-01 19:00:00,0.0,0.1066709
2024-09-01 19:15:00,0.0,0.18037659
2024-09-01 19:30:00,0.0,0.15792704
2024-09-01 19:45:00,0.0,0.16544065
2024-09-01 20:00:00,0.0,0.21629703
2024-09-01 20:15:00,3.999321163,0.11800385
2024-09-01 20:30:00,0.0,0.07233924
2024-09-01 20:45:00,0.0,-0.22765625
2024-09-01 21:00:00,0.0,-0.11552772
2024-09-01 21:15:00,0.0,-0.48377216
2024-09-01 21:30:00,0.0,-0.3394246
2024-09-01 21:45:00,0.0,0.12023932
2024-09-01 22:00:00,0.0,0.558346
2024-09-01 22:15:00,0.0,0.4243271
2024-09-01 22:30:00,0.0,0.05250746
2024-09-01 22:45:00,0.0,0.24548751
2024-09-01 23:00:00,0.0,0.03579464
2024-09-01 23:15:00,0.0,-0.31411555
2024-09-01 23:30:00,0.0,-0.39749086
2024-09-01 23:45:00,0.0,-0.29838324
2024-09-02 00:00:00,0.0,-0.27286157
2024-09-02 00:15:00,0.0,0.051284593
2024-09-02 00:30:00,0.0,0.12249443
2024-09-02 00:45:00,0.0,0.23751393
2024-09-02 01:00:00,1.882858876,0.42211986
2024-09-02 01:15:00,0.0,0.21991874
2024-09-02 01:30:00,0.0,0.11195111
2024-09-02 01:45:00,0.0,0.07276339
2024-09-02 02:00:00,0.0,0.09204901
2024-09-02 02:15:00,0.0,-0.07881835
2024-09-02 02:30:00,0.0,0.045444116
2024-09-02 02:45:00,0.0,0.18320234
2024-09-02 03:00:00,0.0,0.1923743
2024-09-02 03:15:00,0.0,0.18991126
2024-09-02 03:30:00,0.0,0.08224609
2024-09-02 03:45:00,0.0,0.062169086
2024-09-02 04:00:00,0.0,0.13837026
2024-09-02 04:15:00,0.0,0.10691015
2024-09-02 04:30:00,0.0,0.26787564
2024-09-02 04:45:00,0.0,0.054108575
2024-09-02 05:00:00,0.0,0.004647031
2024-09-02 05:15:00,0.0,-0.036578648
2024-09-02 05:30:00,0.0,0.10928784
2024-09-02 05:45:00,0.0,0.18998817
2024-09-02 06:00:00,0.0,0.14323562
2024-09-02 06:15:00,0.0,0.19872864
2024-09-02 06:30:00,0.0,0.26826835
2024-09-02 06:45:00,0.0,0.15742522
2024-09-02 07:00:00,0.0,0.17347476
2024-09-02 07:15:00,0.0,0.40378258
2024-09-02 07:30:00,0.0,0.459985
2024-09-02 07:45:00,0.0,0.4669525
2024-09-02 08:00:00,0.0,0.4540559
2024-09-02 08:15:00,0.0,0.34970093
2024-09-02 08:30:00,0.0,0.40595007
2024-09-02 08:45:00,0.0,0.53566
2024-09-02 09:00:00,0.0,0.55597615
2024-09-02 09:15:00,0.0,0.5335851
2024-09-02 09:30:00,0.0,0.43704543
2024-09-02 09:45:00,0.0,0.447145
2024-09-02 10:00:00,0.0,0.21166505
2024-09-02 10:15:00,0.0,0.5676794
2024-09-02 10:30:00,0.0,0.6881922
2024-09-02 10:45:00,0.0,0.5345795
2024-09-02 11:00:00,0.0,0.40387
2024-09-02 11:15:00,0.0,0.4238141
2024-09-02 11:30:00,0.0,0.39718223
2024-09-02 11:45:00,0.0,0.40461296
2024-09-02 12:00:00,0.0,0.35424924
2024-09-02 12:15:00,0.0,0.5297686
2024-09-02 12:30:00,0.0,0.5007077
2024-09-02 12:45:00,0.0,0.5021387
2024-09-02 13:00:00,0.0,0.48016226
2024-09-02 13:15:00,0.0,0.39953178
2024-09-02 13:30:00,0.0,0.45751816
2024-09-02 13:45:00,0.0,0.40714616
2024-09-02 14:00:00,0.0,0.4174556
2024-09-02 14:15:00,0.0,0.36353585
2024-09-02 14:30:00,0.0,0.32928854
2024-09-02 14:45:00,0.0,0.25458065
2024-09-02 15:00:00,0.0,0.3305632
2024-09-02 15:15:00,0.0,0.32860678
2024-09-02 15:30:00,0.0,0.45179796
2024-09-02 15:45:00,0.0,0.37426472
2024-09-02 16:00:00,0.0,0.31377095
2024-09-02 16:15:00,0.0,0.35348445
2024-09-02 16:30:00,0.0,0.38479963
2024-09-02 16:45:00,0.0,0.322058
2024-09-02 17:00:00,0.0,0.45058239
2024-09-02 17:15:00,0.0,0.42873088
2024-09-02 17:30:00,0.0,0.34976956
2024-09-02 17:45:00,0.0,0.37036505
2024-09-02 18:00:00,0.0,0.47376215
2024-09-02 18:15:00,5.251439841,0.3929862
2024-09-02 18:30:00,0.0,0.33656028
2024-09-02 18:45:00,0.0,0.29427165
2024-09-02 19:00:00,0.0,0.09790785
2024-09-02 19:15:00,0.0,-0.33091584
2024-09-02 19:30:00,0.0,-0.046056643
2024-09-02 19:45:00,0.0,0.05459986
2024-09-02 20:00:00,0.0,0.25259292
2024-09-02 20:15:00,0.0,0.33520788
2024-09-02 20:30:00,0.0,0.17051877
2024-09-02 20:45:00,0.0,0.011175892
2024-09-02 21:00:00,0.0,-0.01888819
2024-09-02 21:15:00,0.0,0.095528156
2024-09-02 21:30:00,0.0,0.08284759
2024-09-02 21:45:00,0.0,0.10555045
2024-09-02 22:00:00,0.0,0.106099084
2024-09-02 22:15:00,0.0,0.33709538
2024-09-02 22:30:00,0.0,0.306394
2024-09-02 22:45:00,0.0,0.18911533
2024-09-02 23:00:00,0.0,0.31457454
2024-09-02 23:15:00,0.0,0.16911204
2024-09-02 23:30:00,0.0,0.0035428451
2024-09-02 23:45:00,0.0,0.06572435
2024-09-03 00:00:00,0.0,0.0354661
2024-09-03 00:15:00,0.0,0.11636172
2024-09-03 00:30:00,0.0,0.07495415
2024-09-03 00:45:00,0.0,-0.020696057
2024-09-03 01:00:00,0.0,-0.002007586
2024-09-03 01:15:00,0.0,0.23424117
2024-09-03 01:30:00,0.0,0.054173145
2024-09-03 01:45:00,0.0,0.2711344
2024-09-03 02:00:00,0.0,0.35547233
2024-09-03 02:15:00,0.0,0.31117335
2024-09-03 02:30:00,0.0,0.20785579
2024-09-03 02:45:00,0.0,0.2168541
2024-09-03 03:00:00,0.0,0.06628412
2024-09-03 03:15:00,0.0,0.18058957
2024-09-03 03:30:00,0.0,0.24092606
2024-09-03 03:45:00,0.0,0.08811272
2024-09-03 04:00:00,0.0,0.17539519
2024-09-03 04:15:00,0.0,0.16008337
2024-09-03 04:30:00,0.0,0.08303837
2024-09-03 04:45:00,0.0,0.2195207
2024-09-03 05:00:00,0.0,0.11395994
2024-09-03 05:15:00,0.0,0.2140119
2024-09-03 05:30:00,0.0,0.071376
2024-09-03 05:45:00,0.0,0.13160788
2024-09-03 06:00:00,0.0,0.19429067
2024-09-03 06:15:00,0.0,0.26117474
2024-09-03 06:30:00,0.0,0.40906712
2024-09-03 06:45:00,0.0,0.27185905
2024-09-03 07:00:00,0.0,0.45598605
2024-09-03 07:15:00,0.0,0.3898526
2024-09-03 07:30:00,0.0,0.29905093
2024-09-03 07:45:00,0.0,0.31462497
2024-09-03 08:00:00,0.0,0.3309883
2024-09-03 08:15:00,0.0,0.33191705
2024-09-03 08:30:00,0.0,0.20293948
2024-09-03 08:45:00,0.0,0.24422337
2024-09-03 09:00:00,0.0,0.18384756
2024-09-03 09:15:00,0.0,0.20804134
2024-09-03 09:30:00,0.0,0.2268461
2024-09-03 09:45:00,0.0,0.31038404
2024-09-03 10:00:00,0.0,0.21718846
2024-09-03 10:15:00,0.0,0.24582775
2024-09-03 10:30:00,0.0,0.17949305
2024-09-03 10:45:00,0.0,0.19997792
2024-09-03 11:00:00,0.0,0.2748836
2024-09-03 11:15:00,0.0,0.38478157
2024-09-03 11:30:00,0.0,0.32619405
2024-09-03 11:45:00,0.0,0.22011818
2024-09-03 12:00:00,0.0,0.2961811
2024-09-03 12:15:00,0.0,0.29537946
2024-09-03 12:30:00,0.0,0.29070717
2024-09-03 12:45:00,0.0,-0.41600928
2024-09-03 13:00:00,0.0,-0.7815162
2024-09-03 13:15:00,0.0,-0.42582265
2024-09-03 13:30:00,0.0,0.024480911
2024-09-03 13:45:00,0.0,0.24005735
2024-09-03 14:00:00,0.0,0.35795525
2024-09-03 14:15:00,0.0,0.2997397
2024-09-03 14:30:00,0.0,0.21174738
2024-09-03 14:45:00,0.0,0.39442122
2024-09-03 15:00:00,0.0,0.30906188
2024-09-03 15:15:00,0.0,0.23506759
2024-09-03 15:30:00,0.0,0.37823337
2024-09-03 15:45:00,0.0,0.22839943
2024-09-03 16:00:00,0.0,0.13382852
2024-09-03 16:15:00,0.0,0.062026624
2024-09-03 16:30:00,0.0,0.13460729
2024-09-03 16:45:00,0.0,0.21059352
2024-09-03 17:00:00,0.0,0.17247303
2024-09-03 17:15:00,0.0,0.052593254
2024-09-03 17:30:00,0.0,0.09215799
2024-09-03 17:45:00,0.0,0.08645426
2024-09-03 18:00:00,0.0,-0.001864144
2024-09-03 18:15:00,0.0,0.08508279
2024-09-03 18:30:00,0.0,0.020750258
2024-09-03 18:45:00,0.0,-0.229149
2024-09-03 19:00:00,0.0,-0.1794963
2024-09-03 19:15:00,0.0,-0.116760746
2024-09-03 19:30:00,0.0,-0.18852486
2024-09-03 19:45:00,0.0,-0.1817423
2024-09-03 20:00:00,0.0,-0.030231608
2024-09-03 20:15:00,0.0,0.0396637
2024-09-03 20:30:00,0.0,0.043479167
2024-09-03 20:45:00,0.0,0.062300712
2024-09-03 21:00:00,0.0,0.1226889
2024-09-03 21:15:00,0.0,0.2633087
2024-09-03 21:30:00,0.0,0.5121439
2024-09-03 21:45:00,0.0,0.27303782
2024-09-03 22:00:00,0.0,0.04151211
2024-09-03 22:15:00,0.0,-0.16989262
2024-09-03 22:30:00,0.0,-0.0970533
2024-09-03 22:45:00,0.0,-0.23413092
2024-09-03 23:00:00,0.0,-0.15473267
2024-09-03 23:15:00,0.0,-0.16112924
2024-09-03 23:30:00,0.0,-0.07723816
2024-09-03 23:45:00,0.0,-0.1373305
2024-09-04 00:00:00,0.0,-0.12602656
2024-09-04 00:15:00,0.0,-0.09747418
2024-09-04 00:30:00,0.0,-0.25737467
2024-09-04 00:45:00,0.0,-0.21788009
2024-09-04 01:00:00,0.0,-0.10027991
2024-09-04 01:15:00,0.0,-0.115597405
2024-09-04 01:30:00,0.0,-0.16743511
2024-09-04 01:45:00,0.0,0.06876342
2024-09-04 02:00:00,0.0,0.20162119
2024-09-04 02:15:00,0.0,0.2612896
2024-09-04 02:30:00,0.0,0.25590548
2024-09-04 02:45:00,0.0,0.18367037
2024-09-04 03:00:00,0.0,0.13631369
2024-09-04 03:15:00,0.0,0.08212906
2024-09-04 03:30:00,0.0,-0.014644879
2024-09-04 03:45:00,0.0,-0.056391414
2024-09-04 04:00:00,0.0,-0.092085645
2024-09-04 04:15:00,0.0,-0.1730979
2024-09-04 04:30:00,0.0,-0.1416859
2024-09-04 04:45:00,0.0,0.090828255
2024-09-04 05:00:00,0.0,0.23704585
2024-09-04 05:15:00,0.0,0.2382868
2024-09-04 05:30:00,0.0,0.30492774
2024-09-04 05:45:00,0.0,0.3673061
2024-09-04 06:00:00,0.0,0.21618648
2024-09-04 06:15:00,0.0,0.00933794
2024-09-04 06:30:00,0.0,0.011736828
2024-09-04 06:45:00,0.0,-0.11871377
2024-09-04 07:00:00,0.0,-0.14970604
2024-09-04 07:15:00,0.0,-0.12086671
2024-09-04 07:30:00,0.0,-0.06263531
2024-09-04 07:45:00,0.0,0.09561955
2024-09-04 08:00:00,0.0,0.04619572
2024-09-04 08:15:00,0.0,0.0079631265
2024-09-04 08:30:00,0.0,0.06768144
2024-09-04 08:45:00,0.0,0.17027342
2024-09-04 09:00:00,0.0,0.069433674
2024-09-04 09:15:00,0.0,-0.082753554
2024-09-04 09:30:00,0.0,0.020203922
2024-09-04 09:45:00,0.0,0.11437958
2024-09-04 10:00:00,0.0,0.1503436
2024-09-04 10:15:00,0.0,0.19679081
2024-09-04 10:30:00,0.0,0.24753588
2024-09-04 10:45:00,0.0,0.06704784
2024-09-04 11:00:00,0.0,0.016158877
2024-09-04 11:15:00,0.0,-0.0052955346
2024-09-04 11:30:00,0.0,0.016910141
2024-09-04 11:45:00,0.0,-0.055827074
2024-09-04 12:00:00,0.0,-0.05318369
2024-09-04 12:15:00,0.0,0.0076580676
2024-09-04 12:30:00,0.0,0.08442989
2024-09-04 12:45:00,0.0,0.046331465
2024-09-04 13:00:00,0.0,-0.056934834
2024-09-04 13:15:00,0.0,-0.12568644
2024-09-04 13:30:00,0.0,-0.045195274
2024-09-04 13:45:00,0.0,0.07527885
2024-09-04 14:00:00,0.0,-0.0048613707
2024-09-04 14:15:00,1.34301859,-0.13936198
2024-09-04 14:30:00,0.0,-0.117089316
2024-09-04 14:45:00,0.0,-0.013048128
2024-09-04 15:00:00,0.0,-0.0024432547
2024-09-04 15:15:00,0.0,-0.09447586
2024-09-04 15:30:00,0.0,0.17266108
2024-09-04 15:45:00,0.0,0.14808434
2024-09-04 16:00:00,0.0,-0.031661812
2024-09-04 16:15:00,0.0,-0.033161893
2024-09-04 16:30:00,0.0,-0.091316074
2024-09-04 16:45:00,0.0,-0.04416695
2024-09-04 17:00:00,0.0,0.19123738
2024-09-04 17:15:00,0.0,0.11502168
2024-09-04 17:30:00,0.0,-0.077170834
2024-09-04 17:45:00,0.0,-0.25913346
2024-09-04 18:00:00,0.0,-0.33806872
2024-09-04 18:15:00,0.0,-0.32865584
2024-09-04 18:30:00,0.0,-0.23426026
2024-09-04 18:45:00,0.0,-0.24328773
2024-09-04 19:00:00,0.0,0.026396228
2024-09-04 19:15:00,0.0,0.16332003
2024-09-04 19:30:00,0.0,0.11190795
2024-09-04 19:45:00,0.0,0.037651144
2024-09-04 20:00:00,0.0,0.09091774
2024-09-04 20:15:00,0.0,0.21224032
2024-09-04 20:30:00,0.0,0.18497366
2024-09-04 20:45:00,0.0,0.038540844
2024-09-04 21:00:00,0.0,-0.008400455
2024-09-04 21:15:00,0.0,0.05053408
2024-09-04 21:30:00,0.0,-0.04336643
2024-09-04 21:45:00,0.0,-0.1413444
2024-09-04 22:00:00,0.0,-0.21247907
2024-09-04 22:15:00,0.0,-0.08073186
2024-09-04 22:30:00,0.0,0.0011359049
2024-09-04 22:45:00,0.0,-0.23864077
2024-09-04 23:00:00,0.0,-0.15784357
2024-09-04 23:15:00,0.0,-0.16360526
2024-09-04 23:30:00,0.0,-0.053424403
2024-09-04 23:45:00,0.0,-0.20082217
2024-09-05 00:00:00,0.0,-0.19639775
2024-09-05 00:15:00,0.0,-0.17171142
2024-09-05 00:30:00,0.0,-0.04074143
2024-09-05 00:45:00,0.0,-0.028665865
2024-09-05 01:00:00,0.0,-0.06212971
2024-09-05 01:15:00,0.0,-0.032185413
2024-09-05 01:30:00,0.0,0.039947685
2024-09-05 01:45:00,0.0,0.055529166
2024-09-05 02:00:00,0.0,0.06269834
2024-09-05 02:15:00,0.0,0.025924437
2024-09-05 02:30:00,0.0,0.0008856343
2024-09-05 02:45:00,0.0,0.032469608
2024-09-05 03:00:00,0.0,0.040597424
2024-09-05 03:15:00,0.0,0.16608799
2024-09-05 03:30:00,0.0,0.21209805
2024-09-05 03:45:00,0.0,0.15223339
2024-09-05 04:00:00,0.0,0.15930219
2024-09-05 04:15:00,0.0,0.16941977
2024-09-05 04:30:00,0.0,0.21617298
2024-09-05 04:45:00,0.0,0.21388027
2024-09-05 05:00:00,0.0,0.13622622
2024-09-05 05:15:00,0.0,0.06465445
2024-09-05 05:30:00,0.0,0.029967787
2024-09-05 05:45:00,0.0,0.015407991
2024-09-05 06:00:00,0.0,-0.0652661
2024-09-05 06:15:00,0.0,0.18261944
2024-09-05 06:30:00,0.0,0.22864334
2024-09-05 06:45:00,0.0,0.065869145
2024-09-05 07:00:00,0.0,0.027797006
2024-09-05 07:15:00,0.0,0.09402443
2024-09-05 07:30:00,0.0,0.1882523
2024-09-05 07:45:00,0.0,0.12749396
2024-09-05 08:00:00,0.0,0.047928724
2024-09-05 08:15:00,0.3595696486,0.09075168
2024-09-05 08:30:00,0.0,0.11049991
2024-09-05 08:45:00,0.0,0.09376798
2024-09-05 09:00:00,0.0,0.034772824
2024-09-05 09:15:00,0.0,0.032380674
2024-09-05 09:30:00,0.0,0.06810386
2024-09-05 09:45:00,0.0,0.16274822
2024-09-05 10:00:00,0.0,0.10710976
2024-09-05 10:15:00,0.0,0.087657064
2024-09-05 10:30:00,0.0,0.15355259
2024-09-05 10:45:00,0.0,0.2852442
2024-09-05 11:00:00,0.0,0.16366419
2024-09-05 11:15:00,0.0,0.22804846
2024-09-05 11:30:00,0.0,0.06457535
2024-09-05 11:45:00,0.0,-0.027596185
2024-09-05 12:00:00,0.0,-0.15195599
2024-09-05 12:15:00,0.0,0.008506715
2024-09-05 12:30:00,0.0,-0.0136792045
2024-09-05 12:45:00,0.0,-0.039775625
2024-09-05 13:00:00,0.0,-0.052070286
2024-09-05 13:15:00,0.0,0.044567794
2024-09-05 13:30:00,2.296623583,0.13815491
2024-09-05 13:45:00,0.0,0.05969118
2024-09-05 14:00:00,0.0,-0.0040562605
2024-09-05 14:15:00,0.0,-0.07661592
2024-09-05 14:30:00,0.0,-0.31627086
2024-09-05 14:45:00,0.0,-0.4091933
2024-09-05 15:00:00,0.0,-0.26453263
2024-09-05 15:15:00,0.0,-0.0930811
2024-09-05 15:30:00,0.0,-0.05886842
2024-09-05 15:45:00,0.0,0.14149347
2024-09-05 16:00:00,0.0,0.1282678
2024-09-05 16:15:00,0.0,-0.0006922258
2024-09-05 16:30:00,0.0,0.024741605
2024-09-05 16:45:00,0.0,-0.039578844
2024-09-05 17:00:00,0.0,0.061512835
2024-09-05 17:15:00,0.0,0.07509372
2024-09-05 17:30:00,0.0,0.0038474898
2024-09-05 17:45:00,0.0,-0.1276618
2024-09-05 18:00:00,0.0,-0.14343332
2024-09-05 18:15:00,0.0,-0.28605646
2024-09-05 18:30:00,0.0,-0.08626596
2024-09-05 18:45:00,0.0,0.071133375
2024-09-05 19:00:00,0.0,-0.0014871765
2024-09-05 19:15:00,0.0,-0.094262354
2024-09-05 19:30:00,0.0,-0.025968166
2024-09-05 19:45:00,0.0,-0.10997363
2024-09-05 20:00:00,0.0,-0.15477979
2024-09-05 20:15:00,0.0,-0.027095832
2024-09-05 20:30:00,0.0,0.2611174
2024-09-05 20:45:00,0.0,0.39074743
2024-09-05 21:00:00,0.0,0.22503622
2024-09-05 21:15:00,0.0,0.008192438
2024-09-05 21:30:00,0.0,-0.21120402
2024-09-05 21:45:00,0.0,-0.08994442
2024-09-05 22:00:00,0.0,-0.07325753
2024-09-05 22:15:00,0.0,-0.079933256
2024-09-05 22:30:00,0.0,-0.10146726
2024-09-05 22:45:00,0.0,-0.15779571
2024-09-05 23:00:00,0.0,-0.23457186
2024-09-05 23:15:00,0.0,-0.29416546
2024-09-05 23:30:00,0.0,-0.24529019
2024-09-05 23:45:00,0.0,-0.27634424
2024-09-06 00:00:00,0.0,-0.3373922
2024-09-06 00:15:00,0.0,-0.16194078
2024-09-06 00:30:00,0.0,-0.13148578
2024-09-06 00:45:00,0.0,-0.0867156
2024-09-06 01:00:00,0.0,0.06501418
2024-09-06 01:15:00,0.0,0.09561978
2024-09-06 01:30:00,0.0,0.13465315
2024-09-06 01:45:00,0.0,0.1440075
2024-09-06 02:00:00,0.0,0.112772934
2024-09-06 02:15:00,0.0,0.15172288
2024-09-06 02:30:00,0.0,0.046564672
2024-09-06 02:45:00,0.0,0.02169373
2024-09-06 03:00:00,0.0,0.053293455
2024-09-06 03:15:00,0.0,-0.016998913
2024-09-06 03:30:00,0.0,0.00084239856
2024-09-06 03:45:00,0.0,0.09909772
2024-09-06 04:00:00,0.0,0.14265877
2024-09-06 04:15:00,0.0,0.21759462
2024-09-06 04:30:00,0.0,0.15494506
2024-09-06 04:45:00,0.0,0.38444695
2024-09-06 05:00:00,0.0,0.25435182
2024-09-06 05:15:00,0.0,0.12409742
2024-09-06 05:30:00,0.0,-0.019918323
2024-09-06 05:45:00,0.0,-0.14470391
2024-09-06 06:00:00,0.0,-0.14163157
2024-09-06 06:15:00,0.0,-0.112013765
2024-09-06 06:30:00,0.0,-0.09398352
2024-09-06 06:45:00,0.0,0.024436584
2024-09-06 07:00:00,0.0,0.13872086
2024-09-06 07:15:00,0.0,0.19093658
2024-09-06 07:30:00,0.0,0.12311689
2024-09-06 07:45:00,0.0,0.104633816
2024-09-06 08:00:00,0.0,0.17614943
2024-09-06 08:15:00,0.0,0.13686198
2024-09-06 08:30:00,1.780200303,0.15752648
2024-09-06 08:45:00,0.0,0.16715857
2024-09-06 09:00:00,0.0,0.20315483
2024-09-06 09:15:00,0.0,0.1219917
2024-09-06 09:30:00,0.0,-0.05770813
2024-09-06 09:45:00,0.0,-0.016697843
2024-09-06 10:00:00,0.0,0.20005548
2024-09-06 10:15:00,0.0,0.081486925
2024-09-06 10:30:00,0.0,0.034297872
2024-09-06 10:45:00,0.0,0.019838093
2024-09-06 11:00:00,0.0,0.05455207
2024-09-06 11:15:00,0.0,0.047500543
2024-09-06 11:30:00,0.0,-0.020936677
2024-09-06 11:45:00,0.0,0.010962159
2024-09-06 12:00:00,0.0,0.09145793
2024-09-06 12:15:00,0.0,0.14111699
2024-09-06 12:30:00,0.0,0.11022631
2024-09-06 12:45:00,0.0,0.25107685
2024-09-06 13:00:00,0.0,0.31206566
2024-09-06 13:15:00,0.0,0.13483404
2024-09-06 13:30:00,0.0,0.074998856
2024-09-06 13:45:00,0.0,0.0076174284
2024-09-06 14:00:00,0.0,-0.15336129
2024-09-06 14:15:00,0.0,0.0127197355
2024-09-06 14:30:00,0.0,0.073008426
2024-09-06 14:45:00,0.0,-0.004151161
2024-09-06 15:00:00,0.0,0.10681502
2024-09-06 15:15:00,0.0,0.16597228
2024-09-06 15:30:00,0.0,0.04315168
2024-09-06 15:45:00,0.0,-0.049888104
2024-09-06 16:00:00,0.0,-0.20932971
2024-09-06 16:15:00,0.0,-0.11304044
2024-09-06 16:30:00,0.0,-0.041912407
2024-09-06 16:45:00,0.0,0.036348015
2024-09-06 17:00:00,0.0,0.10704026
2024-09-06 17:15:00,0.0,0.08772454
2024-09-06 17:30:00,0.0,0.08406173
2024-09-06 17:45:00,0.0,0.076939076
2024-09-06 18:00:00,0.0,0.107008204
2024-09-06 18:15:00,0.0,0.064920746
2024-09-06 18:30:00,0.0,0.005563373
2024-09-06 18:45:00,0.0,-0.025749542
2024-09-06 19:00:00,0.0,0.009732593
2024-09-06 19:15:00,0.0,-0.0059151337
2024-09-06 19:30:00,0.0,0.0023410872
2024-09-06 19:45:00,0.0,-0.002661804
2024-09-06 20:00:00,0.0,-0.00059555686
2024-09-06 20:15:00,0.0,-0.0894484
2024-09-06 20:30:00,0.0,-0.041506916
2024-09-06 20:45:00,0.0,-0.016863486
2024-09-06 21:00:00,0.0,-0.106690235
2024-09-06 21:15:00,0.0,-0.13578932
2024-09-06 21:30:00,0.0,-0.1208281
2024-09-06 21:45:00,0.0,-0.026446356
2024-09-06 22:00:00,0.0,0.09259395
2024-09-06 22:15:00,0.0,-0.03303358
2024-09-06 22:30:00,0.0,-0.020303644
2024-09-06 22:45:00,0.0,-0.20920376
2024-09-06 23:00:00,0.0,-0.38891897
2024-09-06 23:15:00,0.0,-0.32067832
2024-09-06 23:30:00,0.0,-0.15752599
2024-09-06 23:45:00,0.0,-0.15923037
2024-09-07 00:00:00,0.0,-0.26477185
2024-09-07 00:15:00,0.0,-0.32149333
2024-09-07 00:30:00,0.0,-0.06434374
2024-09-07 00:45:00,0.0,0.10966466
2024-09-07 01:00:00,0.0,0.09490863
2024-09-07 01:15:00,0.0,0.05982954
2024-09-07 01:30:00,0.0,0.10635493
2024-09-07 01:45:00,0.0,0.15375446
2024-09-07 02:00:00,0.0,0.21703134
2024-09-07 02:15:00,0.0,0.08574352
2024-09-07 02:30:00,0.0,0.18560983
2024-09-07 02:45:00,0.0,0.07612411
2024-09-07 03:00:00,0.0,0.0058543957
2024-09-07 03:15:00,0.0,0.00770469
2024-09-07 03:30:00,0.0,0.023928178
2024-09-07 03:45:00,0.0,0.030542195
2024-09-07 04:00:00,0.0,-0.1068645
2024-09-07 04:15:00,0.0,-0.099853404
2024-09-07 04:30:00,0.0,-0.025924798
2024-09-07 04:45:00,0.0,0.06469866
2024-09-07 05:00:00,0.0,0.0012906354
2024-09-07 05:15:00,0.0,0.04194565
2024-09-07 05:30:00,0.0,0.09911367
2024-09-07 05:45:00,0.0,0.11733934
2024-09-07 06:00:00,0.667249211,0.014106101
2024-09-07 06:15:00,0.0,0.013868098
2024-09-07 06:30:00,0.0,0.04496634
2024-09-07 06:45:00,0.0,0.14523293
2024-09-07 07:00:00,0.0,-0.004107116
2024-09-07 07:15:00,0.0,0.17828307
2024-09-07 07:30:00,0.0,0.3351008
2024-09-07 07:45:00,0.0,0.51531166
2024-09-07 08:00:00,0.0,0.32063866
2024-09-07 08:15:00,0.0,0.3287768
2024-09-07 08:30:00,0.0,0.19272628
2024-09-07 08:45:00,0.0,0.11913115
2024-09-07 09:00:00,0.0,0.18799917
2024-09-07 09:15:00,0.0,0.26895997
2024-09-07 09:30:00,0.0,0.07275857
2024-09-07 09:45:00,0.0,-0.070249766
2024-09-07 10:00:00,0.0,-0.12808096
2024-09-07 10:15:00,0.0,-0.08850078
2024-09-07 10:30:00,0.0,0.14519094
2024-09-07 10:45:00,0.0,0.13155347
2024-09-07 11:00:00,0.0,0.028002989
2024-09-07 11:15:00,0.0,0.14057894
2024-09-07 11:30:00,0.0,0.1954767
2024-09-07 11:45:00,0.0,0.15116638
2024-09-07 12:00:00,0.0,0.083794445
2024-09-07 12:15:00,0.0,0.16425158
2024-09-07 12:30:00,0.0,0.2642638
2024-09-07 12:45:00,0.0,0.123648055
2024-09-07 13:00:00,0.0,0.054830376
2024-09-07 13:15:00,0.0,0.027799414
2024-09-07 13:30:00,0.0,0.046020556
2024-09-07 13:45:00,0.0,0.073785394
2024-09-07 14:00:00,0.0,-0.06689409
2024-09-07 14:15:00,0.0,0.036602724
2024-09-07 14:30:00,0.0,0.14171435
2024-09-07 14:45:00,0.0,0.1707567
2024-09-07 15:00:00,0.0,0.1417852
2024-09-07 15:15:00,0.0,0.04774054
2024-09-07 15:30:00,0.0,-0.07487671
2024-09-07 15:45:00,0.0,0.0044411626
2024-09-07 16:00:00,0.0,0.09752441
2024-09-07 16:15:00,0.0,-0.02480558
2024-09-07 16:30:00,0.0,-0.18245085
2024-09-07 16:45:00,0.0,-0.14585952
2024-09-07 17:00:00,0.0,-0.02834835
2024-09-07 17:15:00,0.0,-0.0034214586
2024-09-07 17:30:00,0.0,-0.08441167
2024-09-07 17:45:00,0.0,-0.050153766
2024-09-07 18:00:00,0.0,-0.09277111
2024-09-07 18:15:00,0.0,-0.08782049
2024-09-07 18:30:00,0.0,-0.047044553
2024-09-07 18:45:00,0.0,0.012370538
2024-09-07 19:00:00,0.0,0.123463675
2024-09-07 19:15:00,0.0,0.008903024
2024-09-07 19:30:00,0.0,-0.08472204
2024-09-07 19:45:00,0.0,-0.041585036
2024-09-07 20:00:00,0.0,0.069017194
2024-09-07 20:15:00,0.0,0.09958009
2024-09-07 20:30:00,0.0,-0.0136200525
2024-09-07 20:45:00,0.0,0.004523156
2024-09-07 21:00:00,0.0,-0.04368052
2024-09-07 21:15:00,0.0,-0.12501429
2024-09-07 21:30:00,0.0,-0.09903717
2024-09-07 21:45:00,0.0,-0.120410606
2024-09-07 22:00:00,0.0,-0.24768218
2024-09-07 22:15:00,0.0,-0.1728468
2024-09-07 22:30:00,0.0,-0.20288649
2024-09-07 22:45:00,0.0,-0.26828814
2024-09-07 23:00:00,0.0,-0.23185663
2024-09-07 23:15:00,0.0,-0.20337132
2024-09-07 23:30:00,0.0,0.0028804238
2024-09-07 23:45:00,0.0,-0.056384075
2024-09-08 00:00:00,0.0,-0.24940921
2024-09-08 00:15:00,0.0,-0.12727007
2024-09-08 00:30:00,0.0,0.047433186
2024-09-08 00:45:00,0.0,0.19063953
2024-09-08 01:00:00,0.0,0.045729797
2024-09-08 01:15:00,0.0,0.10222932
2024-09-08 01:30:00,0.0,0.33540082
2024-09-08 01:45:00,0.0,0.22741622
2024-09-08 02:00:00,0.0,0.22084749
2024-09-08 02:15:00,0.0,0.34646857
2024-09-08 02:30:00,0.0,0.26238847
2024-09-08 02:45:00,0.0,0.37897807
2024-09-08 03:00:00,0.0,0.30164856
2024-09-08 03:15:00,0.0,0.27471572
2024-09-08 03:30:00,0.0,0.54013926
2024-09-08 03:45:00,0.0,0.48461825
2024-09-08 04:00:00,0.0,0.36052185
2024-09-08 04:15:00,0.0,0.25899637
2024-09-08 04:30:00,0.0,0.25685543
2024-09-08 04:45:00,0.0,0.23852482
2024-09-08 05:00:00,0.0,0.33987638
2024-09-08 05:15:00,0.0,0.29126722
2024-09-08 05:30:00,0.0,0.27004874
2024-09-08 05:45:00,0.0,0.31399378
2024-09-08 06:00:00,0.0,0.36322397
2024-09-08 06:15:00,0.0,0.25315067
2024-09-08 06:30:00,0.0,0.2571626
2024-09-08 06:45:00,0.0,0.22041549
2024-09-08 07:00:00,0.0,0.2780183
2024-09-08 07:15:00,0.0,0.30705485
2024-09-08 07:30:00,0.0,0.33284706
2024-09-08 07:45:00,0.0,0.4072808
2024-09-08 08:00:00,0.0,0.35026288
2024-09-08 08:15:00,0.0,0.2468934
2024-09-08 08:30:00,0.0,0.39028007
2024-09-08 08:45:00,0.0,0.45256746
2024-09-08 09:00:00,0.0,0.52504116
2024-09-08 09:15:00,0.0,0.54213333
2024-09-08 09:30:00,0.5043384395,0.38681415
2024-09-08 09:45:00,0.0,0.34843215
2024-09-08 10:00:00,0.0,0.39557263
2024-09-08 10:15:00,0.0,0.31484473
2024-09-08 10:30:00,0.0,0.14794323
2024-09-08 10:45:00,0.0,0.12222124
2024-09-08 11:00:00,0.0,0.1949616
2024-09-08 11:15:00,0.0,0.19661261
2024-09-08 11:30:00,0.0,0.15470847
2024-09-08 11:45:00,0.0,0.15470919
2024-09-08 12:00:00,0.0,0.24315843
2024-09-08 12:15:00,0.0,0.17782275
2024-09-08 12:30:00,0.0,0.17294621
2024-09-08 12:45:00,0.0,0.2768679
2024-09-08 13:00:00,0.0,0.2216262
2024-09-08 13:15:00,0.0,0.20831907
2024-09-08 13:30:00,0.0,0.24595916
2024-09-08 13:45:00,0.0,0.3170659
2024-09-08 14:00:00,0.0,0.39725694
2024-09-08 14:15:00,0.0,0.2746041
2024-09-08 14:30:00,0.0,0.1307558
2024-09-08 14:45:00,0.0,0.11858454
2024-09-08 15:00:00,0.0,0.22012052
2024-09-08 15:15:00,0.0,0.3154617
2024-09-08 15:30:00,0.0,0.24651283
2024-09-08 15:45:00,0.0,0.22686423
2024-09-08 16:00:00,0.0,0.18249759
2024-09-08 16:15:00,0.0,0.14184184
2024-09-08 16:30:00,0.0,0.2673839
2024-09-08 16:45:00,0.0,0.093485914
2024-09-08 17:00:00,0.0,0.2856276
2024-09-08 17:15:00,0.0,0.26209456
2024-09-08 17:30:00,0.0,0.19060273
2024-09-08 17:45:00,0.0,0.30197018
2024-09-08 18:00:00,0.0,0.18306503
2024-09-08 18:15:00,0.0,0.17165321
2024-09-08 18:30:00,0.0,0.14652447
2024-09-08 18:45:00,0.0,0.12638512
2024-09-08 19:00:00,0.0,0.029894147
2024-09-08 19:15:00,0.0,-0.020698523
2024-09-08 19:30:00,0.0,0.006969946
2024-09-08 19:45:00,0.0,0.06666463
2024-09-08 20:00:00,0.0,0.07788334
2024-09-08 20:15:00,0.0,0.06875973
2024-09-08 20:30:00,0.0,0.22530136
2024-09-08 20:45:00,0.0,0.063061945
2024-09-08 21:00:00,0.0,-0.06915582
2024-09-08 21:15:00,0.0,-0.20135815
2024-09-08 21:30:00,0.0,-0.18502325
2024-09-08 21:45:00,0.0,-0.013781707
2024-09-08 22:00:00,0.0,0.12506878
2024-09-08 22:15:00,0.0,0.081352584
2024-09-08 22:30:00,0.0,0.089202605
2024-09-08 22:45:00,0.0,0.06218828
2024-09-08 23:00:00,0.0,0.112960964
2024-09-08 23:15:00,0.0,-0.069724016
2024-09-08 23:30:00,0.0,-0.042292763
2024-09-08 23:45:00,0.0,0.19644912
2024-09-09 00:00:00,0.0,0.16759688
2024-09-09 00:15:00,0.0,0.088345565
2024-09-09 00:30:00,0.0,0.08345048
2024-09-09 00:45:00,0.0,0.24601951
2024-09-09 01:00:00,0.0,0.28438216
2024-09-09 01:15:00,0.0,0.38717556
2024-09-09 01:30:00,0.0,0.3794049
2024-09-09 01:45:00,0.0,0.35127476
2024-09-09 02:00:00,0.0,0.15901934
2024-09-09 02:15:00,0.0,0.092397384
2024-09-09 02:30:00,0.0,0.2775746
2024-09-09 02:45:00,0.0,0.33188668
2024-09-09 03:00:00,0.0,0.43266073
2024-09-09 03:15:00,0.0,0.3609164
2024-09-09 03:30:00,0.0,0.37202767
2024-09-09 03:45:00,0.0,0.3369221
2024-09-09 04:00:00,0.0,0.22329497
2024-09-09 04:15:00,0.0,0.17790794
2024-09-09 04:30:00,0.0,0.23209478
2024-09-09 04:45:00,0.0,0.32457867
2024-09-09 05:00:00,0.0,0.4291618
2024-09-09 05:15:00,0.0,0.38733554
2024-09-09 05:30:00,0.0,0.35070097
2024-09-09 05:45:00,0.0,0.30992267
2024-09-09 06:00:00,0.0,0.37625018
2024-09-09 06:15:00,2.091658323,0.46475294
2024-09-09 06:30:00,0.0,0.5678419
2024-09-09 06:45:00,0.0,0.3876842
2024-09-09 07:00:00,0.0,0.2646088
2024-09-09 07:15:00,0.0,0.36510676
2024-09-09 07:30:00,0.0,0.2615485
2024-09-09 07:45:00,0.0,0.36971712
2024-09-09 08:00:00,0.0,0.39889577
2024-09-09 08:15:00,0.0,0.33943936
2024-09-09 08:30:00,0.0,0.2518395
2024-09-09 08:45:00,0.0,0.11823618
2024-09-09 09:00:00,0.0,0.054169986
2024-09-09 09:15:00,0.0,0.20024298
2024-09-09 09:30:00,0.0,0.1940062
2024-09-09 09:45:00,0.0,0.19693005
2024-09-09 10:00:00,0.0,0.09234241
2024-09-09 10:15:00,0.0,0.07333098
2024-09-09 10:30:00,0.0,0.27370214
2024-09-09 10:45:00,0.0,0.25130662
2024-09-09 11:00:00,0.0,0.32214203
2024-09-09 11:15:00,0.0,0.23836765
2024-09-09 11:30:00,0.0,0.3241907
2024-09-09 11:45:00,0.0,0.32541862
2024-09-09 12:00:00,0.0,0.31595087
2024-09-09 12:15:00,0.0,0.3384595
2024-09-09 12:30:00,0.0,0.3660661
2024-09-09 12:45:00,0.0,0.41487184
2024-09-09 13:00:00,0.0,0.28137943
2024-09-09 13:15:00,0.0,0.22731225
2024-09-09 13:30:00,0.0,0.4159065
2024-09-09 13:45:00,0.0,0.35269183
2024-09-09 14:00:00,0.0,0.29423907
2024-09-09 14:15:00,0.0,0.2178639
2024-09-09 14:30:00,0.0,0.29297638
2024-09-09 14:45:00,0.0,0.15974829
2024-09-09 15:00:00,0.0,0.23557392
2024-09-09 15:15:00,0.0,0.23391058
2024-09-09 15:30:00,0.0,0.12969188
2024-09-09 15:45:00,0.0,0.24847797
2024-09-09 16:00:00,0.0,0.07946572
2024-09-09 16:15:00,0.0,0.13064872
2024-09-09 16:30:00,0.0,0.07829681
2024-09-09 16:45:00,0.0,0.17206156
2024-09-09 17:00:00,0.0,0.15988721
2024-09-09 17:15:00,0.0,0.21295437
2024-09-09 17:30:00,0.0,0.2854022
2024-09-09 17:45:00,0.0,0.21952154
2024-09-09 18:00:00,0.0,0.22315921
2024-09-09 18:15:00,0.0,0.32296574
2024-09-09 18:30:00,0.0,0.42126298
2024-09-09 18:45:00,0.0,0.10117269
2024-09-09 19:00:00,0.0,-0.16727214
2024-09-09 19:15:00,0.0,-0.27146712
2024-09-09 19:30:00,2.753196404,-0.19333309
2024-09-09 19:45:00,0.0,-0.024975738
2024-09-09 20:00:00,0.0,-0.11640718
2024-09-09 20:15:00,0.0,0.020692497
2024-09-09 20:30:00,0.0,-0.30020884
2024-09-09 20:45:00,0.0,0.016376749
2024-09-09 21:00:00,0.0,0.0077442005
2024-09-09 21:15:00,0.0,0.18893854
2024-09-09 21:30:00,0.0,0.09417972
2024-09-09 21:45:00,0.0,-0.061466176
2024-09-09 22:00:00,0.0,-0.47896415
2024-09-09 22:15:00,0.0,-0.32501674
2024-09-09 22:30:00,0.0,-0.13297087
2024-09-09 22:45:00,0.0,0.040197127
2024-09-09 23:00:00,0.0,-0.13402463
2024-09-09 23:15:00,0.0,-0.20952095
2024-09-09 23:30:00,0.0,-0.17361458
2024-09-09 23:45:00,0.0,-0.13393688
2024-09-10 00:00:00,0.0,-0.058804978
2024-09-10 00:15:00,0.0,-0.20536655
2024-09-10 00:30:00,0.0,-0.32755527
2024-09-10 00:45:00,0.0,-0.2156699
2024-09-10 01:00:00,0.0,-0.10883398
2024-09-10 01:15:00,6.954144242,-0.053941634
2024-09-10 01:30:00,0.0,-0.02333752
2024-09-10 01:45:00,0.0,0.13372451
2024-09-10 02:00:00,0.0,0.6944082
2024-09-10 02:15:00,0.0,-0.20708574
2024-09-10 02:30:00,0.0,-0.39228374
2024-09-10 02:45:00,0.0,-0.25539073
2024-09-10 03:00:00,0.0,-0.25804222
2024-09-10 03:15:00,0.0,-0.26419666
2024-09-10 03:30:00,0.0,-0.28669414
2024-09-10 03:45:00,0.0,0.05088693
2024-09-10 04:00:00,0.0,-0.15269014
2024-09-10 04:15:00,0.0,-0.060558792
2024-09-10 04:30:00,0.0,0.05185309
2024-09-10 04:45:00,0.0,0.1186916
2024-09-10 05:00:00,0.0,0.086040676
2024-09-10 05:15:00,0.0,0.0037092783
2024-09-10 05:30:00,0.0,0.086485036
2024-09-10 05:45:00,0.0,0.09826834
2024-09-10 06:00:00,0.0,0.18434307
2024-09-10 06:15:00,0.0,0.23315336
2024-09-10 06:30:00,0.0,0.187138
2024-09-10 06:45:00,0.0,0.07128547
2024-09-10 07:00:00,0.0,-0.04319394
2024-09-10 07:15:00,0.0,0.1944194
2024-09-10 07:30:00,0.0,0.3000842
2024-09-10 07:45:00,0.0,0.2831884
2024-09-10 08:00:00,0.0,0.2689772
2024-09-10 08:15:00,0.0,0.3911551
2024-09-10 08:30:00,0.0,0.44227472
2024-09-10 08:45:00,0.0,0.51408106
2024-09-10 09:00:00,0.0,0.47615907
2024-09-10 09:15:00,0.0,0.39896318
2024-09-10 09:30:00,0.0,0.34401977
2024-09-10 09:45:00,0.0,0.32472807
2024-09-10 10:00:00,0.0,0.3020057
2024-09-10 10:15:00,0.0,0.26541772
2024-09-10 10:30:00,0.0,0.2756589
2024-09-10 10:45:00,0.0,0.26442608
2024-09-10 11:00:00,0.0,0.26282668
2024-09-10 11:15:00,0.0,0.2889498
2024-09-10 11:30:00,0.0,0.3092793
2024-09-10 11:45:00,0.0,0.37239143
2024-09-10 12:00:00,0.0,0.22461176
2024-09-10 12:15:00,0.0,0.21203329
2024-09-10 12:30:00,0.0,0.25889516
2024-09-10 12:45:00,0.0,0.28150347
2024-09-10 13:00:00,0.0,0.30860418
2024-09-10 13:15:00,0.0,0.28064343
2024-09-10 13:30:00,0.0,0.27154738
2024-09-10 13:45:00,0.0,0.35877767
2024-09-10 14:00:00,0.0,0.39903182
2024-09-10 14:15:00,0.0,0.49739167
2024-09-10 14:30:00,0.0,0.55868477
2024-09-10 14:45:00,0.0,0.47829643
2024-09-10 15:00:00,0.0,0.42123416
2024-09-10 15:15:00,0.0,0.3961989
2024-09-10 15:30:00,0.0,0.3625835
2024-09-10 15:45:00,0.0,0.30081302
2024-09-10 16:00:00,0.0,0.32551602
2024-09-10 16:15:00,0.0,0.20958951
2024-09-10 16:30:00,0.0,0.18960436
2024-09-10 16:45:00,0.0,0.21547145
2024-09-10 17:00:00,0.0,0.12927724
2024-09-10 17:15:00,0.0,0.09746594
2024-09-10 17:30:00,0.0,0.007075307
2024-09-10 17:45:00,0.0,0.007711614
2024-09-10 18:00:00,0.0,0.1361798
2024-09-10 18:15:00,0.0,0.13448462
2024-09-10 18:30:00,0.0,0.21465339
2024-09-10 18:45:00,0.0,0.15511563
2024-09-10 19:00:00,0.0,0.0783461
2024-09-10 19:15:00,0.0,0.008998225
2024-09-10 19:30:00,0.0,0.0999706
2024-09-10 19:45:00,0.0,0.23706102
2024-09-10 20:00:00,0.0,0.21443409
2024-09-10 20:15:00,0.0,0.2570516
2024-09-10 20:30:00,0.0,0.1616511
2024-09-10 20:45:00,0.0,0.033725385
2024-09-10 21:00:00,0.0,-0.065970674
2024-09-10 21:15:00,0.0,-0.08244274
2024-09-10 21:30:00,0.0,-0.12358665
2024-09-10 21:45:00,0.0,0.030352676
2024-09-10 22:00:00,0.0,0.05236161
2024-09-10 22:15:00,0.0,0.26629123
2024-09-10 22:30:00,0.0,0.2764376
2024-09-10 22:45:00,0.0,0.07049064
2024-09-10 23:00:00,0.0,0.03660077
2024-09-10 23:15:00,0.0,-0.04339642
2024-09-10 23:30:00,0.0,-0.051395167
2024-09-10 23:45:00,0.0,-0.07949416
2024-09-11 00:00:00,0.0,-0.08635491
2024-09-11 00:15:00,0.0,-0.06688167
2024-09-11 00:30:00,0.0,0.036994405
2024-09-11 00:45:00,0.0,0.23980707
2024-09-11 01:00:00,0.0,0.26240566
2024-09-11 01:15:00,0.0,0.27945396
2024-09-11 01:30:00,0.0,0.21640058
2024-09-11 01:45:00,0.0,0.14484516
2024-09-11 02:00:00,0.0,0.18578365
2024-09-11 02:15:00,0.0,0.068035826
2024-09-11 02:30:00,0.0,0.032803774
2024-09-11 02:45:00,1.486033162,-0.043177947
2024-09-11 03:00:00,0.0,-0.020331113
2024-09-11 03:15:00,0.0,0.17382847
2024-09-11 03:30:00,0.0,0.18600461
2024-09-11 03:45:00,0.0,-0.16541304
2024-09-11 04:00:00,0.0,-0.21442258
2024-09-11 04:15:00,0.0,0.11062563
2024-09-11 04:30:00,0.0,0.36080903
2024-09-11 04:45:00,0.0,0.30864227
2024-09-11 05:00:00,0.0,0.40103114
2024-09-11 05:15:00,0.0,0.38548395
2024-09-11 05:30:00,0.0,0.23396416
2024-09-11 05:45:00,0.0,0.12641902
2024-09-11 06:00:00,0.0,0.055827845
2024-09-11 06:15:00,0.0,0.042977232
2024-09-11 06:30:00,7.166098641,-0.058963396
2024-09-11 06:45:00,0.0,-0.2593391
2024-09-11 07:00:00,0.0,0.19105653
2024-09-11 07:15:00,0.0,0.18154302
2024-09-11 07:30:00,0.0,-0.26377913
2024-09-11 07:45:00,0.0,-0.1819765
2024-09-11 08:00:00,0.0,0.47016934
2024-09-11 08:15:00,0.0,0.15107149
2024-09-11 08:30:00,0.0,0.07458132
2024-09-11 08:45:00,0.0,0.059049718
2024-09-11 09:00:00,0.0,0.5013572
2024-09-11 09:15:00,0.0,0.4781363
2024-09-11 09:30:00,0.0,0.45343375
2024-09-11 09:45:00,0.0,0.34010178
2024-09-11 10:00:00,0.0,0.18080458
2024-09-11 10:15:00,0.0,0.18326658
2024-09-11 10:30:00,0.0,-0.019629482
2024-09-11 10:45:00,0.0,0.048829902
2024-09-11 11:00:00,0.0,0.21960153
2024-09-11 11:15:00,0.0,0.4918077
2024-09-11 11:30:00,0.0,0.4930489
2024-09-11 11:45:00,0.0,0.32275042
2024-09-11 12:00:00,0.0,0.1862772
2024-09-11 12:15:00,0.0,0.107805036
2024-09-11 12:30:00,0.0,0.264262
2024-09-11 12:45:00,0.0,0.22014564
2024-09-11 13:00:00,0.0,0.33544353
2024-09-11 13:15:00,0.0,0.2133028
2024-09-11 13:30:00,0.0,0.30306014
2024-09-11 13:45:00,0.0,0.30450118
2024-09-11 14:00:00,0.0,0.2245537
2024-09-11 14:15:00,0.0,0.31870794
2024-09-11 14:30:00,0.0,0.2073493
2024-09-11 14:45:00,0.0,0.10393452
2024-09-11 15:00:00,0.0,0.27461758
2024-09-11 15:15:00,0.0,0.3978356
2024-09-11 15:30:00,0.0,0.45959443
2024-09-11 15:45:00,0.0,0.44678742
2024-09-11 16:00:00,0.0,0.42580608
2024-09-11 16:15:00,0.0,0.34327793
2024-09-11 16:30:00,0.0,0.21882589
2024-09-11 16:45:00,0.0,0.26953697
2024-09-11 17:00:00,0.0,0.2522681
2024-09-11 17:15:00,0.0,0.27472684
2024-09-11 17:30:00,0.0,0.18722187
2024-09-11 17:45:00,0.0,0.23115914
2024-09-11 18:00:00,0.0,0.2238141
2024-09-11 18:15:00,0.0,0.24203655
2024-09-11 18:30:00,0.0,0.24743286
2024-09-11 18:45:00,0.0,0.20714678
2024-09-11 19:00:00,0.0,0.09781107
2024-09-11 19:15:00,0.0,0.03297348
2024-09-11 19:30:00,0.0,0.16197991
2024-09-11 19:45:00,0.0,0.206772
2024-09-11 20:00:00,0.0,0.10698194
2024-09-11 20:15:00,0.0,0.25095236
2024-09-11 20:30:00,0.0,0.33074322
2024-09-11 20:45:00,0.0,0.26061875
2024-09-11 21:00:00,0.0,0.29100588
2024-09-11 21:15:00,0.0,0.26606405
2024-09-11 21:30:00,0.0,0.35845193
2024-09-11 21:45:00,0.0,0.37309328
2024-09-11 22:00:00,0.0,0.32904798
2024-09-11 22:15:00,0.0,0.34144452
2024-09-11 22:30:00,0.0,0.38871938
2024-09-11 22:45:00,0.0,0.21395093
2024-09-11 23:00:00,0.0,0.029082527
2024-09-11 23:15:00,0.0,0.043193825
2024-09-11 23:30:00,0.0,0.06548894
2024-09-11 23:45:00,0.0,0.08795769
2024-09-12 00:00:00,0.0,0.23666938
2024-09-12 00:15:00,0.0,0.19493872
2024-09-12 00:30:00,0.0,0.08775234
2024-09-12 00:45:00,0.0,0.13432187
2024-09-12 01:00:00,0.0,0.33251336
2024-09-12 01:15:00,0.0,0.25188255
2024-09-12 01:30:00,0.0,0.25968915
2024-09-12 01:45:00,0.0,0.039571956
2024-09-12 02:00:00,0.0,0.19670823
2024-09-12 02:15:00,0.0,0.31789482
2024-09-12 02:30:00,0.0,0.43664452
2024-09-12 02:45:00,0.0,0.43821967
2024-09-12 03:00:00,0.0,0.37770483
2024-09-12 03:15:00,0.0,0.1754336
2024-09-12 03:30:00,0.0,0.22759236
2024-09-12 03:45:00,0.0,0.36748073
2024-09-12 04:00:00,0.0,0.35928693
2024-09-12 04:15:00,0.0,0.32958642
2024-09-12 04:30:00,0.0,0.22652197
2024-09-12 04:45:00,0.0,0.111225516
2024-09-12 05:00:00,0.0,0.13734104
2024-09-12 05:15:00,0.0,0.1488372
2024-09-12 05:30:00,0.0,0.19165544
2024-09-12 05:45:00,0.0,0.1678426
2024-09-12 06:00:00,0.0,0.2359703
2024-09-12 06:15:00,0.0,0.2836125
2024-09-12 06:30:00,0.0,0.49018103
2024-09-12 06:45:00,0.0,0.36350176
2024-09-12 07:00:00,0.0,0.40450618
2024-09-12 07:15:00,0.0,0.21374337
2024-09-12 07:30:00,0.0,0.24299797
2024-09-12 07:45:00,0.0,0.29166734
2024-09-12 08:00:00,0.0,0.34601066
2024-09-12 08:15:00,0.0,0.24418156
2024-09-12 08:30:00,0.0,0.2595455
2024-09-12 08:45:00,0.0,0.10825613
2024-09-12 09:00:00,0.0,0.026581287
2024-09-12 09:15:00,0.0,0.037013784
2024-09-12 09:30:00,0.0,-0.022099866
2024-09-12 09:45:00,0.0,0.11456198
2024-09-12 10:00:00,0.0,0.12289552
2024-09-12 10:15:00,0.0,0.28505424
2024-09-12 10:30:00,0.0,0.22244316
2024-09-12 10:45:00,0.0,0.3802021
2024-09-12 11:00:00,0.0,0.23939516
2024-09-12 11:15:00,0.0,0.19466877
2024-09-12 11:30:00,0.0,0.2317369
2024-09-12 11:45:00,0.0,0.19153728
2024-09-12 12:00:00,0.0,0.10585055
2024-09-12 12:15:00,0.0,-0.039246507
2024-09-12 12:30:00,0.0,-0.026841648
2024-09-12 12:45:00,0.0,-0.10225626
2024-09-12 13:00:00,0.0,-0.08167921
2024-09-12 13:15:00,0.0,0.010749668
2024-09-12 13:30:00,0.0,0.12890641
2024-09-12 13:45:00,0.0,0.2779685
2024-09-12 14:00:00,0.0,0.098560415
2024-09-12 14:15:00,0.0,0.020364221
2024-09-12 14:30:00,0.0,0.107404135
2024-09-12 14:45:00,0.0,-0.003306088
2024-09-12 15:00:00,0.0,-0.15936974
2024-09-12 15:15:00,0.0,-0.19896962
2024-09-12 15:30:00,0.0,-0.12486239
2024-09-12 15:45:00,0.0,-0.123244636
2024-09-12 16:00:00,0.0,-0.091633216
2024-09-12 16:15:00,0.0,-0.118331
2024-09-12 16:30:00,0.0,0.004350251
2024-09-12 16:45:00,0.0,0.04894437
2024-09-12 17:00:00,0.0,0.025244255
2024-09-12 17:15:00,0.0,-0.08604628
2024-09-12 17:30:00,0.0,-0.04031287
2024-09-12 17:45:00,0.0,0.03949354
2024-09-12 18:00:00,0.0,0.021897454
2024-09-12 18:15:00,0.0,0.056693085
2024-09-12 18:30:00,0.0,0.040140007
2024-09-12 18:45:00,0.0,0.032272566
2024-09-12 19:00:00,0.0,0.02010349
2024-09-12 19:15:00,0.0,-0.12038521
2024-09-12 19:30:00,0.0,-0.048777446
2024-09-12 19:45:00,0.0,-0.07059637
2024-09-12 20:00:00,0.0,-0.21177818
2024-09-12 20:15:00,0.0,-0.17506514
2024-09-12 20:30:00,0.0,-0.1472383
2024-09-12 20:45:00,0.0,-0.12706417
2024-09-12 21:00:00,0.0,-0.18318424
2024-09-12 21:15:00,0.0,-0.031407252
2024-09-12 21:30:00,0.0,-0.034568656
2024-09-12 21:45:00,0.0,-0.060599055
2024-09-12 22:00:00,0.0,-0.030704906
2024-09-12 22:15:00,0.0,-0.08235228
2024-09-12 22:30:00,0.0,-0.2411081
2024-09-12 22:45:00,0.0,-0.3347965
2024-09-12 23:00:00,0.0,-0.3534998
2024-09-12 23:15:00,0.0,-0.38142014
2024-09-12 23:30:00,0.0,-0.32216176
2024-09-12 23:45:00,0.0,-0.32064152
2024-09-13 00:00:00,0.0,-0.07735495
2024-09-13 00:15:00,0.0,-0.005512654
2024-09-13 00:30:00,0.0,-0.062036183
2024-09-13 00:45:00,0.0,-0.009470399
2024-09-13 01:00:00,0.0,0.044769052
2024-09-13 01:15:00,0.0,0.14090168
2024-09-13 01:30:00,0.0,0.16427574
2024-09-13 01:45:00,0.0,0.13544472
2024-09-13 02:00:00,0.0,0.12642267
2024-09-13 02:15:00,0.0,0.27096146
2024-09-13 02:30:00,0.0,0.22749309
2024-09-13 02:45:00,0.0,0.07803883
2024-09-13 03:00:00,0.0,-0.008612871
2024-09-13 03:15:00,0.0,-0.10226962
2024-09-13 03:30:00,0.0,0.084524184
2024-09-13 03:45:00,0.0,0.28801462
2024-09-13 04:00:00,0.0,0.19753197
2024-09-13 04:15:00,0.0,0.21852708
2024-09-13 04:30:00,0.0,0.0450428
2024-09-13 04:45:00,0.0,0.06419857
2024-09-13 05:00:00,0.0,0.05640718
2024-09-13 05:15:00,0.0,-0.009734705
2024-09-13 05:30:00,0.0,0.1317501
2024-09-13 05:45:00,0.0,0.06091243
2024-09-13 06:00:00,0.0,0.068093024
2024-09-13 06:15:00,0.0,-0.034699153
2024-09-13 06:30:00,0.0,0.15890013
2024-09-13 06:45:00,0.0,0.073211364
2024-09-13 07:00:00,0.0,0.19253294
2024-09-13 07:15:00,0.0,0.30355263
2024-09-13 07:30:00,0.0,0.36764118
2024-09-13 07:45:00,0.0,0.31343716
2024-09-13 08:00:00,0.0,0.2314765
2024-09-13 08:15:00,0.0,0.15388516
2024-09-13 08:30:00,0.0,0.0683179
2024-09-13 08:45:00,0.0,0.14021672
2024-09-13 09:00:00,0.0,0.07677596
2024-09-13 09:15:00,0.0,0.021613844
2024-09-13 09:30:00,0.0,0.066819996
2024-09-13 09:45:00,0.0,0.1944749
2024-09-13 10:00:00,0.0,0.292632
2024-09-13 10:15:00,0.0,0.20904005
2024-09-13 10:30:00,0.0,0.27081364
2024-09-13 10:45:00,0.0,0.21921004
2024-09-13 11:00:00,0.0,0.094282486
2024-09-13 11:15:00,2.539773318,0.05235973
2024-09-13 11:30:00,0.0,0.076703444
2024-09-13 11:45:00,0.0,0.12339609
2024-09-13 12:00:00,0.0,-0.012286705
2024-09-13 12:15:00,0.0,-0.29493913
2024-09-13 12:30:00,0.0,-0.31828025
2024-09-13 12:45:00,0.0,-0.14958838
2024-09-13 13:00:00,0.0,-0.06376181
2024-09-13 13:15:00,0.0,-0.08858729
2024-09-13 13:30:00,0.0,-0.04711793
2024-09-13 13:45:00,0.0,-0.094294265
2024-09-13 14:00:00,0.0,-0.072019234
2024-09-13 14:15:00,0.0,-0.08964945
2024-09-13 14:30:00,0.0,0.27859005
2024-09-13 14:45:00,0.0,0.25553933
2024-09-13 15:00:00,0.0,0.060859673
2024-09-13 15:15:00,0.0,-0.0019676238
2024-09-13 15:30:00,0.0,-0.001135759
2024-09-13 15:45:00,2.79974647,0.09836632
2024-09-13 16:00:00,0.0,0.0063441754
2024-09-13 16:15:00,0.0,0.0072299624
2024-09-13 16:30:00,0.0,-0.14020415
2024-09-13 16:45:00,0.0,-0.41820848
2024-09-13 17:00:00,0.0,-0.39001998
2024-09-13 17:15:00,0.0,-0.010095944
2024-09-13 17:30:00,0.0,0.05578777
2024-09-13 17:45:00,0.0,-0.015870607
2024-09-13 18:00:00,0.0,-0.2429748
2024-09-13 18:15:00,0.0,-0.09185453
2024-09-13 18:30:00,0.0,-0.20385507
2024-09-13 18:45:00,0.0,-0.24467073
2024-09-13 19:00:00,0.0,-0.06348565
2024-09-13 19:15:00,0.0,0.019356517
2024-09-13 19:30:00,0.0,-0.11897454
2024-09-13 19:45:00,0.0,-0.15223376
2024-09-13 20:00:00,0.0,0.005062305
2024-09-13 20:15:00,0.0,-0.008200721
2024-09-13 20:30:00,0.0,0.027992677
2024-09-13 20:45:00,0.0,0.10045737
2024-09-13 21:00:00,0.0,0.080639295
2024-09-13 21:15:00,0.0,0.002357531
2024-09-13 21:30:00,0.0,0.07514545
2024-09-13 21:45:00,2.071027979,0.19645405
2024-09-13 22:00:00,0.0,0.2313597
2024-09-13 22:15:00,0.0,0.18270026
2024-09-13 22:30:00,0.0,-0.05427674
2024-09-13 22:45:00,0.0,-0.69592494
2024-09-13 23:00:00,0.0,-0.59362036
2024-09-13 23:15:00,0.0,-0.33383572
2024-09-13 23:30:00,0.0,-0.19418423
2024-09-13 23:45:00,0.0,-0.2583338
2024-09-14 00:00:00,0.0,-0.22314532
2024-09-14 00:15:00,0.0,-0.26723394
2024-09-14 00:30:00,0.0,-0.12273999
2024-09-14 00:45:00,0.0,0.1274802
2024-09-14 01:00:00,0.0,0.12463676
2024-09-14 01:15:00,0.0,0.37867352
2024-09-14 01:30:00,0.0,0.32946175
2024-09-14 01:45:00,0.0,0.2559163
2024-09-14 02:00:00,0.0,0.13120833
2024-09-14 02:15:00,0.0,0.21698014
2024-09-14 02:30:00,0.0,0.21072608
2024-09-14 02:45:00,0.0,0.15729684
2024-09-14 03:00:00,0.0,0.1515974
2024-09-14 03:15:00,0.0,0.19306284
2024-09-14 03:30:00,0.0,0.15382552
2024-09-14 03:45:00,0.0,0.121510126
2024-09-14 04:00:00,0.0,0.02594739
2024-09-14 04:15:00,0.0,0.1783106
2024-09-14 04:30:00,0.0,0.11124756
2024-09-14 04:45:00,0.0,0.0650695
2024-09-14 05:00:00,0.0,0.04807698
2024-09-14 05:15:00,0.0,-0.021193871
2024-09-14 05:30:00,0.0,-0.053619098
2024-09-14 05:45:00,0.0,-0.074315734
2024-09-14 06:00:00,0.0,-0.022070628
2024-09-14 06:15:00,0.0,0.01319928
2024-09-14 06:30:00,0.0,-0.022975154
2024-09-14 06:45:00,0.0,-0.038099084
2024-09-14 07:00:00,0.0,0.015230569
2024-09-14 07:15:00,0.0,0.09207362
2024-09-14 07:30:00,0.0,0.1871258
2024-09-14 07:45:00,0.0,0.3221141
2024-09-14 08:00:00,0.0,0.37564728
2024-09-14 08:15:00,0.0,0.48410067
2024-09-14 08:30:00,0.0,0.3219411
2024-09-14 08:45:00,0.0,0.34843773
2024-09-14 09:00:00,0.0,0.5005314
2024-09-14 09:15:00,0.0,0.50666565
2024-09-14 09:30:00,0.0,0.32023028
2024-09-14 09:45:00,0.0,0.2544008
2024-09-14 10:00:00,0.0,0.37134057
2024-09-14 10:15:00,0.0,0.3200206
2024-09-14 10:30:00,0.0,0.2862233
2024-09-14 10:45:00,0.0,0.34708148
2024-09-14 11:00:00,0.0,0.28786284
2024-09-14 11:15:00,0.0,0.2805047
2024-09-14 11:30:00,0.0,0.18378957
2024-09-14 11:45:00,0.0,0.02479692
2024-09-14 12:00:00,0.0,0.25543076
2024-09-14 12:15:00,0.0,0.2883972
2024-09-14 12:30:00,0.0,0.26414663
2024-09-14 12:45:00,0.0,0.23498097
2024-09-14 13:00:00,0.0,0.27857313
2024-09-14 13:15:00,0.0,0.28250304
2024-09-14 13:30:00,0.0,0.26972762
2024-09-14 13:45:00,0.0,0.2676389
2024-09-14 14:00:00,0.0,0.215878
2024-09-14 14:15:00,0.0,0.1773736
2024-09-14 14:30:00,0.0,0.14738564
2024-09-14 14:45:00,0.0,0.039617114
2024-09-14 15:00:00,0.0,0.0834422
2024-09-14 15:15:00,0.0,0.1411524
2024-09-14 15:30:00,0.0,0.3082351
2024-09-14 15:45:00,3.242711561,0.35923937
2024-09-14 16:00:00,0.0,0.30801988
2024-09-14 16:15:00,0.0,0.25559106
2024-09-14 16:30:00,0.0,0.17216316
2024-09-14 16:45:00,0.0,-0.13722198
2024-09-14 17:00:00,0.0,-0.23594193
2024-09-14 17:15:00,0.0,-0.18727008
2024-09-14 17:30:00,0.0,-0.031031752
2024-09-14 17:45:00,0.0,-0.095295645
2024-09-14 18:00:00,0.0,0.09985109
2024-09-14 18:15:00,0.0,0.13285445
2024-09-14 18:30:00,0.0,-0.032850213
2024-09-14 18:45:00,0.0,0.17715773
2024-09-14 19:00:00,0.0,0.1572042
2024-09-14 19:15:00,0.0,0.19029877
2024-09-14 19:30:00,0.0,0.048971724
2024-09-14 19:45:00,0.0,0.096227564
2024-09-14 20:00:00,0.0,0.09427808
2024-09-14 20:15:00,0.0,-0.07811032
2024-09-14 20:30:00,0.0,0.0184747
2024-09-14 20:45:00,0.0,0.13276106
2024-09-14 21:00:00,0.0,0.1328321
2024-09-14 21:15:00,0.0,0.22042711
2024-09-14 21:30:00,0.0,0.083740674
2024-09-14 21:45:00,0.0,0.23442075
2024-09-14 22:00:00,0.0,0.22740324
2024-09-14 22:15:00,0.0,-0.015459058
2024-09-14 22:30:00,0.0,0.048180535
2024-09-14 22:45:00,0.0,-0.015433695
2024-09-14 23:00:00,0.0,-0.16001816
2024-09-14 23:15:00,0.0,-0.14697203
2024-09-14 23:30:00,0.0,-0.1447558
2024-09-14 23:45:00,0.0,-0.1645595
2024-09-15 00:00:00,0.0,-0.19241686
2024-09-15 00:15:00,0.0,-0.10638815
2024-09-15 00:30:00,0.0,-0.16858968
2024-09-15 00:45:00,0.0,0.0466134
2024-09-15 01:00:00,0.0,0.08774715
2024-09-15 01:15:00,0.0,0.10641513
2024-09-15 01:30:00,0.0,0.11987568
2024-09-15 01:45:00,0.0,0.07108709
2024-09-15 02:00:00,0.0,0.12744738
2024-09-15 02:15:00,0.0,0.18860489
2024-09-15 02:30:00,0.0,0.29646188
2024-09-15 02:45:00,0.0,0.32770082
2024-09-15 03:00:00,6.168604401,0.31931928
2024-09-15 03:15:00,0.0,0.25322396
2024-09-15 03:30:00,0.0,-0.2395465
2024-09-15 03:45:00,0.0,0.20390774
2024-09-15 04:00:00,0.0,-0.28439674
2024-09-15 04:15:00,0.0,0.17271344
2024-09-15 04:30:00,0.0,0.4282255
2024-09-15 04:45:00,0.0,0.3029292
2024-09-15 05:00:00,0.0,0.19881533
2024-09-15 05:15:00,0.0,0.03291621
2024-09-15 05:30:00,0.0,0.12256464
2024-09-15 05:45:00,0.0,0.18495469
2024-09-15 06:00:00,0.0,0.16795285
2024-09-15 06:15:00,0.0,0.017745167
2024-09-15 06:30:00,0.0,-0.08934507
2024-09-15 06:45:00,0.0,0.12202911
2024-09-15 07:00:00,0.0,0.18711406
2024-09-15 07:15:00,0.0,0.36506623
2024-09-15 07:30:00,0.0,0.4501331
2024-09-15 07:45:00,6.4607752320000005,0.4292179
2024-09-15 08:00:00,0.0,0.3109983
2024-09-15 08:15:00,0.0,0.23223446
2024-09-15 08:30:00,0.0,0.19993886
2024-09-15 08:45:00,0.0,-0.15490709
2024-09-15 09:00:00,0.0,0.07796989
2024-09-15 09:15:00,0.0,0.4211708
2024-09-15 09:30:00,0.0,0.25517878
2024-09-15 09:45:00,0.0,0.23957103
2024-09-15 10:00:00,0.0,0.21094017
2024-09-15 10:15:00,0.0,0.18529598
2024-09-15 10:30:00,0.0,0.23314874
2024-09-15 10:45:00,0.0,0.34317738
2024-09-15 11:00:00,0.0,0.45050532
2024-09-15 11:15:00,0.0,0.43499035
2024-09-15 11:30:00,0.0,0.378441
2024-09-15 11:45:00,0.0,0.47380492
2024-09-15 12:00:00,0.0,0.6796162
2024-09-15 12:15:00,0.0,0.7848375
2024-09-15 12:30:00,0.0,0.6672641
2024-09-15 12:45:00,0.0,0.559607
2024-09-15 13:00:00,0.0,0.41498592
2024-09-15 13:15:00,0.0,0.55694383
2024-09-15 13:30:00,0.0,0.43571004
2024-09-15 13:45:00,0.0,0.46154884
2024-09-15 14:00:00,0.0,0.23900817
2024-09-15 14:15:00,0.0,0.20345145
2024-09-15 14:30:00,0.0,0.2790689
2024-09-15 14:45:00,0.0,0.42000157
2024-09-15 15:00:00,0.0,0.47484922
2024-09-15 15:15:00,0.0,0.49547946
2024-09-15 15:30:00,0.0,0.46106207
2024-09-15 15:45:00,0.0,0.47023875
2024-09-15 16:00:00,0.0,0.58907044
2024-09-15 16:15:00,0.0,0.45605576
2024-09-15 16:30:00,0.0,0.44262785
2024-09-15 16:45:00,0.0,0.5570606
2024-09-15 17:00:00,0.0,0.5304396
2024-09-15 17:15:00,0.0,0.6595135
2024-09-15 17:30:00,0.0,0.5794464
2024-09-15 17:45:00,0.0,0.60580415
2024-09-15 18:00:00,0.0,0.4669902
2024-09-15 18:15:00,0.0,0.52914184
2024-09-15 18:30:00,0.0,0.68694353
2024-09-15 18:45:00,0.0,0.6002093
2024-09-15 19:00:00,0.0,0.5698188
2024-09-15 19:15:00,0.0,0.46445575
2024-09-15 19:30:00,0.0,0.48103335
2024-09-15 19:45:00,0.0,0.5096609
2024-09-15 20:00:00,0.0,0.5421232
2024-09-15 20:15:00,0.0,0.56593984
2024-09-15 20:30:00,0.0,0.5628902
2024-09-15 20:45:00,0.0,0.5157197
2024-09-15 21:00:00,0.0,0.55039895
2024-09-15 21:15:00,0.0,0.5616253
2024-09-15 21:30:00,0.0,0.5405338
2024-09-15 21:45:00,0.0,0.5078566
2024-09-15 22:00:00,0.0,0.5105577
2024-09-15 22:15:00,0.0,0.49271694
2024-09-15 22:30:00,0.0,0.5674883
2024-09-15 22:45:00,0.0,0.512493
2024-09-15 23:00:00,0.0,0.40857643
2024-09-15 23:15:00,0.0,0.40846106
2024-09-15 23:30:00,0.0,0.31369117
2024-09-15 23:45:00,0.0,0.36288267
2024-09-16 00:00:00,0.0,0.30329594
2024-09-16 00:15:00,0.0,0.24356015
2024-09-16 00:30:00,0.0,0.15039326
2024-09-16 00:45:00,0.0,0.13246146
2024-09-16 01:00:00,0.0,0.15894108
2024-09-16 01:15:00,0.0,0.4956946
2024-09-16 01:30:00,0.0,0.6371095
2024-09-16 01:45:00,0.0,0.47928196
2024-09-16 02:00:00,0.0,0.5221388
2024-09-16 02:15:00,0.0,0.37925655
2024-09-16 02:30:00,0.0,0.36353368
2024-09-16 02:45:00,0.0,0.66597694
2024-09-16 03:00:00,0.0,0.67616683
2024-09-16 03:15:00,0.0,0.61605066
2024-09-16 03:30:00,0.0,0.3917918
2024-09-16 03:45:00,0.0,0.43093643
2024-09-16 04:00:00,0.0,0.52930367
2024-09-16 04:15:00,0.0,0.5614214
2024-09-16 04:30:00,0.0,0.56932
2024-09-16 04:45:00,0.0,0.50895643
2024-09-16 05:00:00,0.0,0.5436112
2024-09-16 05:15:00,0.0,0.35409826
2024-09-16 05:30:00,0.0,0.35448185
2024-09-16 05:45:00,0.0,0.54889274
2024-09-16 06:00:00,0.0,0.5206919
2024-09-16 06:15:00,0.0,0.5890579
2024-09-16 06:30:00,0.0,0.52744126
2024-09-16 06:45:00,0.0,0.42574626
2024-09-16 07:00:00,0.0,0.17649801
2024-09-16 07:15:00,0.0,0.1768588
2024-09-16 07:30:00,0.0,0.248108
2024-09-16 07:45:00,0.0,0.35658488
2024-09-16 08:00:00,0.0,0.46603128
2024-09-16 08:15:00,0.0,0.21546271
2024-09-16 08:30:00,0.0,0.17407636
2024-09-16 08:45:00,0.0,0.29583666
2024-09-16 09:00:00,0.0,0.4424065
2024-09-16 09:15:00,0.0,0.5947068
2024-09-16 09:30:00,0.0,0.48229295
2024-09-16 09:45:00,0.0,0.42721462
2024-09-16 10:00:00,0.0,0.3529396
2024-09-16 10:15:00,0.0,0.30397168
2024-09-16 10:30:00,0.0,0.41011018
2024-09-16 10:45:00,0.0,0.4106291
2024-09-16 11:00:00,0.0,0.4169583
2024-09-16 11:15:00,0.0,0.31789967
2024-09-16 11:30:00,0.0,0.2363001
2024-09-16 11:45:00,0.0,0.17045254
2024-09-16 12:00:00,0.0,0.16635692
2024-09-16 12:15:00,0.0,0.25896156
2024-09-16 12:30:00,0.0,0.35255313
2024-09-16 12:45:00,0.0,0.34623176
2024-09-16 13:00:00,0.0,0.38675317
2024-09-16 13:15:00,0.0,0.50301313
2024-09-16 13:30:00,0.0,0.4693954
2024-09-16 13:45:00,0.0,0.34699428
2024-09-16 14:00:00,0.0,0.3183324
2024-09-16 14:15:00,0.0,0.35846284
2024-09-16 14:30:00,0.0,0.32437766
2024-09-16 14:45:00,0.0,0.3488469
2024-09-16 15:00:00,0.0,0.37268844
2024-09-16 15:15:00,0.0,0.2361434
2024-09-16 15:30:00,0.0,0.24395819
2024-09-16 15:45:00,0.0,0.18106678
2024-09-16 16:00:00,0.0,0.24467818
2024-09-16 16:15:00,0.0,0.18150862
2024-09-16 16:30:00,0.0,0.1467586
2024-09-16 16:45:00,0.0,0.2681465
2024-09-16 17:00:00,0.0,0.49411398
2024-09-16 17:15:00,0.0,0.42058983
2024-09-16 17:30:00,0.0,0.39627257
2024-09-16 17:45:00,0.0,0.3469331
2024-09-16 18:00:00,0.0,0.22061835
2024-09-16 18:15:00,0.0,0.18525782
2024-09-16 18:30:00,0.0,0.26199874
2024-09-16 18:45:00,0.0,0.29376224
2024-09-16 19:00:00,0.0,0.21204871
2024-09-16 19:15:00,0.0,0.19027212
2024-09-16 19:30:00,0.0,0.17385699
2024-09-16 19:45:00,0.0,0.1382603
2024-09-16 20:00:00,0.0,0.07477391
2024-09-16 20:15:00,0.0,-0.07364451
2024-09-16 20:30:00,0.0,-0.064193
2024-09-16 20:45:00,0.0,0.057079762
2024-09-16 21:00:00,0.0,0.079264626
2024-09-16 21:15:00,0.0,0.12473208
2024-09-16 21:30:00,0.0,0.122385755
2024-09-16 21:45:00,0.0,0.10292704
2024-09-16 22:00:00,0.0,0.104539216
2024-09-16 22:15:00,0.0,0.09172239
2024-09-16 22:30:00,0.0,0.28917572
2024-09-16 22:45:00,0.0,0.27674097
2024-09-16 23:00:00,0.0,0.1506103
2024-09-16 23:15:00,0.0,0.08116136
2024-09-16 23:30:00,0.0,0.05095752
2024-09-16 23:45:00,0.0,0.07686337
2024-09-17 00:00:00,0.0,0.16486892
2024-09-17 00:15:00,0.0,0.11140259
2024-09-17 00:30:00,0.0,-0.12788704
2024-09-17 00:45:00,0.0,0.046937387
2024-09-17 01:00:00,0.0,-0.060032774
2024-09-17 01:15:00,0.0,0.0110338805
2024-09-17 01:30:00,0.0,0.05966382
2024-09-17 01:45:00,0.0,-0.054951467
2024-09-17 02:00:00,0.0,-0.30852064
2024-09-17 02:15:00,0.0,-0.3544547
2024-09-17 02:30:00,0.0,-0.20761271
2024-09-17 02:45:00,0.0,-0.114176385
2024-09-17 03:00:00,0.0,-0.148625
2024-09-17 03:15:00,0.0,-0.15758552
2024-09-17 03:30:00,0.0,-0.0551664
2024-09-17 03:45:00,0.0,0.08224229
2024-09-17 04:00:00,0.0,0.23628858
2024-09-17 04:15:00,0.0,0.20465364
2024-09-17 04:30:00,0.0,0.1538233
2024-09-17 04:45:00,0.0,0.15634784
2024-09-17 05:00:00,0.0,0.20709522
2024-09-17 05:15:00,0.0,0.27227515
2024-09-17 05:30:00,1.7290732920000003,0.07558203
2024-09-17 05:45:00,0.0,0.00270432
2024-09-17 06:00:00,0.0,0.29236966
2024-09-17 06:15:00,0.0,0.14287092
2024-09-17 06:30:00,0.0,0.0721642
2024-09-17 06:45:00,0.0,-0.030587655
2024-09-17 07:00:00,0.0,0.22061382
2024-09-17 07:15:00,0.0,0.32211578
2024-09-17 07:30:00,0.0,0.26287615
2024-09-17 07:45:00,0.0,0.14052995
2024-09-17 08:00:00,0.0,0.048041873
2024-09-17 08:15:00,0.0,-0.023063883
2024-09-17 08:30:00,0.0,0.027262373
2024-09-17 08:45:00,0.0,0.21091615
2024-09-17 09:00:00,0.0,0.19923325
2024-09-17 09:15:00,0.0,0.21425614
2024-09-17 09:30:00,0.0,-0.04073639
2024-09-17 09:45:00,0.0,0.030735381
2024-09-17 10:00:00,0.0,0.039812934
2024-09-17 10:15:00,0.0,0.15673578
2024-09-17 10:30:00,0.0,0.14831173
2024-09-17 10:45:00,0.0,0.1214795
2024-09-17 11:00:00,0.0,0.18022668
2024-09-17 11:15:00,0.0,0.08187736
2024-09-17 11:30:00,0.0,0.0055943793
2024-09-17 11:45:00,0.0,0.06906694
2024-09-17 12:00:00,0.0,0.0113689285
2024-09-17 12:15:00,0.0,0.16600738
2024-09-17 12:30:00,0.0,0.12326221
2024-09-17 12:45:00,0.0,-0.041675758
2024-09-17 13:00:00,0.0,-0.08293813
2024-09-17 13:15:00,0.0,-0.036298536
2024-09-17 13:30:00,0.0,-0.04778645
2024-09-17 13:45:00,0.0,-0.020061914
2024-09-17 14:00:00,0.0,-0.004575014
2024-09-17 14:15:00,0.0,0.0066835135
2024-09-17 14:30:00,0.0,0.0668037
2024-09-17 14:45:00,0.0,0.070230655
2024-09-17 15:00:00,0.0,-0.005397509
2024-09-17 15:15:00,0.0,-0.18611509
2024-09-17 15:30:00,0.0,-0.14628576
2024-09-17 15:45:00,0.0,-0.16179425
2024-09-17 16:00:00,0.0,0.09723862
2024-09-17 16:15:00,0.0,0.17613629
2024-09-17 16:30:00,0.0,0.10001617
2024-09-17 16:45:00,0.0,0.065961264
2024-09-17 17:00:00,0.0,0.038105458
2024-09-17 17:15:00,0.0,-0.030735686
2024-09-17 17:30:00,0.0,-0.05246032
2024-09-17 17:45:00,0.0,-0.18790159
2024-09-17 18:00:00,0.0,-0.009623831
2024-09-17 18:15:00,0.0,0.031629674
2024-09-17 18:30:00,0.0,0.07132792
2024-09-17 18:45:00,0.0,0.024974417
2024-09-17 19:00:00,0.0,0.071682416
2024-09-17 19:15:00,0.0,0.039221704
2024-09-17 19:30:00,0.0,0.08270627
2024-09-17 19:45:00,0.0,-0.029065598
2024-09-17 20:00:00,0.0,0.0013674174
2024-09-17 20:15:00,0.0,-0.0036164522
2024-09-17 20:30:00,0.0,-0.018462079
2024-09-17 20:45:00,0.0,0.00976217
2024-09-17 21:00:00,0.0,0.1488504
2024-09-17 21:15:00,0.0,0.018594416
2024-09-17 21:30:00,0.0,-0.16955471
2024-09-17 21:45:00,0.0,-0.2445994
2024-09-17 22:00:00,0.0,-0.16922034
2024-09-17 22:15:00,0.0,0.016361548
2024-09-17 22:30:00,0.0,0.06390134
2024-09-17 22:45:00,0.0,0.012379381
2024-09-17 23:00:00,0.0,-0.06706018
2024-09-17 23:15:00,0.0,-0.16335265
2024-09-17 23:30:00,0.0,-0.20782086
2024-09-17 23:45:00,0.0,-0.26387697
2024-09-18 00:00:00,0.0,-0.35304323
2024-09-18 00:15:00,0.0,-0.3473786
2024-09-18 00:30:00,1.7986602579999997,-0.026350778
2024-09-18 00:45:00,0.0,-0.02697241
2024-09-18 01:00:00,0.0,0.19220723
2024-09-18 01:15:00,0.0,0.35229838
2024-09-18 01:30:00,0.0,0.059010882
2024-09-18 01:45:00,0.0,-0.2501016
2024-09-18 02:00:00,0.0,0.053788576
2024-09-18 02:15:00,0.0,0.057725176
2024-09-18 02:30:00,0.0,0.16082087
2024-09-18 02:45:00,0.0,0.06360448
2024-09-18 03:00:00,0.0,0.2355339
2024-09-18 03:15:00,0.0,0.02086529
2024-09-18 03:30:00,0.0,0.3303886
2024-09-18 03:45:00,0.0,0.29748052
2024-09-18 04:00:00,0.0,0.16318397
2024-09-18 04:15:00,0.0,0.020730803
2024-09-18 04:30:00,0.0,-0.1403576
2024-09-18 04:45:00,0.0,-0.14445138
2024-09-18 05:00:00,0.0,-0.14522792
2024-09-18 05:15:00,0.0,-0.017164782
2024-09-18 05:30:00,0.0,0.100324765
2024-09-18 05:45:00,0.0,0.050975055
2024-09-18 06:00:00,0.0,0.05904631
2024-09-18 06:15:00,0.0,-0.006800507
2024-09-18 06:30:00,0.0,-0.0187087
2024-09-18 06:45:00,0.0,0.035666287
2024-09-18 07:00:00,0.0,-0.0748883
2024-09-18 07:15:00,0.0,-0.13777362
2024-09-18 07:30:00,0.0,0.04977296
2024-09-18 07:45:00,0.0,-0.0057783145
2024-09-18 08:00:00,0.0,0.07756274
2024-09-18 08:15:00,0.0,0.08663856
2024-09-18 08:30:00,0.0,0.13878064
2024-09-18 08:45:00,0.0,0.07572908
2024-09-18 09:00:00,0.0,0.14753623
2024-09-18 09:15:00,0.0,0.06838796
2024-09-18 09:30:00,0.0,-0.0066816933
2024-09-18 09:45:00,0.0,0.045290966
2024-09-18 10:00:00,0.0,0.26467282
2024-09-18 10:15:00,0.0,0.19704418
2024-09-18 10:30:00,0.0,0.13755935
2024-09-18 10:45:00,0.0,0.19798407
2024-09-18 11:00:00,0.0,0.25692764
2024-09-18 11:15:00,0.0,0.26323396
2024-09-18 11:30:00,0.0,0.22373046
2024-09-18 11:45:00,0.0,0.2984195
2024-09-18 12:00:00,0.0,0.20547646
2024-09-18 12:15:00,0.0,0.23538679
2024-09-18 12:30:00,0.0,0.34833765
2024-09-18 12:45:00,0.0,0.5838189
2024-09-18 13:00:00,0.0,0.513021
2024-09-18 13:15:00,0.0,0.1911058
2024-09-18 13:30:00,0.0,0.028709248
2024-09-18 13:45:00,0.0,0.046681736
2024-09-18 14:00:00,0.0,-0.050887983
2024-09-18 14:15:00,0.0,-0.019061435
2024-09-18 14:30:00,0.0,0.2518518
2024-09-18 14:45:00,0.0,0.1573123
2024-09-18 15:00:00,0.0,0.10586144
2024-09-18 15:15:00,0.0,0.12912565
2024-09-18 15:30:00,0.0,0.03982144
2024-09-18 15:45:00,0.0,-0.019528976
2024-09-18 16:00:00,0.0,0.17668857
2024-09-18 16:15:00,0.0,0.20766297
2024-09-18 16:30:00,0.0,0.26913545
2024-09-18 16:45:00,0.02181748016,0.17649132
2024-09-18 17:00:00,0.0,0.10973145
2024-09-18 17:15:00,0.0,0.053786583
2024-09-18 17:30:00,3.162155756,0.07268753
2024-09-18 17:45:00,0.0,0.0050609503
2024-09-18 18:00:00,0.0,0.2136368
2024-09-18 18:15:00,0.0,-0.06356467
2024-09-18 18:30:00,0.0,-0.45873976
2024-09-18 18:45:00,0.0,-0.27309743
2024-09-18 19:00:00,0.0,0.10163606
2024-09-18 19:15:00,0.0,0.19001217
2024-09-18 19:30:00,0.0,0.3455679
2024-09-18 19:45:00,0.0,0.34856823
2024-09-18 20:00:00,0.0,0.06313171
2024-09-18 20:15:00,2.5768846769999993,-0.02908844
2024-09-18 20:30:00,0.0,0.03832538
2024-09-18 20:45:00,0.0,-0.1123948
2024-09-18 21:00:00,0.0,-0.2843988
2024-09-18 21:15:00,0.0,-0.5297595
2024-09-18 21:30:00,0.0,-0.25693977
2024-09-18 21:45:00,0.0,-0.1300693
2024-09-18 22:00:00,0.0,-0.11676872
2024-09-18 22:15:00,0.0,-0.07485379
2024-09-18 22:30:00,0.0,-0.1969355
2024-09-18 22:45:00,0.0,-0.12902278
2024-09-18 23:00:00,0.0,-0.14598303
2024-09-18 23:15:00,0.0,-0.14164189
2024-09-18 23:30:00,0.0,-0.19530086
2024-09-18 23:45:00,0.0,-0.08174423
2024-09-19 00:00:00,0.0,-0.01648919
2024-09-19 00:15:00,0.0,0.20389296
2024-09-19 00:30:00,0.0,0.24684638
2024-09-19 00:45:00,0.0,-0.026573692
2024-09-19 01:00:00,0.0,-0.11948478
2024-09-19 01:15:00,0.0,0.012634468
2024-09-19 01:30:00,0.0,0.23261417
2024-09-19 01:45:00,0.0,0.1708821
2024-09-19 02:00:00,0.0,0.23558791
2024-09-19 02:15:00,0.0,0.21963394
2024-09-19 02:30:00,0.0,0.22554876
2024-09-19 02:45:00,0.0,0.118050344
2024-09-19 03:00:00,0.0,0.2015349
2024-09-19 03:15:00,0.0,0.21958393
2024-09-19 03:30:00,0.0,0.15189824
2024-09-19 03:45:00,0.0,0.16418114
2024-09-19 04:00:00,0.0,0.31212434
2024-09-19 04:15:00,0.0,0.33948463
2024-09-19 04:30:00,0.0,0.27933824
2024-09-19 04:45:00,0.0,0.2475696
2024-09-19 05:00:00,0.0,0.137706
2024-09-19 05:15:00,0.0,0.13055283
2024-09-19 05:30:00,0.0,0.14592154
2024-09-19 05:45:00,0.0,0.2908491
2024-09-19 06:00:00,0.0,0.17277914
2024-09-19 06:15:00,0.0,0.11386113
2024-09-19 06:30:00,0.0,0.1601233
2024-09-19 06:45:00,0.0,0.11261154
2024-09-19 07:00:00,0.0,0.11290475
2024-09-19 07:15:00,0.0,0.20712233
2024-09-19 07:30:00,0.0,0.15065843
2024-09-19 07:45:00,0.0,0.18121688
2024-09-19 08:00:00,0.0,0.2725535
2024-09-19 08:15:00,0.0,0.29469377
2024-09-19 08:30:00,0.0,0.21602918
2024-09-19 08:45:00,0.0,0.20503587
2024-09-19 09:00:00,0.0,0.20129013
2024-09-19 09:15:00,0.0,0.20736378
2024-09-19 09:30:00,0.0,0.1788074
2024-09-19 09:45:00,0.0,0.14111018
2024-09-19 10:00:00,0.0,0.10374073
2024-09-19 10:15:00,0.0,0.13837418
2024-09-19 10:30:00,0.0,0.18188721
2024-09-19 10:45:00,0.0,0.18697868
2024-09-19 11:00:00,0.0,0.21721812
2024-09-19 11:15:00,0.0,0.13301031
2024-09-19 11:30:00,0.0,0.1584826
2024-09-19 11:45:00,0.0,0.1771075
2024-09-19 12:00:00,0.0,0.22322698
2024-09-19 12:15:00,0.0,0.2656879
2024-09-19 12:30:00,0.0,0.15602908
2024-09-19 12:45:00,0.0,0.15329544
2024-09-19 13:00:00,0.0,0.17606755
2024-09-19 13:15:00,0.0,0.16595022
2024-09-19 13:30:00,0.0,0.20515797
2024-09-19 13:45:00,0.0,0.28009596
2024-09-19 14:00:00,0.0,0.24142204
2024-09-19 14:15:00,0.0,0.32872275
2024-09-19 14:30:00,0.0,0.18725976
2024-09-19 14:45:00,0.0,0.13336289
2024-09-19 15:00:00,0.0,0.1750405
2024-09-19 15:15:00,0.0,0.13672704
2024-09-19 15:30:00,0.0,0.07165597
2024-09-19 15:45:00,0.0,0.22000958
2024-09-19 16:00:00,0.0,0.39274493
2024-09-19 16:15:00,0.0,0.4282406
2024-09-19 16:30:00,0.0,0.21984786
2024-09-19 16:45:00,0.0,0.11150036
2024-09-19 17:00:00,0.0,0.1614848
2024-09-19 17:15:00,0.0,0.03673725
2024-09-19 17:30:00,0.0,0.1432354
2024-09-19 17:45:00,0.0,0.33524176
2024-09-19 18:00:00,0.0,0.110793196
2024-09-19 18:15:00,0.0,0.028155724
2024-09-19 18:30:00,0.0,0.15186659
2024-09-19 18:45:00,0.0,0.1314822
2024-09-19 19:00:00,0.0,0.15691814
2024-09-19 19:15:00,0.0,0.038176745
2024-09-19 19:30:00,0.0,-0.12721424
2024-09-19 19:45:00,0.0,-0.23638053
2024-09-19 20:00:00,0.0,-0.34266987
2024-09-19 20:15:00,0.0,-0.31728625
2024-09-19 20:30:00,0.0,-0.11550198
2024-09-19 20:45:00,0.0,-0.1404172
2024-09-19 21:00:00,0.0,-0.047652
2024-09-19 21:15:00,0.0,-0.004219871
2024-09-19 21:30:00,0.0,0.2021607
2024-09-19 21:45:00,0.0,0.051204443
2024-09-19 22:00:00,0.0,-0.04173273
2024-09-19 22:15:00,0.0,-0.076181196
2024-09-19 22:30:00,0.0,-0.3409801
2024-09-19 22:45:00,0.0,-0.25879106
2024-09-19 23:00:00,0.0,-0.26187137
2024-09-19 23:15:00,0.0,-0.32048053
2024-09-19 23:30:00,0.0,-0.1777563
2024-09-19 23:45:00,0.0,-0.066747636
2024-09-20 00:00:00,0.0,-0.14584835
2024-09-20 00:15:00,0.0,-0.11719129
2024-09-20 00:30:00,0.0,-0.033333935
2024-09-20 00:45:00,0.0,-0.00965019
2024-09-20 01:00:00,0.0,-0.12879464
2024-09-20 01:15:00,0.0,0.06738786
2024-09-20 01:30:00,0.0,0.09393814
2024-09-20 01:45:00,0.0,0.16893488
2024-09-20 02:00:00,0.0,0.31044894
2024-09-20 02:15:00,0.0,0.29943871
2024-09-20 02:30:00,0.0,0.38166347
2024-09-20 02:45:00,0.0,0.098284215
2024-09-20 03:00:00,0.0,-0.025058333
2024-09-20 03:15:00,0.0,0.052304074
2024-09-20 03:30:00,0.0,0.04514508
2024-09-20 03:45:00,0.0,0.13420717
2024-09-20 04:00:00,0.0,0.31393528
2024-09-20 04:15:00,0.0,0.31486812
2024-09-20 04:30:00,0.0,0.1807562
2024-09-20 04:45:00,0.0,0.08295325
2024-09-20 05:00:00,0.0,0.011060258
2024-09-20 05:15:00,0.0,-0.04904386
2024-09-20 05:30:00,0.0,-0.05821804
2024-09-20 05:45:00,0.0,-0.085152216
2024-09-20 06:00:00,0.0,0.2465035
2024-09-20 06:15:00,0.0,0.13963445
2024-09-20 06:30:00,0.0,-0.073096834
2024-09-20 06:45:00,0.0,0.15967946
2024-09-20 07:00:00,0.0,0.25284398
2024-09-20 07:15:00,0.0,0.26197684
2024-09-20 07:30:00,0.0,0.28756157
2024-09-20 07:45:00,0.0,0.3601128
2024-09-20 08:00:00,0.0,0.3519261
2024-09-20 08:15:00,0.0,0.3492633
2024-09-20 08:30:00,0.0,0.26926532
2024-09-20 08:45:00,0.0,0.17387828
2024-09-20 09:00:00,0.0,0.029934336
2024-09-20 09:15:00,0.0,0.05363558
2024-09-20 09:30:00,0.0,0.034223516
2024-09-20 09:45:00,0.0,0.06823404
2024-09-20 10:00:00,0.0,0.21860707
2024-09-20 10:15:00,0.0,0.17647563
2024-09-20 10:30:00,0.0,0.1329872
2024-09-20 10:45:00,0.0,0.09740039
2024-09-20 11:00:00,0.0,0.1542538
2024-09-20 11:15:00,0.0,0.13307653
2024-09-20 11:30:00,0.0,0.18699045
2024-09-20 11:45:00,0.0,0.057129055
2024-09-20 12:00:00,0.0,-0.032716744
2024-09-20 12:15:00,0.0,-0.12135555
2024-09-20 12:30:00,0.0,-0.07135723
2024-09-20 12:45:00,0.0,0.06465505
2024-09-20 13:00:00,0.0,-0.013216443
2024-09-20 13:15:00,0.0,0.009828961
2024-09-20 13:30:00,0.0,0.020618781
2024-09-20 13:45:00,0.0,-0.031205975
2024-09-20 14:00:00,0.0,0.007347327
2024-09-20 14:15:00,0.0,-0.025344314
2024-09-20 14:30:00,0.0,-0.008448997
2024-09-20 14:45:00,0.0,-0.00047096718
2024-09-20 15:00:00,0.0,0.020405838
2024-09-20 15:15:00,0.0,0.031579703
2024-09-20 15:30:00,0.0,-0.0054448466
2024-09-20 15:45:00,0.0,-0.091355436
2024-09-20 16:00:00,0.0,-0.17963684
2024-09-20 16:15:00,0.0,-0.2617753
2024-09-20 16:30:00,0.0,-0.29747066
2024-09-20 16:45:00,0.0,-0.097182065
2024-09-20 17:00:00,0.0,-0.11090905
2024-09-20 17:15:00,1.652250623,-0.054953232
2024-09-20 17:30:00,0.0,0.18396963
2024-09-20 17:45:00,0.0,0.08694193
2024-09-20 18:00:00,0.0,-0.28144032
2024-09-20 18:15:00,0.0,-0.4892873
2024-09-20 18:30:00,0.0,-0.33934537
2024-09-20 18:45:00,0.0,-0.046359997
2024-09-20 19:00:00,0.0,-0.030272605
2024-09-20 19:15:00,0.0,-0.08613113
2024-09-20 19:30:00,0.0,0.030802587
2024-09-20 19:45:00,0.0,0.14240932
2024-09-20 20:00:00,0.0,0.08952847
2024-09-20 20:15:00,0.0,-0.179274
2024-09-20 20:30:00,0.0,-0.14101648
2024-09-20 20:45:00,0.0,-0.3200744
2024-09-20 21:00:00,0.0,-0.062267676
2024-09-20 21:15:00,0.0,0.10442117
2024-09-20 21:30:00,0.0,-0.012813135
2024-09-20 21:45:00,0.0,-0.014292482
2024-09-20 22:00:00,0.0,0.00881294
2024-09-20 22:15:00,0.0,-0.12285423
2024-09-20 22:30:00,0.0,-0.15899082
2024-09-20 22:45:00,0.0,-0.12364994
2024-09-20 23:00:00,0.0,-0.1867946
2024-09-20 23:15:00,0.0,-0.3558933
2024-09-20 23:30:00,0.0,-0.3929911
2024-09-20 23:45:00,0.0,-0.28935587
2024-09-21 00:00:00,0.0,-0.25365174
2024-09-21 00:15:00,0.0,-0.20358929
2024-09-21 00:30:00,0.0,-0.03151077
2024-09-21 00:45:00,0.0,-0.14850801
2024-09-21 01:00:00,0.0,-0.16124238
2024-09-21 01:15:00,0.0,0.029525364
2024-09-21 01:30:00,0.0,0.08751148
2024-09-21 01:45:00,0.0,0.09381231
2024-09-21 02:00:00,0.0,0.16017926
2024-09-21 02:15:00,0.0,0.216869
2024-09-21 02:30:00,0.0,0.11363576
2024-09-21 02:45:00,0.0,0.006787784
2024-09-21 03:00:00,0.0,-0.05424152
2024-09-21 03:15:00,0.0,0.2193802
2024-09-21 03:30:00,0.0,0.1935233
2024-09-21 03:45:00,0.0,0.02248153
2024-09-21 04:00:00,0.0,0.16700189
2024-09-21 04:15:00,0.0,0.13250962
2024-09-21 04:30:00,0.0,0.11655194
2024-09-21 04:45:00,0.0,0.18429743
2024-09-21 05:00:00,0.0,0.21121846
2024-09-21 05:15:00,0.0,0.21568061
2024-09-21 05:30:00,0.0,0.18387055
2024-09-21 05:45:00,0.0,0.10812921
2024-09-21 06:00:00,0.0,-0.017421862
2024-09-21 06:15:00,0.0,0.0139137795
2024-09-21 06:30:00,0.0,-0.11601727
2024-09-21 06:45:00,0.0,-0.0029163267
2024-09-21 07:00:00,0.0,0.06585237
2024-09-21 07:15:00,0.0,0.24354796
2024-09-21 07:30:00,0.0,0.2221407
2024-09-21 07:45:00,0.0,0.17071387
2024-09-21 08:00:00,0.0,0.2606219
2024-09-21 08:15:00,0.0,0.333781
2024-09-21 08:30:00,0.0,0.2819364
2024-09-21 08:45:00,0.0,0.23101597
2024-09-21 09:00:00,0.0,0.19445579
2024-09-21 09:15:00,0.0,0.26062825
2024-09-21 09:30:00,0.0,0.16656761
2024-09-21 09:45:00,0.0,0.28997293
2024-09-21 10:00:00,0.0,0.31551212
2024-09-21 10:15:00,0.0,0.224966
2024-09-21 10:30:00,0.0,0.33237058
2024-09-21 10:45:00,0.0,0.3156603
2024-09-21 11:00:00,9.592660722,0.37087283
2024-09-21 11:15:00,0.0,0.22702652
2024-09-21 11:30:00,0.0,0.21142814
2024-09-21 11:45:00,0.0,-0.009977864
2024-09-21 12:00:00,0.0,-0.4087061
2024-09-21 12:15:00,0.0,-0.21433008
2024-09-21 12:30:00,0.0,0.16686077
2024-09-21 12:45:00,0.0,0.39764166
2024-09-21 13:00:00,0.0,0.116969205
2024-09-21 13:15:00,0.0,-0.13245083
2024-09-21 13:30:00,0.0,0.18443473
2024-09-21 13:45:00,0.0,0.10245359
2024-09-21 14:00:00,0.0,0.2736068
2024-09-21 14:15:00,0.0,0.2682798
2024-09-21 14:30:00,0.0,0.11177053
2024-09-21 14:45:00,0.0,-0.014466404
2024-09-21 15:00:00,0.0,-0.0074010286
2024-09-21 15:15:00,0.0,-0.010231785
2024-09-21 15:30:00,0.0,-0.06552485
2024-09-21 15:45:00,0.0,0.02868347
2024-09-21 16:00:00,0.0,-0.07122293
2024-09-21 16:15:00,0.0,0.14696172
2024-09-21 16:30:00,0.0,0.22562617
2024-09-21 16:45:00,0.0,-0.056905918
2024-09-21 17:00:00,0.0,0.100128114
2024-09-21 17:15:00,0.0,0.019221954
2024-09-21 17:30:00,0.0,-0.13306336
2024-09-21 17:45:00,0.0,-0.13145871
2024-09-21 18:00:00,0.0,0.24109109
2024-09-21 18:15:00,0.0,0.38964507
2024-09-21 18:30:00,0.0,0.36506712
2024-09-21 18:45:00,0.0,0.37268376
2024-09-21 19:00:00,0.0,0.37460676
2024-09-21 19:15:00,6.192490068,0.39009154
2024-09-21 19:30:00,0.0,0.23571225
2024-09-21 19:45:00,0.0,0.047434993
2024-09-21 20:00:00,0.0,-0.30532187
2024-09-21 20:15:00,0.0,-0.7112851
2024-09-21 20:30:00,0.0,-0.26528835
2024-09-21 20:45:00,0.0,-0.014887548
2024-09-21 21:00:00,0.0,0.04694683
2024-09-21 21:15:00,0.0,0.19025685
2024-09-21 21:30:00,0.0,0.06278146
2024-09-21 21:45:00,0.0,0.513119
2024-09-21 22:00:00,0.0,0.3653645
2024-09-21 22:15:00,0.0,0.20301154
2024-09-21 22:30:00,0.0,0.26553375
2024-09-21 22:45:00,0.0,0.020093895
2024-09-21 23:00:00,0.0,0.03322567
2024-09-21 23:15:00,0.0,0.06673349
2024-09-21 23:30:00,0.0,0.09822484
2024-09-21 23:45:00,0.0,0.21781257
2024-09-22 00:00:00,0.0,0.30088156
2024-09-22 00:15:00,0.0,0.2411802
2024-09-22 00:30:00,0.0,0.22774905
2024-09-22 00:45:00,0.0,0.30896285
2024-09-22 01:00:00,0.0,0.35321593
2024-09-22 01:15:00,0.0,0.36321983
2024-09-22 01:30:00,0.0,0.18489102
2024-09-22 01:45:00,0.0,-0.11817018
2024-09-22 02:00:00,0.0,0.06891646
2024-09-22 02:15:00,0.0,0.27721453
2024-09-22 02:30:00,0.0,0.38416573
2024-09-22 02:45:00,0.0,0.4498931
2024-09-22 03:00:00,0.0,0.4941832
2024-09-22 03:15:00,0.0,0.45193613
2024-09-22 03:30:00,0.0,0.34751096
2024-09-22 03:45:00,0.0,0.4773978
2024-09-22 04:00:00,0.0,0.47514942
2024-09-22 04:15:00,0.0,0.4913474
2024-09-22 04:30:00,0.0,0.4857781
2024-09-22 04:45:00,0.0,0.5667826
2024-09-22 05:00:00,0.0,0.5527683
2024-09-22 05:15:00,0.0,0.6894416
2024-09-22 05:30:00,0.0,0.5056766
2024-09-22 05:45:00,0.0,0.50891984
2024-09-22 06:00:00,0.0,0.5250532
2024-09-22 06:15:00,0.0,0.5372726
2024-09-22 06:30:00,0.0,0.5583617
2024-09-22 06:45:00,0.0,0.6560439
2024-09-22 07:00:00,0.0,0.7659527
2024-09-22 07:15:00,0.0,0.6956468
2024-09-22 07:30:00,0.0,0.6334736
2024-09-22 07:45:00,0.0,0.6593076
2024-09-22 08:00:00,0.0,0.6433503
2024-09-22 08:15:00,0.0,0.32243216
2024-09-22 08:30:00,0.0,0.27449527
2024-09-22 08:45:00,0.0,0.47954994
2024-09-22 09:00:00,0.0,0.6323476
2024-09-22 09:15:00,0.0,0.77271676
2024-09-22 09:30:00,0.0,0.7199005
2024-09-22 09:45:00,0.0,0.76856476
2024-09-22 10:00:00,0.0,0.88073
2024-09-22 10:15:00,0.0,0.84239185
2024-09-22 10:30:00,0.0,0.7550335
2024-09-22 10:45:00,0.0,0.70022625
2024-09-22 11:00:00,0.0,0.65622264
2024-09-22 11:15:00,0.0,0.7437217
2024-09-22 11:30:00,0.0,0.552044
2024-09-22 11:45:00,0.0,0.17417465
2024-09-22 12:00:00,0.0,0.29964453
2024-09-22 12:15:00,0.0,0.4256648
2024-09-22 12:30:00,0.0,0.50942653
2024-09-22 12:45:00,0.0,0.5974444
2024-09-22 13:00:00,0.0,0.6084143
2024-09-22 13:15:00,0.0,0.52219516
2024-09-22 13:30:00,0.0,0.535762
2024-09-22 13:45:00,0.0,0.45321062
2024-09-22 14:00:00,0.0,0.4973441
2024-09-22 14:15:00,0.0,0.37165096
2024-09-22 14:30:00,4.248790462,0.4505793
2024-09-22 14:45:00,0.0,0.43714792
2024-09-22 15:00:00,0.0,0.18141763
2024-09-22 15:15:00,0.0,0.10541206
2024-09-22 15:30:00,0.0,-0.29566327
2024-09-22 15:45:00,0.0,-0.17436475
2024-09-22 16:00:00,0.0,0.12283316
2024-09-22 16:15:00,0.0,0.3000678
2024-09-22 16:30:00,0.0,0.37217924
2024-09-22 16:45:00,0.0,0.57661206
2024-09-22 17:00:00,0.0,0.40262264
2024-09-22 17:15:00,0.0,0.22414003
2024-09-22 17:30:00,0.0,0.22389854
2024-09-22 17:45:00,0.0,0.22994658
2024-09-22 18:00:00,0.0,0.29571465
2024-09-22 18:15:00,0.0,0.41790533
2024-09-22 18:30:00,0.0,0.46670845
2024-09-22 18:45:00,0.0,0.2355208
2024-09-22 19:00:00,0.0,0.3746154
2024-09-22 19:15:00,0.0,0.3922896
2024-09-22 19:30:00,0.0,0.29014173
2024-09-22 19:45:00,0.0,-0.0638502
2024-09-22 20:00:00,0.0,-0.051052496
2024-09-22 20:15:00,0.5534696322,0.21556875
2024-09-22 20:30:00,0.0,0.18457922
2024-09-22 20:45:00,0.0,0.28927732
2024-09-22 21:00:00,0.0,0.08768811
2024-09-22 21:15:00,0.0,0.13384707
2024-09-22 21:30:00,0.0,0.24438334
2024-09-22 21:45:00,0.0,0.22044872
2024-09-22 22:00:00,0.0,0.1997152
2024-09-22 22:15:00,0.0,0.31194723
2024-09-22 22:30:00,0.0,0.16199128
2024-09-22 22:45:00,0.0,0.056287974
2024-09-22 23:00:00,0.0,0.14992622
2024-09-22 23:15:00,0.0,0.14683183
2024-09-22 23:30:00,0.0,0.30262432
2024-09-22 23:45:00,0.0,0.19093244
2024-09-23 00:00:00,0.0,0.12653059
2024-09-23 00:15:00,0.0,-0.08168041
2024-09-23 00:30:00,0.0,0.05070074
2024-09-23 00:45:00,0.0,0.11351358
2024-09-23 01:00:00,0.0,0.34009105
2024-09-23 01:15:00,0.0,0.3853067
2024-09-23 01:30:00,0.0,0.3543109
2024-09-23 01:45:00,0.0,0.41935736
2024-09-23 02:00:00,0.0,0.32540667
2024-09-23 02:15:00,0.0,0.3272444
2024-09-23 02:30:00,0.0,0.35191286
2024-09-23 02:45:00,0.0,0.3052861
2024-09-23 03:00:00,0.0,0.35567826
2024-09-23 03:15:00,0.0,0.47582027
2024-09-23 03:30:00,0.0,0.45834348
2024-09-23 03:45:00,0.0,0.2620088
2024-09-23 04:00:00,0.0,0.20130669
2024-09-23 04:15:00,0.0,0.14125653
2024-09-23 04:30:00,0.0,0.20048904
2024-09-23 04:45:00,0.0,0.17167643
2024-09-23 05:00:00,0.0,0.41245112
2024-09-23 05:15:00,0.0,0.404586
2024-09-23 05:30:00,0.0,0.43363297
2024-09-23 05:45:00,0.0,0.39839333
2024-09-23 06:00:00,0.0,0.30208012
2024-09-23 06:15:00,0.0,0.33851796
2024-09-23 06:30:00,0.0,0.33572024
2024-09-23 06:45:00,0.0,0.4311825
2024-09-23 07:00:00,0.0,0.4219921
2024-09-23 07:15:00,1.9635451100000003,0.48616287
2024-09-23 07:30:00,0.0,0.513465
2024-09-23 07:45:00,0.0,0.468519
2024-09-23 08:00:00,0.0,0.26802143
2024-09-23 08:15:00,0.0,0.3334734
2024-09-23 08:30:00,0.0,0.40443915
2024-09-23 08:45:00,0.0,0.5661697
2024-09-23 09:00:00,0.0,0.4414954
2024-09-23 09:15:00,0.0,0.34380928
2024-09-23 09:30:00,0.0,0.36315858
2024-09-23 09:45:00,0.0,0.41306087
2024-09-23 10:00:00,0.0,0.4392305
2024-09-23 10:15:00,0.0,0.46281862
2024-09-23 10:30:00,0.0,0.45503923
2024-09-23 10:45:00,0.0,0.50681084
2024-09-23 11:00:00,0.0,0.53467834
2024-09-23 11:15:00,0.0,0.59091365
2024-09-23 11:30:00,0.0,0.016093628
2024-09-23 11:45:00,0.0,0.24694166
2024-09-23 12:00:00,0.0,0.573608
2024-09-23 12:15:00,0.0,0.6068783
2024-09-23 12:30:00,0.0,0.4585233
2024-09-23 12:45:00,0.0,0.43494436
2024-09-23 13:00:00,0.0,0.2725935
2024-09-23 13:15:00,0.0,0.3686479
2024-09-23 13:30:00,0.0,0.36271733
2024-09-23 13:45:00,0.0,0.23541325
2024-09-23 14:00:00,0.0,0.29277048
2024-09-23 14:15:00,0.0,0.36612007
2024-09-23 14:30:00,0.0,0.35059524
2024-09-23 14:45:00,0.0,0.39633217
2024-09-23 15:00:00,0.0,0.081831984
2024-09-23 15:15:00,0.0,0.06091732
2024-09-23 15:30:00,0.0,0.16171154
2024-09-23 15:45:00,0.0,0.18078457
2024-09-23 16:00:00,0.0,0.17166916
2024-09-23 16:15:00,0.0,0.15265356
2024-09-23 16:30:00,0.0,0.16803163
2024-09-23 16:45:00,0.0,0.1881317
2024-09-23 17:00:00,0.0,0.2011664
2024-09-23 17:15:00,0.0,0.2160328
2024-09-23 17:30:00,0.0,0.21250936
2024-09-23 17:45:00,0.0,0.2804488
2024-09-23 18:00:00,0.0,0.298195
2024-09-23 18:15:00,0.0,0.23839776
2024-09-23 18:30:00,0.0,0.18153895
2024-09-23 18:45:00,0.0,0.25528446
2024-09-23 19:00:00,0.0,0.3296364
2024-09-23 19:15:00,0.0,0.26907384
2024-09-23 19:30:00,0.0,0.14571808
2024-09-23 19:45:00,0.0,-0.08252842
2024-09-23 20:00:00,0.0,0.14451516
2024-09-23 20:15:00,0.0,0.56119424
2024-09-23 20:30:00,0.0,0.5008981
2024-09-23 20:45:00,0.0,0.35150066
2024-09-23 21:00:00,0.0,0.23287179
2024-09-23 21:15:00,0.0,0.1555969
2024-09-23 21:30:00,0.0,0.086333014
2024-09-23 21:45:00,0.6703831711,0.081544496
2024-09-23 22:00:00,0.0,0.11834613
2024-09-23 22:15:00,0.0,0.12692125
2024-09-23 22:30:00,0.0,0.23329037
2024-09-23 22:45:00,0.0,0.22743401
2024-09-23 23:00:00,0.0,0.1295385
2024-09-23 23:15:00,0.0,0.16668347
2024-09-23 23:30:00,0.0,0.08709395
2024-09-23 23:45:00,0.0,0.0027722782
2024-09-24 00:00:00,0.0,-0.0029939178
2024-09-24 00:15:00,0.0,-0.30076802
2024-09-24 00:30:00,0.0,-0.28703997
2024-09-24 00:45:00,0.0,-0.20287566
2024-09-24 01:00:00,0.0,-0.19808353
2024-09-24 01:15:00,0.0,-0.004620169
2024-09-24 01:30:00,0.0,-0.027900567
2024-09-24 01:45:00,0.0,0.0029142147
2024-09-24 02:00:00,0.0,-0.020445805
2024-09-24 02:15:00,0.0,0.18308392
2024-09-24 02:30:00,0.0,0.1961825
2024-09-24 02:45:00,0.0,0.33250755
2024-09-24 03:00:00,0.0,0.25966868
2024-09-24 03:15:00,0.0,0.13926712
2024-09-24 03:30:00,0.0,0.06609251
2024-09-24 03:45:00,0.0,0.08432573
2024-09-24 04:00:00,0.0,0.06608807
2024-09-24 04:15:00,0.0,0.023851076
2024-09-24 04:30:00,0.0,-0.06235144
2024-09-24 04:45:00,0.0,0.0677649
2024-09-24 05:00:00,0.0,0.029231275
2024-09-24 05:15:00,0.0,0.035261024
2024-09-24 05:30:00,0.0,0.054547857
2024-09-24 05:45:00,0.0,0.123020485
2024-09-24 06:00:00,0.0,0.004973651
2024-09-24 06:15:00,0.0,0.0065491027
2024-09-24 06:30:00,0.0,-0.05548399
2024-09-24 06:45:00,0.0,-0.017323727
2024-09-24 07:00:00,0.0,0.107134975
2024-09-24 07:15:00,0.0,0.097507745
2024-09-24 07:30:00,0.0,0.11208041
2024-09-24 07:45:00,0.0,-0.07181664
2024-09-24 08:00:00,0.0,0.047596045
2024-09-24 08:15:00,0.0,0.11345375
2024-09-24 08:30:00,0.0,0.055161435
2024-09-24 08:45:00,0.0,0.017835401
2024-09-24 09:00:00,0.0,0.088439636
2024-09-24 09:15:00,0.0,0.13554892
2024-09-24 09:30:00,0.0,0.17358884
2024-09-24 09:45:00,0.0,0.06652645
2024-09-24 10:00:00,0.0,0.047603194
2024-09-24 10:15:00,0.0,-0.025501415
2024-09-24 10:30:00,0.0,-0.004699265
2024-09-24 10:45:00,0.0,0.06843673
2024-09-24 11:00:00,0.0,0.16177954
2024-09-24 11:15:00,0.0,0.1306239
2024-09-24 11:30:00,0.0,0.17164478
2024-09-24 11:45:00,0.0,0.14488535
2024-09-24 12:00:00,0.0,0.16408333
2024-09-24 12:15:00,0.0,0.10077872
2024-09-24 12:30:00,0.0,0.08575172
2024-09-24 12:45:00,0.0,0.40103874
2024-09-24 13:00:00,0.0,0.3872382
2024-09-24 13:15:00,0.0,0.16774844
2024-09-24 13:30:00,0.0,0.11152226
2024-09-24 13:45:00,0.0,0.17370507
2024-09-24 14:00:00,0.0,0.2272327
2024-09-24 14:15:00,0.0,0.2300077
2024-09-24 14:30:00,0.0,0.25857654
2024-09-24 14:45:00,0.0,0.11440182
2024-09-24 15:00:00,0.0,0.05760702
2024-09-24 15:15:00,0.0,0.2557501
2024-09-24 15:30:00,0.0,0.27211794
2024-09-24 15:45:00,0.0,0.25000232
2024-09-24 16:00:00,0.0,0.00414792
2024-09-24 16:15:00,0.0,-0.045958392
2024-09-24 16:30:00,0.0,0.076063305
2024-09-24 16:45:00,0.0,-0.022244059
2024-09-24 17:00:00,0.0,-0.0928069
2024-09-24 17:15:00,0.0,-0.211354
2024-09-24 17:30:00,0.0,-0.24610591
2024-09-24 17:45:00,0.0,-0.26947165
2024-09-24 18:00:00,0.0,-0.19929229
2024-09-24 18:15:00,0.0,-0.15039513
2024-09-24 18:30:00,0.0,-0.024861665
2024-09-24 18:45:00,3.31283382,-0.10085097
2024-09-24 19:00:00,0.0,-0.096976385
2024-09-24 19:15:00,0.0,0.18854398
2024-09-24 19:30:00,0.0,0.25965393
2024-09-24 19:45:00,0.0,-0.25625926
2024-09-24 20:00:00,0.0,-0.32684815
2024-09-24 20:15:00,0.0,0.087290145
2024-09-24 20:30:00,0.0,0.15197158
2024-09-24 20:45:00,0.0,-0.028327279
2024-09-24 21:00:00,0.0,-0.06919014
2024-09-24 21:15:00,0.0,0.098081246
2024-09-24 21:30:00,0.0,-0.0424943
2024-09-24 21:45:00,0.0,-0.08589961
2024-09-24 22:00:00,0.0,-0.098891094
2024-09-24 22:15:00,0.0,-0.23054616
2024-09-24 22:30:00,0.0,-0.32591382
2024-09-24 22:45:00,0.0,-0.30799255
2024-09-24 23:00:00,0.0,-0.24639663
2024-09-24 23:15:00,0.0,0.025268186
2024-09-24 23:30:00,0.0,0.084928624
2024-09-24 23:45:00,0.0,-0.047152698
2024-09-25 00:00:00,0.0,-0.15685213
2024-09-25 00:15:00,0.0,-0.17781383
2024-09-25 00:30:00,0.0,-0.079859205
2024-09-25 00:45:00,0.0,0.047451664
2024-09-25 01:00:00,0.0,-0.020052206
2024-09-25 01:15:00,0.0,0.0974557
2024-09-25 01:30:00,0.0,0.06251189
2024-09-25 01:45:00,0.0,0.14615397
2024-09-25 02:00:00,0.0,0.084015444
2024-09-25 02:15:00,0.0,0.020530768
2024-09-25 02:30:00,0.0,-0.015562236
2024-09-25 02:45:00,0.0,0.121890634
2024-09-25 03:00:00,0.0,0.16628994
2024-09-25 03:15:00,0.0,0.17148511
2024-09-25 03:30:00,0.0,0.17853239
2024-09-25 03:45:00,0.0,0.40455413
2024-09-25 04:00:00,0.0,0.21057753
2024-09-25 04:15:00,0.0,0.18762563
2024-09-25 04:30:00,0.0,0.26225722
2024-09-25 04:45:00,0.0,0.10126105
2024-09-25 05:00:00,0.0,-0.0078717675
2024-09-25 05:15:00,0.0,0.023339774
2024-09-25 05:30:00,0.0,0.075360164
2024-09-25 05:45:00,0.0,0.20736405
2024-09-25 06:00:00,0.0,0.14319092
2024-09-25 06:15:00,0.0,0.17486198
2024-09-25 06:30:00,0.0,-0.04026892
2024-09-25 06:45:00,0.0,0.017059265
2024-09-25 07:00:00,0.0,0.033781677
2024-09-25 07:15:00,0.0,0.14741988
2024-09-25 07:30:00,0.0,0.10952769
2024-09-25 07:45:00,0.0,0.14003177
2024-09-25 08:00:00,2.177582245,0.3308202
2024-09-25 08:15:00,0.0,0.3295974
2024-09-25 08:30:00,0.0,0.50408024
2024-09-25 08:45:00,0.0,0.30531645
2024-09-25 09:00:00,0.0,-0.08419102
2024-09-25 09:15:00,0.0,-0.034716386
2024-09-25 09:30:00,0.0,0.23502092
2024-09-25 09:45:00,0.0,0.27437997
2024-09-25 10:00:00,0.0,0.1477742
2024-09-25 10:15:00,0.01615535053,0.100866996
2024-09-25 10:30:00,0.0,0.1353877
2024-09-25 10:45:00,0.0,0.12192706
2024-09-25 11:00:00,0.0,0.11368656
2024-09-25 11:15:00,0.0,-0.012810727
2024-09-25 11:30:00,0.0,-0.14837393
2024-09-25 11:45:00,0.0,0.087005
2024-09-25 12:00:00,0.0,0.03606561
2024-09-25 12:15:00,0.0,0.09290656
2024-09-25 12:30:00,0.0,0.054433614
2024-09-25 12:45:00,0.0,-0.032561824
2024-09-25 13:00:00,0.0,-0.12480963
2024-09-25 13:15:00,0.0,-0.03883206
2024-09-25 13:30:00,0.0,0.12233562
2024-09-25 13:45:00,0.0,0.21226305
2024-09-25 14:00:00,0.0,0.24830028
2024-09-25 14:15:00,0.0,0.14579225
2024-09-25 14:30:00,0.0,0.11541584
2024-09-25 14:45:00,0.0,0.17819874
2024-09-25 15:00:00,0.0,0.11775671
2024-09-25 15:15:00,0.0,0.021000603
2024-09-25 15:30:00,0.0,0.12386374
2024-09-25 15:45:00,0.0,0.061705083
2024-09-25 16:00:00,0.0,0.014659765
2024-09-25 16:15:00,0.0,0.014459965
2024-09-25 16:30:00,0.0,0.06946201
2024-09-25 16:45:00,0.0,0.1663143
2024-09-25 17:00:00,0.0,0.11877348
2024-09-25 17:15:00,0.0,0.11704966
2024-09-25 17:30:00,0.0,0.19683845
2024-09-25 17:45:00,0.0,0.09128289
2024-09-25 18:00:00,0.0,-0.10667553
2024-09-25 18:15:00,0.0,-0.14259559
2024-09-25 18:30:00,0.0,-0.03531017
2024-09-25 18:45:00,0.0,0.052374855
2024-09-25 19:00:00,0.0,0.059057318
2024-09-25 19:15:00,0.0,-0.17048843
2024-09-25 19:30:00,0.0,-0.16614996
2024-09-25 19:45:00,0.0,-0.15028459
2024-09-25 20:00:00,0.0,-0.059704725
2024-09-25 20:15:00,0.0,0.028959028
2024-09-25 20:30:00,0.0,0.05448396
2024-09-25 20:45:00,0.0,0.052081198
2024-09-25 21:00:00,0.0,-0.21334131
2024-09-25 21:15:00,0.0,-0.16854249
2024-09-25 21:30:00,0.0,0.007238241
2024-09-25 21:45:00,0.0,0.008276558
2024-09-25 22:00:00,0.0,0.05883444
2024-09-25 22:15:00,0.0,0.05424588
2024-09-25 22:30:00,0.0,0.06543025
2024-09-25 22:45:00,0.4910390298,0.022627382
2024-09-25 23:00:00,0.0,-0.02836536
2024-09-25 23:15:00,0.0,-0.09610008
2024-09-25 23:30:00,0.0,-0.08777221
2024-09-25 23:45:00,0.0,-0.1932125
2024-09-26 00:00:00,0.0,-0.22014384
2024-09-26 00:15:00,0.0,-0.18827267
2024-09-26 00:30:00,0.0,-0.14316337
2024-09-26 00:45:00,0.0,-0.09854047
2024-09-26 01:00:00,0.0,-0.15463436
2024-09-26 01:15:00,0.0,-0.09930291
2024-09-26 01:30:00,0.0,0.14336318
2024-09-26 01:45:00,0.0,0.068991005
2024-09-26 02:00:00,0.0,0.1715708
2024-09-26 02:15:00,0.0,0.3174283
2024-09-26 02:30:00,0.0,0.42707866
2024-09-26 02:45:00,0.0,0.42601606
2024-09-26 03:00:00,0.0,0.27491304
2024-09-26 03:15:00,0.0,0.060851544
2024-09-26 03:30:00,0.0,0.0022111542
2024-09-26 03:45:00,0.0,0.29024827
2024-09-26 04:00:00,0.0,0.3523671
2024-09-26 04:15:00,0.0,0.32981312
2024-09-26 04:30:00,0.0,0.21661812
2024-09-26 04:45:00,1.371657669,0.063395865
2024-09-26 05:00:00,0.0,0.026610525
2024-09-26 05:15:00,0.0,0.09376324
2024-09-26 05:30:00,0.0,0.027974615
2024-09-26 05:45:00,0.0,-0.10293697
2024-09-26 06:00:00,0.8363533859,-0.14625618
2024-09-26 06:15:00,0.0,0.16459814
2024-09-26 06:30:00,0.0,0.09582847
2024-09-26 06:45:00,0.0,0.2115572
2024-09-26 07:00:00,0.0,0.11402839
2024-09-26 07:15:00,0.0,0.099478
2024-09-26 07:30:00,0.0,0.29764467
2024-09-26 07:45:00,0.0,0.33951855
2024-09-26 08:00:00,0.0,0.3790047
2024-09-26 08:15:00,0.0,0.27170095
2024-09-26 08:30:00,0.0,0.26419675
2024-09-26 08:45:00,0.0,0.17321044
2024-09-26 09:00:00,0.0,0.13648587
2024-09-26 09:15:00,0.0,0.27319407
2024-09-26 09:30:00,0.0,0.19844665
2024-09-26 09:45:00,0.0,0.015001804
2024-09-26 10:00:00,0.0,0.1515969
2024-09-26 10:15:00,0.0,0.14503147
2024-09-26 10:30:00,0.0,0.06847266
2024-09-26 10:45:00,0.0,0.15487117
2024-09-26 11:00:00,0.0,0.20251393
2024-09-26 11:15:00,0.0,0.11496486
2024-09-26 11:30:00,0.0,-0.0046528685
2024-09-26 11:45:00,0.0,0.031160176
2024-09-26 12:00:00,0.0,-0.075597025
2024-09-26 12:15:00,0.0,0.10957885
2024-09-26 12:30:00,0.0,0.085936256
2024-09-26 12:45:00,0.0,0.10226582
2024-09-26 13:00:00,0.0,0.15240788
2024-09-26 13:15:00,0.0,0.09570373
2024-09-26 13:30:00,0.0,0.045947593
2024-09-26 13:45:00,0.0,0.3636565
2024-09-26 14:00:00,0.0,0.21488544
2024-09-26 14:15:00,0.0,0.09277864
2024-09-26 14:30:00,0.0,0.14999239
2024-09-26 14:45:00,4.087552321,0.1628055
2024-09-26 15:00:00,0.0,0.12401739
2024-09-26 15:15:00,0.0,0.21896748
2024-09-26 15:30:00,0.0,0.0688879
2024-09-26 15:45:00,0.0,-0.42961052
2024-09-26 16:00:00,0.0,-0.27672365
2024-09-26 16:15:00,0.0,0.12877734
2024-09-26 16:30:00,0.0,0.14246294
2024-09-26 16:45:00,0.0,0.03738473
2024-09-26 17:00:00,0.0,-0.08042217
2024-09-26 17:15:00,0.0,0.07933146
2024-09-26 17:30:00,0.0,-0.003359145
2024-09-26 17:45:00,0.0,0.02933562
2024-09-26 18:00:00,0.0,0.0648246
2024-09-26 18:15:00,0.0,0.2943179
2024-09-26 18:30:00,4.097532396,0.29730287
2024-09-26 18:45:00,0.0,0.27139607
2024-09-26 19:00:00,0.0,0.18336317
2024-09-26 19:15:00,0.0,-0.03499247
2024-09-26 19:30:00,0.0,-0.6077434
2024-09-26 19:45:00,0.0,-0.57393235
2024-09-26 20:00:00,0.0,-0.06343801
2024-09-26 20:15:00,0.0,0.056931127
2024-09-26 20:30:00,0.0,0.0023538433
2024-09-26 20:45:00,0.0,-0.077330045
2024-09-26 21:00:00,0.0,0.13974433
2024-09-26 21:15:00,0.0,-0.02285316
2024-09-26 21:30:00,0.0,0.08054266
2024-09-26 21:45:00,0.0,0.11172899
2024-09-26 22:00:00,0.0,0.0845923
2024-09-26 22:15:00,0.0,0.19864532
2024-09-26 22:30:00,0.0,-0.0125536835
2024-09-26 22:45:00,0.0,-0.049637157
2024-09-26 23:00:00,0.0,0.07038674
2024-09-26 23:15:00,0.0,0.007710184
2024-09-26 23:30:00,0.0,-0.18231426
2024-09-26 23:45:00,0.0,0.13012965
2024-09-27 00:00:00,0.0,0.11289391
2024-09-27 00:15:00,0.0,0.07045545
2024-09-27 00:30:00,0.0,0.1315517
2024-09-27 00:45:00,0.0,0.18010736
2024-09-27 01:00:00,0.0,0.20019633
2024-09-27 01:15:00,0.0,0.06928454
2024-09-27 01:30:00,0.0,0.24820599
2024-09-27 01:45:00,0.0,0.18061358
2024-09-27 02:00:00,0.0,0.22704388
2024-09-27 02:15:00,0.0,0.24622421
2024-09-27 02:30:00,0.0,0.49092385
2024-09-27 02:45:00,0.0,0.48391086
2024-09-27 03:00:00,0.0,0.327675
2024-09-27 03:15:00,0.0,0.23243423
2024-09-27 03:30:00,0.0,0.14038885
2024-09-27 03:45:00,0.0,0.1433864
2024-09-27 04:00:00,0.0,0.17798625
2024-09-27 04:15:00,0.0,0.1627284
2024-09-27 04:30:00,0.0,0.28946298
2024-09-27 04:45:00,0.0,0.32161245
2024-09-27 05:00:00,0.0,0.19187218
2024-09-27 05:15:00,0.0,0.08354862
2024-09-27 05:30:00,0.0,0.21438277
2024-09-27 05:45:00,0.0,0.14635235
2024-09-27 06:00:00,0.0,0.14041997
2024-09-27 06:15:00,0.0,0.15457535
2024-09-27 06:30:00,0.0,0.023893975
2024-09-27 06:45:00,0.0,0.1828948
2024-09-27 07:00:00,0.0,0.2307742
2024-09-27 07:15:00,0.0,0.27356312
2024-09-27 07:30:00,0.0,0.24590234
2024-09-27 07:45:00,0.0,0.46090436
2024-09-27 08:00:00,0.0,0.45401517
2024-09-27 08:15:00,0.0,0.3155398
2024-09-27 08:30:00,0.0,0.35596678
2024-09-27 08:45:00,0.0,0.26513213
2024-09-27 09:00:00,0.0,0.26505294
2024-09-27 09:15:00,0.0,0.37228453
2024-09-27 09:30:00,0.0,0.27578062
2024-09-27 09:45:00,0.0,0.3516738
2024-09-27 10:00:00,0.0,0.3534022
2024-09-27 10:15:00,0.0,0.4086458
2024-09-27 10:30:00,0.0,0.48985255
2024-09-27 10:45:00,0.0,0.3603948
2024-09-27 11:00:00,0.0,0.25896043
2024-09-27 11:15:00,0.0,0.09558095
2024-09-27 11:30:00,0.0,0.36270386
2024-09-27 11:45:00,0.0,0.3685627
2024-09-27 12:00:00,0.0,0.28506422
2024-09-27 12:15:00,0.0,0.33560458
2024-09-27 12:30:00,0.4521466805,0.46140027
2024-09-27 12:45:00,0.0,0.41495183
2024-09-27 13:00:00,0.0,0.19633856
2024-09-27 13:15:00,0.0,0.16726969
2024-09-27 13:30:00,0.0,0.20796785
2024-09-27 13:45:00,0.0,0.08373369
2024-09-27 14:00:00,0.0,0.1697409
2024-09-27 14:15:00,0.0,0.17616917
2024-09-27 14:30:00,0.0,0.30540124
2024-09-27 14:45:00,0.0,0.43466192
2024-09-27 15:00:00,0.0,0.3629988
2024-09-27 15:15:00,0.0,0.25409722
2024-09-27 15:30:00,0.0,0.28790063
2024-09-27 15:45:00,0.0,0.26588768
2024-09-27 16:00:00,0.0,0.18830058
2024-09-27 16:15:00,0.0,0.23574732
2024-09-27 16:30:00,0.0,0.2575635
2024-09-27 16:45:00,0.0,0.2363998
2024-09-27 17:00:00,0.0,0.28477883
2024-09-27 17:15:00,0.0,0.22935799
2024-09-27 17:30:00,0.0,0.21056786
2024-09-27 17:45:00,0.0,0.08411678
2024-09-27 18:00:00,0.0,0.04178703
2024-09-27 18:15:00,0.0,0.025155826
2024-09-27 18:30:00,0.0,0.099760704
2024-09-27 18:45:00,0.0,0.1337516
2024-09-27 19:00:00,0.0,0.11297895
2024-09-27 19:15:00,0.0,0.15171836
2024-09-27 19:30:00,0.0,0.13318019
2024-09-27 19:45:00,0.0,0.039599765
2024-09-27 20:00:00,0.0,-0.062281672
2024-09-27 20:15:00,0.0,-0.12867714
2024-09-27 20:30:00,0.0,-0.16359517
2024-09-27 20:45:00,0.0,-0.28246808
2024-09-27 21:00:00,0.0,-0.22448702
2024-09-27 21:15:00,0.0,-0.006656952
2024-09-27 21:30:00,0.0,0.06396708
2024-09-27 21:45:00,0.0,0.28382456
2024-09-27 22:00:00,0.0,0.23361297
2024-09-27 22:15:00,0.0,0.12434307
2024-09-27 22:30:00,0.0,0.082995474
2024-09-27 22:45:00,0.0,-0.001687551
2024-09-27 23:00:00,0.0,-0.06180574
2024-09-27 23:15:00,0.0,0.15602994
2024-09-27 23:30:00,0.0,0.024961885
2024-09-27 23:45:00,0.0,-0.04954726
2024-09-28 00:00:00,0.0,-0.22316246
2024-09-28 00:15:00,0.0,-0.34473747
2024-09-28 00:30:00,0.0,-0.28256637
2024-09-28 00:45:00,0.0,-0.05693408
2024-09-28 01:00:00,0.0,0.0061156168
2024-09-28 01:15:00,0.0,0.04888781
2024-09-28 01:30:00,0.0,0.05079308
2024-09-28 01:45:00,0.0,0.050930277
2024-09-28 02:00:00,0.0,0.19093484
2024-09-28 02:15:00,0.0,0.22519825
2024-09-28 02:30:00,0.0,0.1597805
2024-09-28 02:45:00,0.0,0.2239866
2024-09-28 03:00:00,0.0,0.10957285
2024-09-28 03:15:00,0.0,0.072625816
2024-09-28 03:30:00,0.0,-0.0033109798
2024-09-28 03:45:00,0.0,-0.10640693
2024-09-28 04:00:00,0.0,-0.09127152
2024-09-28 04:15:00,0.0,0.052402213
2024-09-28 04:30:00,0.0,0.058515687
2024-09-28 04:45:00,0.0,-0.104228966
2024-09-28 05:00:00,0.0,0.0050876294
2024-09-28 05:15:00,0.0,0.19157746
2024-09-28 05:30:00,0.0,0.30959466
2024-09-28 05:45:00,0.0,0.18145014
2024-09-28 06:00:00,0.0,0.09607716
2024-09-28 06:15:00,0.0,0.057617217
2024-09-28 06:30:00,0.0,0.15560898
2024-09-28 06:45:00,0.0,0.14782518
2024-09-28 07:00:00,0.0,0.31333253
2024-09-28 07:15:00,0.0,0.37519547
2024-09-28 07:30:00,0.0,0.30262828
2024-09-28 07:45:00,0.0,0.34189895
2024-09-28 08:00:00,0.0,0.23520452
2024-09-28 08:15:00,0.0,0.21913603
2024-09-28 08:30:00,0.0,0.1536192
2024-09-28 08:45:00,0.0,0.10278359
2024-09-28 09:00:00,0.0,0.16211161
2024-09-28 09:15:00,0.0,0.20089178
2024-09-28 09:30:00,0.0,0.13972405
2024-09-28 09:45:00,0.0,0.14800702
2024-09-28 10:00:00,0.0,0.2823651
2024-09-28 10:15:00,0.0,0.22594285
2024-09-28 10:30:00,0.0,0.2461494
2024-09-28 10:45:00,0.0,0.24182421
2024-09-28 11:00:00,0.0,0.24734947
2024-09-28 11:15:00,0.0,0.25789204
2024-09-28 11:30:00,0.0,-0.015723929
2024-09-28 11:45:00,0.0,-0.36853117
2024-09-28 12:00:00,0.0,-0.2380895
2024-09-28 12:15:00,0.0,-0.098223634
2024-09-28 12:30:00,0.0,-0.1067649
2024-09-28 12:45:00,0.0,-0.09082697
2024-09-28 13:00:00,0.0,-0.056299224
2024-09-28 13:15:00,0.0,0.041268915
2024-09-28 13:30:00,0.0,0.09620066
2024-09-28 13:45:00,0.0,0.12813438
2024-09-28 14:00:00,0.0,0.22633581
2024-09-28 14:15:00,0.0,0.14561234
2024-09-28 14:30:00,0.0,0.08990378
2024-09-28 14:45:00,0.0,0.040516745
2024-09-28 15:00:00,0.0,0.045666054
2024-09-28 15:15:00,0.0,-0.061735827
2024-09-28 15:30:00,0.0,-0.05831896
2024-09-28 15:45:00,0.0,0.010262936
2024-09-28 16:00:00,0.0,-0.02016246
2024-09-28 16:15:00,0.0,-0.009490493
2024-09-28 16:30:00,0.0,-0.018924315
2024-09-28 16:45:00,0.0,-0.13378464
2024-09-28 17:00:00,0.0,0.085198276
2024-09-28 17:15:00,0.0,0.07100859
2024-09-28 17:30:00,0.0,0.023427036
2024-09-28 17:45:00,0.0,0.03963367
2024-09-28 18:00:00,0.0,-0.0034023055
2024-09-28 18:15:00,0.0,0.05683476
2024-09-28 18:30:00,0.0,-0.00820185
2024-09-28 18:45:00,0.0,-0.010526759
2024-09-28 19:00:00,0.0,-0.11385518
2024-09-28 19:15:00,0.0,0.0010740428
2024-09-28 19:30:00,0.0,0.057625532
2024-09-28 19:45:00,0.0,0.0175291
2024-09-28 20:00:00,0.0,-0.038899228
2024-09-28 20:15:00,0.0,-0.1429035
2024-09-28 20:30:00,0.0,-0.1836005
2024-09-28 20:45:00,0.0,-0.054452807
2024-09-28 21:00:00,0.0,-0.113947295
2024-09-28 21:15:00,0.0,-0.18481569
2024-09-28 21:30:00,0.0,-0.09243825
2024-09-28 21:45:00,0.0,-0.06960721
2024-09-28 22:00:00,0.0,-0.18812712
2024-09-28 22:15:00,0.0,-0.216121
2024-09-28 22:30:00,0.0,-0.13478233
2024-09-28 22:45:00,0.0,-0.23823023
2024-09-28 23:00:00,0.0,-0.31973815
2024-09-28 23:15:00,0.0,-0.17823061
2024-09-28 23:30:00,0.0,-0.15417935
2024-09-28 23:45:00,0.0,-0.17139491
2024-09-29 00:00:00,0.0,-0.40193754
2024-09-29 00:15:00,0.0,-0.3426872
2024-09-29 00:30:00,0.0,-0.03798108
2024-09-29 00:45:00,0.0,0.13757487
2024-09-29 01:00:00,0.0,0.14238904
2024-09-29 01:15:00,0.0,0.1450984
2024-09-29 01:30:00,0.0,0.16274747
2024-09-29 01:45:00,0.0,0.27887416
2024-09-29 02:00:00,0.0,0.46430275
2024-09-29 02:15:00,0.0,0.48394534
2024-09-29 02:30:00,0.0,0.2286556
2024-09-29 02:45:00,0.0,0.13890053
2024-09-29 03:00:00,0.0,0.068376
2024-09-29 03:15:00,0.0,0.1517467
2024-09-29 03:30:00,0.0,0.14111613
2024-09-29 03:45:00,0.0,0.23997359
2024-09-29 04:00:00,0.0,0.13801278
2024-09-29 04:15:00,0.0,0.18529952
2024-09-29 04:30:00,0.0,0.2665137
2024-09-29 04:45:00,0.0,0.33775628
2024-09-29 05:00:00,0.0,0.09658888
2024-09-29 05:15:00,0.0,0.3387311
2024-09-29 05:30:00,0.0,0.28822017
2024-09-29 05:45:00,0.0,0.22144288
2024-09-29 06:00:00,0.0,0.38060912
2024-09-29 06:15:00,0.0,0.30009246
2024-09-29 06:30:00,0.0,0.1574271
2024-09-29 06:45:00,0.0,0.120280564
2024-09-29 07:00:00,0.0,-0.018811729
2024-09-29 07:15:00,0.0,0.16507068
2024-09-29 07:30:00,0.0,0.20393515
2024-09-29 07:45:00,0.0,0.2813379
2024-09-29 08:00:00,0.0,0.2732411
2024-09-29 08:15:00,0.0,0.25696608
2024-09-29 08:30:00,0.0,0.15061091
2024-09-29 08:45:00,0.0,0.10803931
2024-09-29 09:00:00,0.0,0.15903063
2024-09-29 09:15:00,0.0,0.21324848
2024-09-29 09:30:00,0.0,0.2452819
2024-09-29 09:45:00,0.0,0.21959709
2024-09-29 10:00:00,0.0,0.18511567
2024-09-29 10:15:00,0.0,0.23785508
2024-09-29 10:30:00,0.0,0.12846532
2024-09-29 10:45:00,0.0,0.20955873
2024-09-29 11:00:00,0.0,0.25766677
2024-09-29 11:15:00,0.0,0.26349232
2024-09-29 11:30:00,0.0,0.15912868
2024-09-29 11:45:00,3.657430263,0.32947692
2024-09-29 12:00:00,0.0,0.37043205
2024-09-29 12:15:00,0.0,0.47432536
2024-09-29 12:30:00,0.0,0.38439867
2024-09-29 12:45:00,0.0,0.2313687
2024-09-29 13:00:00,0.0,-0.027649073
2024-09-29 13:15:00,0.0,0.09697262
2024-09-29 13:30:00,0.0,0.27475604
2024-09-29 13:45:00,0.0,0.35448712
2024-09-29 14:00:00,0.0,0.11759914
2024-09-29 14:15:00,0.0,-0.013193339
2024-09-29 14:30:00,0.0,-0.0012116192
2024-09-29 14:45:00,0.0,-0.13747597
2024-09-29 15:00:00,0.0,-0.1506167
2024-09-29 15:15:00,0.0,-0.18815263
2024-09-29 15:30:00,0.0,-0.078508586
2024-09-29 15:45:00,0.0,0.070149675
2024-09-29 16:00:00,0.0,0.22581883
2024-09-29 16:15:00,0.0,0.30541405
2024-09-29 16:30:00,0.0,0.28857183
2024-09-29 16:45:00,0.0,0.23011509
2024-09-29 17:00:00,0.0,0.13847134
2024-09-29 17:15:00,0.0,0.30032355
2024-09-29 17:30:00,0.0,0.27502418
2024-09-29 17:45:00,0.0,0.20388472
2024-09-29 18:00:00,0.0,0.2345292
2024-09-29 18:15:00,0.0,0.1924458
2024-09-29 18:30:00,0.0,0.24117176
2024-09-29 18:45:00,0.0,0.16672027
2024-09-29 19:00:00,0.0,-0.0046518524
2024-09-29 19:15:00,0.0,0.0022127347
2024-09-29 19:30:00,0.0,0.021937717
2024-09-29 19:45:00,0.0,-0.038699567
2024-09-29 20:00:00,0.0,-0.21019812
2024-09-29 20:15:00,0.0,-0.007812841
2024-09-29 20:30:00,0.0,0.08685252
2024-09-29 20:45:00,0.0,0.2660335
2024-09-29 21:00:00,0.0,0.30683625
2024-09-29 21:15:00,0.0,0.3408551
2024-09-29 21:30:00,0.0,0.24092695
2024-09-29 21:45:00,0.0,0.13933153
2024-09-29 22:00:00,0.0,0.13137269
2024-09-29 22:15:00,0.0,0.19525367
2024-09-29 22:30:00,0.0,0.10714156
2024-09-29 22:45:00,0.0,0.23973088
2024-09-29 23:00:00,0.0,0.12665386
2024-09-29 23:15:00,0.0,-0.043749005
2024-09-29 23:30:00,0.0,-0.21641067
2024-09-29 23:45:00,0.0,-0.09689804
2024-09-30 00:00:00,0.0,0.081086926
2024-09-30 00:15:00,0.0,0.13236038
2024-09-30 00:30:00,0.0,0.14879975
2024-09-30 00:45:00,0.0,0.1418149
2024-09-30 01:00:00,0.0,0.091103695
2024-09-30 01:15:00,0.0,0.12948401
2024-09-30 01:30:00,0.0,0.19609445
2024-09-30 01:45:00,0.0,0.33490708
2024-09-30 02:00:00,0.0,0.28858328
2024-09-30 02:15:00,0.0,0.2789838
2024-09-30 02:30:00,0.0,0.33131206
2024-09-30 02:45:00,0.0,0.31036544
2024-09-30 03:00:00,0.0,0.22425722
2024-09-30 03:15:00,0.0,0.34063587
2024-09-30 03:30:00,0.0,0.41058725
2024-09-30 03:45:00,0.0,0.47379905
2024-09-30 04:00:00,0.0,0.5388636
2024-09-30 04:15:00,0.0,0.5657337
2024-09-30 04:30:00,0.0,0.46709865
2024-09-30 04:45:00,0.0,0.38134733
2024-09-30 05:00:00,0.0,0.3154379
2024-09-30 05:15:00,0.0,0.26789978
2024-09-30 05:30:00,0.0,0.13705069
2024-09-30 05:45:00,0.0,0.26251253
2024-09-30 06:00:00,0.0,0.33700672
2024-09-30 06:15:00,0.0,0.41710445
2024-09-30 06:30:00,0.0,0.33851346
2024-09-30 06:45:00,0.0,0.1807674
2024-09-30 07:00:00,0.0,0.26819667
2024-09-30 07:15:00,0.0,0.5078839
2024-09-30 07:30:00,0.0,0.45049545
2024-09-30 07:45:00,0.0,0.50701207
2024-09-30 08:00:00,0.0,0.4066569
2024-09-30 08:15:00,0.0,0.4144748
2024-09-30 08:30:00,0.0,0.36363706
2024-09-30 08:45:00,0.0,0.37402862
2024-09-30 09:00:00,0.0,0.5592532
2024-09-30 09:15:00,0.0,0.69495124
2024-09-30 09:30:00,0.0,0.563424
2024-09-30 09:45:00,0.0,0.57900447
2024-09-30 10:00:00,0.0,0.48519695
2024-09-30 10:15:00,0.0,0.3903145
2024-09-30 10:30:00,0.0,0.3185189
2024-09-30 10:45:00,0.0,0.22942865
2024-09-30 11:00:00,0.7368792368,0.22131358
2024-09-30 11:15:00,0.0,0.39351422
2024-09-30 11:30:00,2.926246002,0.3975299
2024-09-30 11:45:00,0.0,0.43254176
2024-09-30 12:00:00,0.0,0.18533203
2024-09-30 12:15:00,0.0,0.13631745
2024-09-30 12:30:00,0.0,-0.07475844
2024-09-30 12:45:00,1.599927923,0.06775877
2024-09-30 13:00:00,0.0,0.3097851
2024-09-30 13:15:00,0.0,0.092099436
2024-09-30 13:30:00,0.0,-0.036041453
2024-09-30 13:45:00,0.0,-0.15586226
2024-09-30 14:00:00,0.0,-0.27089098
2024-09-30 14:15:00,0.0,-0.18603438
2024-09-30 14:30:00,0.0,-0.06482558
2024-09-30 14:45:00,0.0,0.012152102
2024-09-30 15:00:00,1.3598309810000002,-0.01383243
2024-09-30 15:15:00,0.0,-0.08444009
2024-09-30 15:30:00,0.0,-0.20043689
2024-09-30 15:45:00,0.0,-0.0048082387
2024-09-30 16:00:00,0.0,0.05668887
2024-09-30 16:15:00,0.0,0.032797903
2024-09-30 16:30:00,0.0,0.1788244
2024-09-30 16:45:00,2.9829814319999994,0.14617896
2024-09-30 17:00:00,0.0,0.03885798
2024-09-30 17:15:00,0.0,-0.027828507
2024-09-30 17:30:00,0.0,0.02208334
2024-09-30 17:45:00,0.0,-0.4305453
2024-09-30 18:00:00,0.0,-0.2537501
2024-09-30 18:15:00,0.0,0.12265104
2024-09-30 18:30:00,0.0,0.07727804
2024-09-30 18:45:00,0.0,0.0828652
2024-09-30 19:00:00,0.0,0.08863181
2024-09-30 19:15:00,0.0,0.023368409
2024-09-30 19:30:00,0.0,-0.028560655
2024-09-30 19:45:00,0.0,0.0960775
2024-09-30 20:00:00,0.0,0.2379773
2024-09-30 20:15:00,0.0,0.29070887
2024-09-30 20:30:00,0.0,0.20986111
2024-09-30 20:45:00,0.0,0.14466552
2024-09-30 21:00:00,0.0,0.17548174
2024-09-30 21:15:00,1.21716704,0.07941635
2024-09-30 21:30:00,0.0,0.009062721
2024-09-30 21:45:00,0.0,0.092053376
2024-09-30 22:00:00,0.0,0.17514661
2024-09-30 22:15:00,0.0,-0.0583307
2024-09-30 22:30:00,0.0,-0.11641516
2024-09-30 22:45:00,0.0,-0.04104483
2024-09-30 23:00:00,0.0,0.002091268
2024-09-30 23:15:00,0.0,0.03704276
2024-09-30 23:30:00,0.0,0.05247194
2024-09-30 23:45:00,0.0,0.0021748045
2024-10-01 00:00:00,0.0,0.03808373
2024-10-01 00:15:00,0.0,-0.041144475
2024-10-01 00:30:00,0.0,-0.011196969
2024-10-01 00:45:00,0.0,-0.03158001
2024-10-01 01:00:00,0.0,0.05753562
2024-10-01 01:15:00,0.0,-0.01870727
2024-10-01 01:30:00,0.0,-0.03430751
2024-10-01 01:45:00,0.0,0.034794837
2024-10-01 02:00:00,0.0,0.061857216
2024-10-01 02:15:00,0.0,0.041586332
2024-10-01 02:30:00,0.0,0.08956422
2024-10-01 02:45:00,0.0,0.1437968
2024-10-01 03:00:00,0.0,0.2841317
2024-10-01 03:15:00,0.0,0.12983893
2024-10-01 03:30:00,0.0,0.14391136
2024-10-01 03:45:00,0.0,0.19172023
2024-10-01 04:00:00,0.0,0.13477865
2024-10-01 04:15:00,0.0,0.056169026
2024-10-01 04:30:00,0.0,0.06003695
2024-10-01 04:45:00,0.0,0.12972867
2024-10-01 05:00:00,0.0,0.2088134
2024-10-01 05:15:00,0.0,0.21384826
2024-10-01 05:30:00,0.0,0.16305448
2024-10-01 05:45:00,0.0,0.24657966
2024-10-01 06:00:00,0.0,0.14337063
2024-10-01 06:15:00,0.0,0.08487649
2024-10-01 06:30:00,0.0,0.19680484
2024-10-01 06:45:00,0.0,0.158372
2024-10-01 07:00:00,0.0,0.20339784
2024-10-01 07:15:00,0.0,0.24457431
2024-10-01 07:30:00,0.0,0.29202604
2024-10-01 07:45:00,0.0,0.23105972
2024-10-01 08:00:00,0.0,0.22709708
2024-10-01 08:15:00,0.0,0.14634189
2024-10-01 08:30:00,0.0,0.17617516
2024-10-01 08:45:00,0.0,0.15687568
2024-10-01 09:00:00,0.0,0.0466712
2024-10-01 09:15:00,0.0,0.10431577
2024-10-01 09:30:00,0.0,0.27365977
2024-10-01 09:45:00,0.0,0.3825595
2024-10-01 10:00:00,0.0,0.29163644
2024-10-01 10:15:00,0.0,0.16804616
2024-10-01 10:30:00,0.0,0.09202372
2024-10-01 10:45:00,0.0,0.16454487
2024-10-01 11:00:00,0.0,0.14557877
2024-10-01 11:15:00,0.0,0.21083872
2024-10-01 11:30:00,0.0,0.24848929
2024-10-01 11:45:00,0.0,0.3969231
2024-10-01 12:00:00,0.0,0.25206304
2024-10-01 12:15:00,0.0,0.013697488
2024-10-01 12:30:00,0.0,0.22776553
2024-10-01 12:45:00,0.0,0.1582684
2024-10-01 13:00:00,0.0,0.16139945
2024-10-01 13:15:00,0.0,-0.026929285
2024-10-01 13:30:00,0.0,-0.05863151
2024-10-01 13:45:00,0.0,-0.048574924
2024-10-01 14:00:00,0.0,-0.0010885346
2024-10-01 14:15:00,0.0,-0.008128096
2024-10-01 14:30:00,0.0,0.03541199
2024-10-01 14:45:00,0.0,-0.05882221
2024-10-01 15:00:00,0.0,0.003817236
2024-10-01 15:15:00,0.6268903787,-0.048435096
2024-10-01 15:30:00,0.0,-0.019494582
2024-10-01 15:45:00,0.0,0.026291959
2024-10-01 16:00:00,0.0,-0.07120545
2024-10-01 16:15:00,0.0,-0.18871003
2024-10-01 16:30:00,0.0,-0.15657939
2024-10-01 16:45:00,0.0,0.09560994
2024-10-01 17:00:00,0.0,0.1812565
2024-10-01 17:15:00,0.0,-0.1668531
2024-10-01 17:30:00,0.0,-0.17669068
2024-10-01 17:45:00,0.0,-0.337894
2024-10-01 18:00:00,0.0,-0.17402376
2024-10-01 18:15:00,0.0,-0.06186369
2024-10-01 18:30:00,0.0,-0.20731562
2024-10-01 18:45:00,0.0,-0.1235188
2024-10-01 19:00:00,0.0,0.14115262
2024-10-01 19:15:00,0.0,0.03984949
2024-10-01 19:30:00,0.0,-0.13429229
2024-10-01 19:45:00,0.0,-0.076960154
2024-10-01 20:00:00,0.0,0.038969215
2024-10-01 20:15:00,0.0,-0.0408381
2024-10-01 20:30:00,0.0,-0.17860456
2024-10-01 20:45:00,0.0,-0.1621398
2024-10-01 21:00:00,0.0,-0.08203044
2024-10-01 21:15:00,0.0,-0.15753826
2024-10-01 21:30:00,0.0,-0.24528244
2024-10-01 21:45:00,0.0,-0.33778897
2024-10-01 22:00:00,0.0,-0.23917887
2024-10-01 22:15:00,0.0,-0.09856418
2024-10-01 22:30:00,0.0,-0.111988254
2024-10-01 22:45:00,0.0,-0.20520878
2024-10-01 23:00:00,0.0,-0.03495407
2024-10-01 23:15:00,0.0,-0.15615562
2024-10-01 23:30:00,0.0,-0.26286793
2024-10-01 23:45:00,0.0,-0.3599094
2024-10-02 00:00:00,3.1452015480000006,-0.14218593
2024-10-02 00:15:00,0.0,-0.1108762
2024-10-02 00:30:00,0.0,0.009954604
2024-10-02 00:45:00,0.0,0.37303656
2024-10-02 01:00:00,0.0,-0.18627584
2024-10-02 01:15:00,0.0,-0.13633393
2024-10-02 01:30:00,4.767615022,0.47071066
2024-10-02 01:45:00,0.0,0.45665044
2024-10-02 02:00:00,0.0,0.40788504
2024-10-02 02:15:00,0.0,0.118046604
2024-10-02 02:30:00,0.0,-0.38039464
2024-10-02 02:45:00,0.0,-0.42907393
2024-10-02 03:00:00,0.0,0.0735846
2024-10-02 03:15:00,0.0,0.22561736
2024-10-02 03:30:00,0.0,0.13983907
2024-10-02 03:45:00,0.0,0.120365605
2024-10-02 04:00:00,4.269087892,0.26788023
2024-10-02 04:15:00,0.0,0.06515329
2024-10-02 04:30:00,0.0,-0.21857426
2024-10-02 04:45:00,0.0,-0.15922773
2024-10-02 05:00:00,0.0,-0.47285318
2024-10-02 05:15:00,0.0,-0.41907004
2024-10-02 05:30:00,0.0,0.06145361
2024-10-02 05:45:00,0.0,0.24157944
2024-10-02 06:00:00,8.42359036,0.36279237
2024-10-02 06:15:00,0.0,0.42380407
2024-10-02 06:30:00,0.0,0.5677685
2024-10-02 06:45:00,0.0,0.32181963
2024-10-02 07:00:00,0.0,0.08768781
2024-10-02 07:15:00,0.0,0.124799356
2024-10-02 07:30:00,0.0,0.37793112
2024-10-02 07:45:00,0.0,0.3435273
2024-10-02 08:00:00,0.0,0.15718274
2024-10-02 08:15:00,0.0,-0.4205937
2024-10-02 08:30:00,0.0,-0.20574826
2024-10-02 08:45:00,0.0,0.038448315
2024-10-02 09:00:00,0.0,0.26398563
2024-10-02 09:15:00,0.0,0.42346472
2024-10-02 09:30:00,0.0,0.4624585
2024-10-02 09:45:00,0.0,0.4596162
2024-10-02 10:00:00,0.0,0.4267955
2024-10-02 10:15:00,0.0,0.3792589
2024-10-02 10:30:00,0.0,0.2630177
2024-10-02 10:45:00,0.0,0.22614281
2024-10-02 11:00:00,0.0,0.4460055
2024-10-02 11:15:00,0.0,0.4863879
2024-10-02 11:30:00,0.0,0.3852335
2024-10-02 11:45:00,0.0,0.33793518
2024-10-02 12:00:00,0.0,0.2685503
2024-10-02 12:15:00,0.0,0.38575795
2024-10-02 12:30:00,0.0,0.08551484
2024-10-02 12:45:00,0.0,0.27017146
2024-10-02 13:00:00,0.0,0.4598425
2024-10-02 13:15:00,0.0,0.27185825
2024-10-02 13:30:00,0.0,0.38166583
2024-10-02 13:45:00,0.0,0.47164094
2024-10-02 14:00:00,0.0,0.47058356
2024-10-02 14:15:00,0.0,0.57552385
2024-10-02 14:30:00,0.0,0.60812366
2024-10-02 14:45:00,0.0,0.53215927
2024-10-02 15:00:00,0.0,0.38179442
2024-10-02 15:15:00,0.0,0.5724138
2024-10-02 15:30:00,0.0,0.46069038
2024-10-02 15:45:00,0.0,0.42104158
2024-10-02 16:00:00,0.0,0.5638509
2024-10-02 16:15:00,0.0,0.5216304
2024-10-02 16:30:00,0.0,0.6030342
2024-10-02 16:45:00,0.9192876118,0.57223564
2024-10-02 17:00:00,0.0,0.44995183
2024-10-02 17:15:00,0.0,0.26819542
2024-10-02 17:30:00,0.0,0.24703139
2024-10-02 17:45:00,0.0,0.38952482
2024-10-02 18:00:00,0.0,0.5769957
2024-10-02 18:15:00,0.0,0.6398553
2024-10-02 18:30:00,0.0,0.749987
2024-10-02 18:45:00,0.0,0.5966366
2024-10-02 19:00:00,0.0,0.55906683
2024-10-02 19:15:00,0.0,0.5460535
2024-10-02 19:30:00,0.0,0.470445
2024-10-02 19:45:00,0.0,0.40799928
2024-10-02 20:00:00,0.0,0.42712128
2024-10-02 20:15:00,0.0,0.28825703
2024-10-02 20:30:00,0.0,0.343242
2024-10-02 20:45:00,0.0,0.3594829
2024-10-02 21:00:00,0.0,0.3283549
2024-10-02 21:15:00,0.0,0.37660718
2024-10-02 21:30:00,0.0,0.34229428
2024-10-02 21:45:00,0.0,0.36785254
2024-10-02 22:00:00,0.0,0.35264778
2024-10-02 22:15:00,0.0,0.37062168
2024-10-02 22:30:00,0.0,0.37426057
2024-10-02 22:45:00,0.0,0.26531443
2024-10-02 23:00:00,0.0,0.2600628
2024-10-02 23:15:00,0.0,0.20610084
2024-10-02 23:30:00,0.0,0.2981192
2024-10-02 23:45:00,0.0,0.35452008
2024-10-03 00:00:00,0.0,0.2671057
2024-10-03 00:15:00,0.0,0.35473013
2024-10-03 00:30:00,0.0,0.35627934
2024-10-03 00:45:00,0.0,0.3216342
2024-10-03 01:00:00,0.0,0.3122603
2024-10-03 01:15:00,0.0,0.41202778
2024-10-03 01:30:00,0.0,0.45514297
2024-10-03 01:45:00,0.0,0.37449184
2024-10-03 02:00:00,0.0,0.1679286
2024-10-03 02:15:00,0.0,0.2320648
2024-10-03 02:30:00,0.0,0.21488492
2024-10-03 02:45:00,0.0,0.27565253
2024-10-03 03:00:00,0.0,0.32913107
2024-10-03 03:15:00,0.0,0.44851828
2024-10-03 03:30:00,0.0,0.36594284
2024-10-03 03:45:00,0.0,0.35263494
2024-10-03 04:00:00,0.0,0.31140462
2024-10-03 04:15:00,0.0,0.15063341
2024-10-03 04:30:00,0.0,-0.058886405
2024-10-03 04:45:00,0.0,0.09059032
2024-10-03 05:00:00,0.0,0.13319838
2024-10-03 05:15:00,0.0,0.25545913
2024-10-03 05:30:00,0.0,0.3133644
2024-10-03 05:45:00,0.0,0.29310325
2024-10-03 06:00:00,0.0,0.29340747
2024-10-03 06:15:00,0.0,0.22488773
2024-10-03 06:30:00,0.0,-0.0055572065
2024-10-03 06:45:00,0.0,-0.013098965
2024-10-03 07:00:00,0.0,0.080633424
2024-10-03 07:15:00,0.0,0.087433435
2024-10-03 07:30:00,0.0,0.13145277
2024-10-03 07:45:00,0.0,0.16292876
2024-10-03 08:00:00,0.0,0.08386493
2024-10-03 08:15:00,0.0,0.09120966
2024-10-03 08:30:00,0.0,0.23135623
2024-10-03 08:45:00,0.0,0.19238634
2024-10-03 09:00:00,0.0,0.0768912
2024-10-03 09:15:00,0.0,0.11147155
2024-10-03 09:30:00,0.0,0.17306483
2024-10-03 09:45:00,0.0,0.20904486
2024-10-03 10:00:00,0.0,0.14230163
2024-10-03 10:15:00,0.0,0.18856813
2024-10-03 10:30:00,0.0,0.22313061
2024-10-03 10:45:00,0.0,0.07302066
2024-10-03 11:00:00,0.0,0.015123892
2024-10-03 11:15:00,0.0,0.061011843
2024-10-03 11:30:00,0.0,0.011659425
2024-10-03 11:45:00,0.0,0.07838456
2024-10-03 12:00:00,0.0,0.13832706
2024-10-03 12:15:00,0.0,0.23979424
2024-10-03 12:30:00,0.0,0.122561336
2024-10-03 12:45:00,0.0,0.08812905
2024-10-03 13:00:00,0.0,0.10277889
2024-10-03 13:15:00,0.0,0.08630103
2024-10-03 13:30:00,0.0,-0.008998117
2024-10-03 13:45:00,3.200293604,-0.118930735
2024-10-03 14:00:00,4.141473508,-0.031784333
2024-10-03 14:15:00,0.0,-0.23608184
2024-10-03 14:30:00,0.0,0.040298272
2024-10-03 14:45:00,0.0,-0.47560763
2024-10-03 15:00:00,0.0,-0.56751424
2024-10-03 15:15:00,0.0,-0.21169981
2024-10-03 15:30:00,0.0,0.35384947
2024-10-03 15:45:00,0.0,0.24175276
2024-10-03 16:00:00,0.0,0.052625466
2024-10-03 16:15:00,0.0,0.018785158
2024-10-03 16:30:00,0.0,-0.34473097
2024-10-03 16:45:00,0.0,-0.11139748
2024-10-03 17:00:00,0.0,0.13300158
2024-10-03 17:15:00,0.0,0.090960935
2024-10-03 17:30:00,0.0,-0.12528966
2024-10-03 17:45:00,0.0,-0.06695335
2024-10-03 18:00:00,0.0,-0.012735357
2024-10-03 18:15:00,0.0,0.016561095
2024-10-03 18:30:00,0.0,-0.06766315
2024-10-03 18:45:00,0.0,-0.075786956
2024-10-03 19:00:00,0.0,-0.013261975
2024-10-03 19:15:00,0.0,-0.18389724
2024-10-03 19:30:00,0.0,-0.18992601
2024-10-03 19:45:00,0.0,-0.05569622
2024-10-03 20:00:00,0.0,0.13133612
2024-10-03 20:15:00,0.0,0.103378356
2024-10-03 20:30:00,0.0,0.148906
2024-10-03 20:45:00,0.0,0.42354256
2024-10-03 21:00:00,0.0,0.25850752
2024-10-03 21:15:00,0.0,0.12347579
2024-10-03 21:30:00,0.0,0.101779126
2024-10-03 21:45:00,0.0,0.2611457
2024-10-03 22:00:00,0.0,0.14175244
2024-10-03 22:15:00,0.0,-0.009840142
2024-10-03 22:30:00,0.0,-0.015979165
2024-10-03 22:45:00,0.0,0.027438853
2024-10-03 23:00:00,0.0,0.03408177
2024-10-03 23:15:00,0.0,-0.036133945
2024-10-03 23:30:00,0.0,-0.09083314
2024-10-03 23:45:00,0.0,-0.1105214
2024-10-04 00:00:00,0.0,-0.1240534
2024-10-04 00:15:00,0.0,-0.0048238924
2024-10-04 00:30:00,0.0,0.2576888
2024-10-04 00:45:00,0.0,0.345995
2024-10-04 01:00:00,0.0,0.3725395
2024-10-04 01:15:00,0.0,0.40715867
2024-10-04 01:30:00,0.0,0.23676258
2024-10-04 01:45:00,0.0,0.2696795
2024-10-04 02:00:00,0.0,-0.09163404
2024-10-04 02:15:00,0.0,0.1373837
2024-10-04 02:30:00,0.0,0.50489116
2024-10-04 02:45:00,0.0,0.5434685
2024-10-04 03:00:00,0.0,0.29103762
2024-10-04 03:15:00,0.0,0.14751141
2024-10-04 03:30:00,0.0,0.09228913
2024-10-04 03:45:00,0.0,0.15159506
2024-10-04 04:00:00,0.0,0.2684318
2024-10-04 04:15:00,0.0,0.2525899
2024-10-04 04:30:00,0.0,0.061064977
2024-10-04 04:45:00,0.0,0.18095055
2024-10-04 05:00:00,0.0,0.19334355
2024-10-04 05:15:00,0.0,0.34659418
2024-10-04 05:30:00,0.0,0.3223706
2024-10-04 05:45:00,0.0,0.2698049
2024-10-04 06:00:00,0.0,0.4057983
2024-10-04 06:15:00,0.0,0.36472455
2024-10-04 06:30:00,0.0,-0.029409414
2024-10-04 06:45:00,9.08502048,0.11750512
2024-10-04 07:00:00,0.0,0.39664975
2024-10-04 07:15:00,0.0,0.19370803
2024-10-04 07:30:00,0.0,0.16800153
2024-10-04 07:45:00,0.0,-0.25538892
2024-10-04 08:00:00,0.0,0.28152874
2024-10-04 08:15:00,0.0,0.5609346
2024-10-04 08:30:00,0.0,0.5833638
2024-10-04 08:45:00,0.0,0.15646373
2024-10-04 09:00:00,0.0,-0.13463528
2024-10-04 09:15:00,0.0,0.45271775
2024-10-04 09:30:00,0.0,0.4680007
2024-10-04 09:45:00,0.0,0.4281923
2024-10-04 10:00:00,0.0,0.45846447
2024-10-04 10:15:00,0.0,0.30839553
2024-10-04 10:30:00,0.0,0.24642693
2024-10-04 10:45:00,0.0,0.16524076
2024-10-04 11:00:00,0.0,0.12375252
2024-10-04 11:15:00,0.0,0.23193185
2024-10-04 11:30:00,0.0,0.21913294
2024-10-04 11:45:00,0.0,-0.03381329
2024-10-04 12:00:00,0.0,0.014367096
2024-10-04 12:15:00,0.0,0.21876772
2024-10-04 12:30:00,0.0,0.17874989
2024-10-04 12:45:00,0.0,0.39258102
2024-10-04 13:00:00,0.0,0.32697245
2024-10-04 13:15:00,0.0,-0.09949843
2024-10-04 13:30:00,0.0,0.111855045
2024-10-04 13:45:00,0.0,0.4917419
2024-10-04 14:00:00,0.0,0.44490394
2024-10-04 14:15:00,0.0,0.22201695
2024-10-04 14:30:00,0.0,-0.08174453
2024-10-04 14:45:00,0.0,0.14971624
2024-10-04 15:00:00,0.0,0.34846625
2024-10-04 15:15:00,0.0,0.49784294
2024-10-04 15:30:00,0.0,0.39662883
2024-10-04 15:45:00,0.0,0.40363336
2024-10-04 16:00:00,0.0,0.3892437
2024-10-04 16:15:00,0.0,0.32030335
2024-10-04 16:30:00,0.0,0.43768787
2024-10-04 16:45:00,0.0,0.33776975
2024-10-04 17:00:00,0.0,0.43654782
2024-10-04 17:15:00,0.0,0.36431363
2024-10-04 17:30:00,0.0,0.36385584
2024-10-04 17:45:00,4.808038099,0.46234116
2024-10-04 18:00:00,0.0,0.046849146
2024-10-04 18:15:00,0.0,-0.01817655
2024-10-04 18:30:00,0.0,-0.099713445
2024-10-04 18:45:00,0.0,-0.3676742
2024-10-04 19:00:00,0.0,0.12451059
2024-10-04 19:15:00,0.0,0.40810284
2024-10-04 19:30:00,0.0,0.68504274
2024-10-04 19:45:00,0.0,0.373041
2024-10-04 20:00:00,0.0,0.29553825
2024-10-04 20:15:00,0.0,0.30584553
2024-10-04 20:30:00,0.0,0.11312104
2024-10-04 20:45:00,0.0,0.023323141
2024-10-04 21:00:00,0.0,0.15095258
2024-10-04 21:15:00,0.0,0.16017786
2024-10-04 21:30:00,0.0,0.1458543
2024-10-04 21:45:00,0.0,0.16546519
2024-10-04 22:00:00,0.0,0.20045325
2024-10-04 22:15:00,0.0,0.011027408
2024-10-04 22:30:00,0.0,0.23855941
2024-10-04 22:45:00,0.0,0.20386274
2024-10-04 23:00:00,0.0,0.14655104
2024-10-04 23:15:00,0.0,0.18222696
2024-10-04 23:30:00,0.0,0.1331521
2024-10-04 23:45:00,0.0,0.04532039
2024-10-05 00:00:00,0.0,0.101436324
2024-10-05 00:15:00,0.0,0.3932345
2024-10-05 00:30:00,0.0,0.39725634
2024-10-05 00:45:00,0.0,0.45304844
2024-10-05 01:00:00,0.0,0.3667246
2024-10-05 01:15:00,0.0,0.43760267
2024-10-05 01:30:00,0.0,0.28048447
2024-10-05 01:45:00,0.0,0.35180897
2024-10-05 02:00:00,0.0,0.2581119
2024-10-05 02:15:00,0.0,0.332271
2024-10-05 02:30:00,0.0,0.19768903
2024-10-05 02:45:00,0.0,0.31985128
2024-10-05 03:00:00,0.0,0.30689657
2024-10-05 03:15:00,0.0,0.35272133
2024-10-05 03:30:00,0.0,0.42492774
2024-10-05 03:45:00,0.0,0.38310355
2024-10-05 04:00:00,0.0,0.30110487
2024-10-05 04:15:00,0.0,0.5024189
2024-10-05 04:30:00,0.0,0.43266562
2024-10-05 04:45:00,0.0,0.330697
2024-10-05 05:00:00,0.0,0.36761394
2024-10-05 05:15:00,0.0,0.44570905
2024-10-05 05:30:00,0.0,0.51665765
2024-10-05 05:45:00,0.0,0.44465086
2024-10-05 06:00:00,0.0,0.33134925
2024-10-05 06:15:00,0.0,0.34453607
2024-10-05 06:30:00,0.0,0.2781319
2024-10-05 06:45:00,0.0,0.23540331
2024-10-05 07:00:00,0.0,0.24105617
2024-10-05 07:15:00,0.0,-0.04453688
2024-10-05 07:30:00,0.0,-0.07933522
2024-10-05 07:45:00,0.0,0.14256206
2024-10-05 08:00:00,0.0,0.2971572
2024-10-05 08:15:00,0.0,0.31950572
2024-10-05 08:30:00,0.0,0.22980234
2024-10-05 08:45:00,0.0,0.41270566
2024-10-05 09:00:00,0.0,0.44971323
2024-10-05 09:15:00,0.0,0.40015653
2024-10-05 09:30:00,0.0,0.5338532
2024-10-05 09:45:00,0.0,0.44881362
2024-10-05 10:00:00,0.0,0.42830932
2024-10-05 10:15:00,0.0,0.2805263
2024-10-05 10:30:00,0.0,0.26316127
2024-10-05 10:45:00,0.0,0.32852143
2024-10-05 11:00:00,0.0,0.42699748
2024-10-05 11:15:00,0.0,0.6310713
2024-10-05 11:30:00,0.0,0.49281487
2024-10-05 11:45:00,0.0,0.36945385
2024-10-05 12:00:00,0.0,0.2903109
2024-10-05 12:15:00,0.0,0.2710688
2024-10-05 12:30:00,0.0,0.19695956
2024-10-05 12:45:00,0.0,0.13409884
2024-10-05 13:00:00,0.0,0.12640958
2024-10-05 13:15:00,0.0,0.22903287
2024-10-05 13:30:00,0.0,0.2500021
2024-10-05 13:45:00,0.0,0.25965297
2024-10-05 14:00:00,0.0,0.23191483
2024-10-05 14:15:00,0.0,0.15114294
2024-10-05 14:30:00,0.0,0.0075026224
2024-10-05 14:45:00,0.0,0.33359164
2024-10-05 15:00:00,0.0,0.5124625
2024-10-05 15:15:00,0.0,0.4732196
2024-10-05 15:30:00,0.0,0.45967415
2024-10-05 15:45:00,0.0,0.45811042
2024-10-05 16:00:00,0.0,0.37022418
2024-10-05 16:15:00,0.0,0.2825389
2024-10-05 16:30:00,0.0,0.24224111
2024-10-05 16:45:00,0.0,0.19781606
2024-10-05 17:00:00,0.0,0.18204893
2024-10-05 17:15:00,0.0,0.149369
2024-10-05 17:30:00,0.0,0.19231525
2024-10-05 17:45:00,0.0,0.26535368
2024-10-05 18:00:00,0.0,0.26862225
2024-10-05 18:15:00,0.0,-0.23152947
2024-10-05 18:30:00,0.0,-0.065151036
2024-10-05 18:45:00,0.0,-0.031515513
2024-10-05 19:00:00,0.0,0.012014831
2024-10-05 19:15:00,0.0,0.030521875
2024-10-05 19:30:00,0.0,0.003559402
2024-10-05 19:45:00,0.0,0.062481333
2024-10-05 20:00:00,0.0,0.04050523
2024-10-05 20:15:00,0.0,-0.0038601754
2024-10-05 20:30:00,0.0,0.016787075
2024-10-05 20:45:00,0.0,-0.09384798
2024-10-05 21:00:00,0.0,0.032298416
2024-10-05 21:15:00,0.0,0.06422318
2024-10-05 21:30:00,0.0,0.03533809
2024-10-05 21:45:00,0.0,-0.0030430611
2024-10-05 22:00:00,0.0,-0.08284962
2024-10-05 22:15:00,0.0,-0.09689435
2024-10-05 22:30:00,0.0,-0.1595703
2024-10-05 22:45:00,0.0,-0.3784112
2024-10-05 23:00:00,0.0,-0.2565893
2024-10-05 23:15:00,0.0,-0.3056521
2024-10-05 23:30:00,0.0,-0.3241041
2024-10-05 23:45:00,0.0,-0.33603
2024-10-06 00:00:00,0.0,-0.3689171
2024-10-06 00:15:00,0.0,-0.31725404
2024-10-06 00:30:00,0.0,-0.24041836
2024-10-06 00:45:00,0.0,-0.21435906
2024-10-06 01:00:00,0.0,-0.042264614
2024-10-06 01:15:00,0.0,-0.035112392
2024-10-06 01:30:00,0.0,0.3309921
2024-10-06 01:45:00,0.0,0.26121312
2024-10-06 02:00:00,0.0,0.30302423
2024-10-06 02:15:00,0.0,0.23841822
2024-10-06 02:30:00,0.0,0.11545803
2024-10-06 02:45:00,0.0,0.16830498
2024-10-06 03:00:00,0.0,0.02927658
2024-10-06 03:15:00,0.0,-0.0031787516
2024-10-06 03:30:00,0.0,0.110892124
2024-10-06 03:45:00,0.0,0.100744925
2024-10-06 04:00:00,0.0,0.021695536
2024-10-06 04:15:00,0.0,0.09308441
2024-10-06 04:30:00,0.0,0.07047479
2024-10-06 04:45:00,0.0,0.11815738
2024-10-06 05:00:00,0.0,0.18788366
2024-10-06 05:15:00,0.0,0.17091508
2024-10-06 05:30:00,0.0,0.14424168
2024-10-06 05:45:00,0.0,0.18653473
2024-10-06 06:00:00,1.477662006,0.1515408
2024-10-06 06:15:00,0.0,0.124482594
2024-10-06 06:30:00,0.0,0.3008866
2024-10-06 06:45:00,0.0,0.2297622
2024-10-06 07:00:00,0.0,-0.1026327
2024-10-06 07:15:00,0.0,0.068275526
2024-10-06 07:30:00,0.0,0.61518866
2024-10-06 07:45:00,0.0,0.711807
2024-10-06 08:00:00,0.0,0.6825174
2024-10-06 08:15:00,0.0,0.51092803
2024-10-06 08:30:00,0.0,0.502923
2024-10-06 08:45:00,0.0,0.46757263
2024-10-06 09:00:00,0.0,0.27441835
2024-10-06 09:15:00,0.0,0.18273547
2024-10-06 09:30:00,0.0,0.17434414
2024-10-06 09:45:00,0.0,0.22204885
2024-10-06 10:00:00,0.0,0.2088087
2024-10-06 10:15:00,0.0,0.2812554
2024-10-06 10:30:00,0.0,0.31127116
2024-10-06 10:45:00,0.0,0.20934258
2024-10-06 11:00:00,0.0,0.13024066
2024-10-06 11:15:00,0.0,0.18237206
2024-10-06 11:30:00,0.0,0.28609383
2024-10-06 11:45:00,0.0,0.33179313
2024-10-06 12:00:00,0.0,0.38908273
2024-10-06 12:15:00,0.0,0.4055354
2024-10-06 12:30:00,0.0,0.19774607
2024-10-06 12:45:00,0.0,0.14996895
2024-10-06 13:00:00,0.0,0.21454036
2024-10-06 13:15:00,0.0,0.21202478
2024-10-06 13:30:00,0.0,0.1979607
2024-10-06 13:45:00,0.0,0.23973675
2024-10-06 14:00:00,0.0,0.29235566
2024-10-06 14:15:00,0.0,0.35723728
2024-10-06 14:30:00,0.0,0.283934
2024-10-06 14:45:00,0.0,0.13516359
2024-10-06 15:00:00,0.0,0.18648446
2024-10-06 15:15:00,0.0,0.26670817
2024-10-06 15:30:00,0.0,0.28130054
2024-10-06 15:45:00,0.0,0.19772936
2024-10-06 16:00:00,0.0,-0.11747084
2024-10-06 16:15:00,0.0,0.044136584
2024-10-06 16:30:00,0.0,0.13980009
2024-10-06 16:45:00,0.0,0.14510074
2024-10-06 17:00:00,0.0,0.18396768
2024-10-06 17:15:00,0.0,0.073121764
2024-10-06 17:30:00,0.0,0.09465339
2024-10-06 17:45:00,0.0,0.25661862
2024-10-06 18:00:00,0.0,0.19201683
2024-10-06 18:15:00,0.0,0.095452785
2024-10-06 18:30:00,0.0,0.18450262
2024-10-06 18:45:00,0.0,0.29165116
2024-10-06 19:00:00,0.0,0.19169036
2024-10-06 19:15:00,0.0,0.2648557
2024-10-06 19:30:00,0.0,0.20898429
2024-10-06 19:45:00,0.0,0.20074187
2024-10-06 20:00:00,1.8909124379999998,0.12934713
2024-10-06 20:15:00,0.0,0.13246146
2024-10-06 20:30:00,0.0,0.062435728
2024-10-06 20:45:00,0.0,-0.081300355
2024-10-06 21:00:00,0.0,-0.20349014
2024-10-06 21:15:00,0.0,0.028396662
2024-10-06 21:30:00,0.0,0.3025137
2024-10-06 21:45:00,0.0,0.29851153
2024-10-06 22:00:00,0.0,0.2513243
2024-10-06 22:15:00,0.0,0.09308321
2024-10-06 22:30:00,0.0,0.18641101
2024-10-06 22:45:00,0.0,-0.05872543
2024-10-06 23:00:00,0.0,-0.15073629
2024-10-06 23:15:00,0.0,-0.13004996
2024-10-06 23:30:00,0.0,-0.08134732
2024-10-06 23:45:00,0.0,-0.015134695
2024-10-07 00:00:00,0.0,0.040036675
2024-10-07 00:15:00,0.0,0.105660334
2024-10-07 00:30:00,0.0,0.14189331
2024-10-07 00:45:00,0.0,0.10228109
2024-10-07 01:00:00,0.0,0.18294717
2024-10-07 01:15:00,0.0,0.07785083
2024-10-07 01:30:00,0.0,0.0073451074
2024-10-07 01:45:00,0.0,0.055974223
2024-10-07 02:00:00,0.0,0.16767868
2024-10-07 02:15:00,0.0,0.28270835
2024-10-07 02:30:00,0.0,0.23617628
2024-10-07 02:45:00,0.0,0.22627753
2024-10-07 03:00:00,0.0,0.33780596
2024-10-07 03:15:00,0.0,0.3589534
2024-10-07 03:30:00,0.0,0.2093985
2024-10-07 03:45:00,0.0,0.24791399
2024-10-07 04:00:00,0.0,0.23359615
2024-10-07 04:15:00,0.0,0.23134306
2024-10-07 04:30:00,0.0,0.2060666
2024-10-07 04:45:00,0.0,0.09355267
2024-10-07 05:00:00,0.0,0.21838273
2024-10-07 05:15:00,0.0,0.08144967
2024-10-07 05:30:00,0.0,0.20385672
2024-10-07 05:45:00,0.0,0.054342855
2024-10-07 06:00:00,0.0,0.061761115
2024-10-07 06:15:00,0.0,0.09892775
2024-10-07 06:30:00,0.0,-0.08840442
2024-10-07 06:45:00,0.0,0.07828492
2024-10-07 07:00:00,0.0,0.11303231
2024-10-07 07:15:00,0.0,0.33370033
2024-10-07 07:30:00,0.0,0.38883165
2024-10-07 07:45:00,0.0,0.3513515
2024-10-07 08:00:00,0.0,0.42896482
2024-10-07 08:15:00,0.0,0.4408101
2024-10-07 08:30:00,0.0,0.44491845
2024-10-07 08:45:00,0.0,0.47223276
2024-10-07 09:00:00,2.331542961,0.41409835
2024-10-07 09:15:00,0.0,0.41543657
2024-10-07 09:30:00,0.0,0.3730322
2024-10-07 09:45:00,0.0,0.28863776
2024-10-07 10:00:00,0.0,0.2036749
2024-10-07 10:15:00,0.0,0.19272478
2024-10-07 10:30:00,0.0,0.44092557
2024-10-07 10:45:00,0.0,0.5866069
2024-10-07 11:00:00,0.0,0.38443282
2024-10-07 11:15:00,0.0,0.48109907
2024-10-07 11:30:00,0.0,0.44269007
2024-10-07 11:45:00,0.0,0.24849272
2024-10-07 12:00:00,0.0,-0.023454322
2024-10-07 12:15:00,0.0,-0.17314129
2024-10-07 12:30:00,0.0,-0.014798292
2024-10-07 12:45:00,0.0,0.053601712
2024-10-07 13:00:00,0.0,0.10489428
2024-10-07 13:15:00,0.0,0.16469665
2024-10-07 13:30:00,0.0,-0.009573277
2024-10-07 13:45:00,0.0,-0.0036250316
2024-10-07 14:00:00,0.0,0.19769233
2024-10-07 14:15:00,0.0,0.27321085
2024-10-07 14:30:00,0.0,0.26988977
2024-10-07 14:45:00,0.0,0.28627
2024-10-07 15:00:00,0.5398295458,0.23494071
2024-10-07 15:15:00,0.0,0.15717265
2024-10-07 15:30:00,0.0,0.14130871
2024-10-07 15:45:00,0.0,0.052618314
2024-10-07 16:00:00,0.0,0.08326181
2024-10-07 16:15:00,0.0,0.19142687
2024-10-07 16:30:00,0.0,0.21340622
2024-10-07 16:45:00,0.0,0.25383046
2024-10-07 17:00:00,0.0,0.26241124
2024-10-07 17:15:00,0.0,0.17830195
2024-10-07 17:30:00,0.0,0.07564833
2024-10-07 17:45:00,0.0,0.09854017
2024-10-07 18:00:00,0.0,0.30213967
2024-10-07 18:15:00,0.0,0.19463791
2024-10-07 18:30:00,0.0,0.16218966
2024-10-07 18:45:00,0.0,0.22997954
2024-10-07 19:00:00,0.0,0.31637353
2024-10-07 19:15:00,0.0,0.24953519
2024-10-07 19:30:00,0.0,0.3088346
2024-10-07 19:45:00,0.0,0.33736297
2024-10-07 20:00:00,0.0,0.3666438
2024-10-07 20:15:00,0.0,0.30830827
2024-10-07 20:30:00,0.0,0.11611368
2024-10-07 20:45:00,0.0,0.2133567
2024-10-07 21:00:00,0.0,0.23530014
2024-10-07 21:15:00,0.0,0.24443014
2024-10-07 21:30:00,0.0,0.09231046
2024-10-07 21:45:00,0.0,0.13261144
2024-10-07 22:00:00,0.0,0.088264585
2024-10-07 22:15:00,0.0,0.11381439
2024-10-07 22:30:00,0.0,0.051932488
2024-10-07 22:45:00,0.0,0.039418954
2024-10-07 23:00:00,0.0,0.084090024
2024-10-07 23:15:00,0.0,0.14844076
2024-10-07 23:30:00,0.0,0.054759257
2024-10-07 23:45:00,0.0,0.051249973
2024-10-08 00:00:00,0.0,0.23542431
2024-10-08 00:15:00,0.0,0.22732745
2024-10-08 00:30:00,0.0,0.01800744
2024-10-08 00:45:00,0.0,0.0042671287
2024-10-08 01:00:00,0.0,0.23168586
2024-10-08 01:15:00,0.0,0.1573781
2024-10-08 01:30:00,0.0,0.08671186
2024-10-08 01:45:00,0.0,0.115551196
2024-10-08 02:00:00,0.0,0.14862335
2024-10-08 02:15:00,0.0,0.2089839
2024-10-08 02:30:00,0.0,0.044795543
2024-10-08 02:45:00,0.0,0.05600598
2024-10-08 03:00:00,0.0,0.17280687
2024-10-08 03:15:00,0.0,0.32253504
2024-10-08 03:30:00,0.0,0.18099062
2024-10-08 03:45:00,0.0,0.19311453
2024-10-08 04:00:00,0.0,0.13770264
2024-10-08 04:15:00,0.0,0.18276069
2024-10-08 04:30:00,0.0,0.15210614
2024-10-08 04:45:00,0.0,0.2762863
2024-10-08 05:00:00,0.0,0.23930699
2024-10-08 05:15:00,0.0,0.28333178
2024-10-08 05:30:00,0.0,0.27100962
2024-10-08 05:45:00,0.0,0.009042477
2024-10-08 06:00:00,0.0,0.032051492
2024-10-08 06:15:00,0.0,0.1446151
2024-10-08 06:30:00,0.0,0.13651733
2024-10-08 06:45:00,0.0,0.20566182
2024-10-08 07:00:00,0.0,0.09244156
2024-10-08 07:15:00,0.0,0.18346933
2024-10-08 07:30:00,0.0,0.23393887
2024-10-08 07:45:00,0.0,0.21760595
2024-10-08 08:00:00,0.0,0.15153308
2024-10-08 08:15:00,0.0,0.16106793
2024-10-08 08:30:00,0.0,0.23873559
2024-10-08 08:45:00,0.0,0.29370186
2024-10-08 09:00:00,0.0,0.3073111
2024-10-08 09:15:00,0.0,0.32672003
2024-10-08 09:30:00,0.0,0.18939093
2024-10-08 09:45:00,0.0,0.23846368
2024-10-08 10:00:00,0.0,0.10806705
2024-10-08 10:15:00,0.0,0.32076815
2024-10-08 10:30:00,0.0,0.25847518
2024-10-08 10:45:00,0.0,0.10960717
2024-10-08 11:00:00,0.0,0.23967278
2024-10-08 11:15:00,0.0,0.17012991
2024-10-08 11:30:00,0.0,0.100826286
2024-10-08 11:45:00,0.0,0.09021588
2024-10-08 12:00:00,0.0,0.007595641
2024-10-08 12:15:00,0.0,0.025976514
2024-10-08 12:30:00,0.0,0.13325682
2024-10-08 12:45:00,0.0,0.21380584
2024-10-08 13:00:00,0.0,0.07323187
2024-10-08 13:15:00,0.0,0.2860834
2024-10-08 13:30:00,0.0,0.19425802
2024-10-08 13:45:00,0.0,0.38403922
2024-10-08 14:00:00,0.0,0.2255511
2024-10-08 14:15:00,0.0,0.0149381915
2024-10-08 14:30:00,0.0,0.04600539
2024-10-08 14:45:00,0.0,-0.084644824
2024-10-08 15:00:00,0.0,-0.10222676
2024-10-08 15:15:00,0.0,-0.106131144
2024-10-08 15:30:00,0.0,-0.14607687
2024-10-08 15:45:00,0.0,0.04063874
2024-10-08 16:00:00,0.0,-0.015613713
2024-10-08 16:15:00,0.0,0.05335799
2024-10-08 16:30:00,0.0,-0.011103499
2024-10-08 16:45:00,0.0,0.02794406
2024-10-08 17:00:00,0.0,0.07328026
2024-10-08 17:15:00,0.0,0.17387655
2024-10-08 17:30:00,0.0,0.07466283
2024-10-08 17:45:00,0.0,0.11860737
2024-10-08 18:00:00,0.0,0.18429701
2024-10-08 18:15:00,0.0,0.07501947
2024-10-08 18:30:00,0.0,-0.035751335
2024-10-08 18:45:00,0.0,-0.22339852
2024-10-08 19:00:00,0.0,-0.21907277
2024-10-08 19:15:00,0.0,-0.20381367
2024-10-08 19:30:00,0.0,-0.28757137
2024-10-08 19:45:00,0.0,-0.27493283
2024-10-08 20:00:00,0.0,-0.012082229
2024-10-08 20:15:00,0.0,0.028736454
2024-10-08 20:30:00,0.0,-0.095681794
2024-10-08 20:45:00,0.0,0.08229444
2024-10-08 21:00:00,0.0,0.1238055
2024-10-08 21:15:00,0.0,0.111593075
2024-10-08 21:30:00,0.0,-0.09220231
2024-10-08 21:45:00,0.0,-0.078121684
2024-10-08 22:00:00,0.0,0.03148307
2024-10-08 22:15:00,0.0,-0.13870628
2024-10-08 22:30:00,0.0,-0.014408079
2024-10-08 22:45:00,0.0,-0.043972068
2024-10-08 23:00:00,0.0,-0.29788712
2024-10-08 23:15:00,0.0,-0.19462666
2024-10-08 23:30:00,0.0,0.19859314
2024-10-08 23:45:00,0.0,-0.028405547
2024-10-09 00:00:00,0.0,-0.041219845
2024-10-09 00:15:00,0.0,-0.016856939
2024-10-09 00:30:00,0.0,-0.14364935
2024-10-09 00:45:00,0.0,-0.3021791
2024-10-09 01:00:00,0.0,-0.16653924
2024-10-09 01:15:00,0.0,0.034811884
2024-10-09 01:30:00,0.0,0.12230666
2024-10-09 01:45:00,0.0,0.12722583
2024-10-09 02:00:00,0.0,0.00947777
2024-10-09 02:15:00,0.0,-0.28311133
2024-10-09 02:30:00,0.0,-0.12324625
2024-10-09 02:45:00,0.0,0.013329552
2024-10-09 03:00:00,0.0,0.19026825
2024-10-09 03:15:00,0.0,0.18852215
2024-10-09 03:30:00,0.0,0.39071375
2024-10-09 03:45:00,0.0,0.22886166
2024-10-09 04:00:00,0.0,-0.021831457
2024-10-09 04:15:00,0.0,-0.013191458
2024-10-09 04:30:00,0.0,-0.23600575
2024-10-09 04:45:00,0.0,-0.18889707
2024-10-09 05:00:00,0.0,-0.019667638
2024-10-09 05:15:00,0.0,-0.04145356
2024-10-09 05:30:00,0.0,0.086408876
2024-10-09 05:45:00,0.0,0.22538309
2024-10-09 06:00:00,0.0,0.17090484
2024-10-09 06:15:00,0.0,0.21613778
2024-10-09 06:30:00,0.0,-0.02980053
2024-10-09 06:45:00,0.0,-0.18202285
2024-10-09 07:00:00,0.0,-0.10743221
2024-10-09 07:15:00,0.0,0.13399528
2024-10-09 07:30:00,0.0,0.22743657
2024-10-09 07:45:00,0.0,0.33187947
2024-10-09 08:00:00,0.0,0.23225181
2024-10-09 08:15:00,0.0,0.11621663
2024-10-09 08:30:00,0.0,0.22884062
2024-10-09 08:45:00,0.0,0.1995198
2024-10-09 09:00:00,0.0,0.15790088
2024-10-09 09:15:00,0.0,0.26982406
2024-10-09 09:30:00,0.0,0.2450851
2024-10-09 09:45:00,0.0,0.28819072
2024-10-09 10:00:00,0.0,0.35442984
2024-10-09 10:15:00,0.0,0.30043378
2024-10-09 10:30:00,0.0,0.18179671
2024-10-09 10:45:00,0.0,0.153218
2024-10-09 11:00:00,0.0,0.14135131
2024-10-09 11:15:00,0.0,0.31729993
2024-10-09 11:30:00,0.0,0.2582027
2024-10-09 11:45:00,0.0,0.110460326
2024-10-09 12:00:00,0.0,0.12022144
2024-10-09 12:15:00,0.0,0.10700501
2024-10-09 12:30:00,0.0,0.028108463
2024-10-09 12:45:00,0.0,0.15593052
2024-10-09 13:00:00,0.0,0.30886814
2024-10-09 13:15:00,0.0,0.17020515
2024-10-09 13:30:00,0.0,0.10037957
2024-10-09 13:45:00,0.0,0.005670559
2024-10-09 14:00:00,0.0,-0.094139814
2024-10-09 14:15:00,0.0,-0.025218181
2024-10-09 14:30:00,0.0,-0.066938266
2024-10-09 14:45:00,0.0,-0.0465447
2024-10-09 15:00:00,0.0,0.024436302
2024-10-09 15:15:00,0.0,0.014238744
2024-10-09 15:30:00,0.0,0.04221754
2024-10-09 15:45:00,0.0,0.011117454
2024-10-09 16:00:00,0.0,-0.05050044
2024-10-09 16:15:00,0.0,0.04649451
2024-10-09 16:30:00,0.0,0.18627118
2024-10-09 16:45:00,0.0,0.24725404
2024-10-09 17:00:00,0.0,0.12582354
2024-10-09 17:15:00,6.55452895,0.08741086
2024-10-09 17:30:00,0.0,-0.10755439
2024-10-09 17:45:00,0.0,0.34694695
2024-10-09 18:00:00,0.0,0.07417839
2024-10-09 18:15:00,0.0,-0.33441392
2024-10-09 18:30:00,0.0,-0.33791614
2024-10-09 18:45:00,0.0,-0.096573524
2024-10-09 19:00:00,0.0,-0.11299679
2024-10-09 19:15:00,0.0,-0.16280858
2024-10-09 19:30:00,0.0,-0.03651144
2024-10-09 19:45:00,0.0,0.67581254
2024-10-09 20:00:00,0.0,0.3316071
2024-10-09 20:15:00,0.0,0.14482778
2024-10-09 20:30:00,0.0,0.12478363
2024-10-09 20:45:00,0.0,-0.076046444
2024-10-09 21:00:00,0.0,-0.031284694
2024-10-09 21:15:00,0.0,0.20068824
2024-10-09 21:30:00,0.0,0.2193579
2024-10-09 21:45:00,4.138423818,0.10448661
2024-10-09 22:00:00,0.0,-0.0075956457
2024-10-09 22:15:00,0.0,0.07853831
2024-10-09 22:30:00,0.0,-0.3024973
2024-10-09 22:45:00,0.0,-0.88330334
2024-10-09 23:00:00,0.0,-0.5982148
2024-10-09 23:15:00,0.0,-0.1093537
2024-10-09 23:30:00,0.0,-0.004510066
2024-10-09 23:45:00,0.0,0.08804664
2024-10-10 00:00:00,0.0,0.122141995
2024-10-10 00:15:00,0.0,0.23303126
2024-10-10 00:30:00,0.0,0.42967308
2024-10-10 00:45:00,0.0,0.41098377
2024-10-10 01:00:00,0.0,0.21675201
2024-10-10 01:15:00,0.0,0.18889678
2024-10-10 01:30:00,0.0,0.18829036
2024-10-10 01:45:00,0.0,0.11950902
2024-10-10 02:00:00,0.0,0.11302061
2024-10-10 02:15:00,0.0,0.12722687
2024-10-10 02:30:00,0.0,0.1599758
2024-10-10 02:45:00,0.0,0.21721442
2024-10-10 03:00:00,0.0,0.19026893
2024-10-10 03:15:00,0.0,0.22240904
2024-10-10 03:30:00,0.0,0.11591672
2024-10-10 03:45:00,0.0,0.21557294
2024-10-10 04:00:00,0.0,0.1797646
2024-10-10 04:15:00,0.0,0.37277913
2024-10-10 04:30:00,0.0,0.314252
2024-10-10 04:45:00,0.0,0.34077334
2024-10-10 05:00:00,0.0,0.32194382
2024-10-10 05:15:00,0.0,0.22401
2024-10-10 05:30:00,0.0,0.259359
2024-10-10 05:45:00,0.0,0.29030064
2024-10-10 06:00:00,0.0,0.24846269
2024-10-10 06:15:00,0.0,0.23598209
2024-10-10 06:30:00,0.0,0.17225422
2024-10-10 06:45:00,0.0,0.16232738
2024-10-10 07:00:00,0.0,0.21952341
2024-10-10 07:15:00,0.0,0.3018871
2024-10-10 07:30:00,0.0,0.29496682
2024-10-10 07:45:00,0.0,0.36748
2024-10-10 08:00:00,0.0,0.38119495
2024-10-10 08:15:00,0.0,0.4591408
2024-10-10 08:30:00,0.0,0.4274683
2024-10-10 08:45:00,0.0,0.55845886
2024-10-10 09:00:00,0.0,0.5305641
2024-10-10 09:15:00,0.0,0.51409787
2024-10-10 09:30:00,0.0,0.49181727
2024-10-10 09:45:00,0.0,0.48085225
2024-10-10 10:00:00,0.0,0.34940276
2024-10-10 10:15:00,0.0,0.3518096
2024-10-10 10:30:00,0.0,0.413092
2024-10-10 10:45:00,0.0,0.43693653
2024-10-10 11:00:00,0.0,0.5205051
2024-10-10 11:15:00,0.0,0.5295348
2024-10-10 11:30:00,0.0,0.48406032
2024-10-10 11:45:00,0.0,0.5093645
2024-10-10 12:00:00,0.0,0.5330088
2024-10-10 12:15:00,0.0,0.48825076
2024-10-10 12:30:00,0.0,0.448083
2024-10-10 12:45:00,0.0,0.6349546
2024-10-10 13:00:00,0.0,0.77412176
2024-10-10 13:15:00,0.0,0.64824
2024-10-10 13:30:00,0.0,0.51041645
2024-10-10 13:45:00,0.0,0.3655997
2024-10-10 14:00:00,0.0,0.30693457
2024-10-10 14:15:00,0.0,0.116808265
2024-10-10 14:30:00,0.0,-0.019823572
2024-10-10 14:45:00,0.0,-0.04797414
2024-10-10 15:00:00,0.0,0.12681432
2024-10-10 15:15:00,0.0,0.32588178
2024-10-10 15:30:00,0.0,0.4067336
2024-10-10 15:45:00,0.0,0.3238075
2024-10-10 16:00:00,0.0,0.28784266
2024-10-10 16:15:00,3.399598979,0.35367945
2024-10-10 16:30:00,0.0,0.50011784
2024-10-10 16:45:00,0.0,0.42522147
2024-10-10 17:00:00,0.0,0.31299233
2024-10-10 17:15:00,0.0,0.09404621
2024-10-10 17:30:00,0.0,-0.1026765
2024-10-10 17:45:00,0.0,-0.6562688
2024-10-10 18:00:00,0.0,-0.3102555
2024-10-10 18:15:00,0.0,-0.124825396
2024-10-10 18:30:00,0.0,0.21809901
2024-10-10 18:45:00,0.0,0.54247624
2024-10-10 19:00:00,0.0,0.39441496
2024-10-10 19:15:00,0.0,0.2954067
2024-10-10 19:30:00,0.0,0.02715641
2024-10-10 19:45:00,0.0,-0.07644742
2024-10-10 20:00:00,0.0,-0.15821911
2024-10-10 20:15:00,0.0,-0.08864434
2024-10-10 20:30:00,0.0,-0.056222875
2024-10-10 20:45:00,0.0,0.03383684
2024-10-10 21:00:00,0.0,0.014262826
2024-10-10 21:15:00,0.0,0.11386482
2024-10-10 21:30:00,0.0,0.09950712
2024-10-10 21:45:00,0.0,0.1219924
2024-10-10 22:00:00,0.0,0.10712545
2024-10-10 22:15:00,0.0,-0.111427285
2024-10-10 22:30:00,0.0,-0.13207203
2024-10-10 22:45:00,0.0,-0.07954925
2024-10-10 23:00:00,0.0,-0.023908617
2024-10-10 23:15:00,0.0,-0.10085782
2024-10-10 23:30:00,0.0,0.078833096
2024-10-10 23:45:00,0.0,-0.12917306
2024-10-11 00:00:00,0.0,-0.19615477
2024-10-11 00:15:00,0.0,-0.32577208
2024-10-11 00:30:00,0.0,-0.07179147
2024-10-11 00:45:00,0.0,-0.05252217
2024-10-11 01:00:00,0.0,0.055915426
2024-10-11 01:15:00,0.0,0.06744953
2024-10-11 01:30:00,0.0,0.19989307
2024-10-11 01:45:00,0.0,0.21149023
2024-10-11 02:00:00,0.0,0.23382431
2024-10-11 02:15:00,0.0,0.39644483
2024-10-11 02:30:00,0.0,0.4120353
2024-10-11 02:45:00,0.0,0.32627812
2024-10-11 03:00:00,0.0,0.26107207
2024-10-11 03:15:00,0.0,0.2107259
2024-10-11 03:30:00,0.0,0.11332917
2024-10-11 03:45:00,0.0,0.19227493
2024-10-11 04:00:00,0.0,0.23581818
2024-10-11 04:15:00,0.0,0.09589658
2024-10-11 04:30:00,0.0,0.075885504
2024-10-11 04:45:00,0.0,0.17408095
2024-10-11 05:00:00,0.0,0.29865816
2024-10-11 05:15:00,0.0,0.2826213
2024-10-11 05:30:00,0.0,0.19000909
2024-10-11 05:45:00,0.0,0.20121065
2024-10-11 06:00:00,0.0,0.19524449
2024-10-11 06:15:00,2.6889783869999997,0.16983742
2024-10-11 06:30:00,0.0,0.20816006
2024-10-11 06:45:00,0.0,0.41842282
2024-10-11 07:00:00,0.415279722,0.40314558
2024-10-11 07:15:00,0.0,-0.41904175
2024-10-11 07:30:00,0.0,-0.20327264
2024-10-11 07:45:00,0.0,0.359176
2024-10-11 08:00:00,0.0,0.2364692
2024-10-11 08:15:00,0.0,0.22304775
2024-10-11 08:30:00,0.0,0.31863147
2024-10-11 08:45:00,0.0,0.5681607
2024-10-11 09:00:00,0.0,0.5358351
2024-10-11 09:15:00,0.0,0.30447024
2024-10-11 09:30:00,0.0,0.22655831
2024-10-11 09:45:00,0.0,0.25313684
2024-10-11 10:00:00,0.0,0.22154105
2024-10-11 10:15:00,0.0,0.15918475
2024-10-11 10:30:00,0.0,0.28535214
2024-10-11 10:45:00,0.0,0.26461157
2024-10-11 11:00:00,0.0,0.45236707
2024-10-11 11:15:00,0.0,0.43298265
2024-10-11 11:30:00,0.0,0.30530655
2024-10-11 11:45:00,0.0,0.3661495
2024-10-11 12:00:00,0.0,0.3008649
2024-10-11 12:15:00,0.0,0.11035387
2024-10-11 12:30:00,0.0,0.25624293
2024-10-11 12:45:00,0.0,0.16157006
2024-10-11 13:00:00,0.0,0.0591912
2024-10-11 13:15:00,0.0,0.11418752
2024-10-11 13:30:00,0.0,0.27167776
2024-10-11 13:45:00,0.0,0.30156487
2024-10-11 14:00:00,0.0,0.30578938
2024-10-11 14:15:00,0.0,0.3075134
2024-10-11 14:30:00,0.0,0.28889304
2024-10-11 14:45:00,0.0,0.18387556
2024-10-11 15:00:00,0.0,0.25202104
2024-10-11 15:15:00,3.557739295,0.20799427
2024-10-11 15:30:00,0.0,0.14833988
2024-10-11 15:45:00,0.0,0.0796977
2024-10-11 16:00:00,0.0,0.11204191
2024-10-11 16:15:00,1.484898593,-0.31977293
2024-10-11 16:30:00,0.0,-0.31042278
2024-10-11 16:45:00,0.0,-0.3761396
2024-10-11 17:00:00,0.0,-0.16230977
2024-10-11 17:15:00,0.0,0.007640871
2024-10-11 17:30:00,0.0,-0.0068713627
2024-10-11 17:45:00,0.0,0.1193366
2024-10-11 18:00:00,0.0,-0.15093166
2024-10-11 18:15:00,0.0,-0.017890494
2024-10-11 18:30:00,0.0,-0.06906566
2024-10-11 18:45:00,0.0,0.052888643
2024-10-11 19:00:00,0.0,0.020084638
2024-10-11 19:15:00,0.0,0.0726788
2024-10-11 19:30:00,0.0,0.014576427
2024-10-11 19:45:00,0.0,-0.03342206
2024-10-11 20:00:00,0.0,0.14076008
2024-10-11 20:15:00,0.0,0.17998908
2024-10-11 20:30:00,0.0,0.14138141
2024-10-11 20:45:00,0.0,0.06706891
2024-10-11 21:00:00,0.0,-0.079935476
2024-10-11 21:15:00,0.0,0.06804456
2024-10-11 21:30:00,0.0,0.1512637
2024-10-11 21:45:00,0.0,0.10531016
2024-10-11 22:00:00,0.0,0.108012296
2024-10-11 22:15:00,0.0,-0.22269426
2024-10-11 22:30:00,0.0,0.07722506
2024-10-11 22:45:00,0.0,0.2510536
2024-10-11 23:00:00,0.0,0.23480953
2024-10-11 23:15:00,0.0,0.11355475
2024-10-11 23:30:00,0.0,0.011312335
2024-10-11 23:45:00,0.0,-0.026988288
2024-10-12 00:00:00,0.0,0.044345275
2024-10-12 00:15:00,0.0,0.1639394
2024-10-12 00:30:00,0.0,0.23609012
2024-10-12 00:45:00,0.0,0.30384335
2024-10-12 01:00:00,0.0,0.5193532
2024-10-12 01:15:00,0.0,0.46784514
2024-10-12 01:30:00,0.0,0.41582006
2024-10-12 01:45:00,0.0,0.51687783
2024-10-12 02:00:00,1.756694916,0.34131166
2024-10-12 02:15:00,0.0,0.33270442
2024-10-12 02:30:00,0.0,0.21554211
2024-10-12 02:45:00,0.0,0.27302405
2024-10-12 03:00:00,0.0,0.16908261
2024-10-12 03:15:00,0.0,0.03871206
2024-10-12 03:30:00,0.0,0.11965163
2024-10-12 03:45:00,0.0,0.103444435
2024-10-12 04:00:00,0.0,0.35532585
2024-10-12 04:15:00,0.0,0.381617
2024-10-12 04:30:00,0.0,0.32061365
2024-10-12 04:45:00,0.0,0.13250846
2024-10-12 05:00:00,0.0,0.030117363
2024-10-12 05:15:00,0.0,0.03549692
2024-10-12 05:30:00,0.0,-0.033690244
2024-10-12 05:45:00,0.0,-0.07987275
2024-10-12 06:00:00,0.0,0.12259422
2024-10-12 06:15:00,0.0,0.24994121
2024-10-12 06:30:00,0.09116834761999999,0.16440454
2024-10-12 06:45:00,0.0,-0.024481744
2024-10-12 07:00:00,0.0,-0.008731026
2024-10-12 07:15:00,0.0,0.15540066
2024-10-12 07:30:00,0.0,0.22147545
2024-10-12 07:45:00,0.0,0.2902422
2024-10-12 08:00:00,0.0,0.36283806
2024-10-12 08:15:00,0.0,0.28743845
2024-10-12 08:30:00,0.0,0.41675577
2024-10-12 08:45:00,0.0,0.3891814
2024-10-12 09:00:00,0.0,0.3469933
2024-10-12 09:15:00,0.0,0.33401746
2024-10-12 09:30:00,0.0,0.29328984
2024-10-12 09:45:00,0.0,0.26941204
2024-10-12 10:00:00,0.0,0.24495168
2024-10-12 10:15:00,0.0,0.29156336
2024-10-12 10:30:00,0.0,0.43166122
2024-10-12 10:45:00,0.0,0.47492385
2024-10-12 11:00:00,0.0,0.4165468
2024-10-12 11:15:00,0.0,0.32356238
2024-10-12 11:30:00,0.0,0.3564147
2024-10-12 11:45:00,0.0,0.38659942
2024-10-12 12:00:00,0.0,0.42545974
2024-10-12 12:15:00,0.0,0.414865
2024-10-12 12:30:00,0.0,0.370136
2024-10-12 12:45:00,0.0,0.3341585
2024-10-12 13:00:00,0.0,0.29913363
2024-10-12 13:15:00,0.0,0.32659483
2024-10-12 13:30:00,0.0,0.32790545
2024-10-12 13:45:00,0.0,0.16116232
2024-10-12 14:00:00,0.0,0.14255604
2024-10-12 14:15:00,0.0,0.23757504
2024-10-12 14:30:00,0.0,0.16639802
2024-10-12 14:45:00,0.0,0.12879469
2024-10-12 15:00:00,0.0,0.24316663
2024-10-12 15:15:00,0.0,0.22228976
2024-10-12 15:30:00,0.0,0.14968215
2024-10-12 15:45:00,0.0,0.10805839
2024-10-12 16:00:00,0.0,0.19243263
2024-10-12 16:15:00,0.0,0.13777535
2024-10-12 16:30:00,0.0,0.05947658
2024-10-12 16:45:00,0.0,-0.05166841
2024-10-12 17:00:00,0.0,0.06349498
2024-10-12 17:15:00,0.0,0.20429142
2024-10-12 17:30:00,0.0,0.23409398
2024-10-12 17:45:00,0.7560106147,0.14998664
2024-10-12 18:00:00,0.0,0.0070844884
2024-10-12 18:15:00,0.0,-0.09072474
2024-10-12 18:30:00,0.0,-0.21081497
2024-10-12 18:45:00,0.0,-0.3030457
2024-10-12 19:00:00,0.0,-0.1772123
2024-10-12 19:15:00,0.0,-0.03732039
2024-10-12 19:30:00,0.0,0.051484402
2024-10-12 19:45:00,0.0,-0.032863535
2024-10-12 20:00:00,0.0,-0.05793029
2024-10-12 20:15:00,0.0,-0.1106908
2024-10-12 20:30:00,0.0,-0.16132893
2024-10-12 20:45:00,0.0,-0.18254326
2024-10-12 21:00:00,0.0,0.0178421
2024-10-12 21:15:00,0.0,0.06188115
2024-10-12 21:30:00,0.0,0.08216605
2024-10-12 21:45:00,0.0,0.1599852
2024-10-12 22:00:00,0.0,0.17040353
2024-10-12 22:15:00,0.0,-0.01695863
2024-10-12 22:30:00,0.0,-0.07838228
2024-10-12 22:45:00,0.0,-0.17794219
2024-10-12 23:00:00,0.0,-0.22112006
2024-10-12 23:15:00,0.0,-0.197605
2024-10-12 23:30:00,0.0,-0.25253582
2024-10-12 23:45:00,0.0,-0.291362
2024-10-13 00:00:00,0.0,-0.08630577
2024-10-13 00:15:00,0.0,-0.079114266
2024-10-13 00:30:00,0.0,0.10306871
2024-10-13 00:45:00,0.0,0.13467254
2024-10-13 01:00:00,0.0,0.2148474
2024-10-13 01:15:00,0.0,0.183051
2024-10-13 01:30:00,0.0,0.21897659
2024-10-13 01:45:00,0.0,0.21379778
2024-10-13 02:00:00,0.0,0.32379282
2024-10-13 02:15:00,0.0,0.30291247
2024-10-13 02:30:00,0.0,0.250295
2024-10-13 02:45:00,0.0,0.38264087
2024-10-13 03:00:00,0.0,0.28378987
2024-10-13 03:15:00,0.0,0.51015234
2024-10-13 03:30:00,0.0,0.45429802
2024-10-13 03:45:00,0.0,0.15908217
2024-10-13 04:00:00,0.0,0.14023764
2024-10-13 04:15:00,0.0,0.20353553
2024-10-13 04:30:00,0.0,0.27596942
2024-10-13 04:45:00,0.0,0.27528262
2024-10-13 05:00:00,0.0,0.28845766
2024-10-13 05:15:00,0.0,0.37236142
2024-10-13 05:30:00,0.0,0.17277335
2024-10-13 05:45:00,0.0,0.20946804
2024-10-13 06:00:00,0.0,0.25339878
2024-10-13 06:15:00,0.0,0.2852634
2024-10-13 06:30:00,0.0,0.27367264
2024-10-13 06:45:00,0.0,0.0017309326
2024-10-13 07:00:00,0.0,0.19498914
2024-10-13 07:15:00,0.0,0.23131342
2024-10-13 07:30:00,0.0,0.3270363
2024-10-13 07:45:00,0.0,0.39074972
2024-10-13 08:00:00,0.0,0.34290284
2024-10-13 08:15:00,0.0,0.398704
2024-10-13 08:30:00,0.0,0.43391627
2024-10-13 08:45:00,0.0,0.36876208
2024-10-13 09:00:00,0.0,0.5108046
2024-10-13 09:15:00,0.0,0.5450379
2024-10-13 09:30:00,0.0,0.5233738
2024-10-13 09:45:00,0.0,0.5677229
2024-10-13 10:00:00,0.0,0.43974373
2024-10-13 10:15:00,0.0,0.31634104
2024-10-13 10:30:00,0.0,0.34419024
2024-10-13 10:45:00,0.0,0.41142744
2024-10-13 11:00:00,0.0,0.5133683
2024-10-13 11:15:00,0.0,0.48493996
2024-10-13 11:30:00,0.0,0.411813
2024-10-13 11:45:00,0.0,0.45697466
2024-10-13 12:00:00,0.0,0.48193437
2024-10-13 12:15:00,0.0,0.4083876
2024-10-13 12:30:00,0.0,0.45954463
2024-10-13 12:45:00,0.2086090116,0.42135894
2024-10-13 13:00:00,0.0,0.33388576
2024-10-13 13:15:00,0.0,0.26913652
2024-10-13 13:30:00,0.0,0.24462001
2024-10-13 13:45:00,0.0,0.06130663
2024-10-13 14:00:00,0.0,0.09742236
2024-10-13 14:15:00,5.589477384,0.12873851
2024-10-13 14:30:00,0.0,0.16055588
2024-10-13 14:45:00,0.0,0.1591142
2024-10-13 15:00:00,0.0,0.24552824
2024-10-13 15:15:00,0.0,-0.13795243
2024-10-13 15:30:00,0.0,-0.052386746
2024-10-13 15:45:00,0.0,0.24557045
2024-10-13 16:00:00,0.0,0.30077884
2024-10-13 16:15:00,0.0,0.14755431
2024-10-13 16:30:00,0.0,0.002940254
2024-10-13 16:45:00,0.0,-0.08568422
2024-10-13 17:00:00,0.0,-0.0841397
2024-10-13 17:15:00,0.0,0.08784799
2024-10-13 17:30:00,0.0,0.2573883
2024-10-13 17:45:00,0.0,0.3094615
2024-10-13 18:00:00,0.0,0.30757052
2024-10-13 18:15:00,0.0,0.21546957
2024-10-13 18:30:00,0.0,0.04471479
2024-10-13 18:45:00,0.0,-0.07572321
2024-10-13 19:00:00,0.0,0.012455504
2024-10-13 19:15:00,0.0,0.22815318
2024-10-13 19:30:00,0.0,0.33445314
2024-10-13 19:45:00,0.0,0.25515735
2024-10-13 20:00:00,0.0,-0.07302958
2024-10-13 20:15:00,0.0,0.019806258
2024-10-13 20:30:00,0.0,0.2888366
2024-10-13 20:45:00,0.0,0.199258
2024-10-13 21:00:00,0.0,0.07467464
2024-10-13 21:15:00,0.0,0.12596442
2024-10-13 21:30:00,0.0,0.14089698
2024-10-13 21:45:00,0.0,0.13916385
2024-10-13 22:00:00,0.0,0.0019475252
2024-10-13 22:15:00,0.0,0.10306574
2024-10-13 22:30:00,0.0,0.19478361
2024-10-13 22:45:00,0.0,0.3222718
2024-10-13 23:00:00,0.0,0.24328953
2024-10-13 23:15:00,0.0,0.27290598
2024-10-13 23:30:00,0.0,0.23642133
2024-10-13 23:45:00,0.0,0.37174055
2024-10-14 00:00:00,0.0,0.16942556
2024-10-14 00:15:00,0.0,0.26009858
2024-10-14 00:30:00,0.0,0.42542437
2024-10-14 00:45:00,0.0,0.45605356
2024-10-14 01:00:00,0.0,0.4552535
2024-10-14 01:15:00,0.0,0.37740883
2024-10-14 01:30:00,0.0,0.4149057
2024-10-14 01:45:00,0.0,0.38501683
2024-10-14 02:00:00,0.0,0.50994396
2024-10-14 02:15:00,0.0,0.3964081
2024-10-14 02:30:00,0.0,0.2762286
2024-10-14 02:45:00,0.0,0.37730718
2024-10-14 03:00:00,0.0,0.5628897
2024-10-14 03:15:00,0.0,0.51546204
2024-10-14 03:30:00,0.0,0.48694256
2024-10-14 03:45:00,0.0,0.51849276
2024-10-14 04:00:00,0.0,0.65022075
2024-10-14 04:15:00,0.0,0.6021869
2024-10-14 04:30:00,0.0,0.59831834
2024-10-14 04:45:00,0.0,0.58074284
2024-10-14 05:00:00,0.0,0.5836817
2024-10-14 05:15:00,0.0,0.4533349
2024-10-14 05:30:00,0.0,0.4257622
2024-10-14 05:45:00,0.0,0.2853276
2024-10-14 06:00:00,2.823552558,0.32834947
2024-10-14 06:15:00,0.0,0.34004307
2024-10-14 06:30:00,0.0,0.16020556
2024-10-14 06:45:00,0.0,0.35075393
2024-10-14 07:00:00,0.0,0.04427265
2024-10-14 07:15:00,0.0,0.32221732
2024-10-14 07:30:00,0.0,0.58854693
2024-10-14 07:45:00,0.0,0.6870483
2024-10-14 08:00:00,0.0,0.5185504
2024-10-14 08:15:00,0.0,0.46999535
2024-10-14 08:30:00,0.0,0.44643626
2024-10-14 08:45:00,0.0,0.31272063
2024-10-14 09:00:00,0.0,0.33131614
2024-10-14 09:15:00,0.0,0.29570758
2024-10-14 09:30:00,0.0,0.18576515
2024-10-14 09:45:00,0.0,0.16018765
2024-10-14 10:00:00,0.0,0.21365796
2024-10-14 10:15:00,0.0,0.2401241
2024-10-14 10:30:00,0.0,0.45279792
2024-10-14 10:45:00,0.0,0.4596174
2024-10-14 11:00:00,0.0,0.47419775
2024-10-14 11:15:00,0.0,0.41783512
2024-10-14 11:30:00,0.0,0.30399793
2024-10-14 11:45:00,0.0,0.44798455
2024-10-14 12:00:00,0.0,0.62218094
2024-10-14 12:15:00,0.0,0.7030776
2024-10-14 12:30:00,0.0,0.6169069
2024-10-14 12:45:00,0.0,0.6335349
2024-10-14 13:00:00,0.0,0.64922106
2024-10-14 13:15:00,0.0,0.6108326
2024-10-14 13:30:00,0.0,0.5595892
2024-10-14 13:45:00,0.0,0.514012
2024-10-14 14:00:00,0.0,0.42840436
2024-10-14 14:15:00,0.0,0.39100367
2024-10-14 14:30:00,0.0,0.27518177
2024-10-14 14:45:00,2.231358021,0.08662434
2024-10-14 15:00:00,0.0,0.039546445
2024-10-14 15:15:00,0.0,-0.004492155
2024-10-14 15:30:00,0.0,-0.16610624
2024-10-14 15:45:00,0.0,-0.30112192
2024-10-14 16:00:00,0.0,-0.10885684
2024-10-14 16:15:00,0.0,0.2942475
2024-10-14 16:30:00,0.0,0.33470908
2024-10-14 16:45:00,0.0,0.2762746
2024-10-14 17:00:00,0.0,0.338808
2024-10-14 17:15:00,0.0,0.38713714
2024-10-14 17:30:00,0.0,0.29231337
2024-10-14 17:45:00,0.0,0.31187844
2024-10-14 18:00:00,0.0,0.23568869
2024-10-14 18:15:00,0.0,-0.049649537
2024-10-14 18:30:00,0.0,0.020861225
2024-10-14 18:45:00,0.0,0.19402938
2024-10-14 19:00:00,0.0,0.38950792
2024-10-14 19:15:00,0.0,0.370758
2024-10-14 19:30:00,0.0,0.23853773
2024-10-14 19:45:00,0.0,0.14616783
2024-10-14 20:00:00,0.0,0.17581438
2024-10-14 20:15:00,0.0,0.068696596
2024-10-14 20:30:00,0.0,0.11509845
2024-10-14 20:45:00,0.0,0.19598728
2024-10-14 21:00:00,0.0,0.2331908
2024-10-14 21:15:00,0.0,0.18312147
2024-10-14 21:30:00,0.0,-0.055613283
2024-10-14 21:45:00,0.0,-0.013381334
2024-10-14 22:00:00,0.0,0.009793402
2024-10-14 22:15:00,0.0,0.025450988
2024-10-14 22:30:00,0.0,0.007007048
2024-10-14 22:45:00,0.0,0.027760506
2024-10-14 23:00:00,0.0,0.044854995
2024-10-14 23:15:00,0.0,0.04054113
2024-10-14 23:30:00,0.0,0.047129594
2024-10-14 23:45:00,0.0,0.05297293
2024-10-15 00:00:00,0.0,0.09515137
2024-10-15 00:15:00,0.0,-0.16020593
2024-10-15 00:30:00,0.0,-0.07555298
2024-10-15 00:45:00,0.0,0.009912197
2024-10-15 01:00:00,0.0,0.037764482
2024-10-15 01:15:00,0.0,0.08852633
2024-10-15 01:30:00,0.0,0.06506009
2024-10-15 01:45:00,0.0,0.068002865
2024-10-15 02:00:00,0.0,0.19063397
2024-10-15 02:15:00,0.0,0.246363
2024-10-15 02:30:00,0.0,0.24004161
2024-10-15 02:45:00,0.0,0.14036287
2024-10-15 03:00:00,0.0,0.30768952
2024-10-15 03:15:00,0.0,0.23479266
2024-10-15 03:30:00,0.0,0.12590437
2024-10-15 03:45:00,0.0,0.13628103
2024-10-15 04:00:00,0.0,0.18911725
2024-10-15 04:15:00,0.0,0.26695746
2024-10-15 04:30:00,4.804759,0.29979584
2024-10-15 04:45:00,0.0,0.16793396
2024-10-15 05:00:00,0.0,0.14539433
2024-10-15 05:15:00,0.0,0.35608658
2024-10-15 05:30:00,0.0,-0.07547223
2024-10-15 05:45:00,0.0,-0.069559954
2024-10-15 06:00:00,0.0,0.16523822
2024-10-15 06:15:00,0.0,0.26337394
2024-10-15 06:30:00,0.0,-0.11982074
2024-10-15 06:45:00,0.0,-0.20022687
2024-10-15 07:00:00,0.0,-0.0969146
2024-10-15 07:15:00,0.0,0.07034678
2024-10-15 07:30:00,0.0,0.22781527
2024-10-15 07:45:00,0.0,0.19642845
2024-10-15 08:00:00,0.0,0.03968221
2024-10-15 08:15:00,0.0,0.12760392
2024-10-15 08:30:00,0.0,0.15196209
2024-10-15 08:45:00,0.0,0.13235489
2024-10-15 09:00:00,0.0,0.055029735
2024-10-15 09:15:00,0.0,0.061664183
2024-10-15 09:30:00,0.0,0.0712936
2024-10-15 09:45:00,0.0,0.02389292
2024-10-15 10:00:00,0.0,0.1284745
2024-10-15 10:15:00,0.0,0.09435266
2024-10-15 10:30:00,0.0,0.20294926
2024-10-15 10:45:00,0.0,0.3433849
2024-10-15 11:00:00,0.0,0.13416205
2024-10-15 11:15:00,0.0,0.1621366
2024-10-15 11:30:00,0.0,0.2520105
2024-10-15 11:45:00,0.0,0.29046872
2024-10-15 12:00:00,0.0,0.18214357
2024-10-15 12:15:00,0.0,0.14045483
2024-10-15 12:30:00,0.0,0.06912993
2024-10-15 12:45:00,0.0,0.16876818
2024-10-15 13:00:00,0.0,0.1125697
2024-10-15 13:15:00,0.0,0.2771761
2024-10-15 13:30:00,0.0,0.3012575
2024-10-15 13:45:00,0.0,0.30181393
2024-10-15 14:00:00,0.0,0.30466738
2024-10-15 14:15:00,0.0,0.29377457
2024-10-15 14:30:00,0.0,0.37961325
2024-10-15 14:45:00,0.0,0.29463238
2024-10-15 15:00:00,0.0,0.38005492
2024-10-15 15:15:00,0.0,0.36711684
2024-10-15 15:30:00,0.0,0.20935433
2024-10-15 15:45:00,0.0,0.09669552
2024-10-15 16:00:00,0.0,0.075750075
2024-10-15 16:15:00,0.0,0.14781703
2024-10-15 16:30:00,0.0,0.16429424
2024-10-15 16:45:00,0.0,0.3317111
2024-10-15 17:00:00,0.0,0.42777604
2024-10-15 17:15:00,0.0,0.4576991
2024-10-15 17:30:00,0.0,0.39697653
2024-10-15 17:45:00,0.0,0.28629515
2024-10-15 18:00:00,0.0,0.18691592
2024-10-15 18:15:00,0.0,0.16029993
2024-10-15 18:30:00,0.0,0.11417604
2024-10-15 18:45:00,0.0,0.13168275
2024-10-15 19:00:00,0.0,0.19799721
2024-10-15 19:15:00,0.0,0.13932744
2024-10-15 19:30:00,0.0,0.23790553
2024-10-15 19:45:00,0.0,0.17480238
2024-10-15 20:00:00,0.0,0.21433103
2024-10-15 20:15:00,0.0,0.2563372
2024-10-15 20:30:00,0.0,0.29596603
2024-10-15 20:45:00,0.0,0.3895424
2024-10-15 21:00:00,0.0,0.36271155
2024-10-15 21:15:00,0.0,0.3062723
2024-10-15 21:30:00,0.0,0.0748366
2024-10-15 21:45:00,0.0,-0.04682149
2024-10-15 22:00:00,0.0,0.00459134
2024-10-15 22:15:00,0.0,0.016008887
2024-10-15 22:30:00,0.0,-0.18497704
2024-10-15 22:45:00,0.0,-0.1301776
2024-10-15 23:00:00,0.0,0.011975471
2024-10-15 23:15:00,0.0,-0.17663969
2024-10-15 23:30:00,0.0,-0.11248785
2024-10-15 23:45:00,0.0,-0.08504881
2024-10-16 00:00:00,0.0,-0.033800833
2024-10-16 00:15:00,0.0,0.04967136
2024-10-16 00:30:00,0.0,0.088882454
2024-10-16 00:45:00,0.0,0.06746522
2024-10-16 01:00:00,0.0,0.041695364
2024-10-16 01:15:00,0.0,-0.019681184
2024-10-16 01:30:00,0.0,0.019740708
2024-10-16 01:45:00,0.0,0.0073819836
2024-10-16 02:00:00,0.0,-0.05321895
2024-10-16 02:15:00,0.0,0.0765509
2024-10-16 02:30:00,0.0,0.15675068
2024-10-16 02:45:00,0.0,0.117050976
2024-10-16 03:00:00,0.0,0.13927464
2024-10-16 03:15:00,0.0,0.280318
2024-10-16 03:30:00,0.0,0.24899183
2024-10-16 03:45:00,0.0,0.15071492
2024-10-16 04:00:00,0.0,0.12039059
2024-10-16 04:15:00,0.0,0.24806051
2024-10-16 04:30:00,0.0,0.18283573
2024-10-16 04:45:00,0.0,0.2224574
2024-10-16 05:00:00,0.0,-0.029235493
2024-10-16 05:15:00,0.0,0.12224028
2024-10-16 05:30:00,0.0,0.39103115
2024-10-16 05:45:00,0.0,0.4836571
2024-10-16 06:00:00,0.0,0.36111638
2024-10-16 06:15:00,0.0,-0.034182053
2024-10-16 06:30:00,0.0,-0.18843333
2024-10-16 06:45:00,0.0,0.078626476
2024-10-16 07:00:00,0.0,0.27492198
2024-10-16 07:15:00,0.0,0.17299272
2024-10-16 07:30:00,1.08168674,0.18429546
2024-10-16 07:45:00,0.0,0.13301054
2024-10-16 08:00:00,0.0,0.18793607
2024-10-16 08:15:00,0.0,0.058595683
2024-10-16 08:30:00,0.0,-0.059208285
2024-10-16 08:45:00,0.0,-0.099521495
2024-10-16 09:00:00,0.0,0.1306267
2024-10-16 09:15:00,0.0,0.18634896
2024-10-16 09:30:00,0.0,0.20102778
2024-10-16 09:45:00,0.0,0.29511937
2024-10-16 10:00:00,0.0,0.3187717
2024-10-16 10:15:00,0.0,0.14188226
2024-10-16 10:30:00,0.0,0.026863769
2024-10-16 10:45:00,0.0,0.12743324
2024-10-16 11:00:00,0.0,0.2137439
2024-10-16 11:15:00,0.0,0.24002476
2024-10-16 11:30:00,0.0,0.23732902
2024-10-16 11:45:00,0.0,0.14679472
2024-10-16 12:00:00,0.0,0.12089339
2024-10-16 12:15:00,0.0,-0.11241993
2024-10-16 12:30:00,0.0,-0.03903934
2024-10-16 12:45:00,0.0,-0.10422585
2024-10-16 13:00:00,0.0,0.072250955
2024-10-16 13:15:00,0.0,0.06899326
2024-10-16 13:30:00,0.0,0.15709627
2024-10-16 13:45:00,0.0,0.18120691
2024-10-16 14:00:00,0.0,0.11987996
2024-10-16 14:15:00,0.0,0.12626132
2024-10-16 14:30:00,0.0,0.056730565
2024-10-16 14:45:00,0.0,0.03989158
2024-10-16 15:00:00,0.0,-0.029718725
2024-10-16 15:15:00,0.0,-0.0079379575
2024-10-16 15:30:00,0.0,0.2547057
2024-10-16 15:45:00,0.0,0.29367137
2024-10-16 16:00:00,0.0,0.15673018
2024-10-16 16:15:00,0.0,0.1771225
2024-10-16 16:30:00,0.0,0.30482328
2024-10-16 16:45:00,0.0,0.268346
2024-10-16 17:00:00,0.0,0.3701663
2024-10-16 17:15:00,0.0,0.28987586
2024-10-16 17:30:00,0.0,0.1349306
2024-10-16 17:45:00,0.0,-0.051360752
2024-10-16 18:00:00,0.0,-0.28190503
2024-10-16 18:15:00,0.0,-0.15424421
2024-10-16 18:30:00,0.0,-0.13744986
2024-10-16 18:45:00,0.0,0.08860325
2024-10-16 19:00:00,0.0,-0.020153051
2024-10-16 19:15:00,0.0,0.00097632024
2024-10-16 19:30:00,0.0,0.0054004393
2024-10-16 19:45:00,0.0,0.032122914
2024-10-16 20:00:00,0.0,-0.07136554
2024-10-16 20:15:00,0.0,-0.007721101
2024-10-16 20:30:00,0.0,-0.083876364
2024-10-16 20:45:00,0.0,-0.10484077
2024-10-16 21:00:00,0.0,-0.13741659
2024-10-16 21:15:00,0.0,0.009883899
2024-10-16 21:30:00,0.0,-0.016084226
2024-10-16 21:45:00,0.0,-0.15216671
2024-10-16 22:00:00,0.0,-0.12353111
2024-10-16 22:15:00,0.0,-0.231207
2024-10-16 22:30:00,0.0,-0.2591765
2024-10-16 22:45:00,0.0,-0.24768803
2024-10-16 23:00:00,0.0,-0.2871749
2024-10-16 23:15:00,0.0,-0.3486655
2024-10-16 23:30:00,0.0,-0.337859
2024-10-16 23:45:00,0.0,-0.2756054
2024-10-17 00:00:00,0.0,-0.21705541
2024-10-17 00:15:00,0.0,-0.24847944
2024-10-17 00:30:00,0.0,-0.30156845
2024-10-17 00:45:00,0.0,-0.1104779
2024-10-17 01:00:00,0.0,0.10936875
2024-10-17 01:15:00,0.0,0.11825843
2024-10-17 01:30:00,0.0,0.008053812
2024-10-17 01:45:00,0.0,0.047324665
2024-10-17 02:00:00,0.0,0.05022067
2024-10-17 02:15:00,0.0,0.002929191
2024-10-17 02:30:00,0.0,0.06839857
2024-10-17 02:45:00,0.0,0.17305861
2024-10-17 03:00:00,0.0,-0.019355318
2024-10-17 03:15:00,0.0,0.0031746828
2024-10-17 03:30:00,0.0,0.06942059
2024-10-17 03:45:00,0.0,0.16439286
2024-10-17 04:00:00,0.0,-0.10631019
2024-10-17 04:15:00,0.0,-0.049773563
2024-10-17 04:30:00,0.0,-0.029667286
2024-10-17 04:45:00,0.0,-0.061821695
2024-10-17 05:00:00,0.0,0.010436331
2024-10-17 05:15:00,0.0,0.28063083
2024-10-17 05:30:00,0.0,0.14979142
2024-10-17 05:45:00,0.0,0.18056607
2024-10-17 06:00:00,0.0,0.07535029
2024-10-17 06:15:00,0.0,0.07818437
2024-10-17 06:30:00,0.0,0.08315675
2024-10-17 06:45:00,0.0,-0.023215227
2024-10-17 07:00:00,0.0,0.0011958103
2024-10-17 07:15:00,0.0,0.076397106
2024-10-17 07:30:00,0.0,0.08438496
2024-10-17 07:45:00,0.0,0.025382502
2024-10-17 08:00:00,0.0,-0.039329328
2024-10-17 08:15:00,0.0,0.04136355
2024-10-17 08:30:00,0.0,0.10141296
2024-10-17 08:45:00,0.0,0.34454158
2024-10-17 09:00:00,0.0,0.1636397
2024-10-17 09:15:00,0.0,0.21553127
2024-10-17 09:30:00,0.0,0.20196308
2024-10-17 09:45:00,0.0,0.08349255
2024-10-17 10:00:00,0.0,-0.056771543
2024-10-17 10:15:00,0.0,-0.01761554
2024-10-17 10:30:00,0.0,0.23228341
2024-10-17 10:45:00,0.0,0.12504114
2024-10-17 11:00:00,0.0,0.04936126
2024-10-17 11:15:00,0.0,-0.07186458
2024-10-17 11:30:00,0.0,-0.15535848
2024-10-17 11:45:00,0.0,-0.07895825
2024-10-17 12:00:00,0.0,-0.015495483
2024-10-17 12:15:00,0.0,0.25416675
2024-10-17 12:30:00,0.0,0.19585638
2024-10-17 12:45:00,0.0,0.17604613
2024-10-17 13:00:00,0.0,0.1131645
2024-10-17 13:15:00,0.0,0.029807676
2024-10-17 13:30:00,0.0,-0.05991037
2024-10-17 13:45:00,0.0,0.0631436
2024-10-17 14:00:00,0.0,0.167031
2024-10-17 14:15:00,0.0,0.07883675
2024-10-17 14:30:00,0.0,0.2179278
2024-10-17 14:45:00,0.0,0.20358771
2024-10-17 15:00:00,0.0,0.0038453073
2024-10-17 15:15:00,0.0,-0.07724045
2024-10-17 15:30:00,0.0,0.0023525264
2024-10-17 15:45:00,0.0,0.08651446
2024-10-17 16:00:00,0.0,0.09925738
2024-10-17 16:15:00,0.0,-0.039733272
2024-10-17 16:30:00,3.7914450950000003,-0.09561643
2024-10-17 16:45:00,0.0,-0.26838982
2024-10-17 17:00:00,0.0,-0.076306984
2024-10-17 17:15:00,0.0,-0.20526105
2024-10-17 17:30:00,0.0,-0.43046543
2024-10-17 17:45:00,0.0,-0.40145695
2024-10-17 18:00:00,0.0,0.37722602
2024-10-17 18:15:00,0.0,0.3055775
2024-10-17 18:30:00,0.0,0.055407304
2024-10-17 18:45:00,0.0,0.014143693
2024-10-17 19:00:00,0.0,0.06649349
2024-10-17 19:15:00,0.0,-0.05212191
2024-10-17 19:30:00,0.0,-0.11577524
2024-10-17 19:45:00,0.0,-0.3726955
2024-10-17 20:00:00,0.0,-0.44554397
2024-10-17 20:15:00,0.0,-0.36574447
2024-10-17 20:30:00,0.0,-0.16095392
2024-10-17 20:45:00,0.0,-0.052847136
2024-10-17 21:00:00,0.0,-0.009694518
2024-10-17 21:15:00,0.0,0.25454798
2024-10-17 21:30:00,0.0,0.1217496
2024-10-17 21:45:00,0.0,-0.028475236
2024-10-17 22:00:00,0.0,-0.045650475
2024-10-17 22:15:00,0.0,-0.04392917
2024-10-17 22:30:00,0.0,-0.13637856
2024-10-17 22:45:00,0.0,-0.16424029
2024-10-17 23:00:00,0.0,0.014919829
2024-10-17 23:15:00,0.0,0.074294664
2024-10-17 23:30:00,0.0,-0.0027680683
2024-10-17 23:45:00,0.0,0.015761817
2024-10-18 00:00:00,0.0,-0.051449332
2024-10-18 00:15:00,0.0,0.032696307
2024-10-18 00:30:00,0.0,-0.11211785
2024-10-18 00:45:00,0.0,-0.06434796
2024-10-18 01:00:00,0.0,-0.03322293
2024-10-18 01:15:00,0.0,0.08054191
2024-10-18 01:30:00,0.0,0.19615684
2024-10-18 01:45:00,0.0,0.17254618
2024-10-18 02:00:00,0.0,0.14671186
2024-10-18 02:15:00,0.0,0.05680857
2024-10-18 02:30:00,0.0,0.064142354
2024-10-18 02:45:00,0.0,0.22858311
2024-10-18 03:00:00,0.0,0.30727625
2024-10-18 03:15:00,0.0,0.3782014
2024-10-18 03:30:00,0.0,0.3047311
2024-10-18 03:45:00,0.0,0.2425494
2024-10-18 04:00:00,0.0,0.16300917
2024-10-18 04:15:00,0.0,0.10882004
2024-10-18 04:30:00,0.0,-0.012446459
2024-10-18 04:45:00,0.0,-0.03276442
2024-10-18 05:00:00,0.0,0.03722317
2024-10-18 05:15:00,0.0,0.22486824
2024-10-18 05:30:00,0.0,0.24035473
2024-10-18 05:45:00,0.0,0.2673007
2024-10-18 06:00:00,0.0,0.1523973
2024-10-18 06:15:00,0.0,0.01758863
2024-10-18 06:30:00,0.0,0.023423009
2024-10-18 06:45:00,0.0,0.08363381
2024-10-18 07:00:00,0.0,-0.05587556
2024-10-18 07:15:00,0.0,0.2052344
2024-10-18 07:30:00,0.0,0.47352353
2024-10-18 07:45:00,0.0,0.3942507
2024-10-18 08:00:00,0.0,0.24963152
2024-10-18 08:15:00,0.0,0.247569
2024-10-18 08:30:00,0.0,0.2376378
2024-10-18 08:45:00,0.0,0.18867876
2024-10-18 09:00:00,0.0,0.24346852
2024-10-18 09:15:00,0.0,0.28157765
2024-10-18 09:30:00,0.0,0.2890651
2024-10-18 09:45:00,0.0,0.22176509
2024-10-18 10:00:00,0.0,0.11875508
2024-10-18 10:15:00,0.0,0.11748819
2024-10-18 10:30:00,0.0,0.13568881
2024-10-18 10:45:00,0.0,0.15326722
2024-10-18 11:00:00,0.0,0.30259365
2024-10-18 11:15:00,0.0,0.32452354
2024-10-18 11:30:00,0.0,0.22985029
2024-10-18 11:45:00,0.0,0.24630655
2024-10-18 12:00:00,0.0,0.2570352
2024-10-18 12:15:00,0.0,0.1553543
2024-10-18 12:30:00,0.0,0.12045452
2024-10-18 12:45:00,0.0,0.11882485
2024-10-18 13:00:00,0.0,0.14059004
2024-10-18 13:15:00,0.0,0.16593939
2024-10-18 13:30:00,0.0,0.027203748
2024-10-18 13:45:00,0.0,0.0978274
2024-10-18 14:00:00,0.0,0.06999178
2024-10-18 14:15:00,0.0,0.059813436
2024-10-18 14:30:00,0.0,0.09509185
2024-10-18 14:45:00,0.0,0.059063114
2024-10-18 15:00:00,0.0,0.21897407
2024-10-18 15:15:00,0.0,0.25022963
2024-10-18 15:30:00,0.0,0.23623875
2024-10-18 15:45:00,0.0,-0.06268769
2024-10-18 16:00:00,9.875689103,-0.01113744
2024-10-18 16:15:00,0.0,0.12214877
2024-10-18 16:30:00,0.0,0.36321247
2024-10-18 16:45:00,0.0,0.1179739
2024-10-18 17:00:00,0.0,0.31859815
2024-10-18 17:15:00,0.0,0.43112954
2024-10-18 17:30:00,0.0,0.5021245
2024-10-18 17:45:00,0.0,0.5153377
2024-10-18 18:00:00,0.0,0.2752544
2024-10-18 18:15:00,0.0,-0.0794457
2024-10-18 18:30:00,0.0,-0.0051456955
2024-10-18 18:45:00,0.0,0.09887973
2024-10-18 19:00:00,0.0,0.20048095
2024-10-18 19:15:00,0.0,-0.09051812
2024-10-18 19:30:00,0.0,-0.073351905
2024-10-18 19:45:00,0.0,-0.035577487
2024-10-18 20:00:00,0.0,-0.02779325
2024-10-18 20:15:00,0.0,-0.22279315
2024-10-18 20:30:00,0.0,-0.11739306
2024-10-18 20:45:00,0.0,0.14203706
2024-10-18 21:00:00,0.0,0.09953704
2024-10-18 21:15:00,0.0,-0.020746687
2024-10-18 21:30:00,0.0,0.03067984
2024-10-18 21:45:00,0.0,0.07618567
2024-10-18 22:00:00,0.0,0.103207074
2024-10-18 22:15:00,0.0,0.12223859
2024-10-18 22:30:00,0.0,0.11457724
2024-10-18 22:45:00,0.0,0.124399476
2024-10-18 23:00:00,0.0,0.23762757
2024-10-18 23:15:00,0.0,0.2083214
2024-10-18 23:30:00,0.0,0.19004582
2024-10-18 23:45:00,0.0,0.17691833
2024-10-19 00:00:00,0.0,0.16394211
2024-10-19 00:15:00,0.0,0.20756394
2024-10-19 00:30:00,0.0,0.18727466
2024-10-19 00:45:00,0.0,0.09208694
2024-10-19 01:00:00,0.0,0.34271112
2024-10-19 01:15:00,0.0,0.3821601
2024-10-19 01:30:00,0.0,0.3340201
2024-10-19 01:45:00,0.0,0.21492492
2024-10-19 02:00:00,0.0,0.29191995
2024-10-19 02:15:00,0.3871218122,0.45112002
2024-10-19 02:30:00,0.0,0.3566532
2024-10-19 02:45:00,0.0,0.38979948
2024-10-19 03:00:00,0.0,0.3622625
2024-10-19 03:15:00,0.0,0.48315594
2024-10-19 03:30:00,0.0,0.37850595
2024-10-19 03:45:00,0.0,0.33257356
2024-10-19 04:00:00,0.0,0.28197953
2024-10-19 04:15:00,0.0,0.14093722
2024-10-19 04:30:00,0.0,0.08439866
2024-10-19 04:45:00,0.0,0.24618185
2024-10-19 05:00:00,0.0,0.28274024
2024-10-19 05:15:00,0.0,0.3474772
2024-10-19 05:30:00,0.0,0.3687918
2024-10-19 05:45:00,0.0,0.39736268
2024-10-19 06:00:00,0.0,0.27709582
2024-10-19 06:15:00,0.0,0.23064482
2024-10-19 06:30:00,0.0,0.24939424
2024-10-19 06:45:00,0.0,0.23581219
2024-10-19 07:00:00,0.0,0.44746414
2024-10-19 07:15:00,0.0,0.4620943
2024-10-19 07:30:00,0.0,0.49640113
2024-10-19 07:45:00,0.0,0.5795547
2024-10-19 08:00:00,0.0,0.4861184
2024-10-19 08:15:00,0.0,0.5875323
2024-10-19 08:30:00,0.0,0.60862434
2024-10-19 08:45:00,0.0,0.6367958
2024-10-19 09:00:00,0.0,0.66436476
2024-10-19 09:15:00,0.0,0.74244404
2024-10-19 09:30:00,5.39214704,0.74726087
2024-10-19 09:45:00,0.0,0.58583313
2024-10-19 10:00:00,0.0,0.6473385
2024-10-19 10:15:00,0.0,0.3810286
2024-10-19 10:30:00,0.0,-0.21211031
2024-10-19 10:45:00,0.0,-0.11018782
2024-10-19 11:00:00,0.0,0.13857616
2024-10-19 11:15:00,0.0,0.24166688
2024-10-19 11:30:00,0.0,0.38660198
2024-10-19 11:45:00,0.0,0.13987114
2024-10-19 12:00:00,0.0,0.35040042
2024-10-19 12:15:00,0.0,0.52927476
2024-10-19 12:30:00,0.0,0.4817574
2024-10-19 12:45:00,0.0,0.490847
2024-10-19 13:00:00,0.0,0.46313414
2024-10-19 13:15:00,0.0,0.5903566
2024-10-19 13:30:00,0.0,0.62148845
2024-10-19 13:45:00,0.0,0.6233541
2024-10-19 14:00:00,0.0,0.6616121
2024-10-19 14:15:00,0.0,0.535493
2024-10-19 14:30:00,0.0,0.63394266
2024-10-19 14:45:00,0.0,0.5623325
2024-10-19 15:00:00,0.0,0.5837335
2024-10-19 15:15:00,0.0,0.59535855
2024-10-19 15:30:00,0.0,0.5626087
2024-10-19 15:45:00,0.0,0.65919256
2024-10-19 16:00:00,0.0,0.38066
2024-10-19 16:15:00,0.0,0.2842073
2024-10-19 16:30:00,0.0,0.21008937
2024-10-19 16:45:00,0.0,0.17028546
2024-10-19 17:00:00,0.0,-0.1432433
2024-10-19 17:15:00,0.0,-0.013413695
2024-10-19 17:30:00,0.0,0.21302044
2024-10-19 17:45:00,0.0,0.3335091
2024-10-19 18:00:00,0.0,0.27934587
2024-10-19 18:15:00,0.0,0.07413391
2024-10-19 18:30:00,0.0,0.04399781
2024-10-19 18:45:00,0.0,0.21766326
2024-10-19 19:00:00,0.0,0.34539798
2024-10-19 19:15:00,0.0,0.31581163
2024-10-19 19:30:00,0.0,0.24053794
2024-10-19 19:45:00,0.0,0.17924772
2024-10-19 20:00:00,0.0,0.097018525
2024-10-19 20:15:00,0.0,0.21542102
2024-10-19 20:30:00,0.0,0.23120783
2024-10-19 20:45:00,0.0,0.23596331
2024-10-19 21:00:00,0.0,0.22776966
2024-10-19 21:15:00,0.0,0.19619997
2024-10-19 21:30:00,0.0,0.28203765
2024-10-19 21:45:00,0.0,0.26045364
2024-10-19 22:00:00,0.0,0.19484398
2024-10-19 22:15:00,0.0,0.24442005
2024-10-19 22:30:00,0.0,0.05928249
2024-10-19 22:45:00,0.0,0.05757022
2024-10-19 23:00:00,0.0,0.035032164
2024-10-19 23:15:00,0.0,-0.011997338
2024-10-19 23:30:00,0.0,-0.023641864
2024-10-19 23:45:00,0.0,-0.1355739
2024-10-20 00:00:00,0.0,-0.121708505
2024-10-20 00:15:00,0.0,-0.018338656
2024-10-20 00:30:00,0.0,0.22319111
2024-10-20 00:45:00,0.0,0.28102463
2024-10-20 01:00:00,0.0,0.41842875
2024-10-20 01:15:00,0.0,0.39452943
2024-10-20 01:30:00,3.754525962,0.22449793
2024-10-20 01:45:00,0.0,0.26951894
2024-10-20 02:00:00,0.0,0.50361544
2024-10-20 02:15:00,0.0,0.5677501
2024-10-20 02:30:00,0.0,0.3095471
2024-10-20 02:45:00,0.0,0.52632135
2024-10-20 03:00:00,0.0,0.65948457
2024-10-20 03:15:00,0.0,0.42631918
2024-10-20 03:30:00,0.0,0.35985288
2024-10-20 03:45:00,0.0,0.28910053
2024-10-20 04:00:00,0.0,0.36167085
2024-10-20 04:15:00,0.0,0.187534
2024-10-20 04:30:00,0.0,0.19742475
2024-10-20 04:45:00,0.0,0.097387515
2024-10-20 05:00:00,0.0,0.18299565
2024-10-20 05:15:00,0.0,0.05221275
2024-10-20 05:30:00,0.0,0.34083766
2024-10-20 05:45:00,0.0,0.3175356
2024-10-20 06:00:00,0.0,0.36752138
2024-10-20 06:15:00,0.0,0.3184096
2024-10-20 06:30:00,0.0,0.32639655
2024-10-20 06:45:00,0.0,0.26232642
2024-10-20 07:00:00,0.0,0.20068607
2024-10-20 07:15:00,0.0,0.21008417
2024-10-20 07:30:00,0.0,0.4427599
2024-10-20 07:45:00,0.0,0.4465941
2024-10-20 08:00:00,1.454052979,0.3477984
2024-10-20 08:15:00,0.0,0.48866597
2024-10-20 08:30:00,0.0,0.3416146
2024-10-20 08:45:00,0.0,0.39104733
2024-10-20 09:00:00,0.0,0.4831308
2024-10-20 09:15:00,0.0,0.7045808
2024-10-20 09:30:00,0.0,0.89633244
2024-10-20 09:45:00,0.0,0.85553235
2024-10-20 10:00:00,0.0,0.078635775
2024-10-20 10:15:00,0.0,0.12080406
2024-10-20 10:30:00,0.0,-0.01658567
2024-10-20 10:45:00,0.0,0.15570964
2024-10-20 11:00:00,0.0,0.4276703
2024-10-20 11:15:00,0.0,0.4514689
2024-10-20 11:30:00,0.0,0.40316492
2024-10-20 11:45:00,0.0,0.38161448
2024-10-20 12:00:00,0.0,0.34927666
2024-10-20 12:15:00,0.0,0.37381044
2024-10-20 12:30:00,0.0,0.3601329
2024-10-20 12:45:00,0.0,0.3527909
2024-10-20 13:00:00,0.0,0.4069942
2024-10-20 13:15:00,0.0,0.34350508
2024-10-20 13:30:00,0.0,0.28561458
2024-10-20 13:45:00,0.0,0.22720817
2024-10-20 14:00:00,0.0,0.24783413
2024-10-20 14:15:00,0.0,0.24219723
2024-10-20 14:30:00,0.0,0.32555017
2024-10-20 14:45:00,0.0,0.35879603
2024-10-20 15:00:00,0.0,0.09639381
2024-10-20 15:15:00,0.0,0.14431362
2024-10-20 15:30:00,0.0,0.21511653
2024-10-20 15:45:00,0.0,0.28904024
2024-10-20 16:00:00,0.0,0.22631629
2024-10-20 16:15:00,0.0,0.47694543
2024-10-20 16:30:00,0.0,0.45085007
2024-10-20 16:45:00,4.271309173,0.39074275
2024-10-20 17:00:00,0.0,0.5454744
2024-10-20 17:15:00,0.0,0.38376048
2024-10-20 17:30:00,0.0,0.24916048
2024-10-20 17:45:00,0.0,-0.04177145
2024-10-20 18:00:00,0.0,0.19692983
2024-10-20 18:15:00,0.0,0.4738695
2024-10-20 18:30:00,0.0,0.43048272
2024-10-20 18:45:00,0.0,0.490638
2024-10-20 19:00:00,0.0,0.26879215
2024-10-20 19:15:00,0.0,0.2863325
2024-10-20 19:30:00,0.0,0.24342959
2024-10-20 19:45:00,0.0,0.15327233
2024-10-20 20:00:00,0.0,0.2254329
2024-10-20 20:15:00,0.0,0.25575617
2024-10-20 20:30:00,0.0,0.27233568
2024-10-20 20:45:00,0.0,0.32574245
2024-10-20 21:00:00,0.0,0.35103518
2024-10-20 21:15:00,0.0,0.45847785
2024-10-20 21:30:00,0.0,0.4730805
2024-10-20 21:45:00,0.0,0.37858844
2024-10-20 22:00:00,0.0,0.20133324
2024-10-20 22:15:00,0.0,0.2364278
2024-10-20 22:30:00,0.0,0.30180582
2024-10-20 22:45:00,0.0,0.33575335
2024-10-20 23:00:00,0.0,0.26669055
2024-10-20 23:15:00,0.0,0.36495122
2024-10-20 23:30:00,0.0,0.20822553
2024-10-20 23:45:00,0.0,0.099958934
2024-10-21 00:00:00,0.0,0.14853755
2024-10-21 00:15:00,0.0,0.18799098
2024-10-21 00:30:00,0.0,0.25916702
2024-10-21 00:45:00,0.0,0.2695695
2024-10-21 01:00:00,0.0,0.34941667
2024-10-21 01:15:00,0.0,0.5221666
2024-10-21 01:30:00,0.0,0.49364173
2024-10-21 01:45:00,0.0,0.43268248
2024-10-21 02:00:00,0.0,0.36825386
2024-10-21 02:15:00,0.0,0.2874684
2024-10-21 02:30:00,0.0,0.3090628
2024-10-21 02:45:00,0.0,0.32269263
2024-10-21 03:00:00,0.0,0.3264064
2024-10-21 03:15:00,0.0,0.26285195
2024-10-21 03:30:00,0.0,0.17202257
2024-10-21 03:45:00,0.0,0.42361397
2024-10-21 04:00:00,0.0,0.47920993
2024-10-21 04:15:00,0.0,0.4183882
2024-10-21 04:30:00,0.0,0.4971501
2024-10-21 04:45:00,0.0,0.7389083
2024-10-21 05:00:00,0.0,0.5840117
2024-10-21 05:15:00,0.0,0.52195734
2024-10-21 05:30:00,0.0,0.38786763
2024-10-21 05:45:00,0.0,0.45943815
2024-10-21 06:00:00,0.0,0.37429142
2024-10-21 06:15:00,0.0,0.37867597
2024-10-21 06:30:00,0.0,0.15527984
2024-10-21 06:45:00,0.0,0.109654956
2024-10-21 07:00:00,0.0,0.13732515
2024-10-21 07:15:00,0.0,0.29120812
2024-10-21 07:30:00,0.0,0.26309204
2024-10-21 07:45:00,0.0,0.3089326
2024-10-21 08:00:00,0.0,0.56589925
2024-10-21 08:15:00,0.0,0.624071
2024-10-21 08:30:00,0.0,0.47264653
2024-10-21 08:45:00,0.0,0.48904368
2024-10-21 09:00:00,0.0,0.6901402
2024-10-21 09:15:00,0.0,0.7395745
2024-10-21 09:30:00,0.0,0.7211937
2024-10-21 09:45:00,4.945145391,0.6491456
2024-10-21 10:00:00,0.0,0.49002558
2024-10-21 10:15:00,0.0,0.033838496
2024-10-21 10:30:00,0.0,0.09679493
2024-10-21 10:45:00,0.0,-0.12008817
2024-10-21 11:00:00,0.0,0.18635915
2024-10-21 11:15:00,0.0,0.5083233
2024-10-21 11:30:00,0.0,0.3055499
2024-10-21 11:45:00,0.0,0.50897527
2024-10-21 12:00:00,0.0,0.40454486
2024-10-21 12:15:00,0.0,0.5587035
2024-10-21 12:30:00,0.0,0.2092572
2024-10-21 12:45:00,0.0,0.18259926
2024-10-21 13:00:00,0.0,0.28138945
2024-10-21 13:15:00,0.0,0.31381693
2024-10-21 13:30:00,0.0,0.40925285
2024-10-21 13:45:00,0.0,0.3409734
2024-10-21 14:00:00,0.0,0.43829057
2024-10-21 14:15:00,0.0,0.4422809
2024-10-21 14:30:00,0.0,0.47927466
2024-10-21 14:45:00,0.0,0.41155207
2024-10-21 15:00:00,0.0,0.42136014
2024-10-21 15:15:00,0.0,0.3147356
2024-10-21 15:30:00,0.0,0.24000347
2024-10-21 15:45:00,0.0,0.21928011
2024-10-21 16:00:00,0.0,0.2816715
2024-10-21 16:15:00,0.0,0.10974203
2024-10-21 16:30:00,0.0,0.28331763
2024-10-21 16:45:00,0.0,0.45162472
2024-10-21 17:00:00,0.0,0.46976286
2024-10-21 17:15:00,0.0,0.279212
2024-10-21 17:30:00,0.0,0.3055496
2024-10-21 17:45:00,0.0,0.37643576
2024-10-21 18:00:00,0.0,0.25596538
2024-10-21 18:15:00,0.0,0.46955305
2024-10-21 18:30:00,0.0,0.42651305
2024-10-21 18:45:00,0.0,0.44578624
2024-10-21 19:00:00,0.0,0.4045614
2024-10-21 19:15:00,0.0,0.37972498
2024-10-21 19:30:00,0.0,0.2201105
2024-10-21 19:45:00,0.0,0.09262083
2024-10-21 20:00:00,0.0,0.3557592
2024-10-21 20:15:00,0.0,0.5365594
2024-10-21 20:30:00,0.0,0.51462996
2024-10-21 20:45:00,0.0,0.3819089
2024-10-21 21:00:00,0.0,0.47434956
2024-10-21 21:15:00,0.0,0.47812623
2024-10-21 21:30:00,0.0,0.4363654
2024-10-21 21:45:00,0.0,0.5103823
2024-10-21 22:00:00,0.0,0.48581865
2024-10-21 22:15:00,0.0,0.46432307
2024-10-21 22:30:00,0.0,0.34804037
2024-10-21 22:45:00,0.0,0.2793164
2024-10-21 23:00:00,0.0,0.1839043
2024-10-21 23:15:00,0.0,0.21305686
2024-10-21 23:30:00,0.0,0.2914686
2024-10-21 23:45:00,0.0,0.28883976
2024-10-22 00:00:00,0.0,0.19049202
2024-10-22 00:15:00,0.0,-0.028689798
2024-10-22 00:30:00,0.0,-0.14442188
2024-10-22 00:45:00,0.0,-0.12092887
2024-10-22 01:00:00,0.0,-0.16090292
2024-10-22 01:15:00,0.0,-0.056812182
2024-10-22 01:30:00,0.0,-0.04312218
2024-10-22 01:45:00,0.0,-0.008161812
2024-10-22 02:00:00,0.0,-0.030237028
2024-10-22 02:15:00,0.0,0.08492456
2024-10-22 02:30:00,0.0,0.2137003
2024-10-22 02:45:00,0.0,0.22193258
2024-10-22 03:00:00,0.0,0.18475609
2024-10-22 03:15:00,0.0,0.1654049
2024-10-22 03:30:00,0.0,0.19893304
2024-10-22 03:45:00,0.0,0.23509653
2024-10-22 04:00:00,0.0,0.21378988
2024-10-22 04:15:00,0.0,0.029315187
2024-10-22 04:30:00,0.0,0.1364034
2024-10-22 04:45:00,1.066100447,0.20372108
2024-10-22 05:00:00,0.0,-0.11551598
2024-10-22 05:15:00,0.0,-0.044847623
2024-10-22 05:30:00,0.0,-0.057613794
2024-10-22 05:45:00,0.0,0.12080063
2024-10-22 06:00:00,0.0,-0.0077508655
2024-10-22 06:15:00,0.0,-0.0967847
2024-10-22 06:30:00,0.0,-0.09415443
2024-10-22 06:45:00,0.0,-0.042793527
2024-10-22 07:00:00,0.0,-0.047079172
2024-10-22 07:15:00,0.0,0.08199706
2024-10-22 07:30:00,0.0,0.14834286
2024-10-22 07:45:00,0.0,0.28249544
2024-10-22 08:00:00,0.0,0.34916675
2024-10-22 08:15:00,0.0,0.29279864
2024-10-22 08:30:00,0.0,0.310257
2024-10-22 08:45:00,0.0,0.30021274
2024-10-22 09:00:00,0.0,0.22937198
2024-10-22 09:15:00,0.0,0.2061539
2024-10-22 09:30:00,0.0,0.25696972
2024-10-22 09:45:00,0.0,0.30384004
2024-10-22 10:00:00,0.0,0.28680208
2024-10-22 10:15:00,0.0,0.20893483
2024-10-22 10:30:00,0.0,0.15183046
2024-10-22 10:45:00,0.0,0.17239773
2024-10-22 11:00:00,0.0,0.01810535
2024-10-22 11:15:00,0.0,-0.0813918
2024-10-22 11:30:00,0.0,-0.07239718
2024-10-22 11:45:00,0.0,-0.013184459
2024-10-22 12:00:00,0.0,0.1485529
2024-10-22 12:15:00,0.0,0.07463468
2024-10-22 12:30:00,0.0,0.23605753
2024-10-22 12:45:00,0.0,0.33912808
2024-10-22 13:00:00,0.0,0.2637363
2024-10-22 13:15:00,5.175462673,0.25219125
2024-10-22 13:30:00,0.0,0.12856324
2024-10-22 13:45:00,0.0,0.43677238
2024-10-22 14:00:00,0.0,0.33737382
2024-10-22 14:15:00,0.0,-0.025128813
2024-10-22 14:30:00,0.0,-0.09517282
2024-10-22 14:45:00,0.0,0.23382297
2024-10-22 15:00:00,0.0,0.21618745
2024-10-22 15:15:00,0.0,0.1796134
2024-10-22 15:30:00,0.0,-0.05887888
2024-10-22 15:45:00,0.0,0.32251653
2024-10-22 16:00:00,0.0,0.029774036
2024-10-22 16:15:00,0.0,0.029057203
2024-10-22 16:30:00,0.0,0.13049187
2024-10-22 16:45:00,0.0,0.18887146
2024-10-22 17:00:00,0.0,0.032238584
2024-10-22 17:15:00,0.0,-0.22223595
2024-10-22 17:30:00,0.0,-0.04864341
2024-10-22 17:45:00,0.0,0.022137526
2024-10-22 18:00:00,0.0,0.13772357
2024-10-22 18:15:00,0.0,0.29276153
2024-10-22 18:30:00,0.0,0.32836738
2024-10-22 18:45:00,0.0,0.28191906
2024-10-22 19:00:00,0.0,0.21880749
2024-10-22 19:15:00,0.0,0.21573345
2024-10-22 19:30:00,0.0,0.23203266
2024-10-22 19:45:00,0.0,-0.106704764
2024-10-22 20:00:00,0.0,-0.036663312
2024-10-22 20:15:00,0.0,-0.080517076
2024-10-22 20:30:00,0.0,0.15232815
2024-10-22 20:45:00,0.0,0.1757101
2024-10-22 21:00:00,0.0,0.2908136
2024-10-22 21:15:00,0.0,0.41335478
2024-10-22 21:30:00,0.0,0.11239389
2024-10-22 21:45:00,0.0,0.23241323
2024-10-22 22:00:00,0.0,0.28643128
2024-10-22 22:15:00,0.0,0.27909356
2024-10-22 22:30:00,0.0,0.16110045
2024-10-22 22:45:00,0.0,-0.062087808
2024-10-22 23:00:00,0.0,0.0358721
2024-10-22 23:15:00,0.0,0.24151784
2024-10-22 23:30:00,0.0,0.2623331
2024-10-22 23:45:00,0.0,0.16855095
2024-10-23 00:00:00,0.0,0.09132292
2024-10-23 00:15:00,0.0,-0.03419699
2024-10-23 00:30:00,0.0,0.09497268
2024-10-23 00:45:00,0.0,0.10645378
2024-10-23 01:00:00,0.0,0.09129022
2024-10-23 01:15:00,0.0,-0.029192936
2024-10-23 01:30:00,0.0,0.03472498
2024-10-23 01:45:00,0.0,0.104899816
2024-10-23 02:00:00,0.0,0.27581206
2024-10-23 02:15:00,0.0,-0.007904054
2024-10-23 02:30:00,0.0,0.055056524
2024-10-23 02:45:00,0.0,0.21311091
2024-10-23 03:00:00,0.0,0.28236312
2024-10-23 03:15:00,0.0,0.21403597
2024-10-23 03:30:00,0.0,0.21053226
2024-10-23 03:45:00,0.0,0.20432611
2024-10-23 04:00:00,0.0,0.11234084
2024-10-23 04:15:00,0.0,0.11460528
2024-10-23 04:30:00,0.0,0.107619055
2024-10-23 04:45:00,0.0,0.07116973
2024-10-23 05:00:00,0.0,0.1637972
2024-10-23 05:15:00,0.0,0.25939244
2024-10-23 05:30:00,0.0,0.25032672
2024-10-23 05:45:00,0.0,0.2795529
2024-10-23 06:00:00,0.0,0.2785555
2024-10-23 06:15:00,0.0,0.24085918
2024-10-23 06:30:00,0.0,0.30667713
2024-10-23 06:45:00,0.0,0.38876295
2024-10-23 07:00:00,0.0,0.1859636
2024-10-23 07:15:00,0.0,0.18451668
2024-10-23 07:30:00,0.0,0.31835678
2024-10-23 07:45:00,0.0,0.47707754
2024-10-23 08:00:00,6.753380009,0.20488557
2024-10-23 08:15:00,0.0,0.26520318
2024-10-23 08:30:00,0.0,0.3406273
2024-10-23 08:45:00,0.0,0.4700027
2024-10-23 09:00:00,0.0,0.08659867
2024-10-23 09:15:00,0.0,0.24957478
2024-10-23 09:30:00,0.0,0.4786413
2024-10-23 09:45:00,0.0,0.038237855
2024-10-23 10:00:00,0.0,0.107705094
2024-10-23 10:15:00,0.0,-0.34017238
2024-10-23 10:30:00,0.0,0.11074838
2024-10-23 10:45:00,0.0,-0.08312891
2024-10-23 11:00:00,0.0,0.1551467
2024-10-23 11:15:00,0.0,0.18119887
2024-10-23 11:30:00,0.0,0.28489098
2024-10-23 11:45:00,0.0,0.15867849
2024-10-23 12:00:00,0.0,0.22014497
2024-10-23 12:15:00,0.0,0.320742
2024-10-23 12:30:00,0.0,0.3426249
2024-10-23 12:45:00,0.0,0.21745668
2024-10-23 13:00:00,0.0,0.3189187
2024-10-23 13:15:00,0.0,0.19429737
2024-10-23 13:30:00,0.0,0.33969846
2024-10-23 13:45:00,0.0,0.14821988
2024-10-23 14:00:00,0.0,0.07286167
2024-10-23 14:15:00,0.0,0.14123586
2024-10-23 14:30:00,0.0,0.16448006
2024-10-23 14:45:00,0.0,0.22161447
2024-10-23 15:00:00,0.0,0.33579046
2024-10-23 15:15:00,0.0,0.31136087
2024-10-23 15:30:00,0.0,0.2535131
2024-10-23 15:45:00,0.9830176899,0.2680191
2024-10-23 16:00:00,0.0,0.31046245
2024-10-23 16:15:00,0.0,0.25896746
2024-10-23 16:30:00,0.0,0.03176412
2024-10-23 16:45:00,0.0,-0.07162122
2024-10-23 17:00:00,0.0,-0.014194572
2024-10-23 17:15:00,0.0,0.20043746
2024-10-23 17:30:00,0.0,0.23673004
2024-10-23 17:45:00,0.0,0.26320788
2024-10-23 18:00:00,0.0,0.16159685
2024-10-23 18:15:00,0.0,0.26343352
2024-10-23 18:30:00,0.0,0.13597894
2024-10-23 18:45:00,0.0,0.18422604
2024-10-23 19:00:00,0.0,0.10823446
2024-10-23 19:15:00,0.0,0.16801162
2024-10-23 19:30:00,0.0,0.19235662
2024-10-23 19:45:00,0.0,0.2524487
2024-10-23 20:00:00,0.0,0.17527786
2024-10-23 20:15:00,0.0,0.23303509
2024-10-23 20:30:00,0.0,0.122525886
2024-10-23 20:45:00,0.0,0.16180329
2024-10-23 21:00:00,0.0,0.13182665
2024-10-23 21:15:00,0.0,0.0256009
2024-10-23 21:30:00,0.0,0.032623984
2024-10-23 21:45:00,0.0,0.06574599
2024-10-23 22:00:00,0.0,0.12030077
2024-10-23 22:15:00,0.0,0.06732592
2024-10-23 22:30:00,0.0,0.23999913
2024-10-23 22:45:00,0.0,0.04504924
2024-10-23 23:00:00,0.0,0.092930734
2024-10-23 23:15:00,0.0,0.16301373
2024-10-23 23:30:00,0.0,0.1796012
2024-10-23 23:45:00,0.0,0.13472785
2024-10-24 00:00:00,0.0,0.16362356
2024-10-24 00:15:00,0.0,0.016309017
2024-10-24 00:30:00,0.0,0.16931291
2024-10-24 00:45:00,0.0,0.32486653
2024-10-24 01:00:00,0.0,0.27161422
2024-10-24 01:15:00,0.0,0.37024125
2024-10-24 01:30:00,0.0,0.3330495
2024-10-24 01:45:00,0.0,0.18013553
2024-10-24 02:00:00,0.0,0.12028538
2024-10-24 02:15:00,0.0,0.018571049
2024-10-24 02:30:00,0.0,0.009372785
2024-10-24 02:45:00,0.0,0.1475893
2024-10-24 03:00:00,0.0,0.21608318
2024-10-24 03:15:00,0.0,0.4348045
2024-10-24 03:30:00,0.0,0.42906144
2024-10-24 03:45:00,0.0,0.42976496
2024-10-24 04:00:00,0.0,0.3785297
2024-10-24 04:15:00,0.0,0.21490344
2024-10-24 04:30:00,0.0,0.33595446
2024-10-24 04:45:00,0.0,0.23000377
2024-10-24 05:00:00,0.0,0.25028133
2024-10-24 05:15:00,0.0,0.1465451
2024-10-24 05:30:00,0.0,0.100807585
2024-10-24 05:45:00,0.0,0.16913646
2024-10-24 06:00:00,0.0,0.13598265
2024-10-24 06:15:00,0.0,0.27794254
2024-10-24 06:30:00,0.0,0.30284926
2024-10-24 06:45:00,0.0,0.24495558
2024-10-24 07:00:00,0.0,0.19392899
2024-10-24 07:15:00,0.0,0.27891752
2024-10-24 07:30:00,0.0,0.3313981
2024-10-24 07:45:00,0.0,0.39706188
2024-10-24 08:00:00,0.0,0.48207167
2024-10-24 08:15:00,0.0,0.43077794
2024-10-24 08:30:00,0.0,0.118336044
2024-10-24 08:45:00,0.0,-0.05925231
2024-10-24 09:00:00,0.0,0.03023311
2024-10-24 09:15:00,0.0,0.083067566
2024-10-24 09:30:00,0.0,0.10171907
2024-10-24 09:45:00,0.0,0.064186834
2024-10-24 10:00:00,0.0,0.008582424
2024-10-24 10:15:00,0.0,0.12508218
2024-10-24 10:30:00,0.0,0.19230115
2024-10-24 10:45:00,0.0,0.03648103
2024-10-24 11:00:00,0.0,0.2339336
2024-10-24 11:15:00,0.0,0.3089226
2024-10-24 11:30:00,0.0,0.30611914
2024-10-24 11:45:00,0.0,0.25368598
2024-10-24 12:00:00,0.0,0.09174305
2024-10-24 12:15:00,0.0,0.11780404
2024-10-24 12:30:00,0.0,0.1528245
2024-10-24 12:45:00,0.0,0.120016634
2024-10-24 13:00:00,0.0,0.06773822
2024-10-24 13:15:00,0.0,-0.026798299
2024-10-24 13:30:00,0.0,0.080371946
2024-10-24 13:45:00,0.0,0.023872826
2024-10-24 14:00:00,0.0,0.18722937
2024-10-24 14:15:00,0.0,0.33770165
2024-10-24 14:30:00,0.0,0.47553864
2024-10-24 14:45:00,0.0,0.32410124
2024-10-24 15:00:00,0.0,0.1886692
2024-10-24 15:15:00,0.0,0.08400634
2024-10-24 15:30:00,0.0,0.06765894
2024-10-24 15:45:00,0.0,0.15506122
2024-10-24 16:00:00,0.0,0.3443708
2024-10-24 16:15:00,0.0,0.10853929
2024-10-24 16:30:00,0.0,0.12364034
2024-10-24 16:45:00,0.0,0.25422558
2024-10-24 17:00:00,0.0,-0.031660948
2024-10-24 17:15:00,0.0,-0.05101736
2024-10-24 17:30:00,0.0,-0.011224909
2024-10-24 17:45:00,0.0,0.009858368
2024-10-24 18:00:00,0.0,0.043828513
2024-10-24 18:15:00,0.0,-0.0022463044
2024-10-24 18:30:00,0.0,0.01557115
2024-10-24 18:45:00,0.0,-0.094515555
2024-10-24 19:00:00,0.0,-0.001390056
2024-10-24 19:15:00,0.0,-0.017406661
2024-10-24 19:30:00,0.0,-0.04998323
2024-10-24 19:45:00,0.0,0.04545473
2024-10-24 20:00:00,0.0,-0.0071156123
2024-10-24 20:15:00,0.0,-0.001968
2024-10-24 20:30:00,0.0,0.045587033
2024-10-24 20:45:00,0.0,-0.01461248
2024-10-24 21:00:00,0.0,-0.010263055
2024-10-24 21:15:00,0.0,0.1011354
2024-10-24 21:30:00,0.0,0.16667774
2024-10-24 21:45:00,0.0,0.11244801
2024-10-24 22:00:00,0.0,-0.04975757
2024-10-24 22:15:00,0.0,0.07861026
2024-10-24 22:30:00,0.0,-0.2016564
2024-10-24 22:45:00,0.0,0.029426267
2024-10-24 23:00:00,0.0,0.010048451
2024-10-24 23:15:00,3.542161888,-0.027966341
2024-10-24 23:30:00,0.0,-0.1022087
2024-10-24 23:45:00,0.0,-0.04701859
2024-10-25 00:00:00,0.0,-0.15756625
2024-10-25 00:15:00,0.0,-0.56458986
2024-10-25 00:30:00,0.0,-0.32962012
2024-10-25 00:45:00,0.0,0.35908425
2024-10-25 01:00:00,0.0,0.15783651
2024-10-25 01:15:00,0.0,-0.038157333
2024-10-25 01:30:00,0.0,-0.16316606
2024-10-25 01:45:00,0.0,0.20110212
2024-10-25 02:00:00,0.0,0.013526953
2024-10-25 02:15:00,0.0,0.008692715
2024-10-25 02:30:00,0.0,0.08995797
2024-10-25 02:45:00,0.0,-0.03507789
2024-10-25 03:00:00,0.0,0.2633686
2024-10-25 03:15:00,0.0,0.1908936
2024-10-25 03:30:00,0.0,0.10233416
2024-10-25 03:45:00,0.0,0.05960527
2024-10-25 04:00:00,0.0,-0.02633294
2024-10-25 04:15:00,0.0,0.013585429
2024-10-25 04:30:00,0.0,0.14881465
2024-10-25 04:45:00,0.0,0.12853885
2024-10-25 05:00:00,0.0,0.097656794
2024-10-25 05:15:00,0.0,-0.0063939253
2024-10-25 05:30:00,0.0,-0.007301688
2024-10-25 05:45:00,0.0,-0.0012285899
2024-10-25 06:00:00,0.0,0.22120024
2024-10-25 06:15:00,0.0,0.18337834
2024-10-25 06:30:00,0.0,0.15031514
2024-10-25 06:45:00,0.0,0.0240615
2024-10-25 07:00:00,0.0,0.06165214
2024-10-25 07:15:00,0.0,0.12170354
2024-10-25 07:30:00,0.0,0.27196556
2024-10-25 07:45:00,0.0,0.35339633
2024-10-25 08:00:00,0.0,0.3856155
2024-10-25 08:15:00,0.0,0.41202927
2024-10-25 08:30:00,0.0,0.16188584
2024-10-25 08:45:00,0.0,0.41821647
2024-10-25 09:00:00,0.0,0.56183636
2024-10-25 09:15:00,0.0,0.55446696
2024-10-25 09:30:00,0.0,0.3705163
2024-10-25 09:45:00,0.0,0.49125773
2024-10-25 10:00:00,0.0,0.45553648
2024-10-25 10:15:00,0.0,0.30790478
2024-10-25 10:30:00,0.0,0.33504128
2024-10-25 10:45:00,0.0,0.2302828
2024-10-25 11:00:00,0.0,0.22504449
2024-10-25 11:15:00,0.0,0.13919239
2024-10-25 11:30:00,0.0,0.24990937
2024-10-25 11:45:00,0.0,0.23209246
2024-10-25 12:00:00,0.0,0.30941507
2024-10-25 12:15:00,0.0,0.41470978
2024-10-25 12:30:00,0.0,0.2760369
2024-10-25 12:45:00,0.0,0.24377096
2024-10-25 13:00:00,0.0,0.10151066
2024-10-25 13:15:00,0.0,0.13897511
2024-10-25 13:30:00,0.0,0.25963023
2024-10-25 13:45:00,0.0,0.18283625
2024-10-25 14:00:00,0.0,0.2559427
2024-10-25 14:15:00,0.0,0.3168553
2024-10-25 14:30:00,0.0,0.4403041
2024-10-25 14:45:00,0.0,0.29606533
2024-10-25 15:00:00,0.0,0.31205606
2024-10-25 15:15:00,0.0,0.27465856
2024-10-25 15:30:00,0.0,0.3512771
2024-10-25 15:45:00,0.0,0.31322932
2024-10-25 16:00:00,0.0,0.41892087
2024-10-25 16:15:00,0.0,0.38921186
2024-10-25 16:30:00,0.0,-0.030254375
2024-10-25 16:45:00,0.0,-0.3759109
2024-10-25 17:00:00,0.0,-0.122150876
2024-10-25 17:15:00,0.0,0.064370915
2024-10-25 17:30:00,0.0,0.06724114
2024-10-25 17:45:00,0.0,0.092384964
2024-10-25 18:00:00,0.0,0.15962222
2024-10-25 18:15:00,0.0,0.17569877
2024-10-25 18:30:00,0.0,0.1835065
2024-10-25 18:45:00,0.0,0.24506208
2024-10-25 19:00:00,0.0,0.25179422
2024-10-25 19:15:00,0.0,0.1103018
2024-10-25 19:30:00,0.0,0.23249881
2024-10-25 19:45:00,0.0,0.16161965
2024-10-25 20:00:00,0.0,0.14581983
2024-10-25 20:15:00,0.0,0.08511458
2024-10-25 20:30:00,0.0,0.16279669
2024-10-25 20:45:00,0.0,0.21141466
2024-10-25 21:00:00,0.0,0.21486822
2024-10-25 21:15:00,0.0,0.22024013
2024-10-25 21:30:00,0.0,0.15953663
2024-10-25 21:45:00,0.0,0.05005623
2024-10-25 22:00:00,0.0,0.16576487
2024-10-25 22:15:00,0.0,0.16977438
2024-10-25 22:30:00,0.0,-0.0758805
2024-10-25 22:45:00,0.0,-0.21480738
2024-10-25 23:00:00,0.0,-0.13007374
2024-10-25 23:15:00,0.0,-0.07048879
2024-10-25 23:30:00,0.0,-0.068736784
2024-10-25 23:45:00,0.0,-0.17993884
2024-10-26 00:00:00,0.0,-0.30071837
2024-10-26 00:15:00,0.0,-0.27682307
2024-10-26 00:30:00,0.0,-0.23107627
2024-10-26 00:45:00,0.0,-0.22423923
2024-10-26 01:00:00,0.0,-0.20689575
2024-10-26 01:15:00,0.0,-0.14850692
2024-10-26 01:30:00,0.0,-0.08709843
2024-10-26 01:45:00,0.0,0.2016602
2024-10-26 02:00:00,0.0,0.17444618
2024-10-26 02:15:00,0.0,0.18970829
2024-10-26 02:30:00,0.0,0.11549201
2024-10-26 02:45:00,0.0,0.010236145
2024-10-26 03:00:00,0.0,-0.027640173
2024-10-26 03:15:00,0.0,0.24951863
2024-10-26 03:30:00,0.0,0.1664583
2024-10-26 03:45:00,0.0,0.044573758
2024-10-26 04:00:00,0.0,0.03807259
2024-10-26 04:15:00,0.0,0.028111698
2024-10-26 04:30:00,0.0,-0.050496828
2024-10-26 04:45:00,0.0,-0.15835398
2024-10-26 05:00:00,0.0,-0.055966318
2024-10-26 05:15:00,0.0,0.06616777
2024-10-26 05:30:00,0.0,0.12205154
2024-10-26 05:45:00,0.0,0.11209377
2024-10-26 06:00:00,0.0,0.30120263
2024-10-26 06:15:00,0.0,0.27986982
2024-10-26 06:30:00,0.0,0.17266467
2024-10-26 06:45:00,0.0,-0.006376202
2024-10-26 07:00:00,0.0,0.021860389
2024-10-26 07:15:00,0.0,0.16995041
2024-10-26 07:30:00,0.0,0.27365243
2024-10-26 07:45:00,0.0,0.2321794
2024-10-26 08:00:00,0.0,0.15285231
2024-10-26 08:15:00,0.0,0.17755145
2024-10-26 08:30:00,0.0,0.16309854
2024-10-26 08:45:00,0.0,0.33795437
2024-10-26 09:00:00,0.0,0.3690696
2024-10-26 09:15:00,0.0,0.29276237
2024-10-26 09:30:00,0.0,0.2575948
2024-10-26 09:45:00,0.0,0.11644259
2024-10-26 10:00:00,0.0,-0.10742792
2024-10-26 10:15:00,0.0,-0.28905436
2024-10-26 10:30:00,0.0,-0.14224097
2024-10-26 10:45:00,0.0,0.0112278955
2024-10-26 11:00:00,0.0,0.09361325
2024-10-26 11:15:00,0.0,0.035809994
2024-10-26 11:30:00,0.0,0.06729687
2024-10-26 11:45:00,0.0,0.040109638
2024-10-26 12:00:00,0.0,0.16800387
2024-10-26 12:15:00,0.0,0.24746136
2024-10-26 12:30:00,0.0,0.07157391
2024-10-26 12:45:00,0.0,-0.05002396
2024-10-26 13:00:00,0.0,0.19347645
2024-10-26 13:15:00,0.0,0.22794114
2024-10-26 13:30:00,0.0,0.20352626
2024-10-26 13:45:00,0.0,0.1308726
2024-10-26 14:00:00,0.0,0.10054662
2024-10-26 14:15:00,0.0,0.14787106
2024-10-26 14:30:00,0.0,0.114665255
2024-10-26 14:45:00,0.0,0.071390755
2024-10-26 15:00:00,0.0,-0.00048688424
2024-10-26 15:15:00,0.0,-0.044472046
2024-10-26 15:30:00,0.0,-0.05482315
2024-10-26 15:45:00,1.731510717,-0.007715852
2024-10-26 16:00:00,0.0,0.09604898
2024-10-26 16:15:00,2.887301726,0.023713881
2024-10-26 16:30:00,0.0,-0.12256991
2024-10-26 16:45:00,0.0,-0.16317186
2024-10-26 17:00:00,0.0,-0.21434784
2024-10-26 17:15:00,0.0,-0.36542228
2024-10-26 17:30:00,0.0,-0.24981421
2024-10-26 17:45:00,0.0,-0.00052334677
2024-10-26 18:00:00,0.0,-0.056092903
2024-10-26 18:15:00,0.0,0.030086206
2024-10-26 18:30:00,0.0,-0.045172587
2024-10-26 18:45:00,0.0,0.12675373
2024-10-26 19:00:00,0.0,0.15380539
2024-10-26 19:15:00,0.0,0.31508946
2024-10-26 19:30:00,0.0,0.21204495
2024-10-26 19:45:00,0.0,0.31291962
2024-10-26 20:00:00,0.0,0.274755
2024-10-26 20:15:00,0.0,0.31842762
2024-10-26 20:30:00,0.0,0.24093519
2024-10-26 20:45:00,0.0,0.21179235
