timestamp,y_true,y_pred
2024-08-28 03:45:00,7.490515837,6.561015
2024-08-28 04:00:00,9.554213568,6.5566797
2024-08-28 04:15:00,9.929656217,6.551785
2024-08-28 04:30:00,2.642682679,6.575155
2024-08-28 04:45:00,7.526703496,6.6282916
2024-08-28 05:00:00,3.498468215,6.5682406
2024-08-28 05:15:00,7.472517347,6.5633616
2024-08-28 05:30:00,2.810685209,6.507949
2024-08-28 05:45:00,9.294248964,6.4939837
2024-08-28 06:00:00,8.2751571,6.4309826
2024-08-28 06:15:00,10.16730016,6.446312
2024-08-28 06:30:00,10.97536742,6.451434
2024-08-28 06:45:00,10.74969569,6.479758
2024-08-28 07:00:00,2.6494648590000005,6.528622
2024-08-28 07:15:00,5.002902933,6.6084137
2024-08-28 07:30:00,6.220484251,6.567205
2024-08-28 07:45:00,9.336032631,6.541316
2024-08-28 08:00:00,1.270144965,6.515436
2024-08-28 08:15:00,10.78753616,6.532863
2024-08-28 08:30:00,5.078082458,6.4535894
2024-08-28 08:45:00,7.751063561,6.493312
2024-08-28 09:00:00,10.95316235,6.4649615
2024-08-28 09:15:00,10.26402865,6.4575634
2024-08-28 09:30:00,4.771352858,6.5007415
2024-08-28 09:45:00,6.16507463,6.5631113
2024-08-28 10:00:00,9.233559357,6.5447736
2024-08-28 10:15:00,9.134795776,6.5262084
2024-08-28 10:30:00,8.161715966,6.545762
2024-08-28 10:45:00,1.287403341,6.5761065
2024-08-28 11:00:00,3.218968901,6.595975
2024-08-28 11:15:00,3.4106219539999993,6.5193877
2024-08-28 11:30:00,3.805720062,6.45036
2024-08-28 11:45:00,2.134511647,6.3834267
2024-08-28 12:00:00,9.646525906,6.3051295
2024-08-28 12:15:00,4.581414955,6.248255
2024-08-28 12:30:00,9.051047776,6.2602935
2024-08-28 12:45:00,11.01264171,6.2413526
2024-08-28 13:00:00,4.531553149,6.2697434
2024-08-28 13:15:00,5.842084766,6.344855
2024-08-28 13:30:00,1.9311904,6.342245
2024-08-28 13:45:00,4.183421555,6.3330064
2024-08-28 14:00:00,6.808406857,6.2793717
2024-08-28 14:15:00,2.999690019,6.2589374
2024-08-28 14:30:00,6.757023384,6.2457314
2024-08-28 14:45:00,4.342824877,6.2158475
2024-08-28 15:00:00,11.604837280000002,6.2137723
2024-08-28 15:15:00,4.910824251,6.199034
2024-08-28 15:30:00,1.596022164,6.2696266
2024-08-28 15:45:00,6.248780903,6.2556763
2024-08-28 16:00:00,4.51568076,6.2179394
2024-08-28 16:15:00,4.88089169,6.2143703
2024-08-28 16:30:00,5.029529584,6.1958146
2024-08-28 16:45:00,10.00504831,6.182338
2024-08-28 17:00:00,6.239497736000001,6.1872063
2024-08-28 17:15:00,3.857189605,6.2456884
2024-08-28 17:30:00,9.50237715,6.2597075
2024-08-28 17:45:00,5.986750872,6.2514663
2024-08-28 18:00:00,2.664285076,6.305704
2024-08-28 18:15:00,11.33195452,6.305023
2024-08-28 18:30:00,1.434749712,6.274442
2024-08-28 18:45:00,8.462775506,6.329109
2024-08-28 19:00:00,9.892754204,6.2864757
2024-08-28 19:15:00,4.809477695,6.3170757
2024-08-28 19:30:00,2.7222232710000003,6.374052
2024-08-28 19:45:00,5.703151623,6.3634615
2024-08-28 20:00:00,5.955501323,6.326807
2024-08-28 20:15:00,11.31777256,6.3161616
2024-08-28 20:30:00,1.347977073,6.3091817
2024-08-28 20:45:00,7.54845892,6.362651
2024-08-28 21:00:00,9.6344568,6.318249
2024-08-28 21:15:00,7.208531826,6.328594
2024-08-28 21:30:00,7.781433726,6.377609
2024-08-28 21:45:00,9.922534937,6.401705
2024-08-28 22:00:00,6.937900312,6.4204807
2024-08-28 22:15:00,10.3903597,6.478736
2024-08-28 22:30:00,3.4843312479999997,6.482455
2024-08-28 22:45:00,6.508303896999999,6.550277
2024-08-28 23:00:00,1.433166448,6.5147634
2024-08-28 23:15:00,9.662309117,6.50092
2024-08-28 23:30:00,9.148537218,6.4313293
2024-08-28 23:45:00,6.739289229,6.4500575
2024-08-29 00:00:00,5.310399312,6.4799385
2024-08-29 00:15:00,4.739706909,6.484968
2024-08-29 00:30:00,3.231939084,6.462044
2024-08-29 00:45:00,5.528968569000001,6.4284153
2024-08-29 01:00:00,4.409555329,6.3757877
2024-08-29 01:15:00,7.241586487,6.34272
2024-08-29 01:30:00,8.961515007,6.312324
2024-08-29 01:45:00,8.563077965,6.3175874
2024-08-29 02:00:00,6.532658109999999,6.3481345
2024-08-29 02:15:00,10.59913041,6.3833694
2024-08-29 02:30:00,3.19617176,6.3823214
2024-08-29 02:45:00,7.948600651,6.451258
2024-08-29 03:00:00,2.006835287,6.4200544
2024-08-29 03:15:00,8.358728743,6.431138
2024-08-29 03:30:00,8.372548252,6.3799505
2024-08-29 03:45:00,9.090978491,6.3962255
2024-08-29 04:00:00,7.855528601,6.4149985
2024-08-29 04:15:00,2.4915488090000006,6.452486
2024-08-29 04:30:00,1.5912584119999997,6.473168
2024-08-29 04:45:00,8.326662237,6.414691
2024-08-29 05:00:00,9.502798862,6.3541265
2024-08-29 05:15:00,1.509220567,6.3661466
2024-08-29 05:30:00,2.7410073180000003,6.385713
2024-08-29 05:45:00,9.274433827,6.3147454
2024-08-29 06:00:00,11.228813219999997,6.273181
2024-08-29 06:15:00,6.445142052,6.2974696
2024-08-29 06:30:00,2.836419657,6.367582
2024-08-29 06:45:00,4.586388838,6.378871
2024-08-29 07:00:00,9.455209435,6.342102
2024-08-29 07:15:00,6.889299101,6.323263
2024-08-29 07:30:00,1.767932078,6.3612723
2024-08-29 07:45:00,4.224678871,6.359685
2024-08-29 08:00:00,9.064487603,6.3035655
2024-08-29 08:15:00,4.533067841,6.280082
2024-08-29 08:30:00,5.779069021,6.3035784
2024-08-29 08:45:00,10.70186514,6.289795
2024-08-29 09:00:00,11.47674825,6.284641
2024-08-29 09:15:00,8.657997906,6.3368053
2024-08-29 09:30:00,3.628268321,6.4164248
2024-08-29 09:45:00,3.622093855,6.4712844
2024-08-29 10:00:00,4.322738602,6.4475913
2024-08-29 10:15:00,2.786346226,6.411679
2024-08-29 10:30:00,2.982914719,6.3717704
2024-08-29 10:45:00,3.8374076809999997,6.309299
2024-08-29 11:00:00,7.904858086000001,6.245657
2024-08-29 11:15:00,7.508852646,6.2107162
2024-08-29 11:30:00,4.523804421,6.227888
2024-08-29 11:45:00,3.127864931,6.2417216
2024-08-29 12:00:00,7.717139508,6.2136817
2024-08-29 12:15:00,2.437561349,6.187416
2024-08-29 12:30:00,2.735784034,6.1907387
2024-08-29 12:45:00,5.226255391,6.1427474
2024-08-29 13:00:00,6.981333427,6.109028
2024-08-29 13:15:00,9.25414475,6.1055236
2024-08-29 13:30:00,8.483470919,6.1319685
2024-08-29 13:45:00,4.962412043,6.192602
2024-08-29 14:00:00,8.054215124,6.245615
2024-08-29 14:15:00,3.342218368,6.255711
2024-08-29 14:30:00,6.1545557639999995,6.2931104
2024-08-29 14:45:00,7.343263447,6.277714
2024-08-29 15:00:00,9.046108989,6.285345
2024-08-29 15:15:00,1.948091491,6.3048863
2024-08-29 15:30:00,2.191946877,6.3409534
2024-08-29 15:45:00,1.8760432269999998,6.288896
2024-08-29 16:00:00,6.6952603250000005,6.222192
2024-08-29 16:15:00,7.030612552999999,6.1765
2024-08-29 16:30:00,1.274675926,6.1816216
2024-08-29 16:45:00,7.499695214,6.166014
2024-08-29 17:00:00,9.05373764,6.130895
2024-08-29 17:15:00,2.318684051,6.1546345
2024-08-29 17:30:00,4.782832099,6.183634
2024-08-29 17:45:00,10.58356334,6.156391
2024-08-29 18:00:00,8.197987054,6.161971
2024-08-29 18:15:00,4.141957067,6.229711
2024-08-29 18:30:00,8.854654603,6.2777944
2024-08-29 18:45:00,10.28707234,6.2786098
2024-08-29 19:00:00,4.537946466,6.321315
2024-08-29 19:15:00,8.53059548,6.394156
2024-08-29 19:30:00,2.156715189,6.387112
2024-08-29 19:45:00,1.734954142,6.420087
2024-08-29 20:00:00,7.324110196,6.3623996
2024-08-29 20:15:00,6.282575419,6.3087254
2024-08-29 20:30:00,9.584432752,6.313724
2024-08-29 20:45:00,8.91340735,6.3115883
2024-08-29 21:00:00,4.212337207,6.3516273
2024-08-29 21:15:00,6.467037003000001,6.3916345
2024-08-29 21:30:00,8.952618272,6.3793197
2024-08-29 21:45:00,3.902768746,6.384417
2024-08-29 22:00:00,4.8118263,6.421512
2024-08-29 22:15:00,1.7817917329999997,6.392923
2024-08-29 22:30:00,2.405472584,6.353429
2024-08-29 22:45:00,7.593915969000001,6.279288
2024-08-29 23:00:00,6.147206077,6.230208
2024-08-29 23:15:00,2.765354569,6.231795
2024-08-29 23:30:00,1.273892588,6.2156396
2024-08-29 23:45:00,2.845405663,6.1483493
2024-08-30 00:00:00,8.768913695,6.0715585
2024-08-30 00:15:00,2.171889734,6.0500927
2024-08-30 00:30:00,5.529632508,6.056535
2024-08-30 00:45:00,3.50077702,6.028489
2024-08-30 01:00:00,6.694155211,6.0168147
2024-08-30 01:15:00,6.320904002000001,6.0148416
2024-08-30 01:30:00,11.553684149999999,6.040521
2024-08-30 01:45:00,9.4753289,6.078501
2024-08-30 02:00:00,10.60663728,6.1779995
2024-08-30 02:15:00,7.351211077,6.250014
2024-08-30 02:30:00,8.650611038,6.3485556
2024-08-30 02:45:00,10.49013816,6.3926973
2024-08-30 03:00:00,1.531549042,6.4352536
2024-08-30 03:15:00,10.5967463,6.5242734
2024-08-30 03:30:00,3.333750491,6.4658194
2024-08-30 03:45:00,8.389044602,6.526545
2024-08-30 04:00:00,9.230688148,6.4886436
2024-08-30 04:15:00,2.231577033,6.5023985
2024-08-30 04:30:00,10.80297874,6.537742
2024-08-30 04:45:00,10.84211993,6.4729733
2024-08-30 05:00:00,8.155819576,6.502053
2024-08-30 05:15:00,2.7562889709999996,6.556213
2024-08-30 05:30:00,7.085363274,6.5881524
2024-08-30 05:45:00,4.789551221,6.538671
2024-08-30 06:00:00,10.97809954,6.534325
2024-08-30 06:15:00,5.247803658,6.4853063
2024-08-30 06:30:00,8.189594222,6.5356407
2024-08-30 06:45:00,7.6269471630000005,6.510465
2024-08-30 07:00:00,4.120829014,6.522979
2024-08-30 07:15:00,6.766327672,6.5309477
2024-08-30 07:30:00,5.447616383,6.492622
2024-08-30 07:45:00,5.067423828,6.479971
2024-08-30 08:00:00,9.802672784,6.452403
2024-08-30 08:15:00,2.705901355,6.417746
2024-08-30 08:30:00,5.453804573,6.4440575
2024-08-30 08:45:00,1.239065593,6.392935
2024-08-30 09:00:00,3.712392907,6.3463674
2024-08-30 09:15:00,7.713637048,6.2710986
2024-08-30 09:30:00,2.039935498,6.231052
2024-08-30 09:45:00,3.8429451520000004,6.2154636
2024-08-30 10:00:00,10.0476299,6.1555514
2024-08-30 10:15:00,8.081976328,6.137876
2024-08-30 10:30:00,1.825172608,6.1911645
2024-08-30 10:45:00,11.436164189999998,6.2080746
2024-08-30 11:00:00,10.84029866,6.1797037
2024-08-30 11:15:00,2.6354920030000004,6.2513814
2024-08-30 11:30:00,11.08086934,6.3365893
2024-08-30 11:45:00,6.822655812999999,6.3110557
2024-08-30 12:00:00,10.24354104,6.3924527
2024-08-30 12:15:00,11.110575239999998,6.4050446
2024-08-30 12:30:00,8.544449153,6.4552035
2024-08-30 12:45:00,4.157150454,6.532397
2024-08-30 13:00:00,11.0766122,6.5867634
2024-08-30 13:15:00,7.155269638,6.544722
2024-08-30 13:30:00,4.497732451,6.6079817
2024-08-30 13:45:00,5.925475002,6.622733
2024-08-30 14:00:00,5.388760502,6.590644
2024-08-30 14:15:00,11.08461088,6.565823
2024-08-30 14:30:00,10.01641763,6.521499
2024-08-30 14:45:00,1.503830693,6.5538054
2024-08-30 15:00:00,1.263994865,6.600333
2024-08-30 15:15:00,1.895487249,6.5183163
2024-08-30 15:30:00,7.44023048,6.4165072
2024-08-30 15:45:00,9.275209643,6.345328
2024-08-30 16:00:00,6.485562206,6.3347216
2024-08-30 16:15:00,6.737445747,6.3541303
2024-08-30 16:30:00,3.543169405,6.352999
2024-08-30 16:45:00,6.073934801,6.353462
2024-08-30 17:00:00,3.891595024,6.3178334
2024-08-30 17:15:00,3.8671661679999993,6.3014455
2024-08-30 17:30:00,5.352859016,6.2657547
2024-08-30 17:45:00,1.6310848620000002,6.2300124
2024-08-30 18:00:00,10.84708566,6.189612
2024-08-30 18:15:00,10.86161737,6.1522303
2024-08-30 18:30:00,9.380921984,6.204885
2024-08-30 18:45:00,7.324503782,6.2773886
2024-08-30 19:00:00,9.387472167,6.346532
2024-08-30 19:15:00,10.80948721,6.376478
2024-08-30 19:30:00,4.060188774,6.422404
2024-08-30 19:45:00,5.004664468,6.5142355
2024-08-30 20:00:00,8.520361926,6.502886
2024-08-30 20:15:00,7.578012583,6.485259
2024-08-30 20:30:00,9.735083507,6.5055156
2024-08-30 20:45:00,4.590385075,6.5068407
2024-08-30 21:00:00,4.3933167,6.557801
2024-08-30 21:15:00,7.155685092,6.5352387
2024-08-30 21:30:00,2.6882174850000005,6.500733
2024-08-30 21:45:00,1.512682114,6.4867053
2024-08-30 22:00:00,3.780567761,6.405691
2024-08-30 22:15:00,2.777562335,6.320239
2024-08-30 22:30:00,1.239323344,6.2485967
2024-08-30 22:45:00,9.39441587,6.156636
2024-08-30 23:00:00,6.601837151000001,6.109283
2024-08-30 23:15:00,8.228513133,6.1357455
2024-08-30 23:30:00,2.7496661780000005,6.1541996
2024-08-30 23:45:00,3.693375093,6.1766977
2024-08-31 00:00:00,1.84782665,6.147932
2024-08-31 00:15:00,11.751185100000002,6.1014185
2024-08-31 00:30:00,2.316890166,6.079713
2024-08-31 00:45:00,2.068495247,6.1353183
2024-08-31 01:00:00,7.523358757,6.093437
2024-08-31 01:15:00,4.637550405,6.0739083
2024-08-31 01:30:00,10.33370505,6.092975
2024-08-31 01:45:00,9.597967375,6.1082835
2024-08-31 02:00:00,9.937941556,6.182519
2024-08-31 02:15:00,8.799318923,6.2506275
2024-08-31 02:30:00,2.455716892,6.328807
2024-08-31 02:45:00,1.7653393780000002,6.3928385
2024-08-31 03:00:00,1.834478446,6.3594255
2024-08-31 03:15:00,9.428873091,6.296535
2024-08-31 03:30:00,8.113164381,6.251652
2024-08-31 03:45:00,11.19877832,6.2885246
2024-08-31 04:00:00,7.711619466,6.3130403
2024-08-31 04:15:00,3.764219923,6.3892508
2024-08-31 04:30:00,2.039817521,6.426782
2024-08-31 04:45:00,4.86336517,6.3983297
2024-08-31 05:00:00,3.1736070310000004,6.3421907
2024-08-31 05:15:00,7.618999875,6.304282
2024-08-31 05:30:00,2.225795885,6.2648277
2024-08-31 05:45:00,8.871758315,6.2558312
2024-08-31 06:00:00,8.594724189,6.220273
2024-08-31 06:15:00,8.911985768,6.2540393
2024-08-31 06:30:00,11.52225954,6.286929
2024-08-31 06:45:00,8.420849226,6.3249445
2024-08-31 07:00:00,9.601278346,6.4133754
2024-08-31 07:15:00,2.073810478,6.4531193
2024-08-31 07:30:00,10.59966986,6.5227256
2024-08-31 07:45:00,3.324236791,6.4649787
2024-08-31 08:00:00,6.302038894,6.5233893
2024-08-31 08:15:00,10.64780062,6.4841733
2024-08-31 08:30:00,3.0466357840000002,6.4637556
2024-08-31 08:45:00,1.4470682680000002,6.5171356
2024-08-31 09:00:00,4.330434862,6.461459
2024-08-31 09:15:00,2.7491256150000005,6.3876123
2024-08-31 09:30:00,8.086307978,6.3249063
2024-08-31 09:45:00,3.965594223,6.2726116
2024-08-31 10:00:00,1.726080789,6.26467
2024-08-31 10:15:00,10.67174856,6.206782
2024-08-31 10:30:00,1.7103261,6.16952
2024-08-31 10:45:00,3.9274164669999996,6.196793
2024-08-31 11:00:00,3.689383531,6.1478996
2024-08-31 11:15:00,1.381455205,6.1158814
2024-08-31 11:30:00,2.8780960589999998,6.0575023
2024-08-31 11:45:00,9.741846371,5.9947886
2024-08-31 12:00:00,1.556979853,5.98693
2024-08-31 12:15:00,1.430934659,6.002643
2024-08-31 12:30:00,7.799112400000001,5.9420214
2024-08-31 12:45:00,2.071604496,5.9273167
2024-08-31 13:00:00,4.913148325,5.9326186
2024-08-31 13:15:00,1.159971882,5.9141884
2024-08-31 13:30:00,4.986931085,5.890158
2024-08-31 13:45:00,4.296716995,5.862994
2024-08-31 14:00:00,7.671538912,5.8690033
2024-08-31 14:15:00,6.27704078,5.8939347
2024-08-31 14:30:00,8.027294879,5.9432387
2024-08-31 14:45:00,10.57728287,5.9973335
2024-08-31 15:00:00,9.517557236,6.069512
2024-08-31 15:15:00,10.80880857,6.16898
2024-08-31 15:30:00,1.7703398279999998,6.251191
2024-08-31 15:45:00,11.08698526,6.355658
2024-08-31 16:00:00,4.426965286,6.328528
2024-08-31 16:15:00,4.005983667,6.420612
2024-08-31 16:30:00,5.239389176,6.411838
2024-08-31 16:45:00,9.258403718,6.3944626
2024-08-31 17:00:00,11.103436009999998,6.3810997
2024-08-31 17:15:00,6.958868001,6.4061403
2024-08-31 17:30:00,2.837883431,6.4787173
2024-08-31 17:45:00,3.270097083,6.496991
2024-08-31 18:00:00,5.384846092,6.4462323
2024-08-31 18:15:00,4.866173055,6.401498
2024-08-31 18:30:00,3.649898178,6.374916
2024-08-31 18:45:00,10.0431598,6.333673
2024-08-31 19:00:00,3.962289976,6.298778
2024-08-31 19:15:00,7.142280102999999,6.329065
2024-08-31 19:30:00,6.178751787,6.307887
2024-08-31 19:45:00,10.71326121,6.317302
2024-08-31 20:00:00,7.622757542,6.315799
2024-08-31 20:15:00,4.652782444,6.376656
2024-08-31 20:30:00,7.88390514,6.40686
2024-08-31 20:45:00,4.39943876,6.3946114
2024-08-31 21:00:00,2.05177825,6.414947
2024-08-31 21:15:00,6.002567102,6.379995
2024-08-31 21:30:00,10.06036239,6.325022
2024-08-31 21:45:00,10.23331403,6.3171825
2024-08-31 22:00:00,6.792380125,6.352167
2024-08-31 22:15:00,8.612014482,6.4132385
2024-08-31 22:30:00,7.413251544,6.4289846
2024-08-31 22:45:00,9.430809147,6.4671283
2024-08-31 23:00:00,2.314722487,6.4779735
2024-08-31 23:15:00,5.478282431,6.5235863
2024-08-31 23:30:00,3.706731991,6.4749527
2024-08-31 23:45:00,1.22174153,6.452675
2024-09-01 00:00:00,9.809262661,6.388362
2024-09-01 00:15:00,2.5500619920000003,6.3217864
2024-09-01 00:30:00,4.674337122,6.331277
2024-09-01 00:45:00,10.14136869,6.2787237
2024-09-01 01:00:00,8.660069744,6.2544603
2024-09-01 01:15:00,7.131015495,6.2993455
2024-09-01 01:30:00,4.474085524,6.337521
2024-09-01 01:45:00,6.615638102,6.3587627
2024-09-01 02:00:00,1.752322464,6.3444366
2024-09-01 02:15:00,8.38349245,6.3368845
2024-09-01 02:30:00,3.567949026,6.2933187
2024-09-01 02:45:00,6.218558105,6.3061
2024-09-01 03:00:00,2.139344088,6.279585
2024-09-01 03:15:00,8.659429204,6.262276
2024-09-01 03:30:00,10.84941449,6.2251143
2024-09-01 03:45:00,5.718777517,6.2492237
2024-09-01 04:00:00,2.061139645,6.314922
2024-09-01 04:15:00,10.85301664,6.3135643
2024-09-01 04:30:00,5.894427468000001,6.2754254
2024-09-01 04:45:00,1.979737722,6.338334
2024-09-01 05:00:00,3.243572437,6.332212
2024-09-01 05:15:00,2.397152422,6.282243
2024-09-01 05:30:00,3.149907873,6.226843
2024-09-01 05:45:00,2.787602043,6.1649857
2024-09-01 06:00:00,10.77714782,6.10736
2024-09-01 06:15:00,3.395909603,6.0846386
2024-09-01 06:30:00,5.7801117799999995,6.1268888
2024-09-01 06:45:00,9.172585201,6.114498
2024-09-01 07:00:00,8.136917825,6.1294565
2024-09-01 07:15:00,11.02549586,6.184715
2024-09-01 07:30:00,11.00205017,6.2287006
2024-09-01 07:45:00,7.069830067999999,6.308763
2024-09-01 08:00:00,8.981233246,6.4076376
2024-09-01 08:15:00,5.177024821,6.4449954
2024-09-01 08:30:00,5.600907186,6.506342
2024-09-01 08:45:00,2.20067801,6.5088816
2024-09-01 09:00:00,7.96426119,6.4968014
2024-09-01 09:15:00,3.918577473,6.443386
2024-09-01 09:30:00,2.025615083,6.44419
2024-09-01 09:45:00,2.230597678,6.385534
2024-09-01 10:00:00,8.612167868,6.3026853
2024-09-01 10:15:00,3.4473569720000006,6.252482
2024-09-01 10:30:00,9.103255485,6.2466908
2024-09-01 10:45:00,11.004912000000001,6.2198887
2024-09-01 11:00:00,4.779370942,6.253342
2024-09-01 11:15:00,9.478760756,6.324685
2024-09-01 11:30:00,5.7044914669999995,6.3240175
2024-09-01 11:45:00,9.448628649,6.380165
2024-09-01 12:00:00,4.216199738,6.3836937
2024-09-01 12:15:00,10.69892416,6.432555
2024-09-01 12:30:00,11.23692962,6.407958
2024-09-01 12:45:00,5.212371739,6.4520955
2024-09-01 13:00:00,3.220065681,6.5343394
2024-09-01 13:15:00,8.378705018,6.5301013
2024-09-01 13:30:00,7.110969917,6.4840994
2024-09-01 13:45:00,11.7520466,6.4981465
2024-09-01 14:00:00,9.535605449,6.4812913
2024-09-01 14:15:00,9.941200724,6.5390353
2024-09-01 14:30:00,8.894356272,6.571649
2024-09-01 14:45:00,4.896558502,6.6162252
2024-09-01 15:00:00,10.92096774,6.66362
2024-09-01 15:15:00,6.076017416,6.6140747
2024-09-01 15:30:00,5.484311211,6.672125
2024-09-01 15:45:00,3.195616499,6.66221
2024-09-01 16:00:00,4.227813366,6.634907
2024-09-01 16:15:00,1.188207927,6.5660825
2024-09-01 16:30:00,7.97354519,6.4912167
2024-09-01 16:45:00,7.038010967,6.40344
2024-09-01 17:00:00,5.374838499,6.388536
2024-09-01 17:15:00,11.18785928,6.376547
2024-09-01 17:30:00,8.532901752,6.347482
2024-09-01 17:45:00,3.602396936,6.40083
2024-09-01 18:00:00,4.903621961,6.431717
2024-09-01 18:15:00,6.512320756,6.4030924
2024-09-01 18:30:00,6.850558157000001,6.38081
2024-09-01 18:45:00,4.010991128,6.376168
2024-09-01 19:00:00,3.733386861,6.3765125
2024-09-01 19:15:00,4.150314016,6.341552
2024-09-01 19:30:00,11.08711929,6.297185
2024-09-01 19:45:00,4.834190821,6.268426
2024-09-01 20:00:00,5.13949448,6.3181915
2024-09-01 20:15:00,8.675482305,6.305562
2024-09-01 20:30:00,2.817425514,6.297187
2024-09-01 20:45:00,8.099302304,6.320899
2024-09-01 21:00:00,7.997418501,6.2930403
2024-09-01 21:15:00,1.8397709310000003,6.315954
2024-09-01 21:30:00,3.1046259399999996,6.332333
2024-09-01 21:45:00,6.190167224,6.277553
2024-09-01 22:00:00,9.815068861,6.24395
2024-09-01 22:15:00,8.751845568,6.2455044
2024-09-01 22:30:00,10.15923386,6.295574
2024-09-01 22:45:00,10.0004563,6.332128
2024-09-01 23:00:00,6.612086653,6.389939
2024-09-01 23:15:00,7.73021302,6.4625626
2024-09-01 23:30:00,10.68678935,6.4790564
2024-09-01 23:45:00,9.146317197,6.4898944
2024-09-02 00:00:00,4.946142978,6.55037
2024-09-02 00:15:00,4.730740168,6.6054487
2024-09-02 00:30:00,4.796165371,6.591349
2024-09-02 00:45:00,6.218736480999999,6.561174
2024-09-02 01:00:00,4.945797232,6.5258713
2024-09-02 01:15:00,3.130843985,6.504104
2024-09-02 01:30:00,7.523320718999999,6.4599547
2024-09-02 01:45:00,9.904899808,6.400336
2024-09-02 02:00:00,6.188229017,6.392479
2024-09-02 02:15:00,3.330681022,6.4273386
2024-09-02 02:30:00,9.286686251,6.4160414
2024-09-02 02:45:00,8.849501319,6.3776536
2024-09-02 03:00:00,8.464172913,6.4035077
2024-09-02 03:15:00,8.269790217,6.432738
2024-09-02 03:30:00,9.055907823,6.464802
2024-09-02 03:45:00,9.571809428,6.4900365
2024-09-02 04:00:00,10.04221078,6.520042
2024-09-02 04:15:00,7.497563218,6.5517344
2024-09-02 04:30:00,5.140545005,6.606163
2024-09-02 04:45:00,2.155639613,6.628367
2024-09-02 05:00:00,8.7038669,6.6052723
2024-09-02 05:15:00,2.601765248,6.533831
2024-09-02 05:30:00,9.997868168,6.5362067
2024-09-02 05:45:00,5.176939765,6.4656086
2024-09-02 06:00:00,9.914167238,6.4899406
2024-09-02 06:15:00,6.428081927999999,6.4581003
2024-09-02 06:30:00,5.754765974,6.4947157
2024-09-02 06:45:00,4.806234725,6.491566
2024-09-02 07:00:00,1.799574506,6.4754753
2024-09-02 07:15:00,1.283504868,6.43247
2024-09-02 07:30:00,6.350975395000001,6.341744
2024-09-02 07:45:00,10.91719379,6.268599
2024-09-02 08:00:00,6.942221882,6.2524557
2024-09-02 08:15:00,10.08835097,6.301882
2024-09-02 08:30:00,11.44282324,6.31576
2024-09-02 08:45:00,2.962783761,6.358072
2024-09-02 09:00:00,7.855639176,6.4466133
2024-09-02 09:15:00,5.464168609,6.4198265
2024-09-02 09:30:00,3.294899442,6.445911
2024-09-02 09:45:00,3.612315478,6.4330525
2024-09-02 10:00:00,3.578206255,6.385556
2024-09-02 10:15:00,8.39579396,6.3331895
2024-09-02 10:30:00,4.794012293,6.295457
2024-09-02 10:45:00,3.763660855,6.3072934
2024-09-02 11:00:00,10.27548926,6.282138
2024-09-02 11:15:00,1.5019118910000002,6.2545533
2024-09-02 11:30:00,8.664099168,6.2858815
2024-09-02 11:45:00,11.04054539,6.243341
2024-09-02 12:00:00,7.483918759,6.271895
2024-09-02 12:15:00,7.049543635,6.342356
2024-09-02 12:30:00,1.754921857,6.377484
2024-09-02 12:45:00,6.304366872,6.395043
2024-09-02 13:00:00,4.813582663,6.351846
2024-09-02 13:15:00,9.055171066,6.350381
2024-09-02 13:30:00,9.557000921,6.3355775
2024-09-02 13:45:00,2.878274172,6.364666
2024-09-02 14:00:00,6.489750715999999,6.4055448
2024-09-02 14:15:00,9.988420197,6.3722043
2024-09-02 14:30:00,7.494708204999999,6.367748
2024-09-02 14:45:00,6.18156785,6.4132605
2024-09-02 15:00:00,10.91159725,6.4394455
2024-09-02 15:15:00,10.94103594,6.4290195
2024-09-02 15:30:00,3.6157911610000006,6.4769197
2024-09-02 15:45:00,3.0449124499999995,6.5602274
2024-09-02 16:00:00,10.24781031,6.532635
2024-09-02 16:15:00,3.72003635,6.47852
2024-09-02 16:30:00,9.969449997,6.5158167
2024-09-02 16:45:00,4.263591853,6.4695325
2024-09-02 17:00:00,1.335845011,6.5076
2024-09-02 17:15:00,5.42532377,6.4577246
2024-09-02 17:30:00,1.5644989519999999,6.387453
2024-09-02 17:45:00,3.210477737,6.331261
2024-09-02 18:00:00,6.032496686000001,6.2438087
2024-09-02 18:15:00,1.585684772,6.193206
2024-09-02 18:30:00,1.49697161,6.145087
2024-09-02 18:45:00,2.809254335,6.059351
2024-09-02 19:00:00,6.129258734,5.9822955
2024-09-02 19:15:00,11.18785299,5.952255
2024-09-02 19:30:00,2.126379114,5.9762406
2024-09-02 19:45:00,7.53750225,6.0262513
2024-09-02 20:00:00,6.183509733999999,6.028243
2024-09-02 20:15:00,1.7358844579999997,6.0719557
2024-09-02 20:30:00,1.53092425,6.0760202
2024-09-02 20:45:00,3.4616325650000004,6.0255666
2024-09-02 21:00:00,8.567839768,5.982186
2024-09-02 21:15:00,11.34550589,5.982872
2024-09-02 21:30:00,6.795636721,6.0363092
2024-09-02 21:45:00,1.6534061640000002,6.1359577
2024-09-02 22:00:00,3.79471154,6.1688952
2024-09-02 22:15:00,11.191458749999999,6.1383686
2024-09-02 22:30:00,1.266059159,6.1417685
2024-09-02 22:45:00,7.214383214,6.198028
2024-09-02 23:00:00,2.949872182,6.1755114
2024-09-02 23:15:00,1.805574639,6.19288
2024-09-02 23:30:00,3.714305892,6.1472063
2024-09-02 23:45:00,10.71279572,6.1002254
2024-09-03 00:00:00,9.202457687,6.0961986
2024-09-03 00:15:00,3.036220179,6.1618977
2024-09-03 00:30:00,1.777106595,6.215547
2024-09-03 00:45:00,6.425846605,6.18588
2024-09-03 01:00:00,1.677439222,6.1572676
2024-09-03 01:15:00,5.372341792,6.1403356
2024-09-03 01:30:00,9.093407216,6.0977316
2024-09-03 01:45:00,6.404000218,6.110098
2024-09-03 02:00:00,9.977518226,6.1566057
2024-09-03 02:15:00,9.40325264,6.184051
2024-09-03 02:30:00,6.935601743,6.2560716
2024-09-03 02:45:00,9.369427017,6.329411
2024-09-03 03:00:00,2.097810028,6.3613715
2024-09-03 03:15:00,3.272728821,6.4199834
2024-09-03 03:30:00,8.470761284,6.3753195
2024-09-03 03:45:00,1.203682683,6.3440437
2024-09-03 04:00:00,1.215933899,6.3532987
2024-09-03 04:15:00,5.075962269,6.2694683
2024-09-03 04:30:00,10.24062223,6.199093
2024-09-03 04:45:00,11.27086881,6.1893797
2024-09-03 05:00:00,7.912897822,6.2315607
2024-09-03 05:15:00,11.122603450000002,6.3104777
2024-09-03 05:30:00,9.837579836,6.3433104
2024-09-03 05:45:00,3.148559467,6.4203944
2024-09-03 06:00:00,5.362937891,6.495715
2024-09-03 06:15:00,7.802700296,6.471146
2024-09-03 06:30:00,2.733747478,6.4626775
2024-09-03 06:45:00,4.420993203,6.4776235
2024-09-03 07:00:00,8.9703865,6.4252067
2024-09-03 07:15:00,4.792996556,6.393307
2024-09-03 07:30:00,10.69002421,6.411889
2024-09-03 07:45:00,5.307249816,6.3807793
2024-09-03 08:00:00,3.5068003920000006,6.432887
2024-09-03 08:15:00,3.2863830790000006,6.4158134
2024-09-03 08:30:00,8.422442798,6.368761
2024-09-03 08:45:00,5.079629036,6.3285394
2024-09-03 09:00:00,3.64998569,6.3403735
2024-09-03 09:15:00,8.105255889,6.3186655
2024-09-03 09:30:00,5.514717939,6.291051
2024-09-03 09:45:00,9.86252341,6.305671
2024-09-03 10:00:00,6.758258318,6.3027463
2024-09-03 10:15:00,11.2468211,6.355469
2024-09-03 10:30:00,5.109639976,6.3608265
2024-09-03 10:45:00,4.029210669,6.4381948
2024-09-03 11:00:00,7.791985041000001,6.4334164
2024-09-03 11:15:00,8.437126167,6.409361
2024-09-03 11:30:00,1.359164025,6.4218783
2024-09-03 11:45:00,8.032965812,6.438657
2024-09-03 12:00:00,2.9424312790000005,6.384187
2024-09-03 12:15:00,10.69543666,6.388639
2024-09-03 12:30:00,7.167748576,6.3423324
2024-09-03 12:45:00,2.420031097,6.3935337
2024-09-03 13:00:00,1.720285187,6.40024
2024-09-03 13:15:00,9.95715272,6.334471
2024-09-03 13:30:00,9.83734303,6.2834396
2024-09-03 13:45:00,5.47966049,6.314237
2024-09-03 14:00:00,2.075046492,6.364422
2024-09-03 14:15:00,5.259473019,6.354135
2024-09-03 14:30:00,9.087891574,6.3088994
2024-09-03 14:45:00,7.807688698,6.2945175
2024-09-03 15:00:00,9.940644143,6.329382
2024-09-03 15:15:00,8.970299725,6.3521485
2024-09-03 15:30:00,4.399336035,6.4039807
2024-09-03 15:45:00,4.656191965,6.4564896
2024-09-03 16:00:00,8.113271243,6.440628
2024-09-03 16:15:00,4.343229556,6.4203715
2024-09-03 16:30:00,9.802469464,6.435617
2024-09-03 16:45:00,4.481742579,6.406715
2024-09-03 17:00:00,6.125306952,6.448554
2024-09-03 17:15:00,1.671730322,6.4246216
2024-09-03 17:30:00,2.458135695,6.4009438
2024-09-03 17:45:00,2.5550878840000006,6.3264327
2024-09-03 18:00:00,4.676609676,6.24755
2024-09-03 18:15:00,2.41860234,6.187503
2024-09-03 18:30:00,5.736156574,6.1283646
2024-09-03 18:45:00,4.02786544,6.0825434
2024-09-03 19:00:00,4.050009154,6.06435
2024-09-03 19:15:00,5.741984866,6.038071
2024-09-03 19:30:00,10.23457359,6.022024
2024-09-03 19:45:00,8.946078894,6.0420566
2024-09-03 20:00:00,10.01338673,6.1162596
2024-09-03 20:15:00,11.64064656,6.185126
2024-09-03 20:30:00,1.26256238,6.256753
2024-09-03 20:45:00,8.42626918,6.365173
2024-09-03 21:00:00,2.484852105,6.3365226
2024-09-03 21:15:00,10.67583044,6.3737483
2024-09-03 21:30:00,3.4869512830000002,6.3362985
2024-09-03 21:45:00,4.934873853,6.398309
2024-09-03 22:00:00,11.44723142,6.3731294
2024-09-03 22:15:00,9.971406408,6.34942
2024-09-03 22:30:00,1.604584733,6.410175
2024-09-03 22:45:00,1.616298183,6.464441
2024-09-03 23:00:00,9.470499381,6.4024844
2024-09-03 23:15:00,1.8880422529999998,6.3457685
2024-09-03 23:30:00,9.982444078,6.361297
2024-09-03 23:45:00,10.78489841,6.3131857
2024-09-04 00:00:00,1.371184307,6.3472424
2024-09-04 00:15:00,3.421793298,6.4012976
2024-09-04 00:30:00,1.327897201,6.345404
2024-09-04 00:45:00,1.909825254,6.282758
2024-09-04 01:00:00,6.848286754,6.1949677
2024-09-04 01:15:00,8.43751169,6.1454964
2024-09-04 01:30:00,6.176791624,6.151094
2024-09-04 01:45:00,5.076194027,6.176857
2024-09-04 02:00:00,3.346938876,6.184532
2024-09-04 02:15:00,3.6109735609999998,6.171277
2024-09-04 02:30:00,7.240951696999999,6.1367493
2024-09-04 02:45:00,10.02126272,6.128415
2024-09-04 03:00:00,5.491425442,6.1548615
2024-09-04 03:15:00,10.95727936,6.220949
2024-09-04 03:30:00,1.6635224279999998,6.2310767
2024-09-04 03:45:00,9.753215305,6.3065
2024-09-04 04:00:00,4.61801254,6.2783194
2024-09-04 04:15:00,10.17754766,6.330973
2024-09-04 04:30:00,10.56863068,6.321179
2024-09-04 04:45:00,8.275647128,6.376772
2024-09-04 05:00:00,4.845701958,6.4509625
2024-09-04 05:15:00,5.886401438,6.4967833
2024-09-04 05:30:00,7.019572266,6.492323
2024-09-04 05:45:00,5.879011074,6.4839153
2024-09-04 06:00:00,8.936319103,6.486071
2024-09-04 06:15:00,9.063055274,6.4737086
2024-09-04 06:30:00,1.235691646,6.4958177
2024-09-04 06:45:00,2.7442766020000002,6.5269666
2024-09-04 07:00:00,4.733960615,6.4524693
2024-09-04 07:15:00,7.935352939,6.3881636
2024-09-04 07:30:00,3.499589151,6.350592
2024-09-04 07:45:00,4.641602204,6.344526
2024-09-04 08:00:00,5.794159601,6.299497
2024-09-04 08:15:00,7.253854442,6.271893
2024-09-04 08:30:00,10.61577237,6.2634025
2024-09-04 08:45:00,9.783727016,6.2720003
2024-09-04 09:00:00,4.95021024,6.326078
2024-09-04 09:15:00,9.315003799,6.390185
2024-09-04 09:30:00,9.951544121,6.3829556
2024-09-04 09:45:00,6.383860803000001,6.4266367
2024-09-04 10:00:00,4.246989119,6.488475
2024-09-04 10:15:00,11.112090659999998,6.504348
2024-09-04 10:30:00,10.87831267,6.463805
2024-09-04 10:45:00,3.43072791,6.5054545
2024-09-04 11:00:00,9.113478645,6.580482
2024-09-04 11:15:00,1.6087349279999998,6.538724
2024-09-04 11:30:00,1.172932534,6.5683284
2024-09-04 11:45:00,4.755382042,6.483817
2024-09-04 12:00:00,5.771846308,6.399415
2024-09-04 12:15:00,6.794613954,6.351859
2024-09-04 12:30:00,5.002540844,6.3240666
2024-09-04 12:45:00,2.4961936790000006,6.3153067
2024-09-04 13:00:00,4.601348936,6.27706
2024-09-04 13:15:00,9.693241405,6.2228417
2024-09-04 13:30:00,4.580468238,6.2037444
2024-09-04 13:45:00,7.082618292,6.2387977
2024-09-04 14:00:00,7.960555164,6.2326107
2024-09-04 14:15:00,8.507325398,6.2535625
2024-09-04 14:30:00,6.172844031,6.286481
2024-09-04 14:45:00,2.457568309,6.3286495
2024-09-04 15:00:00,10.5316759,6.33296
2024-09-04 15:15:00,3.869898684,6.3000126
2024-09-04 15:30:00,4.581381541,6.353843
2024-09-04 15:45:00,9.369333631,6.330358
2024-09-04 16:00:00,8.965444669,6.315684
2024-09-04 16:15:00,10.52963702,6.3564534
2024-09-04 16:30:00,1.4939431709999997,6.3866377
2024-09-04 16:45:00,10.28448482,6.4513044
2024-09-04 17:00:00,9.305971323,6.4004016
2024-09-04 17:15:00,6.641078428,6.4451594
2024-09-04 17:30:00,2.800228692,6.495902
2024-09-04 17:45:00,6.9108269170000005,6.5081997
2024-09-04 18:00:00,3.101121531,6.4631596
2024-09-04 18:15:00,10.7087879,6.453447
2024-09-04 18:30:00,8.306640773,6.3997245
2024-09-04 18:45:00,7.4911654080000005,6.441945
2024-09-04 19:00:00,9.536164148,6.4668674
2024-09-04 19:15:00,6.674159342,6.4745617
2024-09-04 19:30:00,1.733062649,6.516205
2024-09-04 19:45:00,3.83641554,6.5190277
2024-09-04 20:00:00,11.0589773,6.4519095
2024-09-04 20:15:00,9.766366505,6.4009156
2024-09-04 20:30:00,10.65500355,6.438905
2024-09-04 20:45:00,2.18347587,6.468481
2024-09-04 21:00:00,3.761372207,6.537999
2024-09-04 21:15:00,1.827254022,6.484061
2024-09-04 21:30:00,9.325924175,6.4298244
2024-09-04 21:45:00,2.949441401,6.3667874
2024-09-04 22:00:00,5.370970811,6.3727107
2024-09-04 22:15:00,3.8081327980000004,6.3221807
2024-09-04 22:30:00,10.78294525,6.288648
2024-09-04 22:45:00,7.406194519,6.2613025
2024-09-04 23:00:00,9.529675201,6.310216
2024-09-04 23:15:00,7.395199262999999,6.3284416
2024-09-04 23:30:00,7.400457598,6.3817697
2024-09-04 23:45:00,5.216054935,6.412182
2024-09-05 00:00:00,3.448675392,6.438279
2024-09-05 00:15:00,4.749160922,6.429564
2024-09-05 00:30:00,4.040740606,6.3886747
2024-09-05 00:45:00,8.13951717,6.3554
2024-09-05 01:00:00,5.586557679,6.323334
2024-09-05 01:15:00,6.6546117659999995,6.334439
2024-09-05 01:30:00,8.846690797,6.3259854
2024-09-05 01:45:00,4.11125079,6.3336334
2024-09-05 02:00:00,5.371222377,6.3665094
2024-09-05 02:15:00,6.760876079,6.3415656
2024-09-05 02:30:00,1.70051439,6.3301473
2024-09-05 02:45:00,2.694039956,6.3155155
2024-09-05 03:00:00,1.82960389,6.2508698
2024-09-05 03:15:00,9.195501073,6.1793995
2024-09-05 03:30:00,4.148065179,6.1433353
2024-09-05 03:45:00,5.46256982,6.158765
2024-09-05 04:00:00,8.257838296,6.1446795
2024-09-05 04:15:00,11.222785539999999,6.152197
2024-09-05 04:30:00,9.772953728,6.190214
2024-09-05 04:45:00,1.767802594,6.2673697
2024-09-05 05:00:00,4.483939688,6.336493
2024-09-05 05:15:00,1.664385802,6.303777
2024-09-05 05:30:00,1.7968900650000001,6.27397
2024-09-05 05:45:00,2.4864392110000004,6.201914
2024-09-05 06:00:00,4.459340629,6.1296782
2024-09-05 06:15:00,3.611393252,6.0798087
2024-09-05 06:30:00,4.819717134,6.0434327
2024-09-05 06:45:00,9.823283699,6.0156956
2024-09-05 07:00:00,9.599164611,6.024639
2024-09-05 07:15:00,4.824670885,6.0892563
2024-09-05 07:30:00,8.066177481,6.156253
2024-09-05 07:45:00,4.897095351,6.175558
2024-09-05 08:00:00,5.083103478,6.226012
2024-09-05 08:15:00,8.293037544,6.2355886
2024-09-05 08:30:00,5.286425001,6.244212
2024-09-05 08:45:00,6.546522764,6.288271
2024-09-05 09:00:00,2.313669917,6.2970867
2024-09-05 09:15:00,6.73017083,6.3024516
2024-09-05 09:30:00,8.660917775,6.265822
2024-09-05 09:45:00,10.15967453,6.277729
2024-09-05 10:00:00,2.701736644,6.31045
2024-09-05 10:15:00,5.586526786,6.3668966
2024-09-05 10:30:00,5.908949989000001,6.334569
2024-09-05 10:45:00,10.47583638,6.3284063
2024-09-05 11:00:00,3.852590784,6.327368
2024-09-05 11:15:00,2.9131992400000004,6.384435
2024-09-05 11:30:00,2.632567377,6.357884
2024-09-05 11:45:00,2.8584199689999994,6.306766
2024-09-05 12:00:00,10.15595275,6.2445045
2024-09-05 12:15:00,7.780770699,6.209944
2024-09-05 12:30:00,5.427184891,6.2532725
2024-09-05 12:45:00,10.13349449,6.278852
2024-09-05 13:00:00,4.122959095,6.2772346
2024-09-05 13:15:00,10.96394752,6.332969
2024-09-05 13:30:00,8.980592982,6.317627
2024-09-05 13:45:00,1.373599079,6.3843403
2024-09-05 14:00:00,5.897800034000001,6.4331527
2024-09-05 14:15:00,9.995354091,6.3868313
2024-09-05 14:30:00,5.295454366,6.37623
2024-09-05 14:45:00,11.12115187,6.424897
2024-09-05 15:00:00,9.710303435,6.405235
2024-09-05 15:15:00,8.938679664,6.46489
2024-09-05 15:30:00,2.5891031870000005,6.511759
2024-09-05 15:45:00,2.358202341,6.5602484
2024-09-05 16:00:00,7.837597870999999,6.5071497
2024-09-05 16:15:00,8.17088163,6.4509883
2024-09-05 16:30:00,2.582956987,6.451564
2024-09-05 16:45:00,10.4256381,6.456652
2024-09-05 17:00:00,10.32732659,6.3975616
2024-09-05 17:15:00,5.455834666,6.430855
2024-09-05 17:30:00,7.413374948,6.4873986
2024-09-05 17:45:00,6.281200612,6.4798837
2024-09-05 18:00:00,1.491985674,6.4935107
2024-09-05 18:15:00,2.172405247,6.47612
2024-09-05 18:30:00,9.022440176,6.3935986
2024-09-05 18:45:00,6.068063973,6.3352137
2024-09-05 19:00:00,7.358753416,6.3468657
2024-09-05 19:15:00,7.297995661,6.340791
2024-09-05 19:30:00,5.080754317,6.3486905
2024-09-05 19:45:00,1.4888496149999997,6.3593616
2024-09-05 20:00:00,9.171162426,6.3319354
2024-09-05 20:15:00,5.819274432,6.282212
2024-09-05 20:30:00,2.6041048290000006,6.3079243
2024-09-05 20:45:00,1.36646999,6.293118
2024-09-05 21:00:00,1.360363217,6.223606
2024-09-05 21:15:00,1.4803703489999998,6.132419
2024-09-05 21:30:00,2.7389159970000003,6.0369134
2024-09-05 21:45:00,3.534147806,5.9611073
2024-09-05 22:00:00,3.715108907,5.908784
2024-09-05 22:15:00,7.626880613,5.8687024
2024-09-05 22:30:00,3.606177261,5.8717065
2024-09-05 22:45:00,7.7986056260000005,5.893398
2024-09-05 23:00:00,9.552772192,5.909257
2024-09-05 23:15:00,5.212376096,5.969789
2024-09-05 23:30:00,8.743637185,6.049969
2024-09-05 23:45:00,2.204911452,6.0899725
2024-09-06 00:00:00,4.672384246,6.1472673
2024-09-06 00:15:00,8.210173205,6.1395903
2024-09-06 00:30:00,10.48004733,6.156409
2024-09-06 00:45:00,7.250808029,6.2000465
2024-09-06 01:00:00,5.045896277,6.282027
2024-09-06 01:15:00,4.361041895,6.3241434
2024-09-06 01:30:00,5.065229913,6.329222
2024-09-06 01:45:00,7.519133799,6.3192277
2024-09-06 02:00:00,4.495347896,6.316915
2024-09-06 02:15:00,6.067399799,6.3300905
2024-09-06 02:30:00,8.869066681,6.3147616
2024-09-06 02:45:00,3.528328896,6.318031
2024-09-06 03:00:00,8.463577074,6.351195
2024-09-06 03:15:00,9.275174248,6.3293853
2024-09-06 03:30:00,9.783514852,6.358055
2024-09-06 03:45:00,1.377565656,6.397458
2024-09-06 04:00:00,2.388690174,6.4507594
2024-09-06 04:15:00,11.151091140000002,6.389567
2024-09-06 04:30:00,2.46138507,6.3370147
2024-09-06 04:45:00,6.112058914,6.3824677
2024-09-06 05:00:00,2.879836051,6.338254
2024-09-06 05:15:00,9.441346625,6.3165355
2024-09-06 05:30:00,2.108664108,6.280218
2024-09-06 05:45:00,1.988326696,6.295845
2024-09-06 06:00:00,6.482321450999999,6.232766
2024-09-06 06:15:00,3.610408806,6.1877146
2024-09-06 06:30:00,8.051784323,6.1704593
2024-09-06 06:45:00,8.264816458,6.1497707
2024-09-06 07:00:00,7.284765859,6.179848
2024-09-06 07:15:00,9.734263956,6.2215877
2024-09-06 07:30:00,8.279970022,6.254405
2024-09-06 07:45:00,3.036019559,6.319603
2024-09-06 08:00:00,1.901222835,6.365809
2024-09-06 08:15:00,8.672514511,6.332415
2024-09-06 08:30:00,8.739243567,6.292523
2024-09-06 08:45:00,9.604067924,6.3199224
2024-09-06 09:00:00,3.146788761,6.3558555
2024-09-06 09:15:00,3.5379589339999997,6.4072175
2024-09-06 09:30:00,7.153239318,6.3725166
2024-09-06 09:45:00,2.7335432650000007,6.340311
2024-09-06 10:00:00,4.425345144,6.3391447
2024-09-06 10:15:00,9.216156413,6.2930326
2024-09-06 10:30:00,4.706850526,6.2671103
2024-09-06 10:45:00,1.264181479,6.297727
2024-09-06 11:00:00,8.020637725,6.259535
2024-09-06 11:15:00,3.026217806,6.216121
2024-09-06 11:30:00,3.047563789,6.2161593
2024-09-06 11:45:00,1.323823181,6.1719413
2024-09-06 12:00:00,7.18466195,6.10774
2024-09-06 12:15:00,6.6337788689999995,6.0675855
2024-09-06 12:30:00,2.23889525,6.083854
2024-09-06 12:45:00,1.683268541,6.074999
2024-09-06 13:00:00,6.321166121,6.016818
2024-09-06 13:15:00,9.002328775,5.9893017
2024-09-06 13:30:00,11.1866979,6.014329
2024-09-06 13:45:00,1.9735047199999998,6.0738688
2024-09-06 14:00:00,8.526323194,6.1568747
2024-09-06 14:15:00,3.1308380499999995,6.155958
2024-09-06 14:30:00,1.4724789499999997,6.1986446
2024-09-06 14:45:00,4.593193161,6.1631703
2024-09-06 15:00:00,7.010756039,6.120291
2024-09-06 15:15:00,7.465686657,6.1203365
2024-09-06 15:30:00,1.628584528,6.147905
2024-09-06 15:45:00,10.88468978,6.155013
2024-09-06 16:00:00,1.683711189,6.137475
2024-09-06 16:15:00,3.378556366,6.1883883
2024-09-06 16:30:00,5.701773835,6.144965
2024-09-06 16:45:00,10.77015874,6.127812
2024-09-06 17:00:00,11.57060684,6.1445765
2024-09-06 17:15:00,1.167509425,6.2085013
2024-09-06 17:30:00,3.453276687,6.296715
2024-09-06 17:45:00,6.499076273,6.260198
2024-09-06 18:00:00,8.351092062,6.2462335
2024-09-06 18:15:00,8.137761886,6.2582374
2024-09-06 18:30:00,3.899466034,6.294402
2024-09-06 18:45:00,3.177509779,6.3310623
2024-09-06 19:00:00,1.315930105,6.3094316
2024-09-06 19:15:00,9.736750036,6.25221
2024-09-06 19:30:00,4.956702759,6.205914
2024-09-06 19:45:00,10.05302836,6.235674
2024-09-06 20:00:00,4.367048141,6.236102
2024-09-06 20:15:00,8.792025441,6.287394
2024-09-06 20:30:00,1.895047749,6.284544
2024-09-06 20:45:00,9.441791516,6.317516
2024-09-06 21:00:00,10.53218296,6.2825623
2024-09-06 21:15:00,3.9168412020000005,6.3202214
2024-09-06 21:30:00,2.723669226,6.38711
2024-09-06 21:45:00,3.216348004,6.36802
2024-09-06 22:00:00,10.37697915,6.3167887
2024-09-06 22:15:00,4.148156422,6.2856092
2024-09-06 22:30:00,3.568513412,6.3289323
2024-09-06 22:45:00,11.56708894,6.3006544
2024-09-06 23:00:00,8.202157855,6.2680173
2024-09-06 23:15:00,9.80811533,6.332068
2024-09-06 23:30:00,8.921724501,6.3676987
2024-09-06 23:45:00,5.079790796,6.425475
2024-09-07 00:00:00,9.932315101,6.479844
2024-09-07 00:15:00,7.125242044,6.4637504
2024-09-07 00:30:00,8.200527756,6.5160904
2024-09-07 00:45:00,4.708305793,6.528982
2024-09-07 01:00:00,11.07676229,6.5600257
2024-09-07 01:15:00,9.849766673,6.5205064
2024-09-07 01:30:00,2.749622886,6.5614843
2024-09-07 01:45:00,3.297940213,6.615914
2024-09-07 02:00:00,9.028683716,6.560545
2024-09-07 02:15:00,1.4441408470000001,6.5034275
2024-09-07 02:30:00,4.597724024,6.5045576
2024-09-07 02:45:00,6.70935195,6.428824
2024-09-07 03:00:00,3.2887619590000003,6.384263
2024-09-07 03:15:00,9.996993474,6.355251
2024-09-07 03:30:00,10.42484774,6.3128734
2024-09-07 03:45:00,11.3507676,6.3441343
2024-09-07 04:00:00,2.6451702330000004,6.386021
2024-09-07 04:15:00,1.9771620630000002,6.465569
2024-09-07 04:30:00,6.936609566,6.4244294
2024-09-07 04:45:00,9.293809272,6.3749795
2024-09-07 05:00:00,4.22370498,6.369558
2024-09-07 05:15:00,3.590181875,6.4005103
2024-09-07 05:30:00,6.696962209,6.368268
2024-09-07 05:45:00,6.222854083,6.332821
2024-09-07 06:00:00,5.988847298,6.332223
2024-09-07 06:15:00,5.541904126,6.3263297
2024-09-07 06:30:00,8.706747494,6.3207736
2024-09-07 06:45:00,7.3939878310000005,6.3130393
2024-09-07 07:00:00,6.347736241999999,6.346827
2024-09-07 07:15:00,8.70183166,6.3655167
2024-09-07 07:30:00,3.709919691,6.3702626
2024-09-07 07:45:00,10.2618884,6.408598
2024-09-07 08:00:00,5.15723734,6.3802037
2024-09-07 08:15:00,4.327416899,6.432118
2024-09-07 08:30:00,6.775052079,6.424577
2024-09-07 08:45:00,3.962298636,6.4008718
2024-09-07 09:00:00,3.8303118490000005,6.3959527
2024-09-07 09:15:00,1.967510825,6.357505
2024-09-07 09:30:00,7.898850629000001,6.296499
2024-09-07 09:45:00,10.3223276,6.243067
2024-09-07 10:00:00,8.407248596,6.2511263
2024-09-07 10:15:00,7.154057143,6.3059993
2024-09-07 10:30:00,8.463366713,6.3487697
2024-09-07 10:45:00,11.10461991,6.3712287
2024-09-07 11:00:00,4.705853066,6.3950324
2024-09-07 11:15:00,5.583185357,6.480661
2024-09-07 11:30:00,3.939739124,6.476749
2024-09-07 11:45:00,1.337068332,6.46872
2024-09-07 12:00:00,4.66196002,6.4185457
2024-09-07 12:15:00,1.8751931789999998,6.345678
2024-09-07 12:30:00,10.35244669,6.2858987
2024-09-07 12:45:00,8.531633543,6.233344
2024-09-07 13:00:00,4.296887141,6.270681
2024-09-07 13:15:00,4.594576013,6.2976217
2024-09-07 13:30:00,7.122791204,6.277416
2024-09-07 13:45:00,9.221601841,6.2669477
2024-09-07 14:00:00,8.577362229,6.279347
2024-09-07 14:15:00,1.4494058530000002,6.3251033
2024-09-07 14:30:00,9.332679579,6.3589225
2024-09-07 14:45:00,10.33638823,6.3156905
2024-09-07 15:00:00,2.197377079,6.3524303
2024-09-07 15:15:00,8.886988197,6.4126544
2024-09-07 15:30:00,3.8354097740000004,6.3761916
2024-09-07 15:45:00,3.023717793,6.4066176
2024-09-07 16:00:00,6.851744793,6.368061
2024-09-07 16:15:00,6.7730285530000005,6.3270636
2024-09-07 16:30:00,6.241559246999999,6.3270473
2024-09-07 16:45:00,9.984097429,6.329302
2024-09-07 17:00:00,3.5964949030000004,6.324885
2024-09-07 17:15:00,7.574467655000001,6.373614
2024-09-07 17:30:00,5.348741125,6.3510575
2024-09-07 17:45:00,10.5473896,6.369853
2024-09-07 18:00:00,2.441663705,6.359337
2024-09-07 18:15:00,1.95962327,6.412451
2024-09-07 18:30:00,11.29302453,6.3598924
2024-09-07 18:45:00,7.188700348,6.3049297
2024-09-07 19:00:00,10.53749117,6.3597794
2024-09-07 19:15:00,5.31774469,6.370663
2024-09-07 19:30:00,7.633092348,6.4377375
2024-09-07 19:45:00,8.608021062,6.4341826
2024-09-07 20:00:00,11.25396909,6.4500017
2024-09-07 20:15:00,2.230729104,6.4641047
2024-09-07 20:30:00,2.326971445,6.5465603
2024-09-07 20:45:00,6.599307756,6.4914637
2024-09-07 21:00:00,1.752166393,6.43235
2024-09-07 21:15:00,8.691302398,6.4058375
2024-09-07 21:30:00,11.38673995,6.3426
2024-09-07 21:45:00,9.381358939,6.3505664
2024-09-07 22:00:00,3.956668295,6.4085875
2024-09-07 22:15:00,9.769322257,6.4573317
2024-09-07 22:30:00,7.279914599,6.427929
2024-09-07 22:45:00,2.38197462,6.473452
2024-09-07 23:00:00,6.859498946,6.4843535
2024-09-07 23:15:00,10.0936378,6.4371834
2024-09-07 23:30:00,4.048741664,6.4271884
2024-09-07 23:45:00,8.037559792,6.47065
2024-09-08 00:00:00,1.5941062619999997,6.4374495
2024-09-08 00:15:00,10.09472932,6.4444876
2024-09-08 00:30:00,3.282078079,6.384485
2024-09-08 00:45:00,7.164543593,6.4116025
2024-09-08 01:00:00,6.54135733,6.372759
2024-09-08 01:15:00,6.617508073,6.373589
2024-09-08 01:30:00,3.677108942,6.37412
2024-09-08 01:45:00,7.024357675,6.3692937
2024-09-08 02:00:00,7.419665699,6.336741
2024-09-08 02:15:00,5.624412300999999,6.339019
2024-09-08 02:30:00,7.644295439,6.3549724
2024-09-08 02:45:00,3.186627407,6.352516
2024-09-08 03:00:00,6.397346483,6.3630905
2024-09-08 03:15:00,8.776912367,6.332247
2024-09-08 03:30:00,4.995909556,6.3298683
2024-09-08 03:45:00,5.381040893,6.3567524
2024-09-08 04:00:00,2.862649467,6.343557
2024-09-08 04:15:00,7.527324518,6.3249774
2024-09-08 04:30:00,2.512685147,6.286364
2024-09-08 04:45:00,6.367157171000001,6.281592
2024-09-08 05:00:00,3.327740818,6.24492
2024-09-08 05:15:00,3.142850189,6.2300305
2024-09-08 05:30:00,2.181096041,6.1805634
2024-09-08 05:45:00,4.923692376,6.1229033
2024-09-08 06:00:00,10.06740899,6.0743647
2024-09-08 06:15:00,7.224669494,6.080162
2024-09-08 06:30:00,9.033117845,6.133896
2024-09-08 06:45:00,2.326456016,6.174685
2024-09-08 07:00:00,4.521619635,6.221672
2024-09-08 07:15:00,5.14402649,6.197979
2024-09-08 07:30:00,9.921276966,6.1909876
2024-09-08 07:45:00,7.719295042000001,6.198318
2024-09-08 08:00:00,6.431321569999999,6.2582507
2024-09-08 08:15:00,4.312686686,6.2980075
2024-09-08 08:30:00,9.171487478,6.318029
2024-09-08 08:45:00,10.56040725,6.3086143
2024-09-08 09:00:00,6.681994721,6.349363
2024-09-08 09:15:00,1.6024059460000002,6.42173
2024-09-08 09:30:00,4.091932199,6.4352446
2024-09-08 09:45:00,8.9037249,6.382823
2024-09-08 10:00:00,5.227609407,6.354078
2024-09-08 10:15:00,7.772610233,6.3809867
2024-09-08 10:30:00,6.670750497,6.3672566
2024-09-08 10:45:00,10.51549023,6.386871
2024-09-08 11:00:00,4.32427997,6.3847704
2024-09-08 11:15:00,5.864192056,6.445608
2024-09-08 11:30:00,1.8511811889999998,6.428908
2024-09-08 11:45:00,9.722151246,6.4116664
2024-09-08 12:00:00,4.576435974,6.356177
2024-09-08 12:15:00,8.733841256,6.3829565
2024-09-08 12:30:00,1.169916645,6.36049
2024-09-08 12:45:00,9.99998126,6.369762
2024-09-08 13:00:00,11.400018830000002,6.316868
2024-09-08 13:15:00,5.939024183,6.34856
2024-09-08 13:30:00,6.142189462,6.4241514
2024-09-08 13:45:00,7.755105457999999,6.43033
2024-09-08 14:00:00,11.540711650000002,6.4325337
2024-09-08 14:15:00,6.976771839,6.4360433
2024-09-08 14:30:00,1.90207949,6.514105
2024-09-08 14:45:00,6.980727546,6.528939
2024-09-08 15:00:00,5.590643989,6.471225
2024-09-08 15:15:00,9.017732917,6.4683337
2024-09-08 15:30:00,4.237493619,6.448877
2024-09-08 15:45:00,11.00149356,6.4735365
2024-09-08 16:00:00,9.468017307,6.430005
2024-09-08 16:15:00,4.473121432,6.4765425
2024-09-08 16:30:00,4.843004571,6.5222783
2024-09-08 16:45:00,6.646841519,6.499417
2024-09-08 17:00:00,2.133017019,6.4707065
2024-09-08 17:15:00,8.256587089,6.454615
2024-09-08 17:30:00,7.414687567,6.395382
2024-09-08 17:45:00,4.492345128,6.405934
2024-09-08 18:00:00,7.860308290999999,6.4060874
2024-09-08 18:15:00,2.140845982,6.380746
2024-09-08 18:30:00,10.64664813,6.3789916
2024-09-08 18:45:00,1.884499874,6.330604
2024-09-08 19:00:00,4.442623719,6.362467
2024-09-08 19:15:00,11.26101798,6.305023
2024-09-08 19:30:00,5.257843031,6.2804666
2024-09-08 19:45:00,10.35240391,6.3399396
2024-09-08 20:00:00,2.809152383,6.3317575
2024-09-08 20:15:00,1.9623075,6.3849607
2024-09-08 20:30:00,2.188991243,6.3392205
2024-09-08 20:45:00,11.45053298,6.2738147
2024-09-08 21:00:00,2.061813629,6.230077
2024-09-08 21:15:00,8.075330176,6.2701035
2024-09-08 21:30:00,5.829035038000001,6.2345266
2024-09-08 21:45:00,10.36753451,6.2597814
2024-09-08 22:00:00,4.222130339,6.260562
2024-09-08 22:15:00,1.421215823,6.3189936
2024-09-08 22:30:00,9.077451335,6.2934647
2024-09-08 22:45:00,7.262230519,6.2536535
2024-09-08 23:00:00,5.618399518,6.2898927
2024-09-08 23:15:00,4.446698696,6.3135843
2024-09-08 23:30:00,10.68798505,6.3101554
2024-09-08 23:45:00,2.494650547,6.293426
2024-09-09 00:00:00,2.545119029,6.348181
2024-09-09 00:15:00,1.321103637,6.2998595
2024-09-09 00:30:00,1.885643711,6.2339277
2024-09-09 00:45:00,9.703167509,6.1442547
2024-09-09 01:00:00,9.394343804,6.112933
2024-09-09 01:15:00,2.170036282,6.155715
2024-09-09 01:30:00,8.904814749,6.184502
2024-09-09 01:45:00,7.652562507,6.167654
2024-09-09 02:00:00,5.045170794,6.2129226
2024-09-09 02:15:00,1.993098474,6.2516847
2024-09-09 02:30:00,7.171497253,6.2436624
2024-09-09 02:45:00,9.756113157,6.2162223
2024-09-09 03:00:00,5.418996145,6.232573
2024-09-09 03:15:00,5.587668526,6.2909384
2024-09-09 03:30:00,9.831409116,6.296638
2024-09-09 03:45:00,3.348471017,6.3005843
2024-09-09 04:00:00,2.920027356,6.3503284
2024-09-09 04:15:00,8.301622389,6.320538
2024-09-09 04:30:00,7.799845534,6.293225
2024-09-09 04:45:00,10.40333342,6.3163605
2024-09-09 05:00:00,4.68002749,6.335249
2024-09-09 05:15:00,3.116738652,6.40055
2024-09-09 05:30:00,5.578579526000001,6.388942
2024-09-09 05:45:00,5.086203761,6.3509164
2024-09-09 06:00:00,11.00072011,6.3394446
2024-09-09 06:15:00,10.31739061,6.3219633
2024-09-09 06:30:00,5.582862952,6.376023
2024-09-09 06:45:00,5.459732322,6.4435277
2024-09-09 07:00:00,5.517348953,6.4441447
2024-09-09 07:15:00,8.511235476,6.4354825
2024-09-09 07:30:00,6.829466964,6.4250154
2024-09-09 07:45:00,4.176178952,6.44804
2024-09-09 08:00:00,9.142479871,6.4516964
2024-09-09 08:15:00,10.63261648,6.4207025
2024-09-09 08:30:00,8.377494127,6.4417725
2024-09-09 08:45:00,3.0553504129999998,6.494796
2024-09-09 09:00:00,9.362024024,6.527906
2024-09-09 09:15:00,11.0813622,6.4816766
2024-09-09 09:30:00,8.08632457,6.4971094
2024-09-09 09:45:00,3.7486874110000006,6.554684
2024-09-09 10:00:00,1.212381274,6.5880833
2024-09-09 10:15:00,5.075482551,6.5440817
2024-09-09 10:30:00,5.925781565,6.4635153
2024-09-09 10:45:00,10.70753218,6.422643
2024-09-09 11:00:00,7.598539257,6.3909483
2024-09-09 11:15:00,3.957440416,6.4333425
2024-09-09 11:30:00,7.957555741,6.4470935
2024-09-09 11:45:00,2.190236775,6.415416
2024-09-09 12:00:00,3.2697430419999995,6.4194264
2024-09-09 12:15:00,8.957065149,6.3522124
2024-09-09 12:30:00,4.365126343,6.3082247
2024-09-09 12:45:00,1.4770385039999998,6.324724
2024-09-09 13:00:00,6.209425759000001,6.277757
2024-09-09 13:15:00,7.714024021000001,6.2237945
2024-09-09 13:30:00,9.024715264,6.2190585
2024-09-09 13:45:00,4.352785743,6.2397227
2024-09-09 14:00:00,5.719237191000001,6.279958
2024-09-09 14:15:00,6.851001514000001,6.269078
2024-09-09 14:30:00,1.8996181590000003,6.2709208
2024-09-09 14:45:00,3.244065943,6.2684674
2024-09-09 15:00:00,4.897641448,6.217249
2024-09-09 15:15:00,3.938646372,6.1784387
2024-09-09 15:30:00,5.976752379,6.149547
2024-09-09 15:45:00,7.814899387,6.1283417
2024-09-09 16:00:00,6.73347387,6.1401234
2024-09-09 16:15:00,9.514269488,6.1759634
2024-09-09 16:30:00,7.733043086,6.203336
2024-09-09 16:45:00,4.270357707,6.265437
2024-09-09 17:00:00,2.343914334,6.303451
2024-09-09 17:15:00,7.955937785,6.2872005
2024-09-09 17:30:00,3.390158399,6.260071
2024-09-09 17:45:00,4.303175306,6.2746563
2024-09-09 18:00:00,9.490418056,6.246483
2024-09-09 18:15:00,3.387880436,6.235274
2024-09-09 18:30:00,6.4908881,6.2669115
2024-09-09 18:45:00,2.137446438,6.24802
2024-09-09 19:00:00,5.525179603,6.241657
2024-09-09 19:15:00,11.33309708,6.2009783
2024-09-09 19:30:00,11.00169773,6.198339
2024-09-09 19:45:00,10.86857709,6.261164
2024-09-09 20:00:00,7.701890677,6.333787
2024-09-09 20:15:00,4.092100942,6.423019
2024-09-09 20:30:00,4.91528774,6.472167
2024-09-09 20:45:00,3.2836604409999994,6.463518
2024-09-09 21:00:00,2.120013533,6.446175
2024-09-09 21:15:00,2.8945673549999995,6.3903966
2024-09-09 21:30:00,5.804887651,6.3166194
2024-09-09 21:45:00,1.411255205,6.2619753
2024-09-09 22:00:00,10.85958942,6.2091503
2024-09-09 22:15:00,6.728013139999999,6.164992
2024-09-09 22:30:00,2.978364533,6.2107916
2024-09-09 22:45:00,5.344749677,6.212753
2024-09-09 23:00:00,4.885366215,6.1877303
2024-09-09 23:15:00,9.565791237,6.18293
2024-09-09 23:30:00,2.5105136590000003,6.181767
2024-09-09 23:45:00,5.358389421,6.220482
2024-09-10 00:00:00,8.592761597,6.1953564
2024-09-10 00:15:00,4.930601496,6.1988
2024-09-10 00:30:00,4.814160314,6.238194
2024-09-10 00:45:00,4.73489511,6.2356973
2024-09-10 01:00:00,9.145801803,6.230337
2024-09-10 01:15:00,2.349504344,6.22768
2024-09-10 01:30:00,9.721211821,6.2548356
2024-09-10 01:45:00,1.909135053,6.2268825
2024-09-10 02:00:00,4.505149421,6.259666
2024-09-10 02:15:00,5.144558347,6.2190423
2024-09-10 02:30:00,5.273828903,6.2043285
2024-09-10 02:45:00,3.0624580140000006,6.195404
2024-09-10 03:00:00,7.259780214,6.17756
2024-09-10 03:15:00,5.844975106,6.158676
2024-09-10 03:30:00,7.103640975,6.1773996
2024-09-10 03:45:00,7.564886043999999,6.1880307
2024-09-10 04:00:00,3.164978147,6.2182164
2024-09-10 04:15:00,10.49851098,6.2372284
2024-09-10 04:30:00,10.07647403,6.221838
2024-09-10 04:45:00,9.651609863,6.2863755
2024-09-10 05:00:00,6.63541887,6.351578
2024-09-10 05:15:00,9.361283,6.423641
2024-09-10 05:30:00,7.612253912,6.439312
2024-09-10 05:45:00,5.880504836,6.4965134
2024-09-10 06:00:00,9.08612568,6.5284743
2024-09-10 06:15:00,7.609302733,6.5179563
2024-09-10 06:30:00,1.184082726,6.552817
2024-09-10 06:45:00,11.53802049,6.566365
2024-09-10 07:00:00,5.544636522999999,6.482169
2024-09-10 07:15:00,6.965715542,6.535514
2024-09-10 07:30:00,5.464310902,6.519426
2024-09-10 07:45:00,2.233370296,6.5144353
2024-09-10 08:00:00,9.552974539,6.4850416
2024-09-10 08:15:00,8.343574619,6.421061
2024-09-10 08:30:00,9.862640544,6.4412785
2024-09-10 08:45:00,6.009717042,6.451179
2024-09-10 09:00:00,9.453954317,6.498497
2024-09-10 09:15:00,9.19177693,6.4858522
2024-09-10 09:30:00,4.386117556,6.517076
2024-09-10 09:45:00,1.18800809,6.560385
2024-09-10 10:00:00,10.1051201,6.524222
2024-09-10 10:15:00,3.053296969,6.449065
2024-09-10 10:30:00,10.77326568,6.471373
2024-09-10 10:45:00,7.611569493000001,6.414039
2024-09-10 11:00:00,7.744277954999999,6.456674
2024-09-10 11:15:00,3.743345548,6.469494
2024-09-10 11:30:00,5.265983145,6.4844866
2024-09-10 11:45:00,4.468656999,6.447706
2024-09-10 12:00:00,3.1445930059999996,6.421764
2024-09-10 12:15:00,8.707896886,6.375842
2024-09-10 12:30:00,2.11291687,6.329808
2024-09-10 12:45:00,6.229550197999999,6.3328032
2024-09-10 13:00:00,6.624684384999999,6.278425
2024-09-10 13:15:00,11.10607137,6.2715983
2024-09-10 13:30:00,10.05010159,6.2719774
2024-09-10 13:45:00,6.278545494,6.332693
2024-09-10 14:00:00,9.837344503,6.4020433
2024-09-10 14:15:00,9.419835154,6.408636
2024-09-10 14:30:00,1.408176331,6.4588003
2024-09-10 14:45:00,10.738962,6.5142045
2024-09-10 15:00:00,8.154584497,6.450423
2024-09-10 15:15:00,7.833677865,6.5014176
2024-09-10 15:30:00,8.503891785,6.52363
2024-09-10 15:45:00,3.592387098,6.540237
2024-09-10 16:00:00,1.405896141,6.5746336
2024-09-10 16:15:00,3.558791971,6.5211515
2024-09-10 16:30:00,9.536411988,6.440304
2024-09-10 16:45:00,7.698827462999999,6.3836
2024-09-10 17:00:00,4.83684083,6.401165
2024-09-10 17:15:00,3.5995803010000005,6.4068604
2024-09-10 17:30:00,9.189128994,6.3785214
2024-09-10 17:45:00,6.034956042,6.3415885
2024-09-10 18:00:00,7.340474153,6.369407
2024-09-10 18:15:00,1.269795655,6.3681602
2024-09-10 18:30:00,5.374716408,6.362345
2024-09-10 18:45:00,1.334915829,6.3056045
2024-09-10 19:00:00,9.534049965,6.2600465
2024-09-10 19:15:00,3.7983297560000002,6.2115054
2024-09-10 19:30:00,2.779219241,6.2296634
2024-09-10 19:45:00,10.87991166,6.1880155
2024-09-10 20:00:00,1.287785256,6.165137
2024-09-10 20:15:00,3.2014816879999994,6.1987267
2024-09-10 20:30:00,3.655237948,6.1438966
2024-09-10 20:45:00,9.731199859,6.109466
2024-09-10 21:00:00,8.5981523,6.0988913
2024-09-10 21:15:00,11.160728190000002,6.1533465
2024-09-10 21:30:00,7.985899672,6.200728
2024-09-10 21:45:00,3.637732267,6.291283
2024-09-10 22:00:00,2.882857579,6.3481593
2024-09-10 22:15:00,8.7924687,6.336764
2024-09-10 22:30:00,10.11699294,6.3121057
2024-09-10 22:45:00,10.94021362,6.340905
2024-09-10 23:00:00,9.375259596,6.3872294
2024-09-10 23:15:00,9.515515475,6.4588737
2024-09-10 23:30:00,7.887821702999999,6.5094757
2024-09-10 23:45:00,8.28616906,6.5637255
2024-09-11 00:00:00,2.390194539,6.589473
2024-09-11 00:15:00,4.593627513,6.625935
2024-09-11 00:30:00,5.843338921,6.572823
2024-09-11 00:45:00,8.221991751,6.532376
2024-09-11 01:00:00,5.573898906,6.504727
2024-09-11 01:15:00,5.050489883,6.505924
2024-09-11 01:30:00,6.988550922,6.4809375
2024-09-11 01:45:00,5.238136193,6.4506097
2024-09-11 02:00:00,1.928894756,6.4377704
2024-09-11 02:15:00,10.97499563,6.3990602
2024-09-11 02:30:00,10.83519598,6.338465
2024-09-11 02:45:00,1.5226459879999998,6.375036
2024-09-11 03:00:00,6.819636371,6.425549
2024-09-11 03:15:00,8.625853455,6.3740606
2024-09-11 03:30:00,7.350436521,6.3731675
2024-09-11 03:45:00,4.815974933,6.4007897
2024-09-11 04:00:00,9.288243488,6.418906
2024-09-11 04:15:00,7.758282030000001,6.401727
2024-09-11 04:30:00,3.7507452629999998,6.43651
2024-09-11 04:45:00,7.589414024,6.4556923
2024-09-11 05:00:00,4.127967167,6.422717
2024-09-11 05:15:00,7.341191538,6.430094
2024-09-11 05:30:00,9.211085886,6.398571
2024-09-11 05:45:00,4.395318973,6.401019
2024-09-11 06:00:00,4.073591511,6.433889
2024-09-11 06:15:00,8.684774164,6.4099674
2024-09-11 06:30:00,6.541766103,6.379344
2024-09-11 06:45:00,2.622938672,6.401937
2024-09-11 07:00:00,6.686304522,6.3927107
2024-09-11 07:15:00,7.633219853,6.348385
2024-09-11 07:30:00,6.21132565,6.346999
2024-09-11 07:45:00,7.263163227,6.3591785
2024-09-11 08:00:00,4.820112259,6.360074
2024-09-11 08:15:00,10.04083841,6.3737235
2024-09-11 08:30:00,3.588713769,6.351786
2024-09-11 08:45:00,4.134370537,6.3949327
2024-09-11 09:00:00,9.363953743,6.3668046
2024-09-11 09:15:00,1.768175997,6.3400035
2024-09-11 09:30:00,11.52571579,6.3598385
2024-09-11 09:45:00,7.769570235,6.307632
2024-09-11 10:00:00,8.991021781,6.372799
2024-09-11 10:15:00,7.1954137,6.395054
2024-09-11 10:30:00,8.925766535,6.4394755
2024-09-11 10:45:00,5.70643481,6.457083
2024-09-11 11:00:00,6.795340504000001,6.5004
2024-09-11 11:15:00,7.969533923,6.4983416
2024-09-11 11:30:00,10.60981541,6.4992294
2024-09-11 11:45:00,1.473207062,6.500125
2024-09-11 12:00:00,2.324829063,6.5589957
2024-09-11 12:15:00,8.38957964,6.4886374
2024-09-11 12:30:00,4.753178679,6.4250503
2024-09-11 12:45:00,8.288403628,6.4277983
2024-09-11 13:00:00,3.479697127,6.3993607
2024-09-11 13:15:00,7.677754032,6.405447
2024-09-11 13:30:00,6.09982473,6.3658285
2024-09-11 13:45:00,2.421545589,6.373156
2024-09-11 14:00:00,10.61223398,6.3530817
2024-09-11 14:15:00,9.096711761,6.307522
2024-09-11 14:30:00,9.166503906,6.350965
2024-09-11 14:45:00,8.291915156,6.3906393
2024-09-11 15:00:00,1.348997337,6.4372506
2024-09-11 15:15:00,6.490884331000001,6.468711
2024-09-11 15:30:00,8.695074177,6.417622
2024-09-11 15:45:00,3.380700346,6.4091363
2024-09-11 16:00:00,7.708590151,6.430543
2024-09-11 16:15:00,10.98300545,6.3928056
2024-09-11 16:30:00,9.179303497,6.3944135
2024-09-11 16:45:00,6.730499801,6.4476767
2024-09-11 17:00:00,4.432014494,6.4948783
2024-09-11 17:15:00,7.559358577,6.508618
2024-09-11 17:30:00,8.492838061,6.4820547
2024-09-11 17:45:00,7.7202951230000005,6.4849806
2024-09-11 18:00:00,8.856312556,6.5093575
2024-09-11 18:15:00,4.008430332,6.519764
2024-09-11 18:30:00,6.337138812,6.551133
2024-09-11 18:45:00,6.682913538999999,6.5168695
2024-09-11 19:00:00,2.119040346,6.5027227
2024-09-11 19:15:00,2.965426279,6.486731
2024-09-11 19:30:00,4.342477283,6.409987
2024-09-11 19:45:00,1.650130219,6.3439813
2024-09-11 20:00:00,3.572041022,6.275722
2024-09-11 20:15:00,6.567544794000001,6.1910424
2024-09-11 20:30:00,6.712196491,6.148058
2024-09-11 20:45:00,3.846633126,6.143034
2024-09-11 21:00:00,11.12717978,6.1373954
2024-09-11 21:15:00,5.98756557,6.1340775
2024-09-11 21:30:00,7.670531268,6.2042723
2024-09-11 21:45:00,1.46046846,6.2258654
2024-09-11 22:00:00,5.329484806,6.2493787
2024-09-11 22:15:00,6.981274311000001,6.211829
2024-09-11 22:30:00,4.251039395,6.210491
2024-09-11 22:45:00,2.96563452,6.221179
2024-09-11 23:00:00,3.3110275940000005,6.196265
2024-09-11 23:15:00,5.785559098,6.155981
2024-09-11 23:30:00,1.8775925150000001,6.128625
2024-09-11 23:45:00,3.4939008350000003,6.0992565
2024-09-12 00:00:00,8.677691857,6.046686
2024-09-12 00:15:00,3.3462874989999998,6.038421
2024-09-12 00:30:00,2.353598888,6.063529
2024-09-12 00:45:00,1.99890465,6.0300226
2024-09-12 01:00:00,11.561551760000002,5.9776316
2024-09-12 01:15:00,2.059231809,5.9796624
2024-09-12 01:30:00,5.665006305000001,6.035933
2024-09-12 01:45:00,6.462082716,6.0261025
2024-09-12 02:00:00,11.271920709999998,6.052122
2024-09-12 02:15:00,10.31380322,6.090292
2024-09-12 02:30:00,3.7434481910000006,6.1806808
2024-09-12 02:45:00,1.972254975,6.271283
2024-09-12 03:00:00,5.469336464,6.266641
2024-09-12 03:15:00,2.108180566,6.234736
2024-09-12 03:30:00,9.70635557,6.2175584
2024-09-12 03:45:00,8.557495784,6.189121
2024-09-12 04:00:00,11.04905804,6.242469
2024-09-12 04:15:00,7.228771502999999,6.2805624
2024-09-12 04:30:00,4.808742525,6.363492
2024-09-12 04:45:00,6.434312161,6.4022346
2024-09-12 05:00:00,2.8175191650000007,6.402462
2024-09-12 05:15:00,5.964226089,6.406502
2024-09-12 05:30:00,11.64284875,6.366495
2024-09-12 05:45:00,8.160332803,6.3526044
2024-09-12 06:00:00,1.896371256,6.4197507
2024-09-12 06:15:00,8.911417572,6.44465
2024-09-12 06:30:00,2.166503421,6.3970866
2024-09-12 06:45:00,5.070032452,6.4184318
2024-09-12 07:00:00,9.269941709,6.367016
2024-09-12 07:15:00,2.4855394930000005,6.3407063
2024-09-12 07:30:00,4.276723604,6.3618536
2024-09-12 07:45:00,3.09039945,6.311059
2024-09-12 08:00:00,10.21851903,6.266823
2024-09-12 08:15:00,2.591823186,6.229784
2024-09-12 08:30:00,6.758889728,6.255409
2024-09-12 08:45:00,3.9901620700000002,6.226357
2024-09-12 09:00:00,6.669573459000001,6.229599
2024-09-12 09:15:00,2.785350479,6.2130756
2024-09-12 09:30:00,9.258808234,6.2099032
2024-09-12 09:45:00,7.517063079,6.1854815
2024-09-12 10:00:00,1.553313302,6.2286835
2024-09-12 10:15:00,10.55781221,6.2376285
2024-09-12 10:30:00,10.448836,6.206518
2024-09-12 10:45:00,4.124018996,6.267044
2024-09-12 11:00:00,4.048704892,6.3410835
2024-09-12 11:15:00,6.344333034,6.335933
2024-09-12 11:30:00,7.632110193,6.321519
2024-09-12 11:45:00,4.165827619,6.324906
2024-09-12 12:00:00,9.348815847,6.3423667
2024-09-12 12:15:00,2.04045024,6.327291
2024-09-12 12:30:00,5.284303014,6.3556395
2024-09-12 12:45:00,7.023524163,6.313536
2024-09-12 13:00:00,9.455997313,6.302113
2024-09-12 13:15:00,9.930503889,6.3079343
2024-09-12 13:30:00,3.7235991389999996,6.349587
2024-09-12 13:45:00,3.5930497890000006,6.4091706
2024-09-12 14:00:00,4.951723351,6.386573
2024-09-12 14:15:00,5.612215016,6.350601
2024-09-12 14:30:00,9.511839189,6.3319073
2024-09-12 14:45:00,1.185382021,6.3199844
2024-09-12 15:00:00,8.402235415,6.342042
2024-09-12 15:15:00,3.378150601,6.291827
2024-09-12 15:30:00,10.14508797,6.306843
2024-09-12 15:45:00,4.45059257,6.2765594
2024-09-12 16:00:00,6.657416178,6.3215346
2024-09-12 16:15:00,4.596871844,6.3131213
2024-09-12 16:30:00,5.545491899999999,6.3161893
2024-09-12 16:45:00,6.583391491,6.297553
2024-09-12 17:00:00,8.751415589,6.294269
2024-09-12 17:15:00,2.409930478,6.303719
2024-09-12 17:30:00,4.910755781,6.3293624
2024-09-12 17:45:00,7.674340494,6.28857
2024-09-12 18:00:00,7.388224769,6.278079
2024-09-12 18:15:00,9.22124779,6.2955084
2024-09-12 18:30:00,10.51720839,6.3180084
2024-09-12 18:45:00,2.129606132,6.357049
2024-09-12 19:00:00,8.532059571,6.425332
2024-09-12 19:15:00,4.120555088,6.3855267
2024-09-12 19:30:00,6.294141108,6.413767
2024-09-12 19:45:00,7.686709378,6.3930326
2024-09-12 20:00:00,2.736995166,6.3927703
2024-09-12 20:15:00,4.699254947,6.4007215
2024-09-12 20:30:00,11.636720519999999,6.353434
2024-09-12 20:45:00,2.596320055,6.321455
2024-09-12 21:00:00,2.015894057,6.380536
2024-09-12 21:15:00,9.784702788,6.3233557
2024-09-12 21:30:00,5.726274892999999,6.279591
2024-09-12 21:45:00,8.026899,6.3118453
2024-09-12 22:00:00,4.14713499,6.312463
2024-09-12 22:15:00,3.208821409,6.3343897
2024-09-12 22:30:00,3.43576045,6.306766
2024-09-12 22:45:00,3.284158479,6.2616577
2024-09-12 23:00:00,3.69751359,6.212071
2024-09-12 23:15:00,3.442890464,6.1608458
2024-09-12 23:30:00,9.67987627,6.1171703
2024-09-12 23:45:00,6.63126154,6.1030936
2024-09-13 00:00:00,4.266159086,6.147494
2024-09-13 00:15:00,4.71256469,6.1623936
2024-09-13 00:30:00,11.30644963,6.1525903
2024-09-13 00:45:00,3.1010373579999997,6.1541657
2024-09-13 01:00:00,10.50981753,6.22934
2024-09-13 01:15:00,8.7367499,6.2182975
2024-09-13 01:30:00,7.813210832,6.292008
2024-09-13 01:45:00,7.689406586,6.348348
2024-09-13 02:00:00,5.557143265,6.39008
2024-09-13 02:15:00,5.597944332999999,6.431674
2024-09-13 02:30:00,9.369628649,6.4366393
2024-09-13 02:45:00,9.566158736,6.4238896
2024-09-13 03:00:00,6.940565121,6.4602795
2024-09-13 03:15:00,9.047074825,6.511858
2024-09-13 03:30:00,9.499697485,6.5144963
2024-09-13 03:45:00,4.59292607,6.5416365
2024-09-13 04:00:00,7.310465032,6.5910797
2024-09-13 04:15:00,5.643825329,6.565551
2024-09-13 04:30:00,2.147655067,6.571121
2024-09-13 04:45:00,7.858050294000001,6.544493
2024-09-13 05:00:00,7.393188557000001,6.477057
2024-09-13 05:15:00,2.310574637,6.473159
2024-09-13 05:30:00,1.910681046,6.4613104
2024-09-13 05:45:00,3.6335201789999996,6.378705
2024-09-13 06:00:00,9.702444376,6.297711
2024-09-13 06:15:00,1.832492559,6.2575035
2024-09-13 06:30:00,5.976954991,6.261407
2024-09-13 06:45:00,3.067483892,6.2088065
2024-09-13 07:00:00,3.766286739,6.186927
2024-09-13 07:15:00,9.046654649,6.1380363
2024-09-13 07:30:00,10.33295659,6.1229286
2024-09-13 07:45:00,7.165112901,6.1645384
2024-09-13 08:00:00,9.861687707,6.234362
2024-09-13 08:15:00,10.33991644,6.26997
2024-09-13 08:30:00,3.330751813,6.3332076
2024-09-13 08:45:00,7.231323454999999,6.416443
2024-09-13 09:00:00,9.359672313,6.400706
2024-09-13 09:15:00,7.094643445,6.417854
2024-09-13 09:30:00,9.575218426,6.465578
2024-09-13 09:45:00,7.441564669,6.4737897
2024-09-13 10:00:00,4.088890281,6.5239706
2024-09-13 10:15:00,8.196057358,6.546478
2024-09-13 10:30:00,7.151283358,6.513137
2024-09-13 10:45:00,7.852096448,6.5301747
2024-09-13 11:00:00,2.087949892,6.5283484
2024-09-13 11:15:00,2.468207607,6.5349703
2024-09-13 11:30:00,9.830378597,6.463628
2024-09-13 11:45:00,5.660202321,6.4019465
2024-09-13 12:00:00,3.46926431,6.4242415
2024-09-13 12:15:00,2.135042074,6.3961487
2024-09-13 12:30:00,3.90718533,6.337148
2024-09-13 12:45:00,4.238819241,6.2668138
2024-09-13 13:00:00,11.47468846,6.2175303
2024-09-13 13:15:00,9.705098388,6.1951137
2024-09-13 13:30:00,1.906501961,6.2524505
2024-09-13 13:45:00,9.080969076,6.294982
2024-09-13 14:00:00,7.163128034,6.2646847
2024-09-13 14:15:00,3.533975131,6.3074207
2024-09-13 14:30:00,8.771248104,6.3250637
2024-09-13 14:45:00,1.412829245,6.3084965
2024-09-13 15:00:00,8.737611239,6.3293715
2024-09-13 15:15:00,10.11077445,6.284109
2024-09-13 15:30:00,9.952120291,6.312401
2024-09-13 15:45:00,9.13960499,6.361721
2024-09-13 16:00:00,10.64473737,6.419341
2024-09-13 16:15:00,8.534428734,6.4600687
2024-09-13 16:30:00,8.229039634,6.5295844
2024-09-13 16:45:00,1.4023644930000003,6.5692163
2024-09-13 17:00:00,2.843403004,6.6088314
2024-09-13 17:15:00,9.06650872,6.5428834
2024-09-13 17:30:00,11.270577760000002,6.48326
2024-09-13 17:45:00,8.372184178,6.4799204
2024-09-13 18:00:00,7.100083189999999,6.5309477
2024-09-13 18:15:00,2.9723618380000003,6.5564523
2024-09-13 18:30:00,10.92187619,6.5656996
2024-09-13 18:45:00,7.915890637,6.501704
2024-09-13 19:00:00,6.099985819,6.545782
2024-09-13 19:15:00,10.15844036,6.557641
2024-09-13 19:30:00,10.69043983,6.531901
2024-09-13 19:45:00,4.871073057,6.558215
2024-09-13 20:00:00,6.472407371,6.620469
2024-09-13 20:15:00,2.376274303,6.5967846
2024-09-13 20:30:00,11.2935144,6.5861187
2024-09-13 20:45:00,2.483084964,6.5050707
2024-09-13 21:00:00,10.6773055,6.5501213
2024-09-13 21:15:00,3.118551997,6.478862
2024-09-13 21:30:00,10.31884894,6.514762
2024-09-13 21:45:00,5.672431022,6.456192
2024-09-13 22:00:00,7.31404224,6.494544
2024-09-13 22:15:00,1.493053409,6.4769382
2024-09-13 22:30:00,5.372069872,6.470096
2024-09-13 22:45:00,6.057717438,6.401158
2024-09-13 23:00:00,1.260776736,6.375915
2024-09-13 23:15:00,7.815176475,6.3368173
2024-09-13 23:30:00,9.657195085,6.274234
2024-09-13 23:45:00,1.422956704,6.2783914
2024-09-14 00:00:00,6.155945079,6.2980466
2024-09-14 00:15:00,1.482310433,6.2503786
2024-09-14 00:30:00,10.00870619,6.2245507
2024-09-14 00:45:00,2.923656659,6.1826663
2024-09-14 01:00:00,1.732162871,6.211652
2024-09-14 01:15:00,10.03841072,6.160335
2024-09-14 01:30:00,5.7254126890000006,6.1301866
2024-09-14 01:45:00,2.147771808,6.175731
2024-09-14 02:00:00,7.750975335,6.1693125
2024-09-14 02:15:00,8.4160537,6.147994
2024-09-14 02:30:00,7.092489391,6.1842628
2024-09-14 02:45:00,4.501464318,6.226493
2024-09-14 03:00:00,5.674702947,6.2584505
2024-09-14 03:15:00,11.31692721,6.2536745
2024-09-14 03:30:00,6.768725081,6.2599735
2024-09-14 03:45:00,5.267552225,6.3373537
2024-09-14 04:00:00,7.928489624,6.3658385
2024-09-14 04:15:00,1.9561060920000002,6.367614
2024-09-14 04:30:00,4.11852071,6.391979
2024-09-14 04:45:00,3.475286377,6.341517
2024-09-14 05:00:00,7.851294314,6.3015594
2024-09-14 05:15:00,7.479905933,6.271721
2024-09-14 05:30:00,8.72642898,6.2846446
2024-09-14 05:45:00,5.581426577,6.29985
2024-09-14 06:00:00,3.008337406,6.34097
2024-09-14 06:15:00,3.011226567,6.333848
2024-09-14 06:30:00,10.65937302,6.291633
2024-09-14 06:45:00,1.8938924610000003,6.25522
2024-09-14 07:00:00,7.394415565,6.293249
2024-09-14 07:15:00,3.447183734,6.2583833
2024-09-14 07:30:00,3.4432667080000003,6.2599926
2024-09-14 07:45:00,2.209813875,6.2216163
2024-09-14 08:00:00,11.4004664,6.1715364
2024-09-14 08:15:00,1.765965332,6.14172
2024-09-14 08:30:00,2.597569655,6.1807256
2024-09-14 08:45:00,4.88762599,6.127777
2024-09-14 09:00:00,6.009128731000001,6.0945587
2024-09-14 09:15:00,11.02182441,6.0884523
2024-09-14 09:30:00,3.5291923460000003,6.103761
2024-09-14 09:45:00,8.401551894,6.1713233
2024-09-14 10:00:00,8.160025903,6.17476
2024-09-14 10:15:00,6.5750796309999995,6.2239604
2024-09-14 10:30:00,3.7990061500000003,6.277179
2024-09-14 10:45:00,2.6648112230000005,6.302278
2024-09-14 11:00:00,2.936538093,6.2801886
2024-09-14 11:15:00,4.54063374,6.231672
2024-09-14 11:30:00,2.560516142,6.1892447
2024-09-14 11:45:00,12.097432829999999,6.146531
2024-09-14 12:00:00,5.564084965,6.124548
2024-09-14 12:15:00,6.701338206,6.1999993
2024-09-14 12:30:00,7.745097877000001,6.216696
2024-09-14 12:45:00,3.228090513,6.2392597
2024-09-14 13:00:00,6.116309782000001,6.2710624
2024-09-14 13:15:00,1.795186103,6.252466
2024-09-14 13:30:00,10.89992063,6.242436
2024-09-14 13:45:00,6.008580075,6.210279
2024-09-14 14:00:00,1.464714368,6.2739825
2024-09-14 14:15:00,7.527004677999999,6.2625346
2024-09-14 14:30:00,2.156708843,6.228726
2024-09-14 14:45:00,9.287810326,6.23047
2024-09-14 15:00:00,10.78988924,6.2015676
2024-09-14 15:15:00,10.68849745,6.2409296
2024-09-14 15:30:00,5.672595122,6.302184
2024-09-14 15:45:00,8.641936084,6.389549
2024-09-14 16:00:00,2.6922967240000006,6.4004664
2024-09-14 16:15:00,1.939627457,6.4451976
2024-09-14 16:30:00,9.505819202,6.3990617
2024-09-14 16:45:00,8.528406594,6.3498893
2024-09-14 17:00:00,10.50112568,6.383306
2024-09-14 17:15:00,10.26530974,6.40516
2024-09-14 17:30:00,4.721681631,6.454829
2024-09-14 17:45:00,4.492340944,6.526757
2024-09-14 18:00:00,5.754035257,6.511642
2024-09-14 18:15:00,7.950359786,6.486684
2024-09-14 18:30:00,1.186350372,6.468345
2024-09-14 18:45:00,6.539755865,6.465171
2024-09-14 19:00:00,1.342593595,6.3981323
2024-09-14 19:15:00,5.706317348,6.361348
2024-09-14 19:30:00,2.043795442,6.294415
2024-09-14 19:45:00,6.832423254,6.2432985
2024-09-14 20:00:00,4.41444451,6.1922984
2024-09-14 20:15:00,6.113971947,6.1832013
2024-09-14 20:30:00,11.28954977,6.162345
2024-09-14 20:45:00,4.78983645,6.1722975
2024-09-14 21:00:00,8.724619121,6.239825
2024-09-14 21:15:00,8.285182633,6.2435875
2024-09-14 21:30:00,9.912162492,6.2900305
2024-09-14 21:45:00,4.504011495,6.3315086
2024-09-14 22:00:00,1.698586167,6.402062
2024-09-14 22:15:00,11.379038950000002,6.391785
2024-09-14 22:30:00,4.908210048,6.3430367
2024-09-14 22:45:00,3.214793628,6.4063725
2024-09-14 23:00:00,10.84226875,6.3890114
2024-09-14 23:15:00,3.073537087,6.3476443
2024-09-14 23:30:00,6.627241609,6.396098
2024-09-14 23:45:00,8.966902352,6.364284
2024-09-15 00:00:00,8.653895808,6.3666267
2024-09-15 00:15:00,1.438046955,6.398259
2024-09-15 00:30:00,3.328807719,6.4233932
2024-09-15 00:45:00,10.3575945,6.364246
2024-09-15 01:00:00,6.87738719,6.323882
2024-09-15 01:15:00,8.118537665,6.3699737
2024-09-15 01:30:00,5.391715338,6.3793845
2024-09-15 01:45:00,8.669196828,6.4086785
2024-09-15 02:00:00,4.183098483,6.398858
2024-09-15 02:15:00,3.588749627,6.430379
2024-09-15 02:30:00,11.36724925,6.400697
2024-09-15 02:45:00,2.8009045990000003,6.3558245
2024-09-15 03:00:00,11.35271514,6.4113836
2024-09-15 03:15:00,10.73018919,6.363832
2024-09-15 03:30:00,8.549298967,6.41501
2024-09-15 03:45:00,7.183056137000001,6.4770665
2024-09-15 04:00:00,1.200260427,6.520897
2024-09-15 04:15:00,7.735325894,6.541442
2024-09-15 04:30:00,8.925016951,6.4727254
2024-09-15 04:45:00,8.706358413,6.475
2024-09-15 05:00:00,2.947747901,6.497032
2024-09-15 05:15:00,6.800276494999999,6.5210953
2024-09-15 05:30:00,6.986462029,6.47584
2024-09-15 05:45:00,8.013924984,6.4682026
2024-09-15 06:00:00,9.565786617,6.46182
2024-09-15 06:15:00,8.346346154,6.4663634
2024-09-15 06:30:00,2.5948321,6.5037155
2024-09-15 06:45:00,1.346843187,6.531777
2024-09-15 07:00:00,2.5634919310000006,6.464689
2024-09-15 07:15:00,1.5877487580000003,6.376541
2024-09-15 07:30:00,5.692464057,6.283944
2024-09-15 07:45:00,4.196172722,6.2126513
2024-09-15 08:00:00,1.23207729,6.173957
2024-09-15 08:15:00,1.94511174,6.1066117
2024-09-15 08:30:00,5.211087606,6.0199666
2024-09-15 08:45:00,11.0192982,5.967794
2024-09-15 09:00:00,11.04451428,5.984418
2024-09-15 09:15:00,1.619921461,6.056696
2024-09-15 09:30:00,9.748770537,6.1274314
2024-09-15 09:45:00,6.247195756,6.1211076
2024-09-15 10:00:00,7.793097390000001,6.1935945
2024-09-15 10:15:00,6.356637621999999,6.2322063
2024-09-15 10:30:00,10.96583452,6.2793875
2024-09-15 10:45:00,6.111905258000001,6.296294
2024-09-15 11:00:00,2.792356763,6.381395
2024-09-15 11:15:00,9.219861883,6.402041
2024-09-15 11:30:00,6.380548393,6.3706036
2024-09-15 11:45:00,2.408805899,6.412205
2024-09-15 12:00:00,5.924171538000001,6.410516
2024-09-15 12:15:00,8.034941705,6.363225
2024-09-15 12:30:00,4.07460338,6.352496
2024-09-15 12:45:00,10.58409491,6.368029
2024-09-15 13:00:00,9.423717956,6.342009
2024-09-15 13:15:00,6.94854914,6.3920417
2024-09-15 13:30:00,1.721353077,6.443039
2024-09-15 13:45:00,7.021644214,6.453422
2024-09-15 14:00:00,5.569308088,6.40218
2024-09-15 14:15:00,8.867919286,6.4052267
2024-09-15 14:30:00,3.8272685620000004,6.3916035
2024-09-15 14:45:00,7.371578898,6.415527
2024-09-15 15:00:00,7.037378359,6.3820066
2024-09-15 15:15:00,6.602715628,6.3875628
2024-09-15 15:30:00,2.27845275,6.3982635
2024-09-15 15:45:00,6.200934014,6.3882666
2024-09-15 16:00:00,6.721948827,6.339651
2024-09-15 16:15:00,11.010268710000002,6.3303876
2024-09-15 16:30:00,5.997922478999999,6.327021
2024-09-15 16:45:00,7.719586489,6.3872066
2024-09-15 17:00:00,7.06345406,6.393218
2024-09-15 17:15:00,3.080619459,6.420242
2024-09-15 17:30:00,3.008515621,6.429654
2024-09-15 17:45:00,9.100013245,6.3832273
2024-09-15 18:00:00,6.571347737,6.343438
2024-09-15 18:15:00,10.63470522,6.369169
2024-09-15 18:30:00,10.60261537,6.3645706
2024-09-15 18:45:00,4.345440615,6.4130526
2024-09-15 19:00:00,2.105171777,6.48304
2024-09-15 19:15:00,4.691957033,6.4608865
2024-09-15 19:30:00,1.909780038,6.406308
2024-09-15 19:45:00,9.427969428,6.3613925
2024-09-15 20:00:00,2.7397068130000006,6.305276
2024-09-15 20:15:00,10.11533304,6.3159995
2024-09-15 20:30:00,5.385017042,6.275754
2024-09-15 20:45:00,3.943481382,6.3189764
2024-09-15 21:00:00,6.189516702,6.3071465
2024-09-15 21:15:00,7.546738276,6.2836847
2024-09-15 21:30:00,8.504813634,6.2855406
2024-09-15 21:45:00,4.643456585,6.3082004
2024-09-15 22:00:00,11.44884828,6.342104
2024-09-15 22:15:00,5.537769647000001,6.3244333
2024-09-15 22:30:00,9.991463393,6.398738
2024-09-15 22:45:00,1.542171598,6.3963017
2024-09-15 23:00:00,8.988699131,6.449871
2024-09-15 23:15:00,6.897137055,6.3985457
2024-09-15 23:30:00,7.488227154,6.433227
2024-09-15 23:45:00,5.023780961,6.443138
2024-09-16 00:00:00,6.878289009,6.4565525
2024-09-16 00:15:00,10.49008659,6.4389434
2024-09-16 00:30:00,5.09889577,6.4290476
2024-09-16 00:45:00,2.245143346,6.4810452
2024-09-16 01:00:00,8.651074986,6.461839
2024-09-16 01:15:00,6.3398157269999995,6.4103417
2024-09-16 01:30:00,5.406751078,6.428265
2024-09-16 01:45:00,9.189617269,6.4240127
2024-09-16 02:00:00,6.718232146,6.4023075
2024-09-16 02:15:00,7.645924969000001,6.4354587
2024-09-16 02:30:00,10.63188442,6.4365234
2024-09-16 02:45:00,1.750464661,6.441449
2024-09-16 03:00:00,3.818651509,6.5008326
2024-09-16 03:15:00,10.10419804,6.4428205
2024-09-16 03:30:00,9.280233364,6.399916
2024-09-16 03:45:00,3.1647645110000004,6.4313393
2024-09-16 04:00:00,2.9799105899999994,6.4689384
2024-09-16 04:15:00,10.20402439,6.419839
2024-09-16 04:30:00,7.124863847,6.372173
2024-09-16 04:45:00,9.792894033,6.4086328
2024-09-16 05:00:00,10.55348605,6.415346
2024-09-16 05:15:00,1.8688468159999998,6.4476414
2024-09-16 05:30:00,11.16639717,6.5137324
2024-09-16 05:45:00,8.578449206,6.449862
2024-09-16 06:00:00,10.29894615,6.5071516
2024-09-16 06:15:00,7.493444615,6.5240946
2024-09-16 06:30:00,4.241593857,6.5784583
2024-09-16 06:45:00,7.616910503,6.6034107
2024-09-16 07:00:00,6.402361572999999,6.570583
2024-09-16 07:15:00,10.88935341,6.573033
2024-09-16 07:30:00,7.049640642,6.543025
2024-09-16 07:45:00,1.453925601,6.5924764
2024-09-16 08:00:00,8.285482592,6.59063
2024-09-16 08:15:00,1.70723343,6.514379
2024-09-16 08:30:00,10.70839352,6.5062265
2024-09-16 08:45:00,6.119481397,6.427274
2024-09-16 09:00:00,11.298933429999998,6.465078
2024-09-16 09:15:00,1.353920221,6.4414024
2024-09-16 09:30:00,6.870247209,6.4939623
2024-09-16 09:45:00,3.514259549,6.4310107
2024-09-16 10:00:00,7.807561099,6.422451
2024-09-16 10:15:00,6.082937816,6.38242
2024-09-16 10:30:00,6.813340714999999,6.386017
2024-09-16 10:45:00,4.830062517,6.377469
2024-09-16 11:00:00,1.713034947,6.375044
2024-09-16 11:15:00,2.146612069,6.333852
2024-09-16 11:30:00,10.20810419,6.2583275
2024-09-16 11:45:00,8.357762994,6.211481
2024-09-16 12:00:00,9.069002495,6.250892
2024-09-16 12:15:00,2.432967431,6.281714
2024-09-16 12:30:00,1.669362976,6.3217325
2024-09-16 12:45:00,1.30823018,6.2732635
2024-09-16 13:00:00,6.639770661999999,6.1955194
2024-09-16 13:15:00,6.014899934,6.145733
2024-09-16 13:30:00,2.272733225,6.1426535
2024-09-16 13:45:00,4.753366488,6.1217995
2024-09-16 14:00:00,6.587948178000001,6.0874515
2024-09-16 14:15:00,7.821213879,6.0810633
2024-09-16 14:30:00,9.690585717,6.1067133
2024-09-16 14:45:00,7.577006316000001,6.1451755
2024-09-16 15:00:00,1.458423253,6.2149205
2024-09-16 15:15:00,7.240050208999999,6.2423186
2024-09-16 15:30:00,2.060874019,6.22065
2024-09-16 15:45:00,7.174631916999999,6.228074
2024-09-16 16:00:00,5.035632191,6.2017097
2024-09-16 16:15:00,4.151819366,6.2151785
2024-09-16 16:30:00,6.128304841,6.205031
2024-09-16 16:45:00,5.166235033,6.191729
2024-09-16 17:00:00,10.03845719,6.196559
2024-09-16 17:15:00,3.504644556,6.203173
2024-09-16 17:30:00,2.608533449,6.256772
2024-09-16 17:45:00,10.1231859,6.2245526
2024-09-16 18:00:00,3.777540898,6.2001743
2024-09-16 18:15:00,1.471216983,6.245362
2024-09-16 18:30:00,5.271431017,6.2116666
2024-09-16 18:45:00,9.679178817,6.1697855
2024-09-16 19:00:00,5.756348808,6.17362
2024-09-16 19:15:00,6.089743865,6.2203918
2024-09-16 19:30:00,1.648311207,6.2319784
2024-09-16 19:45:00,8.589647915,6.22716
2024-09-16 20:00:00,4.733493707,6.1968727
2024-09-16 20:15:00,8.746809966,6.225916
2024-09-16 20:30:00,5.384890003,6.2246428
2024-09-16 20:45:00,6.567205812,6.2636657
2024-09-16 21:00:00,7.529114445,6.270216
2024-09-16 21:15:00,3.2209113140000003,6.292435
2024-09-16 21:30:00,4.140790441,6.312246
2024-09-16 21:45:00,7.167151401,6.284657
2024-09-16 22:00:00,9.889419921,6.265811
2024-09-16 22:15:00,10.92327879,6.2801414
2024-09-16 22:30:00,6.363320850000001,6.326157
2024-09-16 22:45:00,1.856360229,6.4051642
2024-09-16 23:00:00,10.62960654,6.4192424
2024-09-16 23:15:00,5.34952551,6.367461
2024-09-16 23:30:00,2.153916025,6.4270945
2024-09-16 23:45:00,11.549936020000002,6.4136257
2024-09-17 00:00:00,4.049248733,6.3557916
2024-09-17 00:15:00,7.885505334,6.4179306
2024-09-17 00:30:00,2.5587443780000005,6.3967147
2024-09-17 00:45:00,8.570725915,6.4066124
2024-09-17 01:00:00,10.82977495,6.359873
2024-09-17 01:15:00,11.2542245,6.3742323
2024-09-17 01:30:00,2.5665031340000004,6.4188533
2024-09-17 01:45:00,9.237520924,6.5037785
2024-09-17 02:00:00,7.988800611,6.4590015
2024-09-17 02:15:00,9.588568242,6.495172
2024-09-17 02:30:00,4.546570613,6.506638
2024-09-17 02:45:00,5.215685636,6.5571094
2024-09-17 03:00:00,4.86142051,6.5339065
2024-09-17 03:15:00,8.857886887,6.5088825
2024-09-17 03:30:00,9.450914242,6.4752927
2024-09-17 03:45:00,3.75508524,6.487026
2024-09-17 04:00:00,6.934296358,6.5201545
2024-09-17 04:15:00,2.488467038,6.4794855
2024-09-17 04:30:00,1.277664542,6.4648376
2024-09-17 04:45:00,7.57199598,6.385271
2024-09-17 05:00:00,9.971524497,6.3188777
2024-09-17 05:15:00,10.47718193,6.312508
2024-09-17 05:30:00,7.852282129,6.3453803
2024-09-17 05:45:00,9.382261191,6.405737
2024-09-17 06:00:00,5.490275792,6.4268208
2024-09-17 06:15:00,10.47051819,6.482838
2024-09-17 06:30:00,9.521284079,6.466523
2024-09-17 06:45:00,4.359697971,6.5182242
2024-09-17 07:00:00,7.205512811,6.573708
2024-09-17 07:15:00,1.756399225,6.5464187
2024-09-17 07:30:00,2.647770098,6.54438
2024-09-17 07:45:00,10.75423501,6.469636
2024-09-17 08:00:00,1.245794913,6.4027624
2024-09-17 08:15:00,3.184044877,6.42021
2024-09-17 08:30:00,2.616254418,6.3380346
2024-09-17 08:45:00,8.271888963,6.268702
2024-09-17 09:00:00,2.229912857,6.222421
2024-09-17 09:15:00,1.3869127009999997,6.210477
2024-09-17 09:30:00,10.92673291,6.130497
2024-09-17 09:45:00,10.18650989,6.095217
2024-09-17 10:00:00,4.877997757,6.155196
2024-09-17 10:15:00,2.191005891,6.2190413
2024-09-17 10:30:00,8.092821157,6.2149444
2024-09-17 10:45:00,10.28968593,6.196626
2024-09-17 11:00:00,11.35755765,6.2292786
2024-09-17 11:15:00,2.489934889,6.2854624
2024-09-17 11:30:00,7.429363281,6.37611
2024-09-17 11:45:00,5.504234981,6.3550386
2024-09-17 12:00:00,2.735970192,6.380583
2024-09-17 12:15:00,9.359881222,6.3727612
2024-09-17 12:30:00,9.132088057,6.332937
2024-09-17 12:45:00,11.44566813,6.3654523
2024-09-17 13:00:00,2.067398714,6.394334
2024-09-17 13:15:00,3.5375522,6.475989
2024-09-17 13:30:00,9.807808499,6.4338846
2024-09-17 13:45:00,5.198149802,6.397406
2024-09-17 14:00:00,5.985788885,6.4315467
2024-09-17 14:15:00,7.237714947,6.4201646
2024-09-17 14:30:00,5.491122682,6.4135118
2024-09-17 14:45:00,1.471401523,6.421278
2024-09-17 15:00:00,7.392883244,6.3885903
2024-09-17 15:15:00,3.446440608,6.331808
2024-09-17 15:30:00,11.36634229,6.3244085
2024-09-17 15:45:00,8.234579017,6.2838306
2024-09-17 16:00:00,9.821975768,6.339966
2024-09-17 16:15:00,11.00390464,6.3688016
2024-09-17 16:30:00,1.81730214,6.413959
2024-09-17 16:45:00,2.689727666,6.496035
2024-09-17 17:00:00,9.504092369,6.444379
2024-09-17 17:15:00,10.19143216,6.3943734
2024-09-17 17:30:00,1.159398092,6.4220934
2024-09-17 17:45:00,10.66722357,6.4658237
2024-09-17 18:00:00,5.944231702,6.4013004
2024-09-17 18:15:00,5.898707732,6.4541445
2024-09-17 18:30:00,10.09709961,6.4478235
2024-09-17 18:45:00,4.019945218,6.4308243
2024-09-17 19:00:00,6.920376963,6.4750266
2024-09-17 19:15:00,4.538404039,6.4496317
2024-09-17 19:30:00,2.370180214,6.4511123
2024-09-17 19:45:00,4.802417006,6.407904
2024-09-17 20:00:00,2.966490147,6.347655
2024-09-17 20:15:00,6.456369957,6.299929
2024-09-17 20:30:00,6.725496725,6.25158
2024-09-17 20:45:00,5.632726131,6.244321
2024-09-17 21:00:00,2.8699947450000005,6.2475295
2024-09-17 21:15:00,2.364969355,6.2262163
2024-09-17 21:30:00,2.321816896,6.1721554
2024-09-17 21:45:00,2.400823741,6.1021433
2024-09-17 22:00:00,4.246433621,6.032698
2024-09-17 22:15:00,1.165812705,5.9821835
2024-09-17 22:30:00,1.8062073340000002,5.9194703
2024-09-17 22:45:00,6.060559531,5.8481607
2024-09-17 23:00:00,3.038211756,5.828691
2024-09-17 23:15:00,3.9131261550000005,5.816668
2024-09-17 23:30:00,4.828647688,5.7972965
2024-09-17 23:45:00,1.5496738649999997,5.805126
2024-09-18 00:00:00,3.3381721619999998,5.7822566
2024-09-18 00:15:00,9.096816892,5.7569876
2024-09-18 00:30:00,4.759596065,5.791395
2024-09-18 00:45:00,3.074647421,5.852269
2024-09-18 01:00:00,3.217523347,5.871408
2024-09-18 01:15:00,11.272203980000002,5.867309
2024-09-18 01:30:00,2.6246294540000004,5.902976
2024-09-18 01:45:00,10.46649939,5.986977
2024-09-18 02:00:00,1.939547911,6.011063
2024-09-18 02:15:00,9.959473852,6.087138
2024-09-18 02:30:00,6.564234935,6.0914025
2024-09-18 02:45:00,7.382064014,6.1711154
2024-09-18 03:00:00,3.6358261,6.2144465
2024-09-18 03:15:00,10.81817911,6.257525
2024-09-18 03:30:00,7.354995697,6.2534766
2024-09-18 03:45:00,8.077726371,6.3336644
2024-09-18 04:00:00,6.9767378650000005,6.3712363
2024-09-18 04:15:00,2.433639997,6.4140124
2024-09-18 04:30:00,9.657280408,6.435815
2024-09-18 04:45:00,3.081581386,6.3949733
2024-09-18 05:00:00,4.142251689,6.431119
2024-09-18 05:15:00,8.092778377,6.389907
2024-09-18 05:30:00,2.162939932,6.360316
2024-09-18 05:45:00,11.02488324,6.3599105
2024-09-18 06:00:00,2.405604779,6.3124733
2024-09-18 06:15:00,8.140173072,6.355222
2024-09-18 06:30:00,7.534143666000001,6.313843
2024-09-18 06:45:00,8.456616207,6.3360944
2024-09-18 07:00:00,5.653330555000001,6.35627
2024-09-18 07:15:00,5.148724011,6.3921256
2024-09-18 07:30:00,11.1958942,6.3874307
2024-09-18 07:45:00,10.04287081,6.3701982
2024-09-18 08:00:00,6.053364908999999,6.424313
2024-09-18 08:15:00,3.1006018670000004,6.4909997
2024-09-18 08:30:00,10.13471106,6.495545
2024-09-18 08:45:00,7.950783696,6.449059
2024-09-18 09:00:00,2.5872392500000005,6.4905415
2024-09-18 09:15:00,3.0487696760000005,6.5116615
2024-09-18 09:30:00,6.674829152,6.45182
2024-09-18 09:45:00,6.382648671,6.399937
2024-09-18 10:00:00,5.417334476,6.386517
2024-09-18 10:15:00,5.784811665,6.3738637
2024-09-18 10:30:00,2.876686799,6.3566084
2024-09-18 10:45:00,3.748220814,6.3281207
2024-09-18 11:00:00,6.288216238,6.2748384
2024-09-18 11:15:00,1.799271525,6.239907
2024-09-18 11:30:00,4.789822106,6.2058334
2024-09-18 11:45:00,3.404792166,6.1537323
2024-09-18 12:00:00,2.776277401,6.1146894
2024-09-18 12:15:00,2.6325665780000005,6.0667515
2024-09-18 12:30:00,2.5024425020000005,6.0081882
2024-09-18 12:45:00,2.7374800640000005,5.948773
2024-09-18 13:00:00,5.28481256,5.892623
2024-09-18 13:15:00,2.228668694,5.8705544
2024-09-18 13:30:00,10.65022643,5.84683
2024-09-18 13:45:00,6.292396829,5.8604574
2024-09-18 14:00:00,6.479564668,5.9378314
2024-09-18 14:15:00,3.206736724,5.987845
2024-09-18 14:30:00,10.35359615,6.0241585
2024-09-18 14:45:00,9.547899347,6.0402308
2024-09-18 15:00:00,1.487069743,6.127182
2024-09-18 15:15:00,8.826258127,6.2004385
2024-09-18 15:30:00,3.078216968,6.1917076
2024-09-18 15:45:00,6.913328514,6.239341
2024-09-18 16:00:00,9.85880166,6.229436
2024-09-18 16:15:00,10.84091879,6.2545195
2024-09-18 16:30:00,3.1229607290000003,6.309154
2024-09-18 16:45:00,10.74872945,6.395517
2024-09-18 17:00:00,1.923641532,6.3703117
2024-09-18 17:15:00,10.361161,6.437081
2024-09-18 17:30:00,9.144875636,6.3919454
2024-09-18 17:45:00,10.96214951,6.4411407
2024-09-18 18:00:00,4.866442743,6.469576
2024-09-18 18:15:00,11.13651804,6.5504937
2024-09-18 18:30:00,10.03467959,6.5198035
2024-09-18 18:45:00,4.565049658,6.572634
2024-09-18 19:00:00,4.604602778,6.637785
2024-09-18 19:15:00,4.765753881,6.6155643
2024-09-18 19:30:00,7.449387715,6.5822315
2024-09-18 19:45:00,3.1168264650000004,6.537487
2024-09-18 20:00:00,5.814318491000001,6.5246296
2024-09-18 20:15:00,1.8489655460000003,6.4644423
2024-09-18 20:30:00,4.968179371,6.4191985
2024-09-18 20:45:00,8.042139423,6.3408113
2024-09-18 21:00:00,7.111810906,6.3053412
2024-09-18 21:15:00,4.534313605,6.3146505
2024-09-18 21:30:00,3.947462193,6.313164
2024-09-18 21:45:00,4.434820901,6.286336
2024-09-18 22:00:00,1.827566092,6.2506876
2024-09-18 22:15:00,3.819243537,6.1995597
2024-09-18 22:30:00,8.654553433,6.1353283
2024-09-18 22:45:00,2.926102952,6.1205807
2024-09-18 23:00:00,2.59342217,6.1294284
2024-09-18 23:15:00,9.779535954,6.088552
2024-09-18 23:30:00,3.65314003,6.0734367
2024-09-18 23:45:00,3.683901975,6.1119027
2024-09-19 00:00:00,6.04215523,6.091562
2024-09-19 00:15:00,6.01353444,6.0860796
2024-09-19 00:30:00,3.014503955,6.098618
2024-09-19 00:45:00,6.915606306000001,6.0983524
2024-09-19 01:00:00,7.999099360999999,6.0922184
2024-09-19 01:15:00,6.089573792,6.125534
2024-09-19 01:30:00,10.49416241,6.170752
2024-09-19 01:45:00,10.97339289,6.19482
2024-09-19 02:00:00,6.251036032,6.2678456
2024-09-19 02:15:00,10.64692884,6.3642616
2024-09-19 02:30:00,8.067380636,6.3844013
2024-09-19 02:45:00,6.6120891649999995,6.464214
2024-09-19 03:00:00,10.03720819,6.508805
2024-09-19 03:15:00,11.3823876,6.511215
2024-09-19 03:30:00,11.3887262,6.5443544
2024-09-19 03:45:00,9.060043452,6.5954294
2024-09-19 04:00:00,6.176315001,6.6673093
2024-09-19 04:15:00,4.170830061,6.720672
2024-09-19 04:30:00,6.969382439000001,6.723828
2024-09-19 04:45:00,9.35203892,6.674592
2024-09-19 05:00:00,1.4218957,6.6481485
2024-09-19 05:15:00,3.880936026,6.6671805
2024-09-19 05:30:00,4.784255752,6.575383
2024-09-19 05:45:00,8.76175475,6.5100956
2024-09-19 06:00:00,7.546416743999999,6.458998
2024-09-19 06:15:00,5.410021567,6.4598308
2024-09-19 06:30:00,10.81040162,6.4567842
2024-09-19 06:45:00,6.706604211,6.426249
2024-09-19 07:00:00,8.662240684,6.474521
2024-09-19 07:15:00,8.054931628,6.472481
2024-09-19 07:30:00,9.833425705,6.4983244
2024-09-19 07:45:00,9.63484309,6.507222
2024-09-19 08:00:00,11.45271959,6.5412025
2024-09-19 08:15:00,5.054244232,6.5626874
2024-09-19 08:30:00,2.79878976,6.6481094
2024-09-19 08:45:00,9.130754428,6.6368227
2024-09-19 09:00:00,10.35932404,6.57258
2024-09-19 09:15:00,1.716979724,6.573405
2024-09-19 09:30:00,4.488353131,6.615476
2024-09-19 09:45:00,9.395477728,6.5411124
2024-09-19 10:00:00,8.212780968,6.4906225
2024-09-19 10:15:00,9.101586773,6.505332
2024-09-19 10:30:00,6.5389952870000005,6.511321
2024-09-19 10:45:00,5.039501092,6.5394545
2024-09-19 11:00:00,9.464318579,6.5350604
2024-09-19 11:15:00,6.877025571,6.5043197
2024-09-19 11:30:00,6.297089124999999,6.5342364
2024-09-19 11:45:00,8.714232806,6.534151
2024-09-19 12:00:00,3.104378464,6.517195
2024-09-19 12:15:00,7.052396877,6.537033
2024-09-19 12:30:00,4.289663734,6.487103
2024-09-19 12:45:00,1.355860543,6.475183
2024-09-19 13:00:00,8.996676185,6.4171095
2024-09-19 13:15:00,5.946305161999999,6.34742
2024-09-19 13:30:00,10.51911379,6.358433
2024-09-19 13:45:00,6.215537017,6.3419685
2024-09-19 14:00:00,1.239089787,6.391804
2024-09-19 14:15:00,5.415308166,6.3787293
2024-09-19 14:30:00,2.93551571,6.3216333
2024-09-19 14:45:00,10.5863156,6.2924447
2024-09-19 15:00:00,5.730261403,6.2535105
2024-09-19 15:15:00,6.232313602,6.298058
2024-09-19 15:30:00,5.083316707,6.3030553
2024-09-19 15:45:00,6.652983761,6.308108
2024-09-19 16:00:00,2.035320457,6.2988744
2024-09-19 16:15:00,5.693380655,6.290037
2024-09-19 16:30:00,7.912859493,6.244411
2024-09-19 16:45:00,4.966448923,6.2412014
2024-09-19 17:00:00,4.995221633,6.2615004
2024-09-19 17:15:00,10.00722538,6.249465
2024-09-19 17:30:00,6.91597203,6.244658
2024-09-19 17:45:00,7.556339340000001,6.3002667
2024-09-19 18:00:00,4.126056999,6.323086
2024-09-19 18:15:00,6.164523516,6.3536396
2024-09-19 18:30:00,1.7576238,6.3389816
2024-09-19 18:45:00,5.57267827,6.3273625
2024-09-19 19:00:00,9.341323426,6.2802362
2024-09-19 19:15:00,2.706645204,6.2695665
2024-09-19 19:30:00,9.285479145,6.2948933
2024-09-19 19:45:00,5.021028537,6.2624445
2024-09-19 20:00:00,1.407414294,6.30049
2024-09-19 20:15:00,11.08367704,6.277446
2024-09-19 20:30:00,3.037120932,6.2346253
2024-09-19 20:45:00,4.631733566,6.2865195
2024-09-19 21:00:00,6.096623321,6.2526226
2024-09-19 21:15:00,11.363872099999998,6.2398543
2024-09-19 21:30:00,7.14426609,6.2421865
2024-09-19 21:45:00,10.89062025,6.3174033
2024-09-19 22:00:00,7.077963239,6.3369656
2024-09-19 22:15:00,3.300854983,6.4198537
2024-09-19 22:30:00,6.974030951,6.4501987
2024-09-19 22:45:00,2.235959984,6.4225316
2024-09-19 23:00:00,2.367360358,6.4234996
2024-09-19 23:15:00,2.299572847,6.3585434
2024-09-19 23:30:00,1.250016835,6.280114
2024-09-19 23:45:00,2.740760845,6.1875677
2024-09-20 00:00:00,4.708582697,6.0968523
2024-09-20 00:15:00,1.893838034,6.042701
2024-09-20 00:30:00,1.241681286,5.9848747
2024-09-20 00:45:00,2.327291238,5.9033775
2024-09-20 01:00:00,10.66805622,5.828596
2024-09-20 01:15:00,6.792357126,5.8353844
2024-09-20 01:30:00,5.719817250000001,5.9086585
2024-09-20 01:45:00,6.329083403,5.9513683
2024-09-20 02:00:00,6.55251594,5.9922557
2024-09-20 02:15:00,2.282351041,6.0413227
2024-09-20 02:30:00,7.334086764,6.061285
2024-09-20 02:45:00,10.14586377,6.06453
2024-09-20 03:00:00,6.731429834000001,6.112896
2024-09-20 03:15:00,10.55933385,6.194941
2024-09-20 03:30:00,2.6729353710000003,6.2293296
2024-09-20 03:45:00,9.272629814,6.3144555
2024-09-20 04:00:00,8.091375132,6.2971816
2024-09-20 04:15:00,7.497335110999999,6.3534923
2024-09-20 04:30:00,7.192308722999999,6.398594
2024-09-20 04:45:00,2.355723168,6.429702
2024-09-20 05:00:00,7.907263470999999,6.451727
2024-09-20 05:15:00,5.206820822,6.410677
2024-09-20 05:30:00,1.7961835339999999,6.4272413
2024-09-20 05:45:00,3.3322319229999997,6.397937
2024-09-20 06:00:00,5.949200745000001,6.328146
2024-09-20 06:15:00,11.56096948,6.280634
2024-09-20 06:30:00,5.623665598,6.267967
2024-09-20 06:45:00,2.6698934870000004,6.330964
2024-09-20 07:00:00,10.25239365,6.322136
2024-09-20 07:15:00,1.551246106,6.2840776
2024-09-20 07:30:00,2.453411174,6.317963
2024-09-20 07:45:00,6.204470883,6.2550488
2024-09-20 08:00:00,2.095141098,6.213436
2024-09-20 08:15:00,6.966176643,6.1853967
2024-09-20 08:30:00,2.808346719,6.1510634
2024-09-20 08:45:00,7.873253082,6.139193
2024-09-20 09:00:00,2.305770993,6.116545
2024-09-20 09:15:00,9.911271489,6.1206293
2024-09-20 09:30:00,8.625943696,6.103668
2024-09-20 09:45:00,10.94425163,6.167469
2024-09-20 10:00:00,1.89213111,6.215427
2024-09-20 10:15:00,6.708477526000001,6.29722
2024-09-20 10:30:00,8.30170207,6.276011
2024-09-20 10:45:00,10.42380335,6.298257
2024-09-20 11:00:00,6.023727248,6.3348804
2024-09-20 11:15:00,11.40882009,6.407515
2024-09-20 11:30:00,2.407139948,6.40625
2024-09-20 11:45:00,5.742895856999999,6.495816
2024-09-20 12:00:00,3.8124299449999994,6.4602933
2024-09-20 12:15:00,2.774098694,6.447752
2024-09-20 12:30:00,4.121804133,6.3958583
2024-09-20 12:45:00,8.2457876,6.3361974
2024-09-20 13:00:00,6.0408137,6.30351
2024-09-20 13:15:00,3.142706545,6.31096
2024-09-20 13:30:00,1.4369319210000002,6.2969995
2024-09-20 13:45:00,10.89014864,6.234996
2024-09-20 14:00:00,4.266861148,6.19022
2024-09-20 14:15:00,2.453550334,6.2352476
2024-09-20 14:30:00,2.668029155,6.20284
2024-09-20 14:45:00,3.733039094,6.1500683
2024-09-20 15:00:00,3.524928838,6.099506
2024-09-20 15:15:00,3.9214310400000003,6.061683
2024-09-20 15:30:00,3.409239084,6.0227966
2024-09-20 15:45:00,5.667929624,5.987917
2024-09-20 16:00:00,9.079851024,5.9690356
2024-09-20 16:15:00,1.409816116,5.9979467
2024-09-20 16:30:00,3.2111468579999998,6.023228
2024-09-20 16:45:00,8.293127722,5.9859834
2024-09-20 17:00:00,2.669758834,5.9891634
2024-09-20 17:15:00,8.725775347,6.0163717
2024-09-20 17:30:00,6.564896081,6.018834
2024-09-20 17:45:00,10.28547225,6.0815334
2024-09-20 18:00:00,1.252204397,6.1242275
2024-09-20 18:15:00,8.896517054,6.192929
2024-09-20 18:30:00,7.205379641,6.1793723
2024-09-20 18:45:00,5.974467826,6.2372108
2024-09-20 19:00:00,2.664882255,6.272531
2024-09-20 19:15:00,3.514417761,6.2806654
2024-09-20 19:30:00,9.102562416,6.2470055
2024-09-20 19:45:00,2.779990544,6.2320127
2024-09-20 20:00:00,6.353310142000001,6.253446
2024-09-20 20:15:00,3.223363637,6.2279882
2024-09-20 20:30:00,6.413957389,6.224348
2024-09-20 20:45:00,3.839306869,6.2015862
2024-09-20 21:00:00,4.750156912,6.1986146
2024-09-20 21:15:00,9.711535329,6.175166
2024-09-20 21:30:00,1.5490677600000002,6.173894
2024-09-20 21:45:00,10.77068704,6.203682
2024-09-20 22:00:00,4.477450698,6.1761613
2024-09-20 22:15:00,7.393057657,6.2358556
2024-09-20 22:30:00,3.483031955,6.2414784
2024-09-20 22:45:00,5.095056926,6.2645783
2024-09-20 23:00:00,5.882507192,6.242692
2024-09-20 23:15:00,8.249004545,6.2399554
2024-09-20 23:30:00,9.912579164,6.244728
2024-09-20 23:45:00,10.10302849,6.2771406
2024-09-21 00:00:00,4.825872507,6.329661
2024-09-21 00:15:00,2.112432193,6.4073944
2024-09-21 00:30:00,10.59719811,6.398788
2024-09-21 00:45:00,1.4686651090000002,6.3528056
2024-09-21 01:00:00,9.979602567,6.3974113
2024-09-21 01:15:00,1.387405008,6.3479443
2024-09-21 01:30:00,11.294597580000001,6.37847
2024-09-21 01:45:00,1.251773104,6.3202767
2024-09-21 02:00:00,1.295831419,6.3673387
2024-09-21 02:15:00,6.48347522,6.2887793
2024-09-21 02:30:00,8.036672189,6.233735
2024-09-21 02:45:00,4.637671502,6.2311754
2024-09-21 03:00:00,7.086255142,6.2470903
2024-09-21 03:15:00,9.781887004,6.2382817
2024-09-21 03:30:00,9.06028133,6.252984
2024-09-21 03:45:00,9.881733123,6.3096604
2024-09-21 04:00:00,2.865985912,6.3534193
2024-09-21 04:15:00,3.467606503,6.4234576
2024-09-21 04:30:00,7.191095143,6.3928504
2024-09-21 04:45:00,8.604590777,6.3658714
2024-09-21 05:00:00,2.205273861,6.3745084
2024-09-21 05:15:00,2.994314269,6.395138
2024-09-21 05:30:00,10.67192629,6.336162
2024-09-21 05:45:00,1.3940876619999998,6.293348
2024-09-21 06:00:00,5.238436243,6.320043
2024-09-21 06:15:00,3.243437438,6.2674747
2024-09-21 06:30:00,9.083303667,6.241082
2024-09-21 06:45:00,10.03555934,6.2105207
2024-09-21 07:00:00,3.6715193079999997,6.2478156
2024-09-21 07:15:00,7.263988323999999,6.2978363
2024-09-21 07:30:00,9.860357948,6.288799
2024-09-21 07:45:00,7.381378949000001,6.304866
2024-09-21 08:00:00,7.518324173999999,6.3667994
2024-09-21 08:15:00,5.493055281,6.39932
2024-09-21 08:30:00,8.072909922,6.42842
2024-09-21 08:45:00,10.88509335,6.4238315
2024-09-21 09:00:00,4.204144271,6.437514
2024-09-21 09:15:00,3.2720296940000004,6.5084763
2024-09-21 09:30:00,11.22827604,6.4833407
2024-09-21 09:45:00,1.74666299,6.4301186
2024-09-21 10:00:00,9.973930383,6.4789124
2024-09-21 10:15:00,10.349654,6.4202204
2024-09-21 10:30:00,3.456864722,6.449477
2024-09-21 10:45:00,5.552914636,6.5032363
2024-09-21 11:00:00,2.35041066,6.4668603
2024-09-21 11:15:00,4.901415235,6.44216
2024-09-21 11:30:00,6.162395254,6.382384
2024-09-21 11:45:00,6.452351055,6.3460836
2024-09-21 12:00:00,2.5383516050000003,6.33419
2024-09-21 12:15:00,5.160234713,6.31244
2024-09-21 12:30:00,7.744613954999999,6.2633047
2024-09-21 12:45:00,5.977924159999999,6.2450294
2024-09-21 13:00:00,9.858641475,6.2563314
2024-09-21 13:15:00,11.14444025,6.261425
2024-09-21 13:30:00,9.779383228,6.3052015
2024-09-21 13:45:00,1.611898995,6.3763666
2024-09-21 14:00:00,3.448029681,6.4459767
2024-09-21 14:15:00,2.032872496,6.400558
2024-09-21 14:30:00,5.620043143999999,6.3531218
2024-09-21 14:45:00,8.559932518,6.2966948
2024-09-21 15:00:00,1.448196667,6.2804313
2024-09-21 15:15:00,4.047521454,6.283036
2024-09-21 15:30:00,2.124071927,6.224631
2024-09-21 15:45:00,5.52213232,6.167087
2024-09-21 16:00:00,10.97081222,6.122959
2024-09-21 16:15:00,5.308723449,6.122277
2024-09-21 16:30:00,7.923587222,6.1801486
2024-09-21 16:45:00,5.212133474,6.196604
2024-09-21 17:00:00,8.523240562,6.235108
2024-09-21 17:15:00,8.926592814,6.248352
2024-09-21 17:30:00,2.5214497,6.293641
2024-09-21 17:45:00,8.186936781,6.341135
2024-09-21 18:00:00,5.239840536,6.315699
2024-09-21 18:15:00,10.0328392,6.3496246
2024-09-21 18:30:00,2.859933767,6.3433046
2024-09-21 18:45:00,10.07944233,6.392999
2024-09-21 19:00:00,6.339277706,6.358191
2024-09-21 19:15:00,3.7738085460000006,6.4079356
2024-09-21 19:30:00,4.837990606,6.4100094
2024-09-21 19:45:00,1.173894,6.3778863
2024-09-21 20:00:00,10.57397707,6.3376346
2024-09-21 20:15:00,3.369265712,6.2820177
2024-09-21 20:30:00,10.77392436,6.3173833
2024-09-21 20:45:00,9.849284636,6.286732
2024-09-21 21:00:00,4.746484019,6.3377137
2024-09-21 21:15:00,3.388208805,6.399899
2024-09-21 21:30:00,5.546274841,6.390402
2024-09-21 21:45:00,10.86039689,6.361211
2024-09-21 22:00:00,10.11684493,6.345419
2024-09-21 22:15:00,6.149083669999999,6.392504
2024-09-21 22:30:00,6.771854071,6.4555373
2024-09-21 22:45:00,5.407785048,6.4638186
2024-09-21 23:00:00,11.13447768,6.47616
2024-09-21 23:15:00,11.18918521,6.449155
2024-09-21 23:30:00,3.8707058630000004,6.4906054
2024-09-21 23:45:00,11.14181868,6.5745454
2024-09-22 00:00:00,11.20845082,6.525677
2024-09-22 00:15:00,6.076456238,6.5653296
2024-09-22 00:30:00,5.4759878,6.639689
2024-09-22 00:45:00,10.02282073,6.642664
2024-09-22 01:00:00,11.02929029,6.6041393
2024-09-22 01:15:00,5.413198579,6.616894
2024-09-22 01:30:00,6.251958989,6.682589
2024-09-22 01:45:00,4.858935515,6.66205
2024-09-22 02:00:00,3.199965074,6.6480393
2024-09-22 02:15:00,11.50141382,6.6007657
2024-09-22 02:30:00,3.025135022,6.522427
2024-09-22 02:45:00,9.759920111,6.5593505
2024-09-22 03:00:00,5.313847578,6.49348
2024-09-22 03:15:00,1.957465471,6.5197325
2024-09-22 03:30:00,4.450908853,6.4851904
2024-09-22 03:45:00,2.022041721,6.4125457
2024-09-22 04:00:00,11.1667301,6.3457522
2024-09-22 04:15:00,3.845254652,6.2840548
2024-09-22 04:30:00,8.836588801,6.3188252
2024-09-22 04:45:00,5.525895661999999,6.2929335
2024-09-22 05:00:00,8.446624954,6.3224487
2024-09-22 05:15:00,3.846522415,6.317138
2024-09-22 05:30:00,2.109347107,6.342716
2024-09-22 05:45:00,9.952391747,6.307617
2024-09-22 06:00:00,8.659587243,6.2642803
2024-09-22 06:15:00,2.234269614,6.305185
2024-09-22 06:30:00,8.763908151,6.3348618
2024-09-22 06:45:00,7.420978452,6.301803
2024-09-22 07:00:00,2.881184106,6.3344007
2024-09-22 07:15:00,9.473194453,6.346692
2024-09-22 07:30:00,8.399369694,6.3164663
2024-09-22 07:45:00,6.345495376,6.358056
2024-09-22 08:00:00,3.0952989920000005,6.395651
2024-09-22 08:15:00,6.849309275999999,6.4026203
2024-09-22 08:30:00,2.794569725,6.3653407
2024-09-22 08:45:00,3.082183392,6.361058
2024-09-22 09:00:00,3.748387999,6.302554
2024-09-22 09:15:00,7.684093312999999,6.2485623
2024-09-22 09:30:00,8.002457096,6.2208176
2024-09-22 09:45:00,1.902619729,6.2359757
2024-09-22 10:00:00,7.892881676,6.2434645
2024-09-22 10:15:00,1.5063651619999998,6.205952
2024-09-22 10:30:00,10.44556292,6.2056804
2024-09-22 10:45:00,9.143904928,6.1713037
2024-09-22 11:00:00,8.71968733,6.2297688
2024-09-22 11:15:00,3.715193562,6.282353
2024-09-22 11:30:00,11.252333319999998,6.336185
2024-09-22 11:45:00,11.28475595,6.320111
2024-09-22 12:00:00,6.485862488,6.3801336
2024-09-22 12:15:00,1.5526288230000003,6.470427
2024-09-22 12:30:00,6.53008071,6.494418
2024-09-22 12:45:00,2.863434176,6.441968
2024-09-22 13:00:00,7.23847755,6.430978
2024-09-22 13:15:00,11.155525349999998,6.3864036
2024-09-22 13:30:00,8.881434895,6.3768277
2024-09-22 13:45:00,4.387582615,6.4296255
2024-09-22 14:00:00,5.243396146,6.4706087
2024-09-22 14:15:00,10.99757118,6.452596
2024-09-22 14:30:00,2.300206946,6.4245396
2024-09-22 14:45:00,10.36038677,6.481302
2024-09-22 15:00:00,1.926981623,6.4273157
2024-09-22 15:15:00,5.647050205999999,6.467847
2024-09-22 15:30:00,8.984916515,6.410219
2024-09-22 15:45:00,5.34400691,6.3894353
2024-09-22 16:00:00,7.090380144,6.416035
2024-09-22 16:15:00,6.010778822,6.40036
2024-09-22 16:30:00,7.115947243999999,6.408375
2024-09-22 16:45:00,3.051383838,6.3991356
2024-09-22 17:00:00,7.050777324999999,6.397223
2024-09-22 17:15:00,11.215765749999997,6.35596
2024-09-22 17:30:00,3.173631016,6.353265
2024-09-22 17:45:00,1.864973504,6.410261
2024-09-22 18:00:00,5.281620492,6.3612075
2024-09-22 18:15:00,5.21847113,6.3060293
2024-09-22 18:30:00,2.5313554770000004,6.285739
2024-09-22 18:45:00,6.940227555,6.248663
2024-09-22 19:00:00,5.7986781039999995,6.210276
2024-09-22 19:15:00,9.729847357,6.2111444
2024-09-22 19:30:00,5.5110840240000005,6.211109
2024-09-22 19:45:00,11.08164497,6.259282
2024-09-22 20:00:00,8.882032019,6.2645097
2024-09-22 20:15:00,6.190862642,6.3402
2024-09-22 20:30:00,6.722542054999999,6.395426
2024-09-22 20:45:00,10.32500533,6.4174175
2024-09-22 21:00:00,9.106507825,6.4216166
2024-09-22 21:15:00,8.010946829,6.4805913
2024-09-22 21:30:00,4.027766508,6.5265927
2024-09-22 21:45:00,5.222824487,6.5611224
2024-09-22 22:00:00,9.150905307,6.5338264
2024-09-22 22:15:00,7.674324812000001,6.5041575
2024-09-22 22:30:00,11.12484036,6.5273924
2024-09-22 22:45:00,10.42866531,6.517967
2024-09-22 23:00:00,5.67542591,6.562532
2024-09-22 23:15:00,4.199841833,6.6252875
2024-09-22 23:30:00,2.450165158,6.616087
2024-09-22 23:45:00,5.407591509,6.5755863
2024-09-23 00:00:00,3.3844588989999997,6.5085063
2024-09-23 00:15:00,1.318408945,6.462301
2024-09-23 00:30:00,2.5944559510000005,6.3781257
2024-09-23 00:45:00,5.896871902,6.2789783
2024-09-23 01:00:00,10.17779603,6.2127757
2024-09-23 01:15:00,4.348583188,6.198216
2024-09-23 01:30:00,5.686452514,6.226887
2024-09-23 01:45:00,5.3443505,6.211815
2024-09-23 02:00:00,4.880394863,6.2063293
2024-09-23 02:15:00,8.849533742,6.1986427
2024-09-23 02:30:00,6.60747603,6.1985793
2024-09-23 02:45:00,5.382698413,6.2417636
2024-09-23 03:00:00,10.75209515,6.2599
2024-09-23 03:15:00,4.054275162,6.262193
2024-09-23 03:30:00,9.811409926,6.3328195
2024-09-23 03:45:00,6.359283,6.324447
2024-09-23 04:00:00,5.639537628,6.384851
2024-09-23 04:15:00,1.819461454,6.399276
2024-09-23 04:30:00,10.23903619,6.387865
2024-09-23 04:45:00,3.9236292969999997,6.334966
2024-09-23 05:00:00,8.169039068,6.3747177
2024-09-23 05:15:00,10.3491256,6.3520217
2024-09-23 05:30:00,6.673899171,6.3706946
2024-09-23 05:45:00,7.730279621,6.431832
2024-09-23 06:00:00,4.59418648,6.444443
2024-09-23 06:15:00,8.524050305,6.470683
2024-09-23 06:30:00,8.406857583,6.4507284
2024-09-23 06:45:00,5.728995644000001,6.4738855
2024-09-23 07:00:00,7.947169287,6.5010595
2024-09-23 07:15:00,4.010148334,6.486761
2024-09-23 07:30:00,7.92667993,6.503852
2024-09-23 07:45:00,8.177853376,6.467505
2024-09-23 08:00:00,5.76740795,6.474965
2024-09-23 08:15:00,3.6002528509999996,6.49277
2024-09-23 08:30:00,9.142507653,6.4747496
2024-09-23 08:45:00,8.964726047,6.429855
2024-09-23 09:00:00,1.724819553,6.4497576
2024-09-23 09:15:00,6.523328878,6.4697104
2024-09-23 09:30:00,2.092531119,6.413167
2024-09-23 09:45:00,4.64652273,6.386941
2024-09-23 10:00:00,5.463006406,6.3230615
2024-09-23 10:15:00,3.104681849,6.2878566
2024-09-23 10:30:00,6.069229678,6.2548504
2024-09-23 10:45:00,8.562978645,6.2109776
2024-09-23 11:00:00,5.609483498,6.210632
2024-09-23 11:15:00,3.618162604,6.236759
2024-09-23 11:30:00,5.643674765000001,6.2273607
2024-09-23 11:45:00,7.258485396,6.2062354
2024-09-23 12:00:00,10.76166863,6.2085953
2024-09-23 12:15:00,6.285354575000001,6.231291
2024-09-23 12:30:00,10.70353316,6.30305
2024-09-23 12:45:00,11.55101983,6.316353
2024-09-23 13:00:00,7.154120704,6.376206
2024-09-23 13:15:00,2.690381682,6.4729304
2024-09-23 13:30:00,10.21821571,6.5131927
2024-09-23 13:45:00,10.16824428,6.466381
2024-09-23 14:00:00,10.37549288,6.5043383
2024-09-23 14:15:00,10.92915287,6.544272
2024-09-23 14:30:00,4.13045286,6.5843935
2024-09-23 14:45:00,4.637597309,6.6674666
2024-09-23 15:00:00,7.829293951,6.640587
2024-09-23 15:15:00,7.120583087,6.604509
2024-09-23 15:30:00,9.857225766,6.6028495
2024-09-23 15:45:00,3.854819065,6.584278
2024-09-23 16:00:00,8.120628331,6.619558
2024-09-23 16:15:00,10.96129201,6.5684075
2024-09-23 16:30:00,3.4242728530000006,6.555004
2024-09-23 16:45:00,4.429550765,6.6075177
2024-09-23 17:00:00,5.308949595,6.5567966
2024-09-23 17:15:00,2.086812949,6.51255
2024-09-23 17:30:00,3.055960386,6.465124
2024-09-23 17:45:00,5.299987311,6.380084
2024-09-23 18:00:00,1.8738178539999997,6.314122
2024-09-23 18:15:00,4.946917992,6.250976
2024-09-23 18:30:00,3.600013836,6.1836476
2024-09-23 18:45:00,9.877308993,6.1372333
2024-09-23 19:00:00,7.506038718,6.115248
2024-09-23 19:15:00,10.46696669,6.1614556
2024-09-23 19:30:00,3.3307740779999997,6.1964064
2024-09-23 19:45:00,1.980140865,6.263303
2024-09-23 20:00:00,4.800358608,6.235479
2024-09-23 20:15:00,1.7419736850000003,6.1960363
2024-09-23 20:30:00,10.10150122,6.1581135
2024-09-23 20:45:00,3.048686183,6.133278
2024-09-23 21:00:00,2.673429291,6.171031
2024-09-23 21:15:00,9.192516342,6.132648
2024-09-23 21:30:00,8.742517105,6.117561
2024-09-23 21:45:00,1.7624604799999999,6.1647816
2024-09-23 22:00:00,6.207884197,6.200194
2024-09-23 22:15:00,5.862419415,6.173707
2024-09-23 22:30:00,5.21251616,6.1837215
2024-09-23 22:45:00,2.483976504,6.1948442
2024-09-23 23:00:00,9.270412437,6.181597
2024-09-23 23:15:00,3.559286498,6.162985
2024-09-23 23:30:00,6.065189268000001,6.201142
2024-09-23 23:45:00,10.24633899,6.1902633
2024-09-24 00:00:00,4.358468343,6.204457
2024-09-24 00:15:00,1.534943011,6.268351
2024-09-24 00:30:00,10.18535458,6.246713
2024-09-24 00:45:00,6.132573557,6.215086
2024-09-24 01:00:00,6.243221812,6.266451
2024-09-24 01:15:00,6.757963163,6.2802296
2024-09-24 01:30:00,2.952578427,6.2919445
2024-09-24 01:45:00,8.698942484,6.3029385
2024-09-24 02:00:00,3.536025174,6.28068
2024-09-24 02:15:00,4.383042997,6.3080444
2024-09-24 02:30:00,7.540087901,6.281578
2024-09-24 02:45:00,8.575356488,6.262567
2024-09-24 03:00:00,8.740060137,6.283869
2024-09-24 03:15:00,2.091718049,6.321583
2024-09-24 03:30:00,9.063298519,6.3538046
2024-09-24 03:45:00,8.569047419,6.315991
2024-09-24 04:00:00,7.466253550999999,6.3566694
2024-09-24 04:15:00,11.21428093,6.3944473
2024-09-24 04:30:00,4.517566242,6.405319
2024-09-24 04:45:00,8.296414158,6.487518
2024-09-24 05:00:00,7.108942044,6.4743547
2024-09-24 05:15:00,5.119635568,6.500349
2024-09-24 05:30:00,9.280602259,6.5147333
2024-09-24 05:45:00,5.31469923,6.489487
2024-09-24 06:00:00,6.903940668,6.520516
2024-09-24 06:15:00,7.268333648,6.5031037
2024-09-24 06:30:00,6.390302346,6.502784
2024-09-24 06:45:00,5.905770817999999,6.502444
2024-09-24 07:00:00,2.861168904,6.4939594
2024-09-24 07:15:00,3.7047937939999995,6.471227
2024-09-24 07:30:00,2.437586393,6.4087234
2024-09-24 07:45:00,8.585570488,6.3446484
2024-09-24 08:00:00,8.482765687,6.288343
2024-09-24 08:15:00,7.799813424,6.302506
2024-09-24 08:30:00,10.57594898,6.327235
2024-09-24 08:45:00,3.887239071,6.3426285
2024-09-24 09:00:00,9.399600066,6.406158
2024-09-24 09:15:00,3.169139839,6.3833547
2024-09-24 09:30:00,1.886457081,6.4296637
2024-09-24 09:45:00,1.187142456,6.3815417
2024-09-24 10:00:00,7.338074053,6.298928
2024-09-24 10:15:00,9.328553897,6.238329
2024-09-24 10:30:00,9.427833293,6.2400723
2024-09-24 10:45:00,6.262568642999999,6.2780485
2024-09-24 11:00:00,1.722310409,6.3271737
2024-09-24 11:15:00,1.5112704859999997,6.327561
2024-09-24 11:30:00,10.80816892,6.262007
2024-09-24 11:45:00,2.146666722,6.216416
2024-09-24 12:00:00,9.386614486,6.2518687
2024-09-24 12:15:00,1.853746567,6.2215595
2024-09-24 12:30:00,3.007444043,6.245208
2024-09-24 12:45:00,2.99191138,6.192331
2024-09-24 13:00:00,4.014625608,6.1432385
2024-09-24 13:15:00,5.32946135,6.1015134
2024-09-24 13:30:00,2.403050286,6.0792236
2024-09-24 13:45:00,11.281883639999998,6.052433
2024-09-24 14:00:00,1.17577413,6.041708
2024-09-24 14:15:00,9.138201544,6.081443
2024-09-24 14:30:00,6.654122551,6.0668583
2024-09-24 14:45:00,2.113761654,6.1204553
2024-09-24 15:00:00,2.361382884,6.137285
2024-09-24 15:15:00,7.263288412,6.094651
2024-09-24 15:30:00,4.350723191,6.081359
2024-09-24 15:45:00,5.846678552,6.102248
2024-09-24 16:00:00,6.749651175000001,6.10512
2024-09-24 16:15:00,7.0032332109999995,6.121157
2024-09-24 16:30:00,6.95220718,6.1481185
2024-09-24 16:45:00,1.879010372,6.180179
2024-09-24 17:00:00,8.896299983,6.1944394
2024-09-24 17:15:00,4.357142948,6.178279
2024-09-24 17:30:00,2.358185473,6.2219186
2024-09-24 17:45:00,2.186196573,6.1968436
2024-09-24 18:00:00,3.496610114,6.147057
2024-09-24 18:15:00,7.453550244,6.0924187
2024-09-24 18:30:00,5.864438607,6.0801206
2024-09-24 18:45:00,2.350413263,6.1023493
2024-09-24 19:00:00,1.494140536,6.0938387
2024-09-24 19:15:00,1.387480371,6.037722
2024-09-24 19:30:00,5.393361281,5.9634266
2024-09-24 19:45:00,9.134020531,5.928514
2024-09-24 20:00:00,6.9931931259999995,5.9454675
2024-09-24 20:15:00,9.802869754,6.008265
2024-09-24 20:30:00,4.452771488,6.056663
2024-09-24 20:45:00,2.5206370720000004,6.1329474
2024-09-24 21:00:00,9.936271178,6.1402054
2024-09-24 21:15:00,8.46794004,6.1392417
2024-09-24 21:30:00,7.154174413,6.207834
2024-09-24 21:45:00,10.63276533,6.2676244
2024-09-24 22:00:00,7.746828823999999,6.299968
2024-09-24 22:15:00,6.524846519,6.382147
2024-09-24 22:30:00,6.178956061,6.428038
2024-09-24 22:45:00,7.381382076999999,6.450382
2024-09-24 23:00:00,6.369038027,6.461233
2024-09-24 23:15:00,3.9730661889999994,6.4774704
2024-09-24 23:30:00,11.06836297,6.479038
2024-09-24 23:45:00,11.03017653,6.437868
2024-09-25 00:00:00,2.874404045,6.47864
2024-09-25 00:15:00,6.489948937,6.551021
2024-09-25 00:30:00,9.38193235,6.5077624
2024-09-25 00:45:00,1.764724094,6.494305
2024-09-25 01:00:00,2.420278485,6.523387
2024-09-25 01:15:00,6.762736807,6.4509153
2024-09-25 01:30:00,1.445917097,6.391083
2024-09-25 01:45:00,10.00899736,6.3518715
2024-09-25 02:00:00,9.989119255,6.2885876
2024-09-25 02:15:00,9.047447043,6.316239
2024-09-25 02:30:00,9.7499025,6.3582554
2024-09-25 02:45:00,8.107278921,6.397205
2024-09-25 03:00:00,2.6873776910000005,6.455195
2024-09-25 03:15:00,1.421502561,6.491574
2024-09-25 03:30:00,10.04034126,6.439063
2024-09-25 03:45:00,8.548339264,6.3756814
2024-09-25 04:00:00,5.166822863,6.4066644
2024-09-25 04:15:00,9.491366747,6.433823
2024-09-25 04:30:00,1.711926845,6.416471
2024-09-25 04:45:00,4.435236838,6.4491158
2024-09-25 05:00:00,4.776080081,6.3895297
2024-09-25 05:15:00,2.207672075,6.353745
2024-09-25 05:30:00,8.878429229,6.307527
2024-09-25 05:45:00,9.171076001,6.2567554
2024-09-25 06:00:00,7.089790624,6.276682
2024-09-25 06:15:00,5.534679977,6.3185225
2024-09-25 06:30:00,7.399425526,6.337935
2024-09-25 06:45:00,10.11368566,6.3369517
2024-09-25 07:00:00,4.662731295,6.3552666
2024-09-25 07:15:00,4.68852631,6.4172745
2024-09-25 07:30:00,7.39370232,6.406039
2024-09-25 07:45:00,8.275614374,6.392473
2024-09-25 08:00:00,5.894733248999999,6.40087
2024-09-25 08:15:00,9.966002915,6.425197
2024-09-25 08:30:00,5.000196039,6.414341
2024-09-25 08:45:00,7.813895707,6.4636235
2024-09-25 09:00:00,8.194115067,6.448734
2024-09-25 09:15:00,4.227396356,6.4667606
2024-09-25 09:30:00,1.338341464,6.494094
2024-09-25 09:45:00,9.701409362,6.4489365
2024-09-25 10:00:00,6.3378076089999995,6.380637
2024-09-25 10:15:00,2.18853245,6.4083166
2024-09-25 10:30:00,11.5300998,6.3887243
2024-09-25 10:45:00,4.238343263,6.3362885
2024-09-25 11:00:00,5.94519521,6.3925934
2024-09-25 11:15:00,6.101100938,6.3706913
2024-09-25 11:30:00,4.858988926,6.3665786
2024-09-25 11:45:00,2.764217663,6.3570766
2024-09-25 12:00:00,8.331921712,6.323032
2024-09-25 12:15:00,2.96251283,6.2833505
2024-09-25 12:30:00,8.651911888,6.289868
2024-09-25 12:45:00,9.334573699,6.258089
2024-09-25 13:00:00,1.37200146,6.2844753
2024-09-25 13:15:00,9.040994782,6.3169827
2024-09-25 13:30:00,7.549983489,6.2772737
2024-09-25 13:45:00,3.2547344950000006,6.3148146
2024-09-25 14:00:00,7.472339154,6.332603
2024-09-25 14:15:00,5.346563086,6.3089166
2024-09-25 14:30:00,2.100635029,6.323148
2024-09-25 14:45:00,6.702018837,6.302617
2024-09-25 15:00:00,11.44797466,6.2594843
2024-09-25 15:15:00,7.928048277,6.260232
2024-09-25 15:30:00,4.630671911,6.332251
2024-09-25 15:45:00,6.795215371000001,6.3718967
2024-09-25 16:00:00,8.807561372,6.3628936
2024-09-25 16:15:00,2.7112352920000005,6.373889
2024-09-25 16:30:00,6.423388041999999,6.410119
2024-09-25 16:45:00,6.453192566,6.3697424
2024-09-25 17:00:00,5.174456627,6.3709874
2024-09-25 17:15:00,8.808104324,6.369713
2024-09-25 17:30:00,6.965608281,6.3552675
2024-09-25 17:45:00,8.176143996,6.3864713
2024-09-25 18:00:00,7.319347217,6.399183
2024-09-25 18:15:00,9.385282412,6.4248323
2024-09-25 18:30:00,7.843874371999999,6.4381137
2024-09-25 18:45:00,8.261388039,6.479292
2024-09-25 19:00:00,3.437067717,6.4993095
2024-09-25 19:15:00,9.764754366,6.534518
2024-09-25 19:30:00,2.805808028,6.4867835
2024-09-25 19:45:00,4.749483182,6.522992
2024-09-25 20:00:00,10.31663198,6.473122
2024-09-25 20:15:00,2.252792923,6.433371
2024-09-25 20:30:00,10.376924,6.464717
2024-09-25 20:45:00,6.022532891,6.4079294
2024-09-25 21:00:00,3.099582615,6.448326
2024-09-25 21:15:00,8.753834015,6.4324446
2024-09-25 21:30:00,3.99507913,6.3878675
2024-09-25 21:45:00,8.452593257,6.40604
2024-09-25 22:00:00,9.360136341,6.374443
2024-09-25 22:15:00,6.933739042,6.390265
2024-09-25 22:30:00,9.004352259,6.432752
2024-09-25 22:45:00,10.52408146,6.44021
2024-09-25 23:00:00,6.791153867,6.465027
2024-09-25 23:15:00,2.8411417900000004,6.530617
2024-09-25 23:30:00,8.386413499,6.544321
2024-09-25 23:45:00,5.563999638,6.495234
2024-09-26 00:00:00,6.630082949,6.5113244
2024-09-26 00:15:00,7.441428508,6.492119
2024-09-26 00:30:00,8.487825501,6.4820776
2024-09-26 00:45:00,7.555426547999999,6.4817104
2024-09-26 01:00:00,3.4939587949999997,6.499519
2024-09-26 01:15:00,8.722269042,6.5117154
2024-09-26 01:30:00,9.112565844,6.464388
2024-09-26 01:45:00,1.590562946,6.479849
2024-09-26 02:00:00,4.359189107,6.505337
2024-09-26 02:15:00,11.102071550000002,6.4359508
2024-09-26 02:30:00,3.003888447,6.3949733
2024-09-26 02:45:00,2.986935301,6.4352536
2024-09-26 03:00:00,6.848052505,6.3822684
2024-09-26 03:15:00,4.948856111,6.3376646
2024-09-26 03:30:00,7.983976377,6.326209
2024-09-26 03:45:00,3.818843767,6.308232
2024-09-26 04:00:00,5.325393902,6.3157673
2024-09-26 04:15:00,11.11076594,6.2843475
2024-09-26 04:30:00,5.195491341,6.271984
2024-09-26 04:45:00,2.108483359,6.3333626
2024-09-26 05:00:00,8.978867792,6.3167877
2024-09-26 05:15:00,7.066218353000001,6.2799516
2024-09-26 05:30:00,5.940187485,6.3174586
2024-09-26 05:45:00,10.65846981,6.3337417
2024-09-26 06:00:00,2.705572631,6.333167
2024-09-26 06:15:00,6.279052818,6.3941836
2024-09-26 06:30:00,3.032278365,6.362142
2024-09-26 06:45:00,1.9617061630000001,6.353645
2024-09-26 07:00:00,5.664823762,6.2952247
2024-09-26 07:15:00,11.10832606,6.2430525
2024-09-26 07:30:00,8.364610361,6.231113
2024-09-26 07:45:00,3.563549024,6.288893
2024-09-26 08:00:00,5.915349145,6.3269296
2024-09-26 08:15:00,9.565682755,6.3091435
2024-09-26 08:30:00,3.2190613,6.3071294
2024-09-26 08:45:00,3.186703317,6.352381
2024-09-26 09:00:00,3.1187579839999997,6.3185253
2024-09-26 09:15:00,7.248969412,6.2707114
2024-09-26 09:30:00,1.484062989,6.237442
2024-09-26 09:45:00,7.145389755999999,6.21714
2024-09-26 10:00:00,9.727117476,6.1756134
2024-09-26 10:15:00,9.295895175,6.1916084
2024-09-26 10:30:00,8.086310027,6.2395973
2024-09-26 10:45:00,3.471919007,6.2977033
2024-09-26 11:00:00,9.681613411,6.3430314
2024-09-26 11:15:00,11.24817908,6.323423
2024-09-26 11:30:00,3.0829751170000006,6.3641477
2024-09-26 11:45:00,10.28129546,6.4503384
2024-09-26 12:00:00,10.03696047,6.4142413
2024-09-26 12:15:00,11.14721052,6.4650035
2024-09-26 12:30:00,4.347086125,6.5035915
2024-09-26 12:45:00,10.74947997,6.594789
2024-09-26 13:00:00,3.019993022,6.558124
2024-09-26 13:15:00,2.9791638029999996,6.626121
2024-09-26 13:30:00,2.309153657,6.573559
2024-09-26 13:45:00,5.735950747,6.5034275
2024-09-26 14:00:00,1.285416377,6.4323125
2024-09-26 14:15:00,5.154206585,6.3728
2024-09-26 14:30:00,7.644141017,6.289318
2024-09-26 14:45:00,1.9926964619999998,6.260213
2024-09-26 15:00:00,9.723072372,6.239468
2024-09-26 15:15:00,4.174702666,6.2005763
2024-09-26 15:30:00,1.7071080070000002,6.227593
2024-09-26 15:45:00,4.967541441,6.1895404
2024-09-26 16:00:00,2.6644851920000003,6.1408396
2024-09-26 16:15:00,9.104959615,6.104255
2024-09-26 16:30:00,4.688460592,6.084952
2024-09-26 16:45:00,2.434844885,6.1182475
2024-09-26 17:00:00,5.603022639999999,6.101645
2024-09-26 17:15:00,5.845562680999999,6.0759664
2024-09-26 17:30:00,4.064808059,6.0799646
2024-09-26 17:45:00,4.559250166,6.086726
2024-09-26 18:00:00,9.182352917,6.0737233
2024-09-26 18:15:00,7.783781459,6.0827985
2024-09-26 18:30:00,3.291499051,6.138958
2024-09-26 18:45:00,11.5281115,6.179195
2024-09-26 19:00:00,4.256782902,6.171889
2024-09-26 19:15:00,6.734061258,6.2624054
2024-09-26 19:30:00,6.961806899,6.270954
2024-09-26 19:45:00,3.1951369679999995,6.300359
2024-09-26 20:00:00,4.080490509,6.318261
2024-09-26 20:15:00,5.932422646,6.291777
2024-09-26 20:30:00,3.8931706810000004,6.270722
2024-09-26 20:45:00,4.256350394,6.2579327
2024-09-26 21:00:00,7.412325166,6.2289205
2024-09-26 21:15:00,8.542035145,6.208875
2024-09-26 21:30:00,9.459446872,6.229948
2024-09-26 21:45:00,2.3722669,6.2700877
2024-09-26 22:00:00,8.967289532,6.3177075
2024-09-26 22:15:00,10.9125702,6.292746
2024-09-26 22:30:00,7.071580226,6.324457
2024-09-26 22:45:00,7.545372997,6.401396
2024-09-26 23:00:00,11.039503929999999,6.4311275
2024-09-26 23:15:00,10.15336663,6.4434533
2024-09-26 23:30:00,6.701785326000001,6.5041714
2024-09-26 23:45:00,9.062516284,6.5744348
2024-09-27 00:00:00,3.043430933,6.5791197
2024-09-27 00:15:00,5.583023495,6.623983
2024-09-27 00:30:00,8.414658371,6.5758677
2024-09-27 00:45:00,4.341703777,6.5477653
2024-09-27 01:00:00,5.91863348,6.5540504
2024-09-27 01:15:00,2.840698813,6.514081
2024-09-27 01:30:00,10.25039794,6.480766
2024-09-27 01:45:00,10.74205996,6.4174213
2024-09-27 02:00:00,6.265908761999999,6.438651
2024-09-27 02:15:00,3.138486511,6.4926596
2024-09-27 02:30:00,8.206495107,6.4896584
2024-09-27 02:45:00,3.275017415,6.445375
2024-09-27 03:00:00,3.616956994,6.4540067
2024-09-27 03:15:00,10.96995231,6.4005475
2024-09-27 03:30:00,2.220290948,6.3532166
2024-09-27 03:45:00,5.224322627,6.387631
2024-09-27 04:00:00,6.900168947000001,6.3390446
2024-09-27 04:15:00,2.313284086,6.3186874
2024-09-27 04:30:00,1.615441448,6.3013525
2024-09-27 04:45:00,6.8025964740000004,6.228139
2024-09-27 05:00:00,2.326787215,6.176664
2024-09-27 05:15:00,3.7441512700000006,6.148639
2024-09-27 05:30:00,6.195070795,6.0933065
2024-09-27 05:45:00,4.667604496,6.0714645
2024-09-27 06:00:00,8.58604264,6.0678625
2024-09-27 06:15:00,11.071797739999997,6.0778337
2024-09-27 06:30:00,9.009239909,6.1266894
2024-09-27 06:45:00,11.127436269999999,6.2125053
2024-09-27 07:00:00,5.164826327,6.273443
2024-09-27 07:15:00,4.405720162,6.3786545
2024-09-27 07:30:00,3.26876463,6.3999553
2024-09-27 07:45:00,10.31219073,6.3873725
2024-09-27 08:00:00,4.976754384,6.352257
2024-09-27 08:15:00,8.266788768,6.406158
2024-09-27 08:30:00,8.276757042,6.3980136
2024-09-27 08:45:00,1.729018862,6.421949
2024-09-27 09:00:00,10.66051551,6.446072
2024-09-27 09:15:00,6.243789135,6.3896456
2024-09-27 09:30:00,3.50367693,6.4371457
2024-09-27 09:45:00,11.01949436,6.4370584
2024-09-27 10:00:00,8.870280294,6.3941116
2024-09-27 10:15:00,7.413215071,6.4446635
2024-09-27 10:30:00,11.116119420000002,6.4833655
2024-09-27 10:45:00,9.110285961,6.485845
2024-09-27 11:00:00,2.44901946,6.545271
2024-09-27 11:15:00,11.5073124,6.599161
2024-09-27 11:30:00,7.203126675999999,6.529012
2024-09-27 11:45:00,4.279706988,6.5901356
2024-09-27 12:00:00,9.211699365,6.601521
2024-09-27 12:15:00,1.693309643,6.5553713
2024-09-27 12:30:00,7.699109197000001,6.572866
2024-09-27 12:45:00,2.730312147,6.499154
2024-09-27 13:00:00,2.061220371,6.4843874
2024-09-27 13:15:00,4.835099359,6.407424
2024-09-27 13:30:00,4.830709969,6.3334045
2024-09-27 13:45:00,7.18769859,6.2891273
2024-09-27 14:00:00,7.174769947,6.2563205
2024-09-27 14:15:00,7.96714713,6.2592554
2024-09-27 14:30:00,2.856827749,6.2697988
2024-09-27 14:45:00,10.13979898,6.283326
2024-09-27 15:00:00,9.761415903,6.2587285
2024-09-27 15:15:00,3.478480731,6.3061423
2024-09-27 15:30:00,5.89649283,6.3641233
2024-09-27 15:45:00,6.410850813,6.3482943
2024-09-27 16:00:00,10.92524757,6.3480115
2024-09-27 16:15:00,10.80569207,6.345974
2024-09-27 16:30:00,1.9241130389999999,6.3997936
2024-09-27 16:45:00,11.085150310000001,6.474155
2024-09-27 17:00:00,1.818666683,6.4190245
2024-09-27 17:15:00,6.822755171999999,6.486027
2024-09-27 17:30:00,4.321094399,6.4316845
2024-09-27 17:45:00,5.111265756,6.4281898
2024-09-27 18:00:00,7.661563415000001,6.3963513
2024-09-27 18:15:00,7.1437542810000005,6.3712444
2024-09-27 18:30:00,2.8363561970000006,6.38249
2024-09-27 18:45:00,11.127559389999998,6.378655
2024-09-27 19:00:00,1.464254377,6.3353415
2024-09-27 19:15:00,4.801767545,6.38044
2024-09-27 19:30:00,9.115176717,6.3242145
2024-09-27 19:45:00,9.891560364,6.304961
2024-09-27 20:00:00,9.373064946,6.332353
2024-09-27 20:15:00,4.876690424,6.3790245
2024-09-27 20:30:00,8.098559217,6.4330297
2024-09-27 20:45:00,9.089652046,6.4270525
2024-09-27 21:00:00,7.212260928,6.446894
2024-09-27 21:15:00,8.191551199,6.4866085
2024-09-27 21:30:00,6.748259005,6.5019794
2024-09-27 21:45:00,1.793905543,6.529385
2024-09-27 22:00:00,4.050217269,6.5304384
2024-09-27 22:15:00,8.523639423,6.4607043
2024-09-27 22:30:00,3.72960433,6.414554
2024-09-27 22:45:00,5.895251794,6.422441
2024-09-27 23:00:00,6.870126727999999,6.377538
2024-09-27 23:15:00,8.104555798,6.364031
2024-09-27 23:30:00,3.8322882159999994,6.3617716
2024-09-27 23:45:00,7.411429166,6.3760695
2024-09-28 00:00:00,7.574852068,6.348097
2024-09-28 00:15:00,10.22128536,6.357554
2024-09-28 00:30:00,6.95215318,6.367679
2024-09-28 00:45:00,4.251258536,6.4263306
2024-09-28 01:00:00,6.659238555,6.441102
2024-09-28 01:15:00,2.308743818,6.423583
2024-09-28 01:30:00,7.650261054,6.41667
2024-09-28 01:45:00,10.57727337,6.3652973
2024-09-28 02:00:00,6.823610867,6.3653064
2024-09-28 02:15:00,4.205063994,6.4172325
2024-09-28 02:30:00,5.42286165,6.4297185
2024-09-28 02:45:00,10.79920064,6.4042344
2024-09-28 03:00:00,9.720586255,6.3814654
2024-09-28 03:15:00,9.65129914,6.429208
2024-09-28 03:30:00,6.929066687,6.4702387
2024-09-28 03:45:00,5.423970946,6.525695
2024-09-28 04:00:00,2.558813156,6.547124
2024-09-28 04:15:00,11.27842976,6.533938
2024-09-28 04:30:00,3.075615974,6.4651885
2024-09-28 04:45:00,3.9709215369999997,6.517444
2024-09-28 05:00:00,8.829876648,6.4662375
2024-09-28 05:15:00,4.696755957,6.42256
2024-09-28 05:30:00,7.612941507,6.435032
2024-09-28 05:45:00,9.116778537,6.408356
2024-09-28 06:00:00,6.934511375,6.411153
2024-09-28 06:15:00,6.213321401,6.4419646
2024-09-28 06:30:00,1.718765974,6.4484468
2024-09-28 06:45:00,6.549046699000001,6.435264
2024-09-28 07:00:00,5.774793202,6.3783545
2024-09-28 07:15:00,10.2416842,6.3677177
2024-09-28 07:30:00,5.73644212,6.3536334
2024-09-28 07:45:00,7.792104035999999,6.39848
2024-09-28 08:00:00,9.401507666,6.392201
2024-09-28 08:15:00,6.201953421,6.4078393
2024-09-28 08:30:00,3.9140222430000002,6.4551706
2024-09-28 08:45:00,10.97213798,6.459122
2024-09-28 09:00:00,10.28843447,6.4170337
2024-09-28 09:15:00,10.27347,6.46116
2024-09-28 09:30:00,4.100140704,6.50337
2024-09-28 09:45:00,4.426793301,6.5747876
2024-09-28 10:00:00,10.34069888,6.552999
2024-09-28 10:15:00,2.435010916,6.5123353
2024-09-28 10:30:00,7.982490323000001,6.5511546
2024-09-28 10:45:00,4.116829613,6.4945374
2024-09-28 11:00:00,8.425483434,6.498803
2024-09-28 11:15:00,9.734293124,6.454856
2024-09-28 11:30:00,5.249627668,6.460392
2024-09-28 11:45:00,2.751961687,6.497283
2024-09-28 12:00:00,8.359800223,6.472464
2024-09-28 12:15:00,1.7301763620000001,6.420076
2024-09-28 12:30:00,1.319913698,6.417886
2024-09-28 12:45:00,10.20878226,6.3332057
2024-09-28 13:00:00,9.832202371,6.2718983
2024-09-28 13:15:00,6.959509664,6.302968
2024-09-28 13:30:00,7.914144058000001,6.3462296
2024-09-28 13:45:00,10.93045961,6.3640137
2024-09-28 14:00:00,1.827515087,6.380978
2024-09-28 14:15:00,3.4078538470000006,6.450737
2024-09-28 14:30:00,9.102493647,6.402117
2024-09-28 14:45:00,3.814754983,6.367929
2024-09-28 15:00:00,3.1952393070000005,6.389862
2024-09-28 15:15:00,5.949536871,6.347752
2024-09-28 15:30:00,8.37151253,6.304369
2024-09-28 15:45:00,3.3783356950000005,6.29773
2024-09-28 16:00:00,5.476739153,6.3123593
2024-09-28 16:15:00,6.226463914000001,6.2772207
2024-09-28 16:30:00,2.9086352429999995,6.270234
2024-09-28 16:45:00,6.203739214,6.2551947
2024-09-28 17:00:00,9.843246438,6.2230234
2024-09-28 17:15:00,8.98288427,6.2257524
2024-09-28 17:30:00,6.46616798,6.274043
2024-09-28 17:45:00,2.379030303,6.3265862
2024-09-28 18:00:00,1.384853458,6.340703
2024-09-28 18:15:00,1.909247373,6.2831817
2024-09-28 18:30:00,9.040824004,6.208658
2024-09-28 18:45:00,8.392277377,6.1725545
2024-09-28 19:00:00,8.951858935,6.201357
2024-09-28 19:15:00,4.265131754,6.235856
2024-09-28 19:30:00,2.131107079,6.282126
2024-09-28 19:45:00,8.750096261,6.260193
2024-09-28 20:00:00,10.72564146,6.2272706
2024-09-28 20:15:00,5.859423475,6.264204
2024-09-28 20:30:00,8.863921416,6.3381243
2024-09-28 20:45:00,8.430272609,6.3480988
2024-09-28 21:00:00,9.903953757,6.395439
2024-09-28 21:15:00,1.440987062,6.43034
2024-09-28 21:30:00,11.29237741,6.4925513
2024-09-28 21:45:00,10.30910538,6.4274945
2024-09-28 22:00:00,10.26264236,6.481711
2024-09-28 22:15:00,11.758909609999998,6.526629
2024-09-28 22:30:00,7.609242096000001,6.558845
2024-09-28 22:45:00,2.042052795,6.6474013
2024-09-28 23:00:00,9.499850751,6.6833167
2024-09-28 23:15:00,2.614570407,6.6067944
2024-09-28 23:30:00,8.784650797,6.63392
2024-09-28 23:45:00,5.298048643,6.5635495
2024-09-29 00:00:00,1.237787766,6.574704
2024-09-29 00:15:00,5.75992505,6.531024
2024-09-29 00:30:00,9.302218097,6.448638
2024-09-29 00:45:00,2.037996427,6.4112024
2024-09-29 01:00:00,1.168825724,6.411707
2024-09-29 01:15:00,5.591841292,6.3221397
2024-09-29 01:30:00,1.105577431,6.249935
2024-09-29 01:45:00,11.130844359999998,6.19056
2024-09-29 02:00:00,9.513778956,6.143184
2024-09-29 02:15:00,7.981128176,6.1934314
2024-09-29 02:30:00,1.368841075,6.2478523
2024-09-29 02:45:00,7.287772514,6.272129
2024-09-29 03:00:00,7.981296592,6.23755
2024-09-29 03:15:00,6.977265872,6.259174
2024-09-29 03:30:00,10.69159109,6.29751
2024-09-29 03:45:00,9.659737232,6.312013
2024-09-29 04:00:00,4.674425896,6.37649
2024-09-29 04:15:00,8.254957265,6.4441905
2024-09-29 04:30:00,5.896895947,6.4349623
2024-09-29 04:45:00,10.45566464,6.4702816
2024-09-29 05:00:00,7.376886565,6.4614897
2024-09-29 05:15:00,7.140017697,6.5163493
2024-09-29 05:30:00,6.381261719000001,6.5363464
2024-09-29 05:45:00,4.961615623,6.5458055
2024-09-29 06:00:00,2.699449681,6.543454
2024-09-29 06:15:00,3.9970471579999995,6.5133348
2024-09-29 06:30:00,4.596064412,6.44747
2024-09-29 06:45:00,2.705187625,6.3908696
2024-09-29 07:00:00,9.284425313,6.335749
2024-09-29 07:15:00,1.216217739,6.2875566
2024-09-29 07:30:00,10.77386682,6.2802095
2024-09-29 07:45:00,2.5318993070000007,6.2322936
2024-09-29 08:00:00,1.674478873,6.2616587
2024-09-29 08:15:00,11.40935881,6.199123
2024-09-29 08:30:00,11.62053169,6.1627884
2024-09-29 08:45:00,3.009665198,6.2251425
2024-09-29 09:00:00,2.473375364,6.307533
2024-09-29 09:15:00,3.14152263,6.279848
2024-09-29 09:30:00,6.378536859,6.235697
2024-09-29 09:45:00,4.388688753,6.20425
2024-09-29 10:00:00,4.664899734,6.1986575
2024-09-29 10:15:00,9.545921366,6.1801567
2024-09-29 10:30:00,10.67731742,6.1758275
2024-09-29 10:45:00,11.789397310000002,6.2242384
2024-09-29 11:00:00,6.299712776000001,6.2840357
2024-09-29 11:15:00,3.709351721,6.389053
2024-09-29 11:30:00,6.915208491999999,6.4194465
2024-09-29 11:45:00,10.16224122,6.40495
2024-09-29 12:00:00,1.4352702719999997,6.4120913
2024-09-29 12:15:00,10.3703808,6.46617
2024-09-29 12:30:00,3.5130300360000004,6.408121
2024-09-29 12:45:00,4.274039496,6.4555583
2024-09-29 13:00:00,4.934984511,6.419524
2024-09-29 13:15:00,10.55071504,6.3820415
2024-09-29 13:30:00,2.980719326,6.3568177
2024-09-29 13:45:00,3.386500967,6.392676
2024-09-29 14:00:00,8.746752403,6.347256
2024-09-29 14:15:00,10.61672804,6.314024
2024-09-29 14:30:00,2.241809163,6.3289175
2024-09-29 14:45:00,6.746146307,6.376798
2024-09-29 15:00:00,10.67489138,6.341286
2024-09-29 15:15:00,10.39324573,6.3444366
2024-09-29 15:30:00,11.161364789999999,6.396206
2024-09-29 15:45:00,10.16681174,6.443552
2024-09-29 16:00:00,4.57186338,6.511884
2024-09-29 16:15:00,3.227122019,6.593428
2024-09-29 16:30:00,10.68067748,6.5811114
2024-09-29 16:45:00,8.657050523,6.5206122
2024-09-29 17:00:00,4.968316687,6.558814
2024-09-29 17:15:00,8.71593964,6.589117
2024-09-29 17:30:00,4.37628557,6.55914
2024-09-29 17:45:00,7.461376165999999,6.580133
2024-09-29 18:00:00,3.5799901599999995,6.5380397
2024-09-29 18:15:00,6.947593151,6.536284
2024-09-29 18:30:00,10.58492746,6.4823833
2024-09-29 18:45:00,8.788212604,6.4627724
2024-09-29 19:00:00,7.885344999,6.5001307
2024-09-29 19:15:00,3.674069447,6.525608
2024-09-29 19:30:00,1.816149201,6.542833
2024-09-29 19:45:00,8.241296386,6.4953237
2024-09-29 20:00:00,7.075654478000001,6.4292846
2024-09-29 20:15:00,3.392428609,6.431171
2024-09-29 20:30:00,10.98373381,6.4196777
2024-09-29 20:45:00,6.585906446,6.3745446
2024-09-29 21:00:00,7.177289868999999,6.4242563
2024-09-29 21:15:00,4.219432005,6.425657
2024-09-29 21:30:00,10.21040076,6.432958
2024-09-29 21:45:00,9.842548717,6.398236
2024-09-29 22:00:00,8.829436772,6.4352255
2024-09-29 22:15:00,2.18586371,6.4823465
2024-09-29 22:30:00,1.956027795,6.5272036
2024-09-29 22:45:00,6.057088615999999,6.4652567
2024-09-29 23:00:00,2.6404549940000006,6.401807
2024-09-29 23:15:00,4.707235468,6.3686957
2024-09-29 23:30:00,2.903724657,6.3062425
2024-09-29 23:45:00,4.360830889,6.256895
2024-09-30 00:00:00,10.75670299,6.198833
2024-09-30 00:15:00,9.06362587,6.180973
2024-09-30 00:30:00,2.5374951,6.233288
2024-09-30 00:45:00,7.916549870999999,6.2672315
2024-09-30 01:00:00,1.463583361,6.243574
2024-09-30 01:15:00,11.028568759999999,6.252279
2024-09-30 01:30:00,6.884762194,6.2176385
2024-09-30 01:45:00,6.648374287,6.2868056
2024-09-30 02:00:00,3.6016006390000004,6.310682
2024-09-30 02:15:00,5.711075135000001,6.3247275
2024-09-30 02:30:00,6.644859924,6.305823
2024-09-30 02:45:00,7.878898055,6.301492
2024-09-30 03:00:00,1.666689137,6.311875
2024-09-30 03:15:00,4.611231095,6.321877
2024-09-30 03:30:00,5.216446105,6.272718
2024-09-30 03:45:00,2.7003793480000002,6.246385
2024-09-30 04:00:00,3.578391053,6.2132506
2024-09-30 04:15:00,3.61834544,6.1601353
2024-09-30 04:30:00,9.719538288,6.1195135
2024-09-30 04:45:00,8.278353036,6.1098175
2024-09-30 05:00:00,10.72307883,6.1597114
2024-09-30 05:15:00,4.27473354,6.204534
2024-09-30 05:30:00,10.53078271,6.285571
2024-09-30 05:45:00,10.3194752,6.286472
2024-09-30 06:00:00,5.734727892,6.353653
2024-09-30 06:15:00,7.646969175,6.432621
2024-09-30 06:30:00,7.564439535,6.4441643
2024-09-30 06:45:00,4.229169837,6.475891
2024-09-30 07:00:00,3.913178697,6.5009522
2024-09-30 07:15:00,2.863528369,6.4774475
2024-09-30 07:30:00,10.19941,6.427903
2024-09-30 07:45:00,6.681229647,6.3744044
2024-09-30 08:00:00,4.779549506,6.4087152
2024-09-30 08:15:00,6.322028633,6.409589
2024-09-30 08:30:00,1.930258092,6.3876057
2024-09-30 08:45:00,2.235483151,6.365483
2024-09-30 09:00:00,9.060744354,6.2883835
2024-09-30 09:15:00,10.36154151,6.244369
2024-09-30 09:30:00,4.538380673,6.26797
2024-09-30 09:45:00,5.360365552,6.31978
2024-09-30 10:00:00,4.79100248,6.311241
2024-09-30 10:15:00,6.181499423999999,6.304498
2024-09-30 10:30:00,5.330445594,6.2923694
2024-09-30 10:45:00,5.107097955,6.2889843
2024-09-30 11:00:00,8.24989968,6.277538
2024-09-30 11:15:00,4.119227185,6.2681
2024-09-30 11:30:00,10.76981757,6.2927885
2024-09-30 11:45:00,4.397278734,6.2732277
2024-09-30 12:00:00,3.3304305200000006,6.333293
2024-09-30 12:15:00,11.139326059999998,6.3179293
2024-09-30 12:30:00,3.4718047339999996,6.28858
2024-09-30 12:45:00,6.453277741,6.3492827
2024-09-30 13:00:00,4.56372003,6.3296614
2024-09-30 13:15:00,1.9640940130000002,6.3342414
2024-09-30 13:30:00,10.85200394,6.3010106
2024-09-30 13:45:00,5.142418396,6.254572
2024-09-30 14:00:00,7.749709836000001,6.305323
2024-09-30 14:15:00,9.934762393,6.303389
2024-09-30 14:30:00,6.952059388000001,6.325149
2024-09-30 14:45:00,8.242040107,6.3861704
2024-09-30 15:00:00,9.453403203,6.408676
2024-09-30 15:15:00,5.054405262,6.435043
2024-09-30 15:30:00,7.822527076,6.4880643
2024-09-30 15:45:00,3.373564975,6.479132
2024-09-30 16:00:00,1.746706609,6.4997063
2024-09-30 16:15:00,11.162042900000001,6.448135
2024-09-30 16:30:00,2.051125147,6.380704
2024-09-30 16:45:00,5.413090613,6.416472
2024-09-30 17:00:00,1.891944587,6.3608346
2024-09-30 17:15:00,10.66858472,6.3173833
2024-09-30 17:30:00,2.25042654,6.267328
2024-09-30 17:45:00,9.263674212,6.2909765
2024-09-30 18:00:00,8.759035627,6.2554393
2024-09-30 18:15:00,1.643544886,6.2938695
2024-09-30 18:30:00,8.697256553,6.31627
2024-09-30 18:45:00,11.33742693,6.2798567
2024-09-30 19:00:00,6.568046825000001,6.3054833
2024-09-30 19:15:00,4.173578487,6.385013
2024-09-30 19:30:00,6.823095049,6.408093
2024-09-30 19:45:00,2.402436059,6.3896923
2024-09-30 20:00:00,11.225087409999999,6.3902955
2024-09-30 20:15:00,4.969909083,6.3406897
2024-09-30 20:30:00,5.767400554,6.397483
2024-09-30 20:45:00,5.365421361,6.3861814
2024-09-30 21:00:00,1.446008897,6.3783073
2024-09-30 21:15:00,1.5255691880000002,6.344413
2024-09-30 21:30:00,6.954754791,6.2602177
2024-09-30 21:45:00,6.461097455,6.2030163
2024-09-30 22:00:00,11.345063300000001,6.2026978
2024-09-30 22:15:00,3.935454709,6.210546
2024-09-30 22:30:00,4.914487075,6.2721972
2024-09-30 22:45:00,11.27861835,6.262628
2024-09-30 23:00:00,1.667123276,6.256445
2024-09-30 23:15:00,7.745006553,6.3217187
2024-09-30 23:30:00,2.307624195,6.2843823
2024-09-30 23:45:00,11.08000675,6.2982745
2024-10-01 00:00:00,4.133950328,6.2606325
2024-10-01 00:15:00,9.746590957,6.319572
2024-10-01 00:30:00,10.47093293,6.309577
2024-10-01 00:45:00,10.11559691,6.352509
2024-10-01 01:00:00,7.048492614,6.4088917
2024-10-01 01:15:00,11.53074734,6.480799
2024-10-01 01:30:00,8.074739526,6.4848146
2024-10-01 01:45:00,9.039763577,6.5660315
2024-10-01 02:00:00,3.6278850379999996,6.593239
2024-10-01 02:15:00,5.446610678,6.6423483
2024-10-01 02:30:00,7.607307847,6.605846
2024-10-01 02:45:00,2.786043574,6.5770187
2024-10-01 03:00:00,11.228798310000002,6.5729923
2024-10-01 03:15:00,2.285940168,6.5008273
2024-10-01 03:30:00,8.668659141,6.5422177
2024-10-01 03:45:00,1.7818680250000003,6.47603
2024-10-01 04:00:00,2.317584693,6.4750905
2024-10-01 04:15:00,7.896613486,6.387841
2024-10-01 04:30:00,5.977501641,6.328566
2024-10-01 04:45:00,1.216718097,6.3264203
2024-10-01 05:00:00,5.318971727,6.2840233
2024-10-01 05:15:00,3.734589712,6.2232113
2024-10-01 05:30:00,10.00804307,6.1887326
2024-10-01 05:45:00,8.474876164,6.1708517
2024-10-01 06:00:00,8.863763417,6.2157364
2024-10-01 06:15:00,10.64495827,6.259595
2024-10-01 06:30:00,8.468794258,6.3023715
2024-10-01 06:45:00,2.761427258,6.378221
2024-10-01 07:00:00,11.09033959,6.4318295
2024-10-01 07:15:00,2.29293219,6.393784
2024-10-01 07:30:00,3.165923322,6.4622297
2024-10-01 07:45:00,4.038836065,6.4147625
2024-10-01 08:00:00,3.065179553,6.3663464
2024-10-01 08:15:00,1.290095809,6.319199
2024-10-01 08:30:00,5.963320142,6.241736
2024-10-01 08:45:00,8.040830156,6.177164
2024-10-01 09:00:00,5.448695993,6.17131
2024-10-01 09:15:00,3.595968859,6.182944
2024-10-01 09:30:00,10.34516561,6.1731186
2024-10-01 09:45:00,5.194675427,6.160065
2024-10-01 10:00:00,9.864865939,6.2202444
2024-10-01 10:15:00,2.955636378,6.2315655
2024-10-01 10:30:00,4.584092047,6.2861204
2024-10-01 10:45:00,9.472836878,6.2640824
2024-10-01 11:00:00,1.4713433550000001,6.261732
2024-10-01 11:15:00,10.66182498,6.2937555
2024-10-01 11:30:00,5.33769344,6.2564425
2024-10-01 11:45:00,11.29499671,6.313507
2024-10-01 12:00:00,8.445878648,6.307791
2024-10-01 12:15:00,10.88490765,6.3820395
2024-10-01 12:30:00,1.793286387,6.411131
2024-10-01 12:45:00,8.651720522,6.4947853
2024-10-01 13:00:00,10.47906685,6.451257
2024-10-01 13:15:00,11.48101823,6.46664
2024-10-01 13:30:00,1.469149934,6.5054264
2024-10-01 13:45:00,2.04613899,6.596099
2024-10-01 14:00:00,8.659384232,6.533311
2024-10-01 14:15:00,1.577008238,6.469548
2024-10-01 14:30:00,1.257503721,6.4687986
2024-10-01 14:45:00,6.843653969000001,6.3734994
2024-10-01 15:00:00,6.555220554000001,6.2988815
2024-10-01 15:15:00,7.419346460999999,6.2835293
2024-10-01 15:30:00,1.2516411,6.2789645
2024-10-01 15:45:00,6.42991082,6.2606373
2024-10-01 16:00:00,4.150309775,6.2100816
2024-10-01 16:15:00,9.058424299,6.1967335
2024-10-01 16:30:00,4.78238394,6.1862683
2024-10-01 16:45:00,4.760548602,6.221194
2024-10-01 17:00:00,8.08764943,6.21135
2024-10-01 17:15:00,8.160283528,6.213628
2024-10-01 17:30:00,1.72337034,6.2458405
2024-10-01 17:45:00,7.717399537,6.2706184
2024-10-01 18:00:00,8.110159137,6.236374
2024-10-01 18:15:00,5.825224023,6.26315
2024-10-01 18:30:00,9.655861652,6.2958674
2024-10-01 18:45:00,1.2586324,6.3075504
2024-10-01 19:00:00,10.80584313,6.3494945
2024-10-01 19:15:00,4.922550534,6.3004813
2024-10-01 19:30:00,7.15807199,6.359367
2024-10-01 19:45:00,1.4464863679999997,6.3590965
2024-10-01 20:00:00,8.687292506,6.3641934
2024-10-01 20:15:00,6.484385306,6.3133903
2024-10-01 20:30:00,11.172496940000002,6.3426046
2024-10-01 20:45:00,5.620651094,6.3434653
2024-10-01 21:00:00,8.566360962,6.4130187
2024-10-01 21:15:00,1.890385806,6.4123673
2024-10-01 21:30:00,1.82709834,6.441271
2024-10-01 21:45:00,10.97266679,6.379311
2024-10-01 22:00:00,3.8539833959999994,6.322318
2024-10-01 22:15:00,9.987968919,6.365893
2024-10-01 22:30:00,2.015821168,6.335406
2024-10-01 22:45:00,7.845221752,6.3712835
2024-10-01 23:00:00,6.866414149,6.329022
2024-10-01 23:15:00,11.33223294,6.344653
2024-10-01 23:30:00,5.361903431,6.3439636
2024-10-01 23:45:00,1.6461729710000002,6.4206805
2024-10-02 00:00:00,6.016912309,6.4088464
2024-10-02 00:15:00,10.16960835,6.355964
2024-10-02 00:30:00,1.7495100740000002,6.3453107
2024-10-02 00:45:00,1.541039675,6.3778386
2024-10-02 01:00:00,9.671594805,6.310153
2024-10-02 01:15:00,9.791363152,6.2568116
2024-10-02 01:30:00,3.2776566180000004,6.2904143
2024-10-02 01:45:00,8.027307187,6.3328176
2024-10-02 02:00:00,1.785564766,6.313154
2024-10-02 02:15:00,9.426085578,6.321773
2024-10-02 02:30:00,4.331847754,6.2801485
2024-10-02 02:45:00,3.690599916,6.311262
2024-10-02 03:00:00,8.196824905,6.2880654
2024-10-02 03:15:00,10.5281066,6.2643614
2024-10-02 03:30:00,1.627105689,6.2900114
2024-10-02 03:45:00,2.65494465,6.344533
2024-10-02 04:00:00,3.8078099240000003,6.2863817
2024-10-02 04:15:00,10.47210948,6.239084
2024-10-02 04:30:00,10.37540385,6.214203
2024-10-02 04:45:00,10.42621054,6.2668195
2024-10-02 05:00:00,5.016836595,6.3242126
2024-10-02 05:15:00,3.509548364,6.403015
2024-10-02 05:30:00,3.163600502,6.402259
2024-10-02 05:45:00,9.935150916,6.3715625
2024-10-02 06:00:00,3.5269127310000004,6.33847
2024-10-02 06:15:00,6.785774441,6.375238
2024-10-02 06:30:00,4.459381466,6.343749
2024-10-02 06:45:00,6.337711235,6.346996
2024-10-02 07:00:00,4.663782308,6.3278446
2024-10-02 07:15:00,4.145318073,6.318691
2024-10-02 07:30:00,5.773310912,6.2892585
2024-10-02 07:45:00,4.430881826,6.264105
2024-10-02 08:00:00,10.00459672,6.2478333
2024-10-02 08:15:00,7.085407463000001,6.2359624
2024-10-02 08:30:00,2.939221811,6.283095
2024-10-02 08:45:00,3.505238553,6.2979345
2024-10-02 09:00:00,1.732210333,6.262431
2024-10-02 09:15:00,4.234085839,6.2082324
2024-10-02 09:30:00,8.023716974,6.1477394
2024-10-02 09:45:00,3.050886559,6.1364202
2024-10-02 10:00:00,2.168686317,6.1447644
2024-10-02 10:15:00,4.27798544,6.097649
2024-10-02 10:30:00,7.409690349,6.0509396
2024-10-02 10:45:00,6.160912478,6.043595
2024-10-02 11:00:00,4.437895048,6.0675316
2024-10-02 11:15:00,10.04477067,6.082506
2024-10-02 11:30:00,5.943907696,6.098435
2024-10-02 11:45:00,5.767299137,6.1700325
2024-10-02 12:00:00,1.476751684,6.194066
2024-10-02 12:15:00,7.582629961,6.1954074
2024-10-02 12:30:00,5.854437418000001,6.168645
2024-10-02 12:45:00,2.648781869,6.197439
2024-10-02 13:00:00,3.724512791,6.1932006
2024-10-02 13:15:00,3.332261909,6.157853
2024-10-02 13:30:00,2.399992658,6.1249237
2024-10-02 13:45:00,5.890078531,6.0762844
2024-10-02 14:00:00,4.890391119,6.046407
2024-10-02 14:15:00,4.96515723,6.040842
2024-10-02 14:30:00,3.9109156669999994,6.0357156
2024-10-02 14:45:00,5.684176857,6.030697
2024-10-02 15:00:00,6.613316508,6.0277967
2024-10-02 15:15:00,7.493823203999999,6.0490007
2024-10-02 15:30:00,3.379652288,6.0835733
2024-10-02 15:45:00,8.631376047,6.111579
2024-10-02 16:00:00,1.491447028,6.1187496
2024-10-02 16:15:00,8.680024884,6.1503997
2024-10-02 16:30:00,4.105356373,6.1341405
2024-10-02 16:45:00,4.884495427,6.172081
2024-10-02 17:00:00,7.112472218000001,6.16635
2024-10-02 17:15:00,7.589098242999999,6.1736054
2024-10-02 17:30:00,5.547053953999999,6.200162
2024-10-02 17:45:00,10.80414035,6.2350035
2024-10-02 18:00:00,9.891931594,6.2452607
2024-10-02 18:15:00,3.503034397,6.319895
2024-10-02 18:30:00,7.514189352000001,6.3919907
2024-10-02 18:45:00,8.44344225,6.37918
2024-10-02 19:00:00,3.536470398,6.4053273
2024-10-02 19:15:00,1.3759288619999999,6.4422426
2024-10-02 19:30:00,11.582328979999998,6.399782
2024-10-02 19:45:00,11.14312369,6.339465
2024-10-02 20:00:00,4.579289817,6.3859334
2024-10-02 20:15:00,3.545341716,6.4587054
2024-10-02 20:30:00,2.710320806,6.4438744
2024-10-02 20:45:00,8.399504646,6.4007654
2024-10-02 21:00:00,9.024941023,6.3532796
2024-10-02 21:15:00,5.483419161,6.3662257
2024-10-02 21:30:00,3.46378938,6.396889
2024-10-02 21:45:00,5.7394375989999995,6.3849216
2024-10-02 22:00:00,6.328565379,6.3471966
2024-10-02 22:15:00,6.846910842,6.337673
2024-10-02 22:30:00,5.715003408,6.332729
2024-10-02 22:45:00,1.172408951,6.33854
2024-10-02 23:00:00,6.37951778,6.31077
2024-10-02 23:15:00,4.851337398,6.2543344
2024-10-02 23:30:00,7.069036597,6.242983
2024-10-02 23:45:00,1.957500713,6.2297792
2024-10-03 00:00:00,10.42835128,6.2164683
2024-10-03 00:15:00,10.03968258,6.182873
2024-10-03 00:30:00,6.853700213,6.2395763
2024-10-03 00:45:00,8.963342145,6.304941
2024-10-03 01:00:00,5.427915096,6.3308525
2024-10-03 01:15:00,7.247328404,6.3884807
2024-10-03 01:30:00,7.186913981,6.3977256
2024-10-03 01:45:00,4.823088341,6.4158907
2024-10-03 02:00:00,11.30102553,6.431617
2024-10-03 02:15:00,7.431818432,6.406734
2024-10-03 02:30:00,11.63452998,6.475665
2024-10-03 02:45:00,5.865303214000001,6.477072
2024-10-03 03:00:00,1.479887647,6.560077
2024-10-03 03:15:00,4.541469966,6.557795
2024-10-03 03:30:00,7.922110452,6.491807
2024-10-03 03:45:00,10.79019923,6.454854
2024-10-03 04:00:00,7.417094975,6.4477487
2024-10-03 04:15:00,6.245121823,6.495691
2024-10-03 04:30:00,2.030658149,6.508375
2024-10-03 04:45:00,2.7329403810000006,6.4975734
2024-10-03 05:00:00,1.705426411,6.428609
2024-10-03 05:15:00,8.278465408,6.3457465
2024-10-03 05:30:00,9.849398198,6.283013
2024-10-03 05:45:00,2.746730016,6.2884316
2024-10-03 06:00:00,4.483148965,6.3176975
2024-10-03 06:15:00,6.134139582,6.272599
2024-10-03 06:30:00,2.763644303,6.248784
2024-10-03 06:45:00,5.495373537,6.230152
2024-10-03 07:00:00,11.19055535,6.19079
2024-10-03 07:15:00,8.581408658,6.1898055
2024-10-03 07:30:00,2.793783292,6.2578793
2024-10-03 07:45:00,2.17678461,6.2991643
2024-10-03 08:00:00,5.770188362,6.262608
2024-10-03 08:15:00,11.13576794,6.221659
2024-10-03 08:30:00,9.118985446,6.2214284
2024-10-03 08:45:00,4.140027129,6.285882
2024-10-03 09:00:00,1.424012616,6.341725
2024-10-03 09:15:00,5.353059407,6.3216605
2024-10-03 09:30:00,2.747330698,6.2738585
2024-10-03 09:45:00,3.034872527,6.2444644
2024-10-03 10:00:00,2.862935471,6.1851907
2024-10-03 10:15:00,8.62061124,6.1270337
2024-10-03 10:30:00,1.5023439769999998,6.1032004
2024-10-03 10:45:00,7.085439611,6.1037755
2024-10-03 11:00:00,8.901566475,6.0768523
2024-10-03 11:15:00,2.69726108,6.1072636
2024-10-03 11:30:00,10.62593339,6.138134
2024-10-03 11:45:00,1.973743808,6.128816
2024-10-03 12:00:00,8.194700866,6.1879764
2024-10-03 12:15:00,2.829768708,6.173704
2024-10-03 12:30:00,9.338721776,6.201601
2024-10-03 12:45:00,7.3739473040000005,6.191716
2024-10-03 13:00:00,7.010609022,6.245872
2024-10-03 13:15:00,4.70548051,6.277948
2024-10-03 13:30:00,4.080319743,6.3039646
2024-10-03 13:45:00,5.986793811,6.2994223
2024-10-03 14:00:00,8.699662187,6.2861366
2024-10-03 14:15:00,2.902021891,6.2897186
2024-10-03 14:30:00,9.246565179,6.3129044
2024-10-03 14:45:00,6.129276728,6.283951
2024-10-03 15:00:00,5.74772433,6.3273287
2024-10-03 15:15:00,1.296912135,6.3385487
2024-10-03 15:30:00,2.4796193970000004,6.320008
2024-10-03 15:45:00,5.592127485999999,6.2504635
2024-10-03 16:00:00,11.4228733,6.2042856
2024-10-03 16:15:00,3.780246171,6.199357
2024-10-03 16:30:00,1.290823218,6.254784
2024-10-03 16:45:00,5.512301477000001,6.21868
2024-10-03 17:00:00,1.34139811,6.1708026
2024-10-03 17:15:00,4.631549573,6.1302233
2024-10-03 17:30:00,4.774900919,6.080439
2024-10-03 17:45:00,1.145015014,6.056088
2024-10-03 18:00:00,9.340090856,6.0127816
2024-10-03 18:15:00,10.38554093,5.993351
2024-10-03 18:30:00,11.61647793,6.0531406
2024-10-03 18:45:00,6.684775371,6.1263447
2024-10-03 19:00:00,4.41561519,6.235122
2024-10-03 19:15:00,8.835271148,6.281902
2024-10-03 19:30:00,8.6352733,6.2920856
2024-10-03 19:45:00,5.158741871,6.346711
2024-10-03 20:00:00,6.829593331,6.401082
2024-10-03 20:15:00,9.606317428,6.4030943
2024-10-03 20:30:00,3.225603419,6.4155006
2024-10-03 20:45:00,1.343898555,6.4639726
2024-10-03 21:00:00,6.898596672,6.4170766
2024-10-03 21:15:00,8.203678015,6.3567114
2024-10-03 21:30:00,7.266877192,6.356035
2024-10-03 21:45:00,7.119478817,6.375193
2024-10-03 22:00:00,5.278093054,6.386539
2024-10-03 22:15:00,7.866100259000001,6.3933067
2024-10-03 22:30:00,1.630792926,6.383642
2024-10-03 22:45:00,2.617088642,6.392081
2024-10-03 23:00:00,5.799770075,6.3220315
2024-10-03 23:15:00,10.96361671,6.273824
2024-10-03 23:30:00,7.482150588,6.261439
2024-10-03 23:45:00,4.734218612,6.317506
2024-10-04 00:00:00,5.65554374,6.3431816
2024-10-04 00:15:00,9.745955428,6.33102
2024-10-04 00:30:00,6.845326585,6.3242865
2024-10-04 00:45:00,1.652410197,6.370923
2024-10-04 01:00:00,5.484684649,6.3773327
2024-10-04 01:15:00,5.049337968,6.329579
2024-10-04 01:30:00,10.71873396,6.3119764
2024-10-04 01:45:00,4.309249269,6.2938366
2024-10-04 02:00:00,1.820907846,6.3481646
2024-10-04 02:15:00,4.920986654,6.316108
2024-10-04 02:30:00,1.569765093,6.2618465
2024-10-04 02:45:00,9.812728059,6.217424
2024-10-04 03:00:00,7.325462309,6.1802545
2024-10-04 03:15:00,5.936787275000001,6.2197638
2024-10-04 03:30:00,4.943524994,6.241085
2024-10-04 03:45:00,5.529512072000001,6.247269
2024-10-04 04:00:00,9.283690169,6.24234
2024-10-04 04:15:00,3.00449634,6.247381
2024-10-04 04:30:00,1.910895245,6.285447
2024-10-04 04:45:00,7.083218696,6.24581
2024-10-04 05:00:00,10.05340747,6.2106395
2024-10-04 05:15:00,7.138863177,6.2252645
2024-10-04 05:30:00,9.524632712,6.2785907
2024-10-04 05:45:00,9.986094804,6.303955
2024-10-04 06:00:00,1.88636245,6.357182
2024-10-04 06:15:00,7.434294233,6.4253235
2024-10-04 06:30:00,9.716628794,6.386054
2024-10-04 06:45:00,7.838513529,6.398984
2024-10-04 07:00:00,7.452542495,6.4505234
2024-10-04 07:15:00,9.305286182,6.477638
2024-10-04 07:30:00,8.477044752,6.490255
2024-10-04 07:45:00,6.22202861,6.525064
2024-10-04 08:00:00,1.6186611799999997,6.560768
2024-10-04 08:15:00,7.593640945,6.5586004
2024-10-04 08:30:00,3.314198745,6.4911523
2024-10-04 08:45:00,3.704031993,6.4857507
2024-10-04 09:00:00,8.650489888,6.4233227
2024-10-04 09:15:00,5.827738842,6.375098
2024-10-04 09:30:00,8.441317169,6.384627
2024-10-04 09:45:00,5.29305798,6.37142
2024-10-04 10:00:00,10.14361464,6.3915653
2024-10-04 10:15:00,5.438681155,6.372024
2024-10-04 10:30:00,6.326820785,6.4237366
2024-10-04 10:45:00,2.411329971,6.420218
2024-10-04 11:00:00,6.579925876,6.4108686
2024-10-04 11:15:00,3.6709765730000004,6.360525
2024-10-04 11:30:00,8.992397253,6.3466377
2024-10-04 11:45:00,8.560662725,6.3118496
2024-10-04 12:00:00,1.339778882,6.3372054
2024-10-04 12:15:00,6.286266252,6.35707
2024-10-04 12:30:00,1.6945551350000003,6.305342
2024-10-04 12:45:00,7.215948025,6.2780275
2024-10-04 13:00:00,10.59307338,6.2299757
2024-10-04 13:15:00,9.918955082,6.238708
2024-10-04 13:30:00,3.661755936,6.2925267
2024-10-04 13:45:00,2.627246687,6.3531957
2024-10-04 14:00:00,9.170485089,6.3296995
2024-10-04 14:15:00,6.994277833,6.30065
2024-10-04 14:30:00,5.419381186,6.3375144
2024-10-04 14:45:00,9.406514499,6.355639
2024-10-04 15:00:00,3.7174895390000002,6.3518133
2024-10-04 15:15:00,3.5308825179999994,6.392363
2024-10-04 15:30:00,7.352544258,6.362081
2024-10-04 15:45:00,3.815861785,6.3297715
2024-10-04 16:00:00,5.698961491999999,6.3322515
2024-10-04 16:15:00,5.800745491,6.299169
2024-10-04 16:30:00,3.1959927889999995,6.2891765
2024-10-04 16:45:00,1.759088838,6.2702827
2024-10-04 17:00:00,9.424182473,6.2130003
2024-10-04 17:15:00,9.127861931,6.1736965
2024-10-04 17:30:00,7.323431482000001,6.2130895
2024-10-04 17:45:00,2.66199229,6.2583365
2024-10-04 18:00:00,5.915913075,6.277249
2024-10-04 18:15:00,2.9429613979999996,6.2550855
2024-10-04 18:30:00,9.980660302,6.245007
2024-10-04 18:45:00,8.540802426,6.2240357
2024-10-04 19:00:00,1.477981705,6.274388
2024-10-04 19:15:00,1.230239686,6.2995586
2024-10-04 19:30:00,11.157288039999997,6.231436
2024-10-04 19:45:00,1.533243754,6.193199
2024-10-04 20:00:00,10.44879689,6.2336874
2024-10-04 20:15:00,11.29666814,6.1993065
2024-10-04 20:30:00,4.37516569,6.2524586
2024-10-04 20:45:00,6.577223373000001,6.338135
2024-10-04 21:00:00,8.148487516,6.337057
2024-10-04 21:15:00,6.526172008,6.356626
2024-10-04 21:30:00,3.328312261,6.3941865
2024-10-04 21:45:00,7.343825255,6.402583
2024-10-04 22:00:00,3.8253882530000003,6.374392
2024-10-04 22:15:00,2.785557951,6.380562
2024-10-04 22:30:00,6.387765723,6.3374863
2024-10-04 22:45:00,4.915255437,6.2947407
2024-10-04 23:00:00,1.339898046,6.285272
2024-10-04 23:15:00,10.76872057,6.2352653
2024-10-04 23:30:00,1.5415206179999998,6.1892653
2024-10-04 23:45:00,10.23191495,6.2143736
2024-10-05 00:00:00,3.1527096529999996,6.184338
2024-10-05 00:15:00,2.574023476,6.2263756
2024-10-05 00:30:00,1.885252791,6.1909037
2024-10-05 00:45:00,5.407079224,6.129685
2024-10-05 01:00:00,7.36681405,6.0855165
2024-10-05 01:15:00,10.21218056,6.0907173
2024-10-05 01:30:00,8.790345564,6.1253767
2024-10-05 01:45:00,2.877472848,6.191383
2024-10-05 02:00:00,2.832265424,6.247271
2024-10-05 02:15:00,1.281608893,6.2193785
2024-10-05 02:30:00,8.370443782,6.1645575
2024-10-05 02:45:00,1.353774971,6.133311
2024-10-05 03:00:00,2.64270409,6.1324687
2024-10-05 03:15:00,7.736484915999999,6.070564
2024-10-05 03:30:00,2.7125723810000006,6.0523763
2024-10-05 03:45:00,2.81199937,6.05867
2024-10-05 04:00:00,3.580579555,6.016951
2024-10-05 04:15:00,5.056123935,5.9830284
2024-10-05 04:30:00,1.247094792,5.969197
2024-10-05 04:45:00,8.464100074,5.9335513
2024-10-05 05:00:00,9.421813558,5.9264545
2024-10-05 05:15:00,5.089923378,5.9882503
2024-10-05 05:30:00,9.655699833,6.0514064
2024-10-05 05:45:00,4.200691456,6.089575
2024-10-05 06:00:00,11.33115438,6.1599603
2024-10-05 06:15:00,5.254314645,6.175484
2024-10-05 06:30:00,7.856469289,6.2756047
2024-10-05 06:45:00,4.657838148,6.300335
2024-10-05 07:00:00,5.75477507,6.344823
2024-10-05 07:15:00,7.884452494,6.3432193
2024-10-05 07:30:00,4.773099785,6.345305
2024-10-05 07:45:00,7.71419554,6.370286
2024-10-05 08:00:00,2.5603178740000003,6.3627954
2024-10-05 08:15:00,6.157586643,6.37676
2024-10-05 08:30:00,3.9348905169999995,6.338695
2024-10-05 08:45:00,10.65154395,6.3228865
2024-10-05 09:00:00,9.910015324,6.297202
2024-10-05 09:15:00,6.225085564999999,6.346745
2024-10-05 09:30:00,5.942716647000001,6.4022584
2024-10-05 09:45:00,9.876486209,6.416368
2024-10-05 10:00:00,8.239107496,6.413426
2024-10-05 10:15:00,8.043298789,6.4624596
2024-10-05 10:30:00,6.863707121,6.4921546
2024-10-05 10:45:00,10.09379615,6.523169
2024-10-05 11:00:00,3.173219611,6.5171003
2024-10-05 11:15:00,10.03748561,6.570704
2024-10-05 11:30:00,6.497398754,6.51791
2024-10-05 11:45:00,7.542918354000001,6.556911
2024-10-05 12:00:00,10.88914733,6.5514965
2024-10-05 12:15:00,5.717980645,6.5370736
2024-10-05 12:30:00,8.263916929,6.5967417
2024-10-05 12:45:00,6.381214247000001,6.577006
2024-10-05 13:00:00,10.9807356,6.5946493
2024-10-05 13:15:00,5.948571849,6.564281
2024-10-05 13:30:00,3.8823798339999995,6.619086
2024-10-05 13:45:00,6.053244403000001,6.6086493
2024-10-05 14:00:00,10.72167423,6.5606437
2024-10-05 14:15:00,6.066778127,6.5246487
2024-10-05 14:30:00,2.593178264,6.5655823
2024-10-05 14:45:00,6.824472693,6.548384
2024-10-05 15:00:00,5.083003766,6.4841356
2024-10-05 15:15:00,7.731360252,6.465134
2024-10-05 15:30:00,3.758691098,6.4327126
2024-10-05 15:45:00,4.701338938,6.429435
2024-10-05 16:00:00,6.628886847,6.3817782
2024-10-05 16:15:00,2.317856923,6.349276
2024-10-05 16:30:00,3.456346365,6.324272
2024-10-05 16:45:00,9.123317794,6.259361
2024-10-05 17:00:00,10.79896279,6.224388
2024-10-05 17:15:00,11.19800868,6.2536993
2024-10-05 17:30:00,11.304507660000002,6.3061633
2024-10-05 17:45:00,11.116158170000002,6.3730445
2024-10-05 18:00:00,9.551035305,6.4451156
2024-10-05 18:15:00,8.583584129,6.5246134
2024-10-05 18:30:00,3.62686359,6.587393
2024-10-05 18:45:00,5.655563477000001,6.646064
2024-10-05 19:00:00,5.293770902,6.615397
2024-10-05 19:15:00,8.449719181,6.594683
2024-10-05 19:30:00,6.145369168000001,6.5601573
2024-10-05 19:45:00,4.92961776,6.5707703
2024-10-05 20:00:00,9.317211672,6.5515904
2024-10-05 20:15:00,9.111386368,6.5070496
2024-10-05 20:30:00,5.02716173,6.52077
2024-10-05 20:45:00,5.578289536,6.5506806
2024-10-05 21:00:00,10.3089287,6.5243177
2024-10-05 21:15:00,8.767198085,6.4914217
2024-10-05 21:30:00,8.302743535,6.5238485
2024-10-05 21:45:00,8.488701425,6.5472145
2024-10-05 22:00:00,2.217020979,6.564134
2024-10-05 22:15:00,7.172953431,6.5908813
2024-10-05 22:30:00,4.259117685,6.531092
2024-10-05 22:45:00,1.975914911,6.523403
2024-10-05 23:00:00,8.903268015,6.4651947
2024-10-05 23:15:00,4.411213783,6.3944144
2024-10-05 23:30:00,4.34477807,6.396432
2024-10-05 23:45:00,7.8584147810000005,6.353769
2024-10-06 00:00:00,8.132229329,6.319895
2024-10-06 00:15:00,5.9446588,6.3288503
2024-10-06 00:30:00,6.852067656999999,6.3492856
2024-10-06 00:45:00,10.09815792,6.3515096
2024-10-06 01:00:00,2.233939342,6.357175
2024-10-06 01:15:00,1.8651086270000001,6.4065948
2024-10-06 01:30:00,8.167444463,6.34847
2024-10-06 01:45:00,7.583410316,6.3000946
2024-10-06 02:00:00,3.2066232770000003,6.317509
2024-10-06 02:15:00,6.538729837,6.323186
2024-10-06 02:30:00,8.901822303,6.2907667
2024-10-06 02:45:00,8.78396444,6.296284
2024-10-06 03:00:00,7.306128085,6.332
2024-10-06 03:15:00,2.5295981710000004,6.3715973
2024-10-06 03:30:00,4.136644663,6.389513
2024-10-06 03:45:00,5.37367633,6.346566
2024-10-06 04:00:00,9.029683923,6.3166776
2024-10-06 04:15:00,6.636578359,6.3076153
2024-10-06 04:30:00,8.877846536,6.339865
2024-10-06 04:45:00,10.66197161,6.350138
2024-10-06 05:00:00,7.722978329,6.3821707
2024-10-06 05:15:00,3.587172645,6.4479113
2024-10-06 05:30:00,2.65706948,6.483695
2024-10-06 05:45:00,1.149610757,6.4512215
2024-10-06 06:00:00,2.8416288710000006,6.3799443
2024-10-06 06:15:00,3.955626277,6.291258
2024-10-06 06:30:00,3.756345094,6.2245646
2024-10-06 06:45:00,7.799936126,6.169406
2024-10-06 07:00:00,2.653055872,6.139018
2024-10-06 07:15:00,5.533053066999999,6.1340995
2024-10-06 07:30:00,1.186569917,6.1041293
2024-10-06 07:45:00,3.765737185,6.0641212
2024-10-06 08:00:00,1.5267785280000001,6.0077496
2024-10-06 08:15:00,8.778644445,5.9540515
2024-10-06 08:30:00,4.746056772,5.9407625
2024-10-06 08:45:00,5.822257298,5.972788
2024-10-06 09:00:00,8.960182052,5.9844303
2024-10-06 09:15:00,9.834760029,6.0203137
2024-10-06 09:30:00,6.37256771,6.09323
2024-10-06 09:45:00,7.996745636,6.1799707
2024-10-06 10:00:00,8.682003726,6.224423
2024-10-06 10:15:00,4.000192256,6.277497
2024-10-06 10:30:00,8.552323181,6.3393326
2024-10-06 10:45:00,8.11346125,6.3343596
2024-10-06 11:00:00,5.802658913999999,6.3753047
2024-10-06 11:15:00,4.427403581,6.415345
2024-10-06 11:30:00,10.95523545,6.4229183
2024-10-06 11:45:00,11.370113710000002,6.3980303
2024-10-06 12:00:00,8.300035418,6.4451847
2024-10-06 12:15:00,5.089602641,6.5206227
2024-10-06 12:30:00,8.737644728,6.564482
2024-10-06 12:45:00,7.930174607,6.5459404
2024-10-06 13:00:00,7.086993206,6.56894
2024-10-06 13:15:00,2.515993681,6.58647
2024-10-06 13:30:00,11.100155009999998,6.58944
2024-10-06 13:45:00,3.5596168930000003,6.5172977
2024-10-06 14:00:00,5.225486897,6.564578
2024-10-06 14:15:00,4.687674011,6.518701
2024-10-06 14:30:00,2.6745941830000004,6.481709
2024-10-06 14:45:00,1.357463006,6.430524
2024-10-06 15:00:00,10.86390486,6.34166
2024-10-06 15:15:00,8.839488079,6.274131
2024-10-06 15:30:00,1.39221878,6.307673
2024-10-06 15:45:00,8.40056746,6.319998
2024-10-06 16:00:00,2.448635861,6.2728243
2024-10-06 16:15:00,8.856120215,6.2799497
2024-10-06 16:30:00,6.484690842,6.2481756
2024-10-06 16:45:00,11.44007368,6.2793903
2024-10-06 17:00:00,5.899919218,6.2842617
2024-10-06 17:15:00,9.297130878,6.365467
2024-10-06 17:30:00,1.601220453,6.375907
2024-10-06 17:45:00,10.96610274,6.420333
2024-10-06 18:00:00,7.135388262,6.3651905
2024-10-06 18:15:00,4.346273526,6.427578
2024-10-06 18:30:00,2.432826781,6.4480224
2024-10-06 18:45:00,7.896410213000001,6.417072
2024-10-06 19:00:00,8.708908643,6.368319
2024-10-06 19:15:00,2.05940871,6.377388
2024-10-06 19:30:00,2.8639651270000006,6.396666
2024-10-06 19:45:00,5.043513307,6.3305426
2024-10-06 20:00:00,9.971292772,6.2817206
2024-10-06 20:15:00,11.64459484,6.2631774
2024-10-06 20:30:00,8.876899257,6.297113
2024-10-06 20:45:00,1.210015644,6.3744226
2024-10-06 21:00:00,10.57588569,6.422891
2024-10-06 21:15:00,1.439057231,6.3660817
2024-10-06 21:30:00,10.36020859,6.4130325
2024-10-06 21:45:00,5.437874181,6.361931
2024-10-06 22:00:00,8.626402339,6.4102497
2024-10-06 22:15:00,2.015519769,6.4041343
2024-10-06 22:30:00,2.815309784,6.4254556
2024-10-06 22:45:00,5.874836197999999,6.363974
2024-10-06 23:00:00,1.5539280100000001,6.312064
2024-10-06 23:15:00,5.168840554,6.271515
2024-10-06 23:30:00,9.066990958,6.2077184
2024-10-06 23:45:00,7.991559934,6.198204
2024-10-07 00:00:00,4.760694688,6.228766
2024-10-07 00:15:00,1.213597785,6.255774
2024-10-07 00:30:00,3.8709239900000005,6.228568
2024-10-07 00:45:00,8.891119046,6.174151
2024-10-07 01:00:00,4.688764843,6.1580877
2024-10-07 01:15:00,4.962311827,6.1860013
2024-10-07 01:30:00,1.897300326,6.181646
2024-10-07 01:45:00,7.357034609000001,6.157488
2024-10-07 02:00:00,7.758852155,6.1293445
2024-10-07 02:15:00,5.722545428,6.1516886
2024-10-07 02:30:00,9.011178739,6.1804214
2024-10-07 02:45:00,10.50687719,6.197062
2024-10-07 03:00:00,8.527939646,6.251543
2024-10-07 03:15:00,7.060409516,6.3265643
2024-10-07 03:30:00,10.99750185,6.3885307
2024-10-07 03:45:00,5.117225627,6.4032335
2024-10-07 04:00:00,7.772804527,6.492506
2024-10-07 04:15:00,7.036085299,6.489032
2024-10-07 04:30:00,9.990843397,6.5174327
2024-10-07 04:45:00,6.407643401,6.518194
2024-10-07 05:00:00,6.9785314849999995,6.5690637
2024-10-07 05:15:00,5.754371257,6.5708065
2024-10-07 05:30:00,2.551716681,6.5738354
2024-10-07 05:45:00,10.36832772,6.5491195
2024-10-07 06:00:00,10.23841172,6.478421
2024-10-07 06:15:00,8.421029765,6.5005937
2024-10-07 06:30:00,4.902605622,6.5416737
2024-10-07 06:45:00,4.828688921,6.570501
2024-10-07 07:00:00,1.522582878,6.5445175
2024-10-07 07:15:00,1.982137347,6.5010815
2024-10-07 07:30:00,6.63923516,6.408135
2024-10-07 07:45:00,1.61673885,6.338999
2024-10-07 08:00:00,2.124019618,6.2901382
2024-10-07 08:15:00,3.72443792,6.196263
2024-10-07 08:30:00,5.362290801,6.1221213
2024-10-07 08:45:00,6.179412444,6.0783124
2024-10-07 09:00:00,4.496856928,6.0633335
2024-10-07 09:15:00,11.03242298,6.0581555
2024-10-07 09:30:00,11.225202879999998,6.0665393
2024-10-07 09:45:00,1.7364215079999998,6.1389885
2024-10-07 10:00:00,11.63631329,6.2250323
2024-10-07 10:15:00,2.863263755,6.2049932
2024-10-07 10:30:00,4.503458799,6.2941685
2024-10-07 10:45:00,10.06110218,6.276176
2024-10-07 11:00:00,8.269853726,6.2722535
2024-10-07 11:15:00,1.7047038040000002,6.331939
2024-10-07 11:30:00,8.903579298,6.3666544
2024-10-07 11:45:00,7.873272634000001,6.330461
2024-10-07 12:00:00,10.98814647,6.363964
2024-10-07 12:15:00,10.67597374,6.378321
2024-10-07 12:30:00,11.16317408,6.4356174
2024-10-07 12:45:00,5.907097833,6.490362
2024-10-07 13:00:00,8.381945465,6.584081
2024-10-07 13:15:00,11.40121614,6.5870776
2024-10-07 13:30:00,1.23694947,6.591782
2024-10-07 13:45:00,9.235936993,6.675647
2024-10-07 14:00:00,1.7262602499999997,6.5970073
2024-10-07 14:15:00,11.58828876,6.6199083
2024-10-07 14:30:00,1.297575017,6.5293403
2024-10-07 14:45:00,6.989040768000001,6.5711126
2024-10-07 15:00:00,6.6095807,6.493463
2024-10-07 15:15:00,4.259926098,6.4783115
2024-10-07 15:30:00,8.979649429,6.455927
2024-10-07 15:45:00,3.8266296190000006,6.4117765
2024-10-07 16:00:00,4.124833518,6.428336
2024-10-07 16:15:00,3.1769460690000004,6.3812585
2024-10-07 16:30:00,8.519016217,6.3342967
2024-10-07 16:45:00,2.925999325,6.292824
2024-10-07 17:00:00,10.48073353,6.292294
2024-10-07 17:15:00,4.11743441,6.2563767
2024-10-07 17:30:00,6.581312394,6.3037157
2024-10-07 17:45:00,5.955467608999999,6.286317
2024-10-07 18:00:00,8.528534338,6.293941
2024-10-07 18:15:00,3.435737116,6.295515
2024-10-07 18:30:00,9.552527573,6.322525
2024-10-07 18:45:00,9.135977309,6.2975297
2024-10-07 19:00:00,4.567814898,6.3431168
2024-10-07 19:15:00,2.292936951,6.3917904
2024-10-07 19:30:00,6.203677661,6.3701353
2024-10-07 19:45:00,11.725828400000001,6.331729
2024-10-07 20:00:00,1.346457972,6.3191595
2024-10-07 20:15:00,9.688724024,6.3822045
2024-10-07 20:30:00,8.126507809,6.3297734
2024-10-07 20:45:00,3.027768121,6.375733
2024-10-07 21:00:00,6.023310566,6.4005466
2024-10-07 21:15:00,7.566568343,6.3667064
2024-10-07 21:30:00,8.698041777,6.363475
2024-10-07 21:45:00,10.4075738,6.3745565
2024-10-07 22:00:00,10.16371508,6.4000783
2024-10-07 22:15:00,4.58270794,6.4510136
2024-10-07 22:30:00,2.341383086,6.522485
2024-10-07 22:45:00,2.252737779,6.50443
2024-10-07 23:00:00,11.07935397,6.4432626
2024-10-07 23:15:00,11.132577140000002,6.377613
2024-10-07 23:30:00,9.609346639,6.4126363
2024-10-07 23:45:00,10.7941679,6.4668183
2024-10-08 00:00:00,4.100862805,6.5001135
2024-10-08 00:15:00,10.13092748,6.5788207
2024-10-08 00:30:00,6.323684384,6.5423136
2024-10-08 00:45:00,9.238015576,6.5918875
2024-10-08 01:00:00,7.716717308,6.5764914
2024-10-08 01:15:00,10.3151854,6.607026
2024-10-08 01:30:00,5.243217751,6.6023016
2024-10-08 01:45:00,11.33346085,6.655389
2024-10-08 02:00:00,3.413100355,6.6029134
2024-10-08 02:15:00,7.816223717,6.672176
2024-10-08 02:30:00,9.396839607,6.6149445
2024-10-08 02:45:00,7.481440147,6.6026335
2024-10-08 03:00:00,4.139321334,6.6253304
2024-10-08 03:15:00,6.802096514,6.628845
2024-10-08 03:30:00,6.442542433,6.5805435
2024-10-08 03:45:00,3.072536626,6.5616255
2024-10-08 04:00:00,9.036081774,6.534649
2024-10-08 04:15:00,3.807395056,6.469827
2024-10-08 04:30:00,9.542361016,6.4786854
2024-10-08 04:45:00,3.422222052,6.432578
2024-10-08 05:00:00,6.364970155,6.455303
2024-10-08 05:15:00,8.204716888,6.408734
2024-10-08 05:30:00,11.48661995,6.3944836
2024-10-08 05:45:00,3.902546891,6.395894
2024-10-08 06:00:00,7.596883483000001,6.4640703
2024-10-08 06:15:00,2.806513972,6.4405255
2024-10-08 06:30:00,9.797224627,6.448482
2024-10-08 06:45:00,10.06130591,6.4007406
2024-10-08 07:00:00,10.37279971,6.4281797
2024-10-08 07:15:00,10.9342825,6.4652505
2024-10-08 07:30:00,4.882454828,6.5051646
2024-10-08 07:45:00,7.907837164,6.58945
2024-10-08 08:00:00,4.50078209,6.5700345
2024-10-08 08:15:00,9.542152965,6.59443
2024-10-08 08:30:00,5.420214178,6.551704
2024-10-08 08:45:00,6.820213346,6.58242
2024-10-08 09:00:00,2.5726536560000004,6.5579877
2024-10-08 09:15:00,9.920050312,6.5464134
2024-10-08 09:30:00,6.055060818,6.477747
2024-10-08 09:45:00,7.7139002,6.5031075
2024-10-08 10:00:00,8.212129304,6.4874086
2024-10-08 10:15:00,3.8488512270000004,6.488396
2024-10-08 10:30:00,9.305614071,6.5048046
2024-10-08 10:45:00,9.999285884,6.4595737
2024-10-08 11:00:00,6.464327776,6.478711
2024-10-08 11:15:00,10.55216243,6.5244794
2024-10-08 11:30:00,2.881817695,6.5089555
2024-10-08 11:45:00,5.544880760999999,6.566021
2024-10-08 12:00:00,1.5933215899999997,6.5214186
2024-10-08 12:15:00,5.260171528,6.486048
2024-10-08 12:30:00,11.69493052,6.413636
2024-10-08 12:45:00,6.065314519000001,6.3724995
2024-10-08 13:00:00,5.478323687,6.424076
2024-10-08 13:15:00,8.259328305,6.416977
2024-10-08 13:30:00,1.662697371,6.4007444
2024-10-08 13:45:00,4.954467401,6.4111114
2024-10-08 14:00:00,6.822022925,6.3505173
2024-10-08 14:15:00,6.252937993,6.3274355
2024-10-08 14:30:00,7.616738582,6.323516
2024-10-08 14:45:00,2.572538434,6.3225555
2024-10-08 15:00:00,5.29136364,6.3268037
2024-10-08 15:15:00,7.945405808,6.286805
2024-10-08 15:30:00,4.249897098,6.27344
2024-10-08 15:45:00,7.697494173000001,6.2877774
2024-10-08 16:00:00,10.93120676,6.271708
2024-10-08 16:15:00,10.66445717,6.2879276
2024-10-08 16:30:00,8.749694151,6.3498454
2024-10-08 16:45:00,3.0903379999999996,6.4207325
2024-10-08 17:00:00,9.22425713,6.476374
2024-10-08 17:15:00,5.45174257,6.4440727
2024-10-08 17:30:00,10.62637774,6.48526
2024-10-08 17:45:00,7.526642439,6.466878
2024-10-08 18:00:00,3.29331558,6.523598
2024-10-08 18:15:00,4.301161393,6.547123
2024-10-08 18:30:00,4.453448545,6.503946
2024-10-08 18:45:00,3.7960622580000005,6.458699
2024-10-08 19:00:00,9.06291663,6.412015
2024-10-08 19:15:00,4.517941775,6.3675814
2024-10-08 19:30:00,3.0712323439999993,6.379664
2024-10-08 19:45:00,7.191959573,6.3430014
2024-10-08 20:00:00,5.821915253000001,6.3010206
2024-10-08 20:15:00,1.393514693,6.299961
2024-10-08 20:30:00,4.143917818,6.267111
2024-10-08 20:45:00,1.533049322,6.202181
2024-10-08 21:00:00,8.971087027,6.143463
2024-10-08 21:15:00,10.89411993,6.107251
2024-10-08 21:30:00,6.174342377,6.1420226
2024-10-08 21:45:00,6.732949367,6.214676
2024-10-08 22:00:00,9.542591918,6.2393894
2024-10-08 22:15:00,1.307383056,6.2635055
2024-10-08 22:30:00,2.930458881,6.3113565
2024-10-08 22:45:00,7.803690056,6.2608886
2024-10-08 23:00:00,8.262535599,6.2383304
2024-10-08 23:15:00,7.533757639000001,6.260788
2024-10-08 23:30:00,10.4953219,6.2973166
2024-10-08 23:45:00,5.217745978,6.318061
2024-10-09 00:00:00,6.887855031,6.3902583
2024-10-09 00:15:00,11.06220121,6.3969946
2024-10-09 00:30:00,10.45201246,6.402579
2024-10-09 00:45:00,1.456907513,6.461649
2024-10-09 01:00:00,4.642897997,6.5378594
2024-10-09 01:15:00,8.784317547,6.48246
2024-10-09 01:30:00,1.184750957,6.453754
2024-10-09 01:45:00,10.47942651,6.4648247
2024-10-09 02:00:00,6.313995908,6.3938155
2024-10-09 02:15:00,2.040537247,6.4331493
2024-10-09 02:30:00,5.791827115,6.4207816
2024-10-09 02:45:00,6.451480564,6.3648186
2024-10-09 03:00:00,4.895419483,6.348816
2024-10-09 03:15:00,5.940247717,6.335343
2024-10-09 03:30:00,10.19035043,6.309919
2024-10-09 03:45:00,4.536375985,6.3020062
2024-10-09 04:00:00,11.329603760000001,6.3487186
2024-10-09 04:15:00,8.028866979,6.326571
2024-10-09 04:30:00,10.30475567,6.400591
2024-10-09 04:45:00,3.381696112,6.426979
2024-10-09 05:00:00,6.324188692,6.4975224
2024-10-09 05:15:00,7.159795143,6.4697404
2024-10-09 05:30:00,2.070188001,6.467958
2024-10-09 05:45:00,6.212771273999999,6.464862
2024-10-09 06:00:00,10.54186709,6.409057
2024-10-09 06:15:00,1.695236454,6.3899775
2024-10-09 06:30:00,7.279872539,6.4225354
2024-10-09 06:45:00,11.313749860000001,6.3661547
2024-10-09 07:00:00,6.541461695,6.365508
2024-10-09 07:15:00,4.364016456,6.4303765
2024-10-09 07:30:00,7.133524762,6.437582
2024-10-09 07:45:00,6.915231014999999,6.418946
2024-10-09 08:00:00,2.265554131,6.4228806
2024-10-09 08:15:00,3.294696199,6.4185863
2024-10-09 08:30:00,8.053659367,6.359538
2024-10-09 08:45:00,7.160215625,6.3178253
2024-10-09 09:00:00,4.732646118,6.3281984
2024-10-09 09:15:00,11.086171140000001,6.3333273
2024-10-09 09:30:00,7.836014931,6.3126907
2024-10-09 09:45:00,3.517915211,6.3725333
2024-10-09 10:00:00,6.006782397,6.402501
2024-10-09 10:15:00,8.894624971,6.374185
2024-10-09 10:30:00,8.0415379,6.369561
2024-10-09 10:45:00,3.5439268550000005,6.400225
2024-10-09 11:00:00,8.02869156,6.4284678
2024-10-09 11:15:00,4.695952659,6.398589
2024-10-09 11:30:00,5.631989985,6.4160185
2024-10-09 11:45:00,7.952649051999999,6.39738
2024-10-09 12:00:00,7.231154727,6.3845463
2024-10-09 12:15:00,8.623929342,6.3978715
2024-10-09 12:30:00,5.101494506,6.4098883
2024-10-09 12:45:00,8.936667631,6.4406366
2024-10-09 13:00:00,1.285377867,6.4213924
2024-10-09 13:15:00,2.933970433,6.4447107
2024-10-09 13:30:00,11.72289702,6.374801
2024-10-09 13:45:00,2.004508581,6.323856
2024-10-09 14:00:00,8.031396501,6.3690505
2024-10-09 14:15:00,10.60170338,6.326501
2024-10-09 14:30:00,10.24225247,6.340592
2024-10-09 14:45:00,10.62348736,6.3887506
2024-10-09 15:00:00,11.37126189,6.437557
2024-10-09 15:15:00,4.570159729,6.489022
2024-10-09 15:30:00,4.484397258,6.5858154
2024-10-09 15:45:00,2.439786667,6.5781064
2024-10-09 16:00:00,3.2814703490000006,6.5512786
2024-10-09 16:15:00,7.743703947,6.4837613
2024-10-09 16:30:00,4.420354175,6.426171
2024-10-09 16:45:00,4.693757138,6.4158187
2024-10-09 17:00:00,7.340192658,6.3756995
2024-10-09 17:15:00,2.177079986,6.342708
2024-10-09 17:30:00,1.795190213,6.326575
2024-10-09 17:45:00,9.756551896,6.2486625
2024-10-09 18:00:00,9.423671951,6.200964
2024-10-09 18:15:00,5.170003786,6.2350864
2024-10-09 18:30:00,6.979265401999999,6.277443
2024-10-09 18:45:00,3.555928898,6.281043
2024-10-09 19:00:00,4.923253997,6.291991
2024-10-09 19:15:00,1.502890575,6.270831
2024-10-09 19:30:00,3.951525717,6.237248
2024-10-09 19:45:00,1.356794936,6.173696
2024-10-09 20:00:00,5.473939821,6.1152267
2024-10-09 20:15:00,6.480743491,6.0630536
2024-10-09 20:30:00,6.377581155999999,6.0555115
2024-10-09 20:45:00,4.532055152,6.067058
2024-10-09 21:00:00,3.231764267,6.075956
2024-10-09 21:15:00,5.758598799,6.0593686
2024-10-09 21:30:00,10.16603767,6.050152
2024-10-09 21:45:00,11.24149154,6.0763326
2024-10-09 22:00:00,4.356831196,6.1491632
2024-10-09 22:15:00,11.07295725,6.2479734
2024-10-09 22:30:00,5.516137938,6.253631
2024-10-09 22:45:00,7.596648991,6.3484516
2024-10-09 23:00:00,9.398903806,6.36777
2024-10-09 23:15:00,4.935534874,6.3968153
2024-10-09 23:30:00,3.225839556,6.459565
2024-10-09 23:45:00,3.918836126,6.454482
2024-10-10 00:00:00,9.782413194,6.4107914
2024-10-10 00:15:00,10.79173253,6.3724446
2024-10-10 00:30:00,2.5205047260000004,6.3996196
2024-10-10 00:45:00,8.260167356,6.458311
2024-10-10 01:00:00,1.535793157,6.4179163
2024-10-10 01:15:00,10.28896116,6.4275208
2024-10-10 01:30:00,9.994886396,6.3699307
2024-10-10 01:45:00,8.977559096,6.405401
2024-10-10 02:00:00,9.841656932,6.45204
2024-10-10 02:15:00,7.255896745,6.4826994
2024-10-10 02:30:00,2.67339767,6.537315
2024-10-10 02:45:00,10.60322713,6.5587068
2024-10-10 03:00:00,2.59783957,6.4989414
2024-10-10 03:15:00,3.4513493400000006,6.5481944
2024-10-10 03:30:00,5.526977086,6.489564
2024-10-10 03:45:00,6.082332036,6.4345956
2024-10-10 04:00:00,2.212406956,6.4018836
2024-10-10 04:15:00,8.936810315,6.367755
2024-10-10 04:30:00,2.5639584900000005,6.310635
2024-10-10 04:45:00,7.903634582,6.313945
2024-10-10 05:00:00,5.966808849,6.271705
2024-10-10 05:15:00,9.944247709,6.282428
2024-10-10 05:30:00,4.224130424,6.28264
2024-10-10 05:45:00,9.774577989,6.3330655
2024-10-10 06:00:00,3.6690385720000003,6.319694
2024-10-10 06:15:00,6.871805336999999,6.366337
2024-10-10 06:30:00,5.942884587,6.3437853
2024-10-10 06:45:00,4.716136468,6.3578944
2024-10-10 07:00:00,1.214088221,6.353644
2024-10-10 07:15:00,5.391274878,6.31749
2024-10-10 07:30:00,2.396876452,6.2540574
2024-10-10 07:45:00,3.4613396219999997,6.2122912
2024-10-10 08:00:00,8.4734481,6.149953
2024-10-10 08:15:00,6.898371604000001,6.1252303
2024-10-10 08:30:00,6.487531593,6.1532106
2024-10-10 08:45:00,6.693823229000001,6.177695
2024-10-10 09:00:00,2.432828201,6.1958156
2024-10-10 09:15:00,2.803755797,6.2063127
2024-10-10 09:30:00,6.770301628000001,6.1653924
2024-10-10 09:45:00,5.477503459,6.141963
2024-10-10 10:00:00,6.121283195,6.152926
2024-10-10 10:15:00,10.24273231,6.160873
2024-10-10 10:30:00,3.0920647350000006,6.17658
2024-10-10 10:45:00,10.36792566,6.2373033
2024-10-10 11:00:00,10.39186094,6.2244754
2024-10-10 11:15:00,10.44563799,6.2878046
2024-10-10 11:30:00,7.801684204,6.352644
2024-10-10 11:45:00,10.00247273,6.436778
2024-10-10 12:00:00,11.70624526,6.4662104
2024-10-10 12:15:00,6.055305962,6.509301
2024-10-10 12:30:00,10.23629091,6.610456
2024-10-10 12:45:00,10.58404031,6.5994816
2024-10-10 13:00:00,4.335206343,6.6355877
2024-10-10 13:15:00,5.847823673999999,6.714043
2024-10-10 13:30:00,7.140736505999999,6.683508
2024-10-10 13:45:00,4.664248531,6.6591244
2024-10-10 14:00:00,4.387769385,6.649913
2024-10-10 14:15:00,5.106881243,6.6004133
2024-10-10 14:30:00,5.646668309,6.544518
2024-10-10 14:45:00,3.895032251,6.497123
2024-10-10 15:00:00,5.815084039,6.453551
2024-10-10 15:15:00,9.215181888,6.4010835
2024-10-10 15:30:00,7.694480207,6.3747225
2024-10-10 15:45:00,5.113211621,6.393825
2024-10-10 16:00:00,2.82733333,6.4051204
2024-10-10 16:15:00,9.816774055,6.378476
2024-10-10 16:30:00,6.304269926000001,6.332014
2024-10-10 16:45:00,10.95520562,6.370525
2024-10-10 17:00:00,3.7909514,6.3623524
2024-10-10 17:15:00,3.030437749,6.425931
2024-10-10 17:30:00,1.236719393,6.395226
2024-10-10 17:45:00,1.936371336,6.3332763
2024-10-10 18:00:00,5.021924139,6.2429776
2024-10-10 18:15:00,3.249921381,6.176564
2024-10-10 18:30:00,1.530407428,6.1338854
2024-10-10 18:45:00,3.491486473,6.0598574
2024-10-10 19:00:00,8.893941279,5.991276
2024-10-10 19:15:00,8.535378705,5.98572
2024-10-10 19:30:00,2.674427423,6.033845
2024-10-10 19:45:00,10.7194189,6.0657907
2024-10-10 20:00:00,2.8176261509999994,6.0704393
2024-10-10 20:15:00,2.109540334,6.138771
2024-10-10 20:30:00,2.745127946,6.112968
2024-10-10 20:45:00,2.604076421,6.07191
2024-10-10 21:00:00,7.833456034,6.028987
2024-10-10 21:15:00,2.655685212,6.0177126
2024-10-10 21:30:00,7.704494599,6.024641
2024-10-10 21:45:00,3.906733917,6.020029
2024-10-10 22:00:00,3.6690930719999995,6.047433
2024-10-10 22:15:00,9.868207805,6.0392556
2024-10-10 22:30:00,3.470326403,6.046491
2024-10-10 22:45:00,10.02033455,6.1012926
2024-10-10 23:00:00,4.216201607,6.106682
2024-10-10 23:15:00,11.490632020000001,6.1773925
2024-10-10 23:30:00,11.04651033,6.1870475
2024-10-10 23:45:00,9.475582085,6.2744694
2024-10-11 00:00:00,10.46745118,6.3671465
2024-10-11 00:15:00,10.0509918,6.4284854
2024-10-11 00:30:00,7.568152381,6.501551
2024-10-11 00:45:00,9.744360531,6.580489
2024-10-11 01:00:00,7.711940192,6.599092
2024-10-11 01:15:00,9.563169182,6.6501713
2024-10-11 01:30:00,10.61440326,6.6537247
2024-10-11 01:45:00,9.248554717,6.6727266
2024-10-11 02:00:00,10.78914876,6.71185
2024-10-11 02:15:00,6.076248274,6.7200546
2024-10-11 02:30:00,10.59450924,6.7855825
2024-10-11 02:45:00,3.611480048,6.741851
2024-10-11 03:00:00,1.464844798,6.7993393
2024-10-11 03:15:00,2.518853495,6.7386246
2024-10-11 03:30:00,2.8937340010000003,6.6361685
2024-10-11 03:45:00,9.975394996,6.5332427
2024-10-11 04:00:00,5.233110866,6.4516106
2024-10-11 04:15:00,3.496977598,6.454998
2024-10-11 04:30:00,9.540128644,6.40748
2024-10-11 04:45:00,3.150329376,6.358645
2024-10-11 05:00:00,1.966180484,6.3690057
2024-10-11 05:15:00,5.868459687,6.3066187
2024-10-11 05:30:00,1.912341046,6.2459273
2024-10-11 05:45:00,3.986970009,6.2015004
2024-10-11 06:00:00,8.080382028,6.1375155
2024-10-11 06:15:00,5.179485975,6.116479
2024-10-11 06:30:00,2.06357878,6.132474
2024-10-11 06:45:00,5.324347936,6.1084285
2024-10-11 07:00:00,6.614743244,6.073977
2024-10-11 07:15:00,3.810719113,6.0779996
2024-10-11 07:30:00,2.870381841,6.0842376
2024-10-11 07:45:00,8.945004279,6.0563097
2024-10-11 08:00:00,1.807301873,6.0509553
2024-10-11 08:15:00,10.70167268,6.0710263
2024-10-11 08:30:00,1.244101669,6.064995
2024-10-11 08:45:00,7.957626733,6.110602
2024-10-11 09:00:00,2.5746873020000005,6.09824
2024-10-11 09:15:00,7.002261052,6.125818
2024-10-11 09:30:00,3.1406547850000006,6.1176476
2024-10-11 09:45:00,1.533484264,6.132012
2024-10-11 10:00:00,9.594655776,6.0847015
2024-10-11 10:15:00,5.500762164,6.0676723
2024-10-11 10:30:00,4.082381067,6.1184254
2024-10-11 10:45:00,10.67606655,6.122211
2024-10-11 11:00:00,2.002579749,6.130979
2024-10-11 11:15:00,4.810816201,6.192352
2024-10-11 11:30:00,3.0144575420000006,6.1673055
2024-10-11 11:45:00,11.50034618,6.155228
2024-10-11 12:00:00,6.889854433,6.1441913
2024-10-11 12:15:00,9.594037577,6.220805
2024-10-11 12:30:00,2.7521747919999995,6.2535796
2024-10-11 12:45:00,4.348297507,6.3173275
2024-10-11 13:00:00,7.60972346,6.2940736
2024-10-11 13:15:00,2.898295163,6.2841816
2024-10-11 13:30:00,6.515379064,6.2979255
2024-10-11 13:45:00,10.91744602,6.2706604
2024-10-11 14:00:00,10.45468705,6.2727995
2024-10-11 14:15:00,4.737327324,6.3345766
2024-10-11 14:30:00,6.412462229,6.40558
2024-10-11 14:45:00,3.164194353,6.407931
2024-10-11 15:00:00,11.34949024,6.4116197
2024-10-11 15:15:00,6.392061985999999,6.371419
2024-10-11 15:30:00,3.3659137110000006,6.4357514
2024-10-11 15:45:00,10.11821052,6.441848
2024-10-11 16:00:00,5.574931976,6.404927
2024-10-11 16:15:00,7.741455681,6.447818
2024-10-11 16:30:00,10.08228491,6.4388437
2024-10-11 16:45:00,4.324154605,6.447296
2024-10-11 17:00:00,7.019000322,6.4971066
2024-10-11 17:15:00,1.775625972,6.4760327
2024-10-11 17:30:00,3.602219637,6.4712214
2024-10-11 17:45:00,2.547666674,6.402778
2024-10-11 18:00:00,7.746381465,6.334389
2024-10-11 18:15:00,3.725066171,6.280922
2024-10-11 18:30:00,9.412194243,6.2688317
2024-10-11 18:45:00,9.028568226,6.243796
2024-10-11 19:00:00,9.298706822,6.2803426
2024-10-11 19:15:00,2.56224788,6.3195634
2024-10-11 19:30:00,6.420364253000001,6.3696203
2024-10-11 19:45:00,8.373657544,6.3393607
2024-10-11 20:00:00,4.431374608,6.342605
2024-10-11 20:15:00,3.994493283,6.369334
2024-10-11 20:30:00,8.522527946,6.349835
2024-10-11 20:45:00,4.893885917,6.325923
2024-10-11 21:00:00,3.523667134,6.3518486
2024-10-11 21:15:00,6.797888535,6.3267355
2024-10-11 21:30:00,7.522670692999999,6.296691
2024-10-11 21:45:00,8.784195084,6.3039083
2024-10-11 22:00:00,1.5941797730000002,6.318347
2024-10-11 22:15:00,2.9760692319999995,6.3431883
2024-10-11 22:30:00,8.996485251,6.283267
2024-10-11 22:45:00,6.652550251,6.248483
2024-10-11 23:00:00,9.659303135,6.281013
2024-10-11 23:15:00,5.527432593,6.291835
2024-10-11 23:30:00,5.74116409,6.3477483
2024-10-11 23:45:00,5.020982135,6.353466
2024-10-12 00:00:00,8.308154002,6.3555064
2024-10-12 00:15:00,7.249393051,6.343955
2024-10-12 00:30:00,5.315578542,6.3733497
2024-10-12 00:45:00,3.123192005,6.388531
2024-10-12 01:00:00,1.192586035,6.3719506
2024-10-12 01:15:00,2.032162209,6.308424
2024-10-12 01:30:00,2.273277447,6.224053
2024-10-12 01:45:00,6.996111887,6.1403537
2024-10-12 02:00:00,9.293999843,6.094921
2024-10-12 02:15:00,5.90099817,6.1094112
2024-10-12 02:30:00,5.358500626,6.15241
2024-10-12 02:45:00,2.564016717,6.163159
2024-10-12 03:00:00,10.60376237,6.155058
2024-10-12 03:15:00,8.602869138,6.142689
2024-10-12 03:30:00,5.423624696,6.210681
2024-10-12 03:45:00,2.138581291,6.2637115
2024-10-12 04:00:00,10.17133103,6.2635355
2024-10-12 04:15:00,2.9185337649999994,6.24088
2024-10-12 04:30:00,8.247773904,6.292662
2024-10-12 04:45:00,4.614921926,6.270139
2024-10-12 05:00:00,10.11951379,6.2997403
2024-10-12 05:15:00,7.429592347999999,6.288636
2024-10-12 05:30:00,3.476000228,6.3477473
2024-10-12 05:45:00,1.284281852,6.374169
2024-10-12 06:00:00,3.2486857610000004,6.3326187
2024-10-12 06:15:00,4.849160619,6.262461
2024-10-12 06:30:00,8.420117407,6.2161584
2024-10-12 06:45:00,3.3086536250000003,6.2021203
2024-10-12 07:00:00,3.967404966,6.2155104
2024-10-12 07:15:00,5.550297947,6.18348
2024-10-12 07:30:00,1.621499771,6.1633277
2024-10-12 07:45:00,9.139928387,6.1329513
2024-10-12 08:00:00,1.966428364,6.104493
2024-10-12 08:15:00,9.061747098,6.116146
2024-10-12 08:30:00,3.730599494,6.099661
2024-10-12 08:45:00,5.885071084,6.1359224
2024-10-12 09:00:00,5.270823665,6.1327662
2024-10-12 09:15:00,3.6104518510000005,6.140744
2024-10-12 09:30:00,3.6980197619999995,6.135507
2024-10-12 09:45:00,10.97677793,6.113139
2024-10-12 10:00:00,4.24364403,6.1145897
2024-10-12 10:15:00,3.1043562769999995,6.1776705
2024-10-12 10:30:00,3.7251964310000005,6.1704125
2024-10-12 10:45:00,8.286422187,6.141967
2024-10-12 11:00:00,4.316621107,6.1372776
2024-10-12 11:15:00,2.9198540219999995,6.1636
2024-10-12 11:30:00,5.390430531,6.144031
2024-10-12 11:45:00,2.32281307,6.1235867
2024-10-12 12:00:00,5.389650855,6.1060495
2024-10-12 12:15:00,9.937307747,6.077491
2024-10-12 12:30:00,4.967872757,6.0913415
2024-10-12 12:45:00,6.531737193999999,6.144962
2024-10-12 13:00:00,9.382171072,6.1605806
2024-10-12 13:15:00,6.364281524,6.1913943
2024-10-12 13:30:00,1.667399235,6.2546372
2024-10-12 13:45:00,3.413340684,6.2697043
2024-10-12 14:00:00,10.44588849,6.222767
2024-10-12 14:15:00,9.363984628,6.2088037
2024-10-12 14:30:00,8.943138353,6.2645884
2024-10-12 14:45:00,6.786409031,6.321697
2024-10-12 15:00:00,4.677544912,6.378775
2024-10-12 15:15:00,8.329759216,6.405859
2024-10-12 15:30:00,8.1711252,6.398155
2024-10-12 15:45:00,7.951233002000001,6.428956
2024-10-12 16:00:00,6.310349849,6.4537015
2024-10-12 16:15:00,3.923387034,6.483375
2024-10-12 16:30:00,5.891088706999999,6.487704
2024-10-12 16:45:00,6.406077195,6.455738
2024-10-12 17:00:00,3.436560473,6.4387417
2024-10-12 17:15:00,3.3573777760000003,6.4242597
2024-10-12 17:30:00,9.089968718,6.3719754
2024-10-12 17:45:00,4.468488187,6.328456
2024-10-12 18:00:00,10.98182871,6.3465123
2024-10-12 18:15:00,5.917921119,6.3196654
2024-10-12 18:30:00,7.547404242,6.375007
2024-10-12 18:45:00,6.499450538999999,6.37878
2024-10-12 19:00:00,6.249879159,6.4000154
2024-10-12 19:15:00,10.13558867,6.4059143
2024-10-12 19:30:00,2.088923419,6.401296
2024-10-12 19:45:00,4.754504305,6.452973
2024-10-12 20:00:00,4.053217746,6.4050417
2024-10-12 20:15:00,4.590157968,6.3712096
2024-10-12 20:30:00,10.75915249,6.3291626
2024-10-12 20:45:00,1.873557948,6.300156
2024-10-12 21:00:00,3.921005566,6.3354783
2024-10-12 21:15:00,9.112478784,6.2820506
2024-10-12 21:30:00,3.6043343830000003,6.2563066
2024-10-12 21:45:00,10.34831102,6.278211
2024-10-12 22:00:00,4.629402452,6.2556157
2024-10-12 22:15:00,2.3109507,6.308889
2024-10-12 22:30:00,6.587386691,6.2892847
2024-10-12 22:45:00,6.159513714,6.2533097
2024-10-12 23:00:00,1.5896971589999997,6.257857
2024-10-12 23:15:00,9.059194496,6.240322
2024-10-12 23:30:00,2.498184149,6.2048674
2024-10-12 23:45:00,3.338035935,6.219875
2024-10-13 00:00:00,6.955717892,6.1752353
2024-10-13 00:15:00,10.56687887,6.1496644
2024-10-13 00:30:00,1.425903323,6.169344
2024-10-13 00:45:00,9.745877673,6.2146096
2024-10-13 01:00:00,9.372379172,6.1886773
2024-10-13 01:15:00,2.8339750159999997,6.2450895
2024-10-13 01:30:00,5.060197994,6.2966084
2024-10-13 01:45:00,10.6019233,6.279294
2024-10-13 02:00:00,2.735794289,6.2764525
2024-10-13 02:15:00,2.28144408,6.335857
2024-10-13 02:30:00,8.915275281,6.2945104
2024-10-13 02:45:00,5.862792494,6.2561936
2024-10-13 03:00:00,4.065356444,6.2906504
2024-10-13 03:15:00,2.888262788,6.288263
2024-10-13 03:30:00,8.641494897,6.2521143
2024-10-13 03:45:00,5.659703102,6.2253337
2024-10-13 04:00:00,3.717120826,6.249466
2024-10-13 04:15:00,10.70555528,6.2435713
2024-10-13 04:30:00,6.695184589,6.229403
2024-10-13 04:45:00,4.66410553,6.291807
2024-10-13 05:00:00,8.784292734,6.311288
2024-10-13 05:15:00,6.155484623000001,6.3095226
2024-10-13 05:30:00,1.258272892,6.348664
2024-10-13 05:45:00,9.787398567,6.3448787
2024-10-13 06:00:00,1.869602975,6.298558
2024-10-13 06:15:00,11.33267012,6.324765
2024-10-13 06:30:00,5.056403886,6.277495
2024-10-13 06:45:00,6.853682704,6.34461
2024-10-13 07:00:00,11.41649608,6.3387833
2024-10-13 07:15:00,3.897573153,6.340914
2024-10-13 07:30:00,6.343016512999999,6.4209175
2024-10-13 07:45:00,8.752938537,6.4050593
2024-10-13 08:00:00,5.976140213,6.4040365
2024-10-13 08:15:00,4.607305051,6.441397
2024-10-13 08:30:00,2.39840035,6.4422073
2024-10-13 08:45:00,6.215935197,6.406863
2024-10-13 09:00:00,6.934627774,6.354566
2024-10-13 09:15:00,3.4846273269999997,6.3438153
2024-10-13 09:30:00,4.749588498,6.336571
2024-10-13 09:45:00,4.10650772,6.2933507
2024-10-13 10:00:00,5.580478205000001,6.260959
2024-10-13 10:15:00,8.958340039,6.231332
2024-10-13 10:30:00,4.377093888,6.2227745
2024-10-13 10:45:00,3.8974355859999994,6.2515607
2024-10-13 11:00:00,9.693068793,6.232813
2024-10-13 11:15:00,9.8488669,6.217217
2024-10-13 11:30:00,9.352354529,6.26521
2024-10-13 11:45:00,9.085927331,6.327334
2024-10-13 12:00:00,10.26277773,6.3816085
2024-10-13 12:15:00,8.644302869,6.430518
2024-10-13 12:30:00,2.85749778,6.4957466
2024-10-13 12:45:00,1.465583895,6.553657
2024-10-13 13:00:00,2.912262271,6.509618
2024-10-13 13:15:00,4.959946064,6.430801
2024-10-13 13:30:00,1.7075630329999998,6.371804
2024-10-13 13:45:00,9.136780212,6.3118067
2024-10-13 14:00:00,7.823943761,6.2535067
2024-10-13 14:15:00,8.959266606,6.2739987
2024-10-13 14:30:00,2.149611715,6.29349
2024-10-13 14:45:00,4.650933945,6.3230877
2024-10-13 15:00:00,5.863293929,6.2795463
2024-10-13 15:15:00,7.240948239,6.260354
2024-10-13 15:30:00,9.606256853,6.260452
2024-10-13 15:45:00,11.23947861,6.2774086
2024-10-13 16:00:00,2.036998445,6.31969
2024-10-13 16:15:00,7.850794121000001,6.3996263
2024-10-13 16:30:00,2.501869463,6.3645897
2024-10-13 16:45:00,4.353001525,6.383757
2024-10-13 17:00:00,8.967577982,6.3399515
2024-10-13 17:15:00,11.59442139,6.3142786
2024-10-13 17:30:00,6.782926023,6.332653
2024-10-13 17:45:00,4.764600126,6.4082217
2024-10-13 18:00:00,3.450478064,6.427831
2024-10-13 18:15:00,9.329162375,6.4100575
2024-10-13 18:30:00,10.69802794,6.3738384
2024-10-13 18:45:00,9.752107955,6.4012637
2024-10-13 19:00:00,6.45524525,6.456836
2024-10-13 19:15:00,7.025983295,6.5167875
2024-10-13 19:30:00,10.17394307,6.5263796
2024-10-13 19:45:00,10.2923812,6.5250397
2024-10-13 20:00:00,10.78491848,6.5570936
2024-10-13 20:15:00,8.12131425,6.5899425
2024-10-13 20:30:00,3.1798717450000002,6.6504116
2024-10-13 20:45:00,4.573009705,6.6903114
2024-10-13 21:00:00,3.9610171339999996,6.642381
2024-10-13 21:15:00,3.13509068,6.5970135
2024-10-13 21:30:00,3.6331678889999997,6.5323305
2024-10-13 21:45:00,9.865978655,6.4532924
2024-10-13 22:00:00,8.945856804,6.390852
2024-10-13 22:15:00,1.606900339,6.4095583
2024-10-13 22:30:00,2.618941805,6.4178843
2024-10-13 22:45:00,11.15760197,6.344779
2024-10-13 23:00:00,3.535870581,6.294867
2024-10-13 23:15:00,7.508111422,6.333079
2024-10-13 23:30:00,3.196826336,6.3021846
2024-10-13 23:45:00,3.5375671339999997,6.3063507
2024-10-14 00:00:00,6.267920972999999,6.2639575
2024-10-14 00:15:00,6.333389443,6.2344813
2024-10-14 00:30:00,7.684431922999999,6.231087
2024-10-14 00:45:00,2.84563668,6.23602
2024-10-14 01:00:00,3.918014544,6.246267
2024-10-14 01:15:00,7.742509124,6.2098064
2024-10-14 01:30:00,2.225166201,6.1944785
2024-10-14 01:45:00,10.66922331,6.1952763
2024-10-14 02:00:00,3.0090821469999995,6.168715
2024-10-14 02:15:00,5.758488174,6.2164755
2024-10-14 02:30:00,2.261313604,6.1972985
2024-10-14 02:45:00,8.188833404,6.1873407
2024-10-14 03:00:00,4.358781729,6.164447
2024-10-14 03:15:00,1.9493052339999999,6.189393
2024-10-14 03:30:00,7.317254733,6.160825
2024-10-14 03:45:00,11.490799159999998,6.1341195
2024-10-14 04:00:00,9.541538602,6.1554832
2024-10-14 04:15:00,8.416325845,6.2343464
2024-10-14 04:30:00,1.257086416,6.307261
2024-10-14 04:45:00,10.37759994,6.357893
2024-10-14 05:00:00,10.57047849,6.3134456
2024-10-14 05:15:00,1.5511312940000002,6.3685584
2024-10-14 05:30:00,2.394006647,6.4383593
2024-10-14 05:45:00,5.872918854,6.3868413
2024-10-14 06:00:00,5.204204513,6.3420334
2024-10-14 06:15:00,4.188163149,6.326148
2024-10-14 06:30:00,3.158243404,6.30045
2024-10-14 06:45:00,7.169962441,6.2564297
2024-10-14 07:00:00,9.425045129,6.2236633
2024-10-14 07:15:00,11.0990601,6.235161
2024-10-14 07:30:00,4.128172408,6.2716894
2024-10-14 07:45:00,8.586795905,6.3509083
2024-10-14 08:00:00,9.34574279,6.339894
2024-10-14 08:15:00,6.259040842000001,6.3786826
2024-10-14 08:30:00,10.75820548,6.4339175
2024-10-14 08:45:00,1.3876315980000002,6.4348164
2024-10-14 09:00:00,10.52318652,6.502354
2024-10-14 09:15:00,9.979661598,6.440713
2024-10-14 09:30:00,2.5250916940000003,6.4845395
2024-10-14 09:45:00,5.744272448,6.538384
2024-10-14 10:00:00,6.649893193,6.488509
2024-10-14 10:15:00,5.246879556,6.469529
2024-10-14 10:30:00,10.40976633,6.460159
2024-10-14 10:45:00,8.232538515,6.4328218
2024-10-14 11:00:00,2.5052617920000007,6.4707494
2024-10-14 11:15:00,10.99938194,6.489058
2024-10-14 11:30:00,1.650956,6.433307
2024-10-14 11:45:00,7.379847308000001,6.481947
2024-10-14 12:00:00,6.781219876000001,6.422752
2024-10-14 12:15:00,1.866164169,6.4246826
2024-10-14 12:30:00,8.186162637,6.4098587
2024-10-14 12:45:00,11.36898431,6.355082
2024-10-14 13:00:00,6.022331477,6.357394
2024-10-14 13:15:00,6.301031823,6.419831
2024-10-14 13:30:00,5.064000945,6.420866
2024-10-14 13:45:00,10.58330905,6.4248867
2024-10-14 14:00:00,10.84891333,6.400288
2024-10-14 14:15:00,5.349854079,6.4389024
2024-10-14 14:30:00,10.10925424,6.512126
2024-10-14 14:45:00,3.311849352,6.4925656
2024-10-14 15:00:00,5.707300858,6.5542316
2024-10-14 15:15:00,3.595637191,6.5135508
2024-10-14 15:30:00,3.522173154,6.490349
2024-10-14 15:45:00,10.33240414,6.438911
2024-10-14 16:00:00,8.495153174,6.3877883
2024-10-14 16:15:00,1.820635249,6.419253
2024-10-14 16:30:00,9.323554818,6.43354
2024-10-14 16:45:00,7.049819856999999,6.3753476
2024-10-14 17:00:00,9.281864136,6.403377
2024-10-14 17:15:00,7.55948497,6.4098587
2024-10-14 17:30:00,5.017249675,6.44549
2024-10-14 17:45:00,6.183840357000001,6.470208
2024-10-14 18:00:00,2.662185192,6.4546547
2024-10-14 18:15:00,4.297256373,6.4409933
2024-10-14 18:30:00,1.376778657,6.387693
2024-10-14 18:45:00,5.200918932,6.3244796
2024-10-14 19:00:00,2.10275076,6.2503695
2024-10-14 19:15:00,7.999227896,6.196904
2024-10-14 19:30:00,10.81777721,6.1541643
2024-10-14 19:45:00,8.980284208,6.1745086
2024-10-14 20:00:00,3.336456622,6.235588
2024-10-14 20:15:00,6.453134168,6.2819376
2024-10-14 20:30:00,8.505316046,6.270973
2024-10-14 20:45:00,9.614710415,6.2849956
2024-10-14 21:00:00,3.980526871,6.324953
2024-10-14 21:15:00,5.776904119,6.3849764
2024-10-14 21:30:00,2.28623589,6.374475
2024-10-14 21:45:00,8.794857363,6.3647614
2024-10-14 22:00:00,5.633945723,6.3199162
2024-10-14 22:15:00,1.618448073,6.3447685
2024-10-14 22:30:00,6.524082470999999,6.3242254
2024-10-14 22:45:00,9.197620718,6.2714987
2024-10-14 23:00:00,1.5803670950000002,6.271808
2024-10-14 23:15:00,5.390131386,6.2876863
2024-10-14 23:30:00,5.9261227409999995,6.2396126
2024-10-14 23:45:00,11.30367923,6.230337
2024-10-15 00:00:00,3.4351756889999994,6.230503
2024-10-15 00:15:00,9.37622774,6.298111
2024-10-15 00:30:00,2.622111419,6.2835617
2024-10-15 00:45:00,10.59244658,6.3274684
2024-10-15 01:00:00,4.3813299,6.296476
2024-10-15 01:15:00,2.616862528,6.358563
2024-10-15 01:30:00,4.979256999,6.335136
2024-10-15 01:45:00,1.270668129,6.290907
2024-10-15 02:00:00,2.25610006,6.244907
2024-10-15 02:15:00,6.069243157000001,6.1664925
2024-10-15 02:30:00,11.345115620000001,6.1200385
2024-10-15 02:45:00,5.4566245,6.124099
2024-10-15 03:00:00,7.905142077,6.1875224
2024-10-15 03:15:00,8.487915855,6.2052236
2024-10-15 03:30:00,1.502635036,6.246728
2024-10-15 03:45:00,4.504227431,6.2844253
2024-10-15 04:00:00,11.27005177,6.2424974
2024-10-15 04:15:00,1.263185467,6.2329974
2024-10-15 04:30:00,5.869954526,6.2907867
2024-10-15 04:45:00,9.315763897,6.2497406
2024-10-15 05:00:00,4.018325852,6.2523823
2024-10-15 05:15:00,11.56144062,6.2964797
2024-10-15 05:30:00,6.1653755310000005,6.279122
2024-10-15 05:45:00,10.7833544,6.358644
2024-10-15 06:00:00,6.690397894000001,6.361053
2024-10-15 06:15:00,5.192768915,6.4392505
2024-10-15 06:30:00,8.409159803,6.4601226
2024-10-15 06:45:00,10.97540079,6.4537344
2024-10-15 07:00:00,5.249124414,6.4640155
2024-10-15 07:15:00,10.2538585,6.5377574
2024-10-15 07:30:00,8.30500654,6.5168333
2024-10-15 07:45:00,5.161194904,6.564872
2024-10-15 08:00:00,1.7218930080000001,6.598925
2024-10-15 08:15:00,4.276116772,6.57695
2024-10-15 08:30:00,9.796551796,6.501656
2024-10-15 08:45:00,2.131989158,6.447375
2024-10-15 09:00:00,7.057633228,6.459829
2024-10-15 09:15:00,6.418237193,6.3976593
2024-10-15 09:30:00,7.641143581999999,6.38785
2024-10-15 09:45:00,11.166574240000001,6.381399
2024-10-15 10:00:00,8.920944047,6.3820486
2024-10-15 10:15:00,6.237086474,6.4371467
2024-10-15 10:30:00,9.846233801,6.4847608
2024-10-15 10:45:00,8.25575873,6.480066
2024-10-15 11:00:00,10.5462361,6.524514
2024-10-15 11:15:00,8.812738068,6.53791
2024-10-15 11:30:00,9.141986991,6.5886927
2024-10-15 11:45:00,2.01233726,6.615682
2024-10-15 12:00:00,1.178846346,6.662969
2024-10-15 12:15:00,10.89052439,6.592036
2024-10-15 12:30:00,3.699456316,6.500904
2024-10-15 12:45:00,2.857704275,6.529946
2024-10-15 13:00:00,2.7800215270000006,6.469057
2024-10-15 13:15:00,8.629518229,6.3942504
2024-10-15 13:30:00,1.5896896730000003,6.3336334
2024-10-15 13:45:00,7.972700726999999,6.315954
2024-10-15 14:00:00,6.99791788,6.2612257
2024-10-15 14:15:00,2.6082108920000002,6.273474
2024-10-15 14:30:00,2.5979545400000004,6.266179
2024-10-15 14:45:00,2.6202302170000005,6.206452
2024-10-15 15:00:00,3.916286997,6.1461554
2024-10-15 15:15:00,7.670518276999999,6.0917435
2024-10-15 15:30:00,3.287692294,6.076003
2024-10-15 15:45:00,8.249066764,6.079079
2024-10-15 16:00:00,10.9211832,6.070415
2024-10-15 16:15:00,10.24406919,6.1137457
2024-10-15 16:30:00,9.11387798,6.1959624
2024-10-15 16:45:00,11.375292380000001,6.277767
2024-10-15 17:00:00,7.419025516,6.3340154
2024-10-15 17:15:00,9.549076829,6.4370246
2024-10-15 17:30:00,9.504260469,6.47101
2024-10-15 17:45:00,11.21049125,6.5246515
2024-10-15 18:00:00,7.725535744000001,6.562685
2024-10-15 18:15:00,3.992969411,6.6479077
2024-10-15 18:30:00,3.162789399,6.683116
2024-10-15 18:45:00,4.286536701,6.6523294
2024-10-15 19:00:00,8.708500254,6.594306
2024-10-15 19:15:00,7.856452935,6.539921
2024-10-15 19:30:00,3.336733223,6.538212
2024-10-15 19:45:00,10.16977114,6.537749
2024-10-15 20:00:00,11.550417419999999,6.475327
2024-10-15 20:15:00,9.131836545,6.4863663
2024-10-15 20:30:00,1.806128995,6.542749
2024-10-15 20:45:00,7.503325421,6.586745
2024-10-15 21:00:00,10.90358039,6.5252576
2024-10-15 21:15:00,4.464818491,6.51111
2024-10-15 21:30:00,7.117334813,6.564225
2024-10-15 21:45:00,3.508344332,6.5338902
2024-10-15 22:00:00,10.2326433,6.528622
2024-10-15 22:15:00,10.52126132,6.4704466
2024-10-15 22:30:00,5.013229964,6.490654
2024-10-15 22:45:00,4.83249628,6.543936
2024-10-15 23:00:00,1.108088157,6.522937
2024-10-15 23:15:00,4.45224601,6.4803185
2024-10-15 23:30:00,9.206568345,6.397307
2024-10-15 23:45:00,1.440992642,6.3553157
2024-10-16 00:00:00,3.1380052650000003,6.3507886
2024-10-16 00:15:00,8.502354398,6.2740984
2024-10-16 00:30:00,7.845092093,6.2368007
2024-10-16 00:45:00,11.637095069999999,6.2577877
2024-10-16 01:00:00,5.126237424,6.274562
2024-10-16 01:15:00,2.507460106,6.3534155
2024-10-16 01:30:00,8.34068195,6.3476157
2024-10-16 01:45:00,1.9552251200000001,6.317058
2024-10-16 02:00:00,2.351806536,6.327761
2024-10-16 02:15:00,7.010354457999999,6.2618093
2024-10-16 02:30:00,5.858423645999999,6.218991
2024-10-16 02:45:00,3.926539479,6.225627
2024-10-16 03:00:00,6.010439470999999,6.213603
2024-10-16 03:15:00,10.13048475,6.190303
2024-10-16 03:30:00,8.73730857,6.199593
2024-10-16 03:45:00,6.104544709000001,6.257628
2024-10-16 04:00:00,4.247122383,6.3115244
2024-10-16 04:15:00,7.310547466999999,6.324617
2024-10-16 04:30:00,1.201942074,6.31342
2024-10-16 04:45:00,8.616101569,6.317355
2024-10-16 05:00:00,9.578566123,6.273055
2024-10-16 05:15:00,2.4961832250000002,6.304445
2024-10-16 05:30:00,5.228729397,6.345886
2024-10-16 05:45:00,2.665423472,6.3079524
2024-10-16 06:00:00,11.066664929999998,6.28621
2024-10-16 06:15:00,9.811609215,6.252107
2024-10-16 06:30:00,1.380458209,6.305998
2024-10-16 06:45:00,11.23393244,6.351074
2024-10-16 07:00:00,2.647110285,6.3010826
2024-10-16 07:15:00,1.9794413510000002,6.365296
2024-10-16 07:30:00,1.4927936489999998,6.320033
2024-10-16 07:45:00,9.236680934,6.244416
2024-10-16 08:00:00,10.43967382,6.2018213
2024-10-16 08:15:00,2.116018026,6.234559
2024-10-16 08:30:00,11.39363592,6.279087
2024-10-16 08:45:00,4.461013658,6.246878
2024-10-16 09:00:00,7.950587232,6.3200727
2024-10-16 09:15:00,11.12632882,6.315993
2024-10-16 09:30:00,1.25742822,6.33586
2024-10-16 09:45:00,6.884451241,6.406481
2024-10-16 10:00:00,8.092572021,6.3627086
2024-10-16 10:15:00,5.142079349,6.3740253
2024-10-16 10:30:00,2.314977501,6.3984857
2024-10-16 10:45:00,7.510253643,6.3800936
2024-10-16 11:00:00,1.6405478730000003,6.332894
2024-10-16 11:15:00,11.093967749999997,6.3182697
2024-10-16 11:30:00,6.288897318,6.2707405
2024-10-16 11:45:00,10.67777555,6.325027
2024-10-16 12:00:00,9.922475588,6.3291497
2024-10-16 12:15:00,1.206425969,6.383492
2024-10-16 12:30:00,5.905964662,6.4412823
2024-10-16 12:45:00,10.60033637,6.395744
2024-10-16 13:00:00,5.111815529,6.3803835
2024-10-16 13:15:00,4.529946316,6.4397955
2024-10-16 13:30:00,8.188801732,6.4310317
2024-10-16 13:45:00,8.168014783,6.410068
2024-10-16 14:00:00,7.931005538,6.424911
2024-10-16 14:15:00,4.933768995,6.44341
2024-10-16 14:30:00,1.779517661,6.469111
2024-10-16 14:45:00,10.4401864,6.4370174
2024-10-16 15:00:00,4.496920059,6.377089
2024-10-16 15:15:00,9.058161329,6.4146314
2024-10-16 15:30:00,4.821037782,6.386101
2024-10-16 15:45:00,6.385594135,6.4198275
2024-10-16 16:00:00,5.077478752,6.40115
2024-10-16 16:15:00,1.974784355,6.3956723
2024-10-16 16:30:00,4.435933274,6.361875
2024-10-16 16:45:00,11.18216873,6.302085
2024-10-16 17:00:00,2.351806189,6.2722135
2024-10-16 17:15:00,6.817013851,6.3157988
2024-10-16 17:30:00,11.29612818,6.275352
2024-10-16 17:45:00,1.409136114,6.2794514
2024-10-16 18:00:00,1.879860684,6.333879
2024-10-16 18:15:00,10.46825303,6.269415
2024-10-16 18:30:00,8.961325459,6.233999
2024-10-16 18:45:00,6.685158862,6.2846937
2024-10-16 19:00:00,6.515042095999999,6.328208
2024-10-16 19:15:00,11.43855899,6.350426
2024-10-16 19:30:00,1.354804253,6.354762
2024-10-16 19:45:00,3.9222551159999997,6.4290957
2024-10-16 20:00:00,4.368781225,6.3767524
2024-10-16 20:15:00,2.362212235,6.342088
2024-10-16 20:30:00,4.995119948,6.2976875
2024-10-16 20:45:00,5.163877671,6.2460303
2024-10-16 21:00:00,11.50568852,6.215329
2024-10-16 21:15:00,5.860583401999999,6.205863
2024-10-16 21:30:00,10.93462293,6.270204
2024-10-16 21:45:00,9.237034439,6.2777987
2024-10-16 22:00:00,8.740495493,6.349094
2024-10-16 22:15:00,4.785230006,6.405981
2024-10-16 22:30:00,5.516475450000001,6.4656596
2024-10-16 22:45:00,1.664247941,6.462406
2024-10-16 23:00:00,5.061590064,6.4424987
2024-10-16 23:15:00,9.567256484,6.3841496
2024-10-16 23:30:00,9.365889727,6.357727
2024-10-16 23:45:00,9.778527376,6.382915
2024-10-17 00:00:00,3.439898356,6.4193964
2024-10-17 00:15:00,3.412977371,6.475758
2024-10-17 00:30:00,7.724967079000001,6.438413
2024-10-17 00:45:00,7.652942517,6.398126
2024-10-17 01:00:00,3.1855841979999995,6.4064283
2024-10-17 01:15:00,8.687526674,6.413077
2024-10-17 01:30:00,5.191888683,6.370356
2024-10-17 01:45:00,10.47186479,6.395691
2024-10-17 02:00:00,4.79461956,6.3766212
2024-10-17 02:15:00,3.546447659,6.430396
2024-10-17 02:30:00,3.218705169,6.413058
2024-10-17 02:45:00,10.02073313,6.36843
2024-10-17 03:00:00,10.04177038,6.327193
2024-10-17 03:15:00,5.517187335,6.3570886
2024-10-17 03:30:00,3.589636108,6.410413
2024-10-17 03:45:00,4.139419586,6.402372
2024-10-17 04:00:00,5.00593111,6.3654227
2024-10-17 04:15:00,1.623582451,6.3311305
2024-10-17 04:30:00,1.8689380779999998,6.287701
2024-10-17 04:45:00,11.00247114,6.2038193
2024-10-17 05:00:00,8.857580102,6.1663427
2024-10-17 05:15:00,9.261421353,6.2184706
2024-10-17 05:30:00,6.140974222,6.2591786
2024-10-17 05:45:00,4.89686953,6.3143682
2024-10-17 06:00:00,2.234518677,6.330166
2024-10-17 06:15:00,6.995217535,6.317509
2024-10-17 06:30:00,8.854944634,6.282718
2024-10-17 06:45:00,3.165740752,6.292586
2024-10-17 07:00:00,5.040707874,6.3210926
2024-10-17 07:15:00,10.87944202,6.293178
2024-10-17 07:30:00,9.865815432,6.2793655
2024-10-17 07:45:00,9.396317948,6.337661
2024-10-17 08:00:00,1.561347815,6.390065
2024-10-17 08:15:00,2.877509683,6.448347
2024-10-17 08:30:00,4.154279026,6.397357
2024-10-17 08:45:00,4.370828574,6.3508897
2024-10-17 09:00:00,2.43902168,6.3080983
2024-10-17 09:15:00,4.133341988,6.254911
2024-10-17 09:30:00,5.737317686,6.195997
2024-10-17 09:45:00,1.724534414,6.1653767
2024-10-17 10:00:00,5.126113204,6.126712
2024-10-17 10:15:00,6.293257231,6.078912
2024-10-17 10:30:00,1.5830094149999998,6.0737343
2024-10-17 10:45:00,7.861582588999999,6.0526934
2024-10-17 11:00:00,2.010221053,6.0277205
2024-10-17 11:15:00,7.875871664,6.028644
2024-10-17 11:30:00,11.487044060000002,6.0163646
2024-10-17 11:45:00,1.742004493,6.0635514
2024-10-17 12:00:00,4.002668332,6.1405215
2024-10-17 12:15:00,2.533919856,6.122105
2024-10-17 12:30:00,4.985301852,6.1007204
2024-10-17 12:45:00,9.685510683,6.07408
2024-10-17 13:00:00,10.66768784,6.0900927
2024-10-17 13:15:00,9.888269697,6.152735
2024-10-17 13:30:00,8.311356873,6.231235
2024-10-17 13:45:00,8.741838599,6.310303
2024-10-17 14:00:00,2.371893401,6.365606
2024-10-17 14:15:00,3.625451073,6.431951
2024-10-17 14:30:00,4.954741699,6.401456
2024-10-17 14:45:00,1.6516074750000003,6.3723683
2024-10-17 15:00:00,9.818516047,6.3338675
2024-10-17 15:15:00,3.796889967,6.2848725
2024-10-17 15:30:00,1.7152732379999998,6.311269
2024-10-17 15:45:00,1.864386591,6.260627
2024-10-17 16:00:00,11.219122180000001,6.183922
2024-10-17 16:15:00,10.42807037,6.1475
2024-10-17 16:30:00,10.77921333,6.203079
2024-10-17 16:45:00,10.84503029,6.266767
2024-10-17 17:00:00,9.312592766,6.3359466
2024-10-17 17:15:00,4.114679627,6.421082
2024-10-17 17:30:00,4.455368035,6.496228
2024-10-17 17:45:00,5.163917959,6.4852023
2024-10-17 18:00:00,9.301286922,6.469863
2024-10-17 18:15:00,10.74891886,6.448389
2024-10-17 18:30:00,5.646161748,6.469276
2024-10-17 18:45:00,4.255318044,6.5323467
2024-10-17 19:00:00,3.7412212,6.5242376
2024-10-17 19:15:00,3.859926327,6.4865217
2024-10-17 19:30:00,1.236762498,6.4341393
2024-10-17 19:45:00,3.481319063,6.3623486
2024-10-17 20:00:00,4.46610841,6.272792
2024-10-17 20:15:00,9.387069617,6.2156563
2024-10-17 20:30:00,6.90400511,6.192359
2024-10-17 20:45:00,4.461009033,6.2228575
2024-10-17 21:00:00,7.480757492,6.233698
2024-10-17 21:15:00,9.207634735,6.2234426
2024-10-17 21:30:00,7.432463181,6.2499375
2024-10-17 21:45:00,1.8084155409999998,6.303814
2024-10-17 22:00:00,3.5460400100000005,6.3269243
2024-10-17 22:15:00,4.147866613,6.276569
2024-10-17 22:30:00,5.013683662,6.2384973
2024-10-17 22:45:00,1.425791343,6.2082987
2024-10-17 23:00:00,8.978799995,6.162624
2024-10-17 23:15:00,6.00979499,6.126471
2024-10-17 23:30:00,10.3374073,6.1611257
2024-10-17 23:45:00,6.548886313,6.1784596
2024-10-18 00:00:00,11.580679199999999,6.2479596
2024-10-18 00:15:00,8.403075708,6.264917
2024-10-18 00:30:00,10.60083048,6.3534107
2024-10-18 00:45:00,11.17101063,6.3961067
2024-10-18 01:00:00,5.904125297,6.45948
2024-10-18 01:15:00,7.700994731999999,6.560772
2024-10-18 01:30:00,10.63473054,6.5711856
2024-10-18 01:45:00,7.091703157,6.5780563
2024-10-18 02:00:00,1.743636055,6.6416907
2024-10-18 02:15:00,8.510226402,6.657238
2024-10-18 02:30:00,10.49781877,6.5794663
2024-10-18 02:45:00,9.543122729,6.5706773
2024-10-18 03:00:00,8.782959448,6.599856
2024-10-18 03:15:00,2.062415205,6.624546
2024-10-18 03:30:00,8.727103197,6.6547275
2024-10-18 03:45:00,1.4777135140000002,6.5796967
2024-10-18 04:00:00,10.76831106,6.5865607
2024-10-18 04:15:00,10.70193223,6.4994326
2024-10-18 04:30:00,11.29582789,6.518695
2024-10-18 04:45:00,4.275641753,6.543222
2024-10-18 05:00:00,6.93367739,6.61967
2024-10-18 05:15:00,7.227977993,6.586698
2024-10-18 05:30:00,6.768035178,6.5811024
2024-10-18 05:45:00,5.503138145,6.5761213
2024-10-18 06:00:00,11.49387965,6.5679636
2024-10-18 06:15:00,10.20485828,6.5201073
2024-10-18 06:30:00,7.595725532,6.5593276
2024-10-18 06:45:00,7.827191855,6.603618
2024-10-18 07:00:00,8.501304692,6.6113205
2024-10-18 07:15:00,7.358225649,6.6178403
2024-10-18 07:30:00,8.025603596,6.635506
2024-10-18 07:45:00,9.490806265,6.630888
2024-10-18 08:00:00,11.445774489999998,6.6270885
2024-10-18 08:15:00,9.933000432,6.630962
2024-10-18 08:30:00,2.419270053,6.6746464
2024-10-18 08:45:00,6.947947028,6.73321
2024-10-18 09:00:00,7.640336917,6.6649437
2024-10-18 09:15:00,3.796794244,6.644376
2024-10-18 09:30:00,6.362835759,6.641215
2024-10-18 09:45:00,10.55602614,6.5815325
2024-10-18 10:00:00,3.903711502,6.5434647
2024-10-18 10:15:00,4.359751694,6.5743036
2024-10-18 10:30:00,10.58194199,6.522874
2024-10-18 10:45:00,2.084973949,6.4675217
2024-10-18 11:00:00,9.983309077,6.4981
2024-10-18 11:15:00,4.343292428,6.4319263
2024-10-18 11:30:00,6.364394733,6.461153
2024-10-18 11:45:00,7.99767344,6.42888
2024-10-18 12:00:00,7.834909030999999,6.4189353
2024-10-18 12:15:00,11.83788541,6.428256
2024-10-18 12:30:00,1.518720005,6.4246616
2024-10-18 12:45:00,8.538418029,6.500628
2024-10-18 13:00:00,9.609725319,6.4437323
2024-10-18 13:15:00,7.142565388,6.458568
2024-10-18 13:30:00,11.37583182,6.500015
2024-10-18 13:45:00,5.462822773,6.4911714
2024-10-18 14:00:00,8.947430046,6.5657115
2024-10-18 14:15:00,8.107402804,6.546211
2024-10-18 14:30:00,1.4785160189999997,6.5721936
2024-10-18 14:45:00,6.889094111,6.5958047
2024-10-18 15:00:00,3.751700656,6.524635
2024-10-18 15:15:00,6.715066033,6.5074143
2024-10-18 15:30:00,9.91949663,6.4586864
2024-10-18 15:45:00,7.702535109,6.4381795
2024-10-18 16:00:00,7.576815339,6.466088
2024-10-18 16:15:00,8.229728526,6.478593
2024-10-18 16:30:00,6.715098825,6.4885483
2024-10-18 16:45:00,5.6717780200000005,6.507721
2024-10-18 17:00:00,5.218680085,6.5130515
2024-10-18 17:15:00,8.647048193,6.4959555
2024-10-18 17:30:00,9.010505207,6.4700813
2024-10-18 17:45:00,5.473444214,6.483166
2024-10-18 18:00:00,1.646315966,6.5131884
2024-10-18 18:15:00,7.035984036,6.488329
2024-10-18 18:30:00,6.892230126000001,6.420209
2024-10-18 18:45:00,5.974367538,6.4152746
2024-10-18 19:00:00,4.860015402,6.4085507
2024-10-18 19:15:00,9.93082163,6.391544
2024-10-18 19:30:00,6.132098933999999,6.3648677
2024-10-18 19:45:00,9.662134261,6.402112
2024-10-18 20:00:00,7.508105396,6.3978434
2024-10-18 20:15:00,9.321726904,6.4413395
2024-10-18 20:30:00,10.10442255,6.4548526
2024-10-18 20:45:00,3.799361607,6.4903946
2024-10-18 21:00:00,9.606290018,6.554976
2024-10-18 21:15:00,8.897841542,6.517799
2024-10-18 21:30:00,6.866744552999999,6.549599
2024-10-18 21:45:00,6.904211213,6.580294
2024-10-18 22:00:00,4.39714666,6.58262
2024-10-18 22:15:00,6.725302097,6.583478
2024-10-18 22:30:00,5.039890894,6.5439725
2024-10-18 22:45:00,10.42187338,6.5303764
2024-10-18 23:00:00,7.105779440000001,6.4876885
2024-10-18 23:15:00,4.181306129,6.5246654
2024-10-18 23:30:00,2.7289326570000005,6.524657
2024-10-18 23:45:00,8.431928193,6.478215
2024-10-19 00:00:00,8.14216196,6.420592
2024-10-19 00:15:00,4.835040616,6.429585
2024-10-19 00:30:00,2.817054108,6.440305
2024-10-19 00:45:00,8.516185903,6.405768
2024-10-19 01:00:00,3.977533238,6.357886
2024-10-19 01:15:00,10.21233327,6.367694
2024-10-19 01:30:00,8.66077662,6.333113
2024-10-19 01:45:00,10.20730006,6.3764105
2024-10-19 02:00:00,11.5280362,6.401357
2024-10-19 02:15:00,4.682903218,6.4413643
2024-10-19 02:30:00,6.167620961000001,6.5342965
2024-10-19 02:45:00,5.081710353,6.524968
2024-10-19 03:00:00,1.965748848,6.5278444
2024-10-19 03:15:00,5.245120889,6.496291
2024-10-19 03:30:00,5.79711971,6.4285483
2024-10-19 03:45:00,2.8949912999999996,6.3953934
2024-10-19 04:00:00,10.32208447,6.359237
2024-10-19 04:15:00,4.142364428,6.312405
2024-10-19 04:30:00,9.344124022,6.343295
2024-10-19 04:45:00,1.979457538,6.319504
2024-10-19 05:00:00,1.504219974,6.3401413
2024-10-19 05:15:00,11.459263989999998,6.2705274
2024-10-19 05:30:00,2.466560414,6.224564
2024-10-19 05:45:00,9.094724764,6.27004
2024-10-19 06:00:00,7.643376818,6.239686
2024-10-19 06:15:00,5.828852941,6.279123
2024-10-19 06:30:00,1.4855827239999997,6.30954
2024-10-19 06:45:00,4.353560503,6.301719
2024-10-19 07:00:00,10.84551266,6.2476697
2024-10-19 07:15:00,10.62774353,6.2325487
2024-10-19 07:30:00,7.44392449,6.284604
2024-10-19 07:45:00,7.327740482,6.3558855
2024-10-19 08:00:00,5.355479468,6.3894324
2024-10-19 08:15:00,9.105555741,6.417728
2024-10-19 08:30:00,10.23567808,6.4143414
2024-10-19 08:45:00,8.819762743,6.4458904
2024-10-19 09:00:00,6.487530823,6.501797
2024-10-19 09:15:00,7.516472878,6.5502143
2024-10-19 09:30:00,3.334215705,6.555468
2024-10-19 09:45:00,11.694301599999998,6.5718617
2024-10-19 10:00:00,10.66131827,6.5090394
2024-10-19 10:15:00,10.91855534,6.54871
2024-10-19 10:30:00,2.916543051,6.583878
2024-10-19 10:45:00,7.78615832,6.6609235
2024-10-19 11:00:00,7.648748168999999,6.610771
2024-10-19 11:15:00,4.659331784,6.614672
2024-10-19 11:30:00,10.09213592,6.6155887
2024-10-19 11:45:00,9.347209675,6.566267
2024-10-19 12:00:00,8.560224674,6.584961
2024-10-19 12:15:00,1.462570221,6.60535
2024-10-19 12:30:00,11.00253932,6.6285176
2024-10-19 12:45:00,8.296744882,6.5412393
2024-10-19 13:00:00,11.731724370000002,6.578407
2024-10-19 13:15:00,2.103061399,6.5631137
2024-10-19 13:30:00,8.475876492,6.637184
2024-10-19 13:45:00,8.731735315,6.569495
2024-10-19 14:00:00,1.809939709,6.573832
2024-10-19 14:15:00,1.8173126630000003,6.591574
2024-10-19 14:30:00,9.297736112,6.5069237
2024-10-19 14:45:00,9.488343741,6.4291
2024-10-19 15:00:00,10.69119427,6.4348574
2024-10-19 15:15:00,9.107305412,6.450823
2024-10-19 15:30:00,3.700530455,6.4981027
2024-10-19 15:45:00,11.24951842,6.5450196
2024-10-19 16:00:00,3.919666611,6.491358
2024-10-19 16:15:00,8.536509748,6.555371
2024-10-19 16:30:00,6.612666305,6.515094
2024-10-19 16:45:00,2.359193403,6.537918
2024-10-19 17:00:00,10.73640887,6.5288095
2024-10-19 17:15:00,7.249020834,6.459973
2024-10-19 17:30:00,1.9905093989999998,6.5014753
2024-10-19 17:45:00,5.092106946,6.49787
2024-10-19 18:00:00,8.835922972,6.433011
2024-10-19 18:15:00,7.632497357,6.400694
2024-10-19 18:30:00,3.511145676,6.4207053
2024-10-19 18:45:00,6.978220692,6.424074
2024-10-19 19:00:00,4.39860948,6.3859634
2024-10-19 19:15:00,6.692138253000001,6.3787966
2024-10-19 19:30:00,4.418791381,6.3543816
2024-10-19 19:45:00,6.4961697019999995,6.346302
2024-10-19 20:00:00,9.710874964,6.319762
2024-10-19 20:15:00,3.451347966,6.320964
2024-10-19 20:30:00,1.162795209,6.361513
2024-10-19 20:45:00,2.703722972,6.309068
2024-10-19 21:00:00,9.78783674,6.2308216
2024-10-19 21:15:00,5.315687971,6.193278
2024-10-19 21:30:00,8.956710369,6.2250013
2024-10-19 21:45:00,1.417219294,6.2290707
2024-10-19 22:00:00,2.7451972320000007,6.248737
2024-10-19 22:15:00,6.89543171,6.193736
2024-10-19 22:30:00,8.761654981,6.1634116
2024-10-19 22:45:00,9.309518392,6.180263
2024-10-19 23:00:00,7.851162244999999,6.226297
2024-10-19 23:15:00,8.866460542,6.280993
2024-10-19 23:30:00,2.887513512,6.3215404
2024-10-19 23:45:00,7.985463542,6.377422
2024-10-20 00:00:00,5.375820232,6.354802
2024-10-20 00:15:00,10.3967424,6.3818064
2024-10-20 00:30:00,7.429790447,6.3707466
2024-10-20 00:45:00,6.645378853,6.431302
2024-10-20 01:00:00,7.329327221,6.455519
2024-10-20 01:15:00,9.755638031,6.4663725
2024-10-20 01:30:00,1.245242337,6.471892
2024-10-20 01:45:00,9.946512054,6.5172305
2024-10-20 02:00:00,1.436161395,6.4487896
2024-10-20 02:15:00,7.135581663,6.4747014
2024-10-20 02:30:00,6.203351833,6.4133296
2024-10-20 02:45:00,4.894976599,6.4120317
2024-10-20 03:00:00,2.523618356,6.399411
2024-10-20 03:15:00,2.443947476,6.3567867
2024-10-20 03:30:00,8.802095189,6.285131
2024-10-20 03:45:00,2.324816433,6.236884
2024-10-20 04:00:00,8.254894828,6.2378936
2024-10-20 04:15:00,11.34784313,6.204248
2024-10-20 04:30:00,8.299803309,6.2257104
2024-10-20 04:45:00,1.947027786,6.297933
2024-10-20 05:00:00,6.529319787999999,6.334058
2024-10-20 05:15:00,9.758450032,6.301283
2024-10-20 05:30:00,10.66914238,6.3088603
2024-10-20 05:45:00,8.801185944,6.3552065
2024-10-20 06:00:00,4.427730747,6.422991
2024-10-20 06:15:00,3.699706283,6.479678
2024-10-20 06:30:00,9.239029348,6.4646096
2024-10-20 06:45:00,8.605270402,6.429571
2024-10-20 07:00:00,6.314854898000001,6.458989
2024-10-20 07:15:00,2.080109734,6.489462
2024-10-20 07:30:00,8.308242473,6.4816146
2024-10-20 07:45:00,7.495782801,6.428544
2024-10-20 08:00:00,1.238853675,6.4377484
2024-10-20 08:15:00,7.949652763,6.4344435
2024-10-20 08:30:00,2.601158135,6.370089
2024-10-20 08:45:00,9.382271425,6.363404
2024-10-20 09:00:00,8.091293888,6.317737
2024-10-20 09:15:00,1.671704715,6.348703
2024-10-20 09:30:00,6.778149535,6.359692
2024-10-20 09:45:00,8.99211995,6.308996
2024-10-20 10:00:00,10.12488866,6.314076
2024-10-20 10:15:00,2.02873034,6.3421955
2024-10-20 10:30:00,2.005813567,6.391074
2024-10-20 10:45:00,9.159213568,6.3348327
2024-10-20 11:00:00,3.596036037,6.2934027
2024-10-20 11:15:00,6.929881248999999,6.3146787
2024-10-20 11:30:00,7.389191005,6.2862263
2024-10-20 11:45:00,7.809877804,6.2933264
2024-10-20 12:00:00,4.676174666,6.3111205
2024-10-20 12:15:00,1.5073559189999999,6.3374863
2024-10-20 12:30:00,6.72190068,6.309671
2024-10-20 12:45:00,6.364996966999999,6.2594075
2024-10-20 13:00:00,5.522133488,6.2603626
2024-10-20 13:15:00,3.909546797,6.2621365
2024-10-20 13:30:00,10.00832705,6.2530847
2024-10-20 13:45:00,5.101004846,6.234411
2024-10-20 14:00:00,2.5758627060000006,6.2821503
2024-10-20 14:15:00,8.70825226,6.271457
2024-10-20 14:30:00,7.864531602,6.2420955
2024-10-20 14:45:00,4.428520405,6.2797246
2024-10-20 15:00:00,2.68005371,6.3048773
2024-10-20 15:15:00,5.586835903,6.2812514
2024-10-20 15:30:00,1.789176111,6.2489724
2024-10-20 15:45:00,3.415939151,6.217385
2024-10-20 16:00:00,11.176050450000002,6.1542096
2024-10-20 16:15:00,2.7876832200000004,6.133743
2024-10-20 16:30:00,4.092064896,6.183238
2024-10-20 16:45:00,2.497445778,6.1561575
2024-10-20 17:00:00,10.40762609,6.1196394
2024-10-20 17:15:00,11.02498394,6.105918
2024-10-20 17:30:00,1.737457759,6.165609
2024-10-20 17:45:00,10.43367423,6.235704
2024-10-20 18:00:00,2.525802517,6.214026
2024-10-20 18:15:00,5.393869574,6.277543
2024-10-20 18:30:00,6.918007605,6.25824
2024-10-20 18:45:00,5.723972239,6.261114
2024-10-20 19:00:00,2.615178976,6.278044
2024-10-20 19:15:00,9.732828196,6.2690706
2024-10-20 19:30:00,8.212541621,6.2427845
2024-10-20 19:45:00,10.88034733,6.287506
2024-10-20 20:00:00,4.897842493,6.3181057
2024-10-20 20:15:00,5.639844402999999,6.400271
2024-10-20 20:30:00,4.731227373,6.3997755
2024-10-20 20:45:00,1.7829179950000003,6.3983727
2024-10-20 21:00:00,1.6603874559999998,6.3682733
2024-10-20 21:15:00,9.075459581,6.2922387
2024-10-20 21:30:00,4.090097116,6.2413
2024-10-20 21:45:00,6.132859806,6.2568064
2024-10-20 22:00:00,11.0366279,6.2346807
2024-10-20 22:15:00,1.306664731,6.232235
2024-10-20 22:30:00,6.595208101,6.2829404
2024-10-20 22:45:00,6.638451157,6.2448497
2024-10-20 23:00:00,11.40331518,6.2576165
2024-10-20 23:15:00,9.693323253,6.263292
2024-10-20 23:30:00,1.807226513,6.3332663
2024-10-20 23:45:00,2.832606561,6.399303
2024-10-21 00:00:00,1.501970197,6.3514085
2024-10-21 00:15:00,3.21272793,6.2949066
2024-10-21 00:30:00,3.373721388,6.2231812
2024-10-21 00:45:00,2.066416675,6.1643257
2024-10-21 01:00:00,6.439382827,6.0973306
2024-10-21 01:15:00,10.99793657,6.058834
2024-10-21 01:30:00,9.701768859,6.0722494
2024-10-21 01:45:00,3.203565683,6.142579
2024-10-21 02:00:00,9.171471365,6.20157
2024-10-21 02:15:00,11.037165310000002,6.201669
2024-10-21 02:30:00,9.535708508,6.2542477
2024-10-21 02:45:00,5.900465158,6.3388367
2024-10-21 03:00:00,4.082153183,6.4191785
2024-10-21 03:15:00,9.017854129,6.443144
2024-10-21 03:30:00,9.183378052,6.4218383
2024-10-21 03:45:00,4.321672059,6.4567423
2024-10-21 04:00:00,3.45880137,6.5037932
2024-10-21 04:15:00,8.344966803,6.476272
2024-10-21 04:30:00,10.84266087,6.438345
2024-10-21 04:45:00,1.394869201,6.441586
2024-10-21 05:00:00,11.38975319,6.4919395
2024-10-21 05:15:00,3.18332773,6.4181824
2024-10-21 05:30:00,4.7680438,6.4734807
2024-10-21 05:45:00,1.630052704,6.4348187
2024-10-21 06:00:00,1.700289709,6.3910775
2024-10-21 06:15:00,3.890796353,6.303382
2024-10-21 06:30:00,6.894985172,6.2255254
2024-10-21 06:45:00,10.88470412,6.187795
2024-10-21 07:00:00,1.9185967369999999,6.1933045
2024-10-21 07:15:00,6.865238203,6.2310066
2024-10-21 07:30:00,5.553355777,6.1964235
2024-10-21 07:45:00,10.92043217,6.2070827
2024-10-21 08:00:00,3.135412234,6.214444
2024-10-21 08:15:00,5.076093778,6.2779846
2024-10-21 08:30:00,1.423440304,6.2569456
2024-10-21 08:45:00,10.78892137,6.2299433
2024-10-21 09:00:00,7.357018181,6.1947174
2024-10-21 09:15:00,6.924299506,6.2574463
2024-10-21 09:30:00,1.7020610339999998,6.2866554
2024-10-21 09:45:00,2.12703785,6.294486
2024-10-21 10:00:00,9.184137518,6.237377
2024-10-21 10:15:00,6.984122553,6.205867
2024-10-21 10:30:00,3.1884496739999997,6.2407
2024-10-21 10:45:00,6.813802640999999,6.2460237
2024-10-21 11:00:00,11.12092511,6.229345
2024-10-21 11:15:00,2.24009133,6.2384477
2024-10-21 11:30:00,11.13656887,6.304921
2024-10-21 11:45:00,9.19491974,6.2748666
2024-10-21 12:00:00,2.6138610680000003,6.34756
2024-10-21 12:15:00,9.655220698,6.4042687
2024-10-21 12:30:00,8.911002754,6.3723927
2024-10-21 12:45:00,7.382623288,6.4164333
2024-10-21 13:00:00,9.088670034,6.4564147
2024-10-21 13:15:00,2.6014521860000004,6.475751
2024-10-21 13:30:00,8.663542942,6.5199146
2024-10-21 13:45:00,7.946810722,6.472297
2024-10-21 14:00:00,3.99925956,6.4902005
2024-10-21 14:15:00,8.314029638,6.5095334
2024-10-21 14:30:00,7.73036247,6.4730835
2024-10-21 14:45:00,3.6026528860000004,6.488982
2024-10-21 15:00:00,2.741017115,6.495014
2024-10-21 15:15:00,4.822144623,6.4438815
2024-10-21 15:30:00,5.301625845,6.3831105
2024-10-21 15:45:00,9.568693789,6.3475866
2024-10-21 16:00:00,5.557612130999999,6.3254933
2024-10-21 16:15:00,8.959058052,6.352499
2024-10-21 16:30:00,5.803985133000001,6.3432837
2024-10-21 16:45:00,1.8565268950000002,6.379868
2024-10-21 17:00:00,7.958891486000001,6.365208
2024-10-21 17:15:00,10.22434668,6.315301
2024-10-21 17:30:00,6.536649876000001,6.3309464
2024-10-21 17:45:00,8.245228579,6.381787
2024-10-21 18:00:00,9.315470493,6.3916283
2024-10-21 18:15:00,5.816270238,6.4211802
2024-10-21 18:30:00,3.7078443699999997,6.469716
2024-10-21 18:45:00,9.996508468,6.469131
2024-10-21 19:00:00,9.962270346,6.4306636
2024-10-21 19:15:00,10.07630234,6.4628105
2024-10-21 19:30:00,9.898167756,6.5032315
2024-10-21 19:45:00,2.5581902310000006,6.544737
2024-10-21 20:00:00,5.507145148000001,6.609545
2024-10-21 20:15:00,3.109804345,6.5635347
2024-10-21 20:30:00,2.817401872,6.5355897
2024-10-21 20:45:00,9.166982278,6.467648
2024-10-21 21:00:00,5.901289476999999,6.407336
2024-10-21 21:15:00,2.079002233,6.4203367
2024-10-21 21:30:00,5.405777235,6.388313
2024-10-21 21:45:00,11.031419320000001,6.3265133
2024-10-21 22:00:00,3.2838051589999995,6.300127
2024-10-21 22:15:00,5.119909384,6.344074
2024-10-21 22:30:00,7.42808665,6.308454
2024-10-21 22:45:00,3.33268587,6.296429
2024-10-21 23:00:00,11.11541172,6.303094
2024-10-21 23:15:00,7.810461074,6.27189
2024-10-21 23:30:00,3.5631131730000005,6.3326364
2024-10-21 23:45:00,5.967323169,6.361696
2024-10-22 00:00:00,4.816000199,6.339363
2024-10-22 00:15:00,2.404368315,6.334788
2024-10-22 00:30:00,4.065307601,6.305107
2024-10-22 00:45:00,6.892254966,6.2537775
2024-10-22 01:00:00,2.174185584,6.2246313
2024-10-22 01:15:00,1.6510139,6.2046404
2024-10-22 01:30:00,6.627324703000001,6.130749
2024-10-22 01:45:00,5.500994007,6.0865273
2024-10-22 02:00:00,3.182817583,6.0914273
2024-10-22 02:15:00,8.367678773,6.076125
2024-10-22 02:30:00,2.089234143,6.0711055
2024-10-22 02:45:00,3.890276022,6.087373
2024-10-22 03:00:00,2.137854854,6.050685
2024-10-22 03:15:00,8.79494475,6.014326
2024-10-22 03:30:00,7.593097628999999,6.0084796
2024-10-22 03:45:00,3.1291777110000005,6.0597
2024-10-22 04:00:00,6.99385714,6.085024
2024-10-22 04:15:00,8.457748164,6.08891
2024-10-22 04:30:00,1.494888194,6.1287804
2024-10-22 04:45:00,8.133891696,6.160267
2024-10-22 05:00:00,4.286533244,6.1453505
2024-10-22 05:15:00,2.413760579,6.176109
2024-10-22 05:30:00,9.797224544,6.156149
2024-10-22 05:45:00,7.450178219,6.1437745
2024-10-22 06:00:00,6.71634282,6.201842
2024-10-22 06:15:00,9.493735054,6.2410626
2024-10-22 06:30:00,3.721511133,6.270962
2024-10-22 06:45:00,1.297672852,6.3314586
2024-10-22 07:00:00,11.36250222,6.3009567
2024-10-22 07:15:00,3.857983833,6.259179
2024-10-22 07:30:00,7.644628788000001,6.3234987
2024-10-22 07:45:00,11.25631776,6.307821
2024-10-22 08:00:00,3.737019478,6.3236995
2024-10-22 08:15:00,11.611428490000002,6.4010725
2024-10-22 08:30:00,6.588607573000001,6.369433
2024-10-22 08:45:00,11.08209262,6.4527893
2024-10-22 09:00:00,2.055255272,6.4528284
2024-10-22 09:15:00,6.493475397,6.533517
2024-10-22 09:30:00,11.10446534,6.484312
2024-10-22 09:45:00,2.7106603480000007,6.465703
2024-10-22 10:00:00,3.867057872,6.527648
2024-10-22 10:15:00,3.354650064,6.476586
2024-10-22 10:30:00,11.122465569999997,6.4249825
2024-10-22 10:45:00,3.877478252,6.3749166
2024-10-22 11:00:00,2.361964735,6.4149528
2024-10-22 11:15:00,9.269243879,6.369318
2024-10-22 11:30:00,6.623360986,6.322035
2024-10-22 11:45:00,7.324999311,6.3449316
2024-10-22 12:00:00,7.275981343,6.3483677
2024-10-22 12:15:00,7.176788734,6.3631105
2024-10-22 12:30:00,5.735339912,6.37768
2024-10-22 12:45:00,11.28555166,6.395626
2024-10-22 13:00:00,2.911471933,6.384616
2024-10-22 13:15:00,10.8931687,6.450542
2024-10-22 13:30:00,4.122892344,6.408166
2024-10-22 13:45:00,3.11073039,6.470077
2024-10-22 14:00:00,7.756415532,6.438677
2024-10-22 14:15:00,10.38054891,6.3988423
2024-10-22 14:30:00,4.91284898,6.397904
2024-10-22 14:45:00,1.921209742,6.4489655
2024-10-22 15:00:00,6.630360384,6.4203987
2024-10-22 15:15:00,11.56705146,6.3689446
2024-10-22 15:30:00,5.265592345,6.3548336
2024-10-22 15:45:00,1.4167973860000003,6.416107
2024-10-22 16:00:00,6.418142638,6.397134
2024-10-22 16:15:00,5.06624539,6.3418975
2024-10-22 16:30:00,1.804011658,6.3325086
2024-10-22 16:45:00,10.41585702,6.287576
2024-10-22 17:00:00,7.420373779999999,6.242887
2024-10-22 17:15:00,2.79440382,6.2899137
2024-10-22 17:30:00,10.55627889,6.297775
2024-10-22 17:45:00,7.168120354999999,6.267687
2024-10-22 18:00:00,8.092349116,6.3258023
2024-10-22 18:15:00,7.310225172999999,6.3493667
2024-10-22 18:30:00,10.97354416,6.3849645
2024-10-22 18:45:00,10.42960622,6.397624
2024-10-22 19:00:00,1.315294806,6.4547944
2024-10-22 19:15:00,1.303904702,6.534853
2024-10-22 19:30:00,6.149301003,6.4678288
2024-10-22 19:45:00,4.360432018,6.4039254
2024-10-22 20:00:00,6.749974021000001,6.3828573
2024-10-22 20:15:00,4.55060383,6.3472934
2024-10-22 20:30:00,10.0150362,6.33294
2024-10-22 20:45:00,2.884738495,6.3088903
2024-10-22 21:00:00,1.7277651079999998,6.3439894
2024-10-22 21:15:00,4.596495437,6.2861137
2024-10-22 21:30:00,2.642141339,6.2228017
2024-10-22 21:45:00,7.219343636,6.177038
2024-10-22 22:00:00,6.010533163,6.145166
2024-10-22 22:15:00,8.232775365,6.153259
2024-10-22 22:30:00,1.989135943,6.165143
2024-10-22 22:45:00,9.430557625,6.1839185
2024-10-22 23:00:00,3.9443830949999996,6.159763
2024-10-22 23:15:00,8.315215415,6.2016416
2024-10-22 23:30:00,4.153586791,6.201999
2024-10-22 23:45:00,10.12070122,6.234008
2024-10-23 00:00:00,9.854332593,6.229977
2024-10-23 00:15:00,4.329674502,6.2892985
2024-10-23 00:30:00,9.989937227,6.3585286
2024-10-23 00:45:00,4.387311032,6.3478556
2024-10-23 01:00:00,10.42507556,6.4096375
2024-10-23 01:15:00,3.162599587,6.395504
2024-10-23 01:30:00,4.020852695,6.461522
2024-10-23 01:45:00,10.13814383,6.426708
2024-10-23 02:00:00,2.010416249,6.3936086
2024-10-23 02:15:00,8.160486789,6.4273973
2024-10-23 02:30:00,8.232476765,6.3779683
2024-10-23 02:45:00,11.51358958,6.3899364
2024-10-23 03:00:00,11.307029469999998,6.4006677
2024-10-23 03:15:00,6.167754331,6.4570084
2024-10-23 03:30:00,7.61471119,6.5428796
2024-10-23 03:45:00,2.7130603710000005,6.551191
2024-10-23 04:00:00,3.6457456700000006,6.572785
2024-10-23 04:15:00,6.839577832,6.518951
2024-10-23 04:30:00,3.708284829,6.468861
2024-10-23 04:45:00,3.349561053,6.4523716
2024-10-23 05:00:00,1.378034037,6.392465
2024-10-23 05:15:00,1.9305003460000003,6.3142514
2024-10-23 05:30:00,8.531930955,6.212384
2024-10-23 05:45:00,1.309094638,6.162275
2024-10-23 06:00:00,10.23593142,6.135256
2024-10-23 06:15:00,1.915622957,6.0998464
2024-10-23 06:30:00,2.717190027,6.122993
2024-10-23 06:45:00,4.618482993,6.0690145
2024-10-23 07:00:00,8.62766994,6.0375733
2024-10-23 07:15:00,8.591876122,6.040968
2024-10-23 07:30:00,3.708923615,6.094087
2024-10-23 07:45:00,4.58214392,6.141608
2024-10-23 08:00:00,9.679453478,6.1349525
2024-10-23 08:15:00,6.1390962,6.1494393
2024-10-23 08:30:00,5.894606056,6.2117977
2024-10-23 08:45:00,7.728394075,6.236554
2024-10-23 09:00:00,5.97547819,6.253779
2024-10-23 09:15:00,5.510855221,6.288933
2024-10-23 09:30:00,8.997904323,6.304694
2024-10-23 09:45:00,10.83158193,6.309219
2024-10-23 10:00:00,6.887466832000001,6.3487616
2024-10-23 10:15:00,4.128482123,6.427778
2024-10-23 10:30:00,10.98614454,6.4537106
2024-10-23 10:45:00,8.575808509,6.4250126
2024-10-23 11:00:00,7.843233983000001,6.4873166
2024-10-23 11:15:00,7.384026816,6.524841
2024-10-23 11:30:00,8.828048558,6.550468
2024-10-23 11:45:00,8.93420818,6.554952
2024-10-23 12:00:00,9.307903875,6.579744
2024-10-23 12:15:00,11.23396003,6.5973077
2024-10-23 12:30:00,5.598323794,6.609926
2024-10-23 12:45:00,3.6375559240000004,6.6862364
2024-10-23 13:00:00,5.25170128,6.677381
2024-10-23 13:15:00,9.267818498,6.6247864
2024-10-23 13:30:00,6.623419862000001,6.576547
2024-10-23 13:45:00,10.40160494,6.5912805
2024-10-23 14:00:00,3.7318826449999998,6.5619154
2024-10-23 14:15:00,8.77272143,6.601631
2024-10-23 14:30:00,3.687056207,6.549084
2024-10-23 14:45:00,9.754071344,6.563285
2024-10-23 15:00:00,5.784027819,6.506051
2024-10-23 15:15:00,11.410721799999997,6.533363
2024-10-23 15:30:00,8.321756164,6.4972315
2024-10-23 15:45:00,9.080392338,6.5491633
2024-10-23 16:00:00,1.5805546179999999,6.5615177
2024-10-23 16:15:00,8.472314054,6.599388
2024-10-23 16:30:00,5.553594737,6.529725
2024-10-23 16:45:00,4.497213321,6.5386786
2024-10-23 17:00:00,9.096653338,6.512105
2024-10-23 17:15:00,3.444664037,6.469293
2024-10-23 17:30:00,2.942344398,6.4840636
2024-10-23 17:45:00,4.879263271,6.426617
2024-10-23 18:00:00,7.466451647,6.3655972
2024-10-23 18:15:00,3.829176888,6.3316402
2024-10-23 18:30:00,7.207512306000001,6.3205757
2024-10-23 18:45:00,5.292496112,6.289625
2024-10-23 19:00:00,5.046051726,6.2937684
2024-10-23 19:15:00,3.161868628,6.2791953
2024-10-23 19:30:00,4.408095461,6.250451
2024-10-23 19:45:00,3.883048845,6.2089925
2024-10-23 20:00:00,3.53766454,6.1734557
2024-10-23 20:15:00,1.985600579,6.136282
2024-10-23 20:30:00,5.71860612,6.0789466
2024-10-23 20:45:00,3.758860348,6.042038
2024-10-23 21:00:00,10.98208768,6.0238423
2024-10-23 21:15:00,7.334027505,6.029744
2024-10-23 21:30:00,5.977741659,6.1024933
2024-10-23 21:45:00,4.637224381,6.1469655
2024-10-23 22:00:00,6.023224772,6.1703305
2024-10-23 22:15:00,4.727990266,6.183803
2024-10-23 22:30:00,9.936499373,6.197241
2024-10-23 22:45:00,3.644627095,6.203821
2024-10-23 23:00:00,4.179535302,6.2627993
2024-10-23 23:15:00,8.367876968,6.245788
2024-10-23 23:30:00,10.55601865,6.241529
2024-10-23 23:45:00,7.847996228,6.2766395
2024-10-24 00:00:00,2.02644292,6.3479137
2024-10-24 00:15:00,10.47725715,6.3811636
2024-10-24 00:30:00,9.141942167,6.342662
2024-10-24 00:45:00,3.8689949199999996,6.3966327
2024-10-24 01:00:00,1.773319223,6.4473534
2024-10-24 01:15:00,8.728909704,6.41585
2024-10-24 01:30:00,3.618591663,6.36511
2024-10-24 01:45:00,6.474498186999999,6.3809705
2024-10-24 02:00:00,2.113336493,6.348035
2024-10-24 02:15:00,7.005364681,6.3280225
2024-10-24 02:30:00,1.39836289,6.281567
2024-10-24 02:45:00,6.961458794,6.2549443
2024-10-24 03:00:00,9.810804095,6.2053075
2024-10-24 03:15:00,7.116928398,6.2099504
2024-10-24 03:30:00,10.54171093,6.25783
2024-10-24 03:45:00,7.038326413,6.279387
2024-10-24 04:00:00,8.10621028,6.353356
2024-10-24 04:15:00,4.892236434,6.3823423
2024-10-24 04:30:00,4.283874713,6.4249578
2024-10-24 04:45:00,4.612484355,6.415326
2024-10-24 05:00:00,2.168024284,6.393239
2024-10-24 05:15:00,3.8274168849999994,6.355503
2024-10-24 05:30:00,5.231087356,6.290249
2024-10-24 05:45:00,4.650976096,6.245159
2024-10-24 06:00:00,6.287722574,6.2166486
2024-10-24 06:15:00,6.125808557,6.1989093
2024-10-24 06:30:00,8.552804691,6.195701
2024-10-24 06:45:00,5.189249575,6.202816
2024-10-24 07:00:00,8.172380487,6.2403097
2024-10-24 07:15:00,10.03551342,6.2491736
2024-10-24 07:30:00,5.813159139999999,6.2816615
2024-10-24 07:45:00,6.891116383999999,6.350988
2024-10-24 08:00:00,8.370679793,6.3654666
2024-10-24 08:15:00,6.221440463,6.387616
2024-10-24 08:30:00,2.762207586,6.4253955
2024-10-24 08:45:00,4.169417491,6.431612
2024-10-24 09:00:00,1.423974199,6.3857274
2024-10-24 09:15:00,8.323909768,6.328739
2024-10-24 09:30:00,4.013907417,6.271885
2024-10-24 09:45:00,9.104318278,6.2720294
2024-10-24 10:00:00,8.575792984,6.2497706
2024-10-24 10:15:00,8.796088644,6.2837224
2024-10-24 10:30:00,10.30343795,6.3216696
2024-10-24 10:45:00,5.369827911,6.360427
2024-10-24 11:00:00,3.003360289,6.4342237
2024-10-24 11:15:00,10.81090065,6.4382715
2024-10-24 11:30:00,11.54054406,6.397108
2024-10-24 11:45:00,3.457948863,6.437088
2024-10-24 12:00:00,8.864776925,6.523027
2024-10-24 12:15:00,1.8490790450000003,6.4890122
2024-10-24 12:30:00,1.356226485,6.518309
2024-10-24 12:45:00,8.11985338,6.441369
2024-10-24 13:00:00,3.746893618,6.373633
2024-10-24 13:15:00,9.854150238,6.3661027
2024-10-24 13:30:00,6.576564554,6.32574
2024-10-24 13:45:00,8.927542107,6.360943
2024-10-24 14:00:00,2.250679296,6.363619
2024-10-24 14:15:00,9.887977315,6.390423
2024-10-24 14:30:00,3.124935793,6.3462486
2024-10-24 14:45:00,7.173872772,6.3865285
2024-10-24 15:00:00,7.40548961,6.354568
2024-10-24 15:15:00,1.899891523,6.3663507
2024-10-24 15:30:00,11.737565,6.365315
2024-10-24 15:45:00,4.300252819,6.3140607
2024-10-24 16:00:00,8.641604845,6.3761888
2024-10-24 16:15:00,7.864816539,6.357705
2024-10-24 16:30:00,1.510077129,6.388763
2024-10-24 16:45:00,10.17119153,6.4025683
2024-10-24 17:00:00,4.251875732,6.3505383
2024-10-24 17:15:00,3.5909928489999996,6.3965273
2024-10-24 17:30:00,1.7029368880000002,6.3651404
2024-10-24 17:45:00,3.934675807,6.3066716
2024-10-24 18:00:00,7.6206645779999995,6.241162
2024-10-24 18:15:00,3.21174462,6.209276
2024-10-24 18:30:00,6.142473478,6.2066107
2024-10-24 18:45:00,9.273319757,6.179829
2024-10-24 19:00:00,11.1760829,6.185473
2024-10-24 19:15:00,8.414187824,6.2289643
2024-10-24 19:30:00,3.2075980769999997,6.3072624
2024-10-24 19:45:00,5.078084514,6.359348
2024-10-24 20:00:00,6.740038798,6.3402653
2024-10-24 20:15:00,9.987161952,6.339078
2024-10-24 20:30:00,6.7027345700000005,6.3439794
2024-10-24 20:45:00,6.234496037,6.401845
2024-10-24 21:00:00,3.708151064,6.418059
2024-10-24 21:15:00,6.149471356,6.420356
2024-10-24 21:30:00,4.461813888,6.3932443
2024-10-24 21:45:00,6.9727584369999995,6.3788514
2024-10-24 22:00:00,9.559563987,6.354684
2024-10-24 22:15:00,10.9275313,6.3537927
2024-10-24 22:30:00,10.05116106,6.3825827
2024-10-24 22:45:00,9.749693834,6.4435806
2024-10-24 23:00:00,4.815208534,6.4930058
2024-10-24 23:15:00,8.36681275,6.5626426
2024-10-24 23:30:00,5.281310824,6.546541
2024-10-24 23:45:00,1.399287972,6.5781612
2024-10-25 00:00:00,10.45841531,6.553142
2024-10-25 00:15:00,1.705774486,6.4721074
2024-10-25 00:30:00,2.330892227,6.4978237
2024-10-25 00:45:00,1.343576103,6.4151173
2024-10-25 01:00:00,1.910279279,6.319362
2024-10-25 01:15:00,1.770095348,6.211336
2024-10-25 01:30:00,7.985210342,6.107897
2024-10-25 01:45:00,9.91436646,6.0631676
2024-10-25 02:00:00,8.963876833,6.0847435
2024-10-25 02:15:00,7.6548479050000005,6.1393847
2024-10-25 02:30:00,9.549893665,6.1942887
2024-10-25 02:45:00,5.704111645,6.238175
2024-10-25 03:00:00,10.56558113,6.3099594
2024-10-25 03:15:00,6.036663165,6.323981
2024-10-25 03:30:00,1.47619654,6.405153
2024-10-25 03:45:00,8.654891671,6.4168396
2024-10-25 04:00:00,9.352194236,6.3696766
2024-10-25 04:15:00,3.5125361469999996,6.3934283
2024-10-25 04:30:00,4.294383841,6.433608
2024-10-25 04:45:00,8.161795354,6.3996925
2024-10-25 05:00:00,7.215550638000001,6.3716993
2024-10-25 05:15:00,10.39678421,6.391167
2024-10-25 05:30:00,6.190148891,6.3932467
2024-10-25 05:45:00,7.9460811620000005,6.4518023
2024-10-25 06:00:00,4.088350523,6.457861
2024-10-25 06:15:00,10.93078819,6.478773
2024-10-25 06:30:00,5.073631324,6.44223
2024-10-25 06:45:00,6.576012809,6.503665
2024-10-25 07:00:00,7.722360819,6.4902515
2024-10-25 07:15:00,3.755735849,6.4879184
2024-10-25 07:30:00,4.369460799,6.4992905
2024-10-25 07:45:00,6.436450068,6.454721
2024-10-25 08:00:00,4.003556668,6.414963
2024-10-25 08:15:00,2.451113607,6.3938484
2024-10-25 08:30:00,10.24716579,6.3378935
2024-10-25 08:45:00,4.688834667,6.286116
2024-10-25 09:00:00,5.527205000000001,6.31834
2024-10-25 09:15:00,6.876920180000001,6.296293
2024-10-25 09:30:00,9.93980268,6.289418
2024-10-25 09:45:00,2.514626363,6.300591
2024-10-25 10:00:00,7.647331064000001,6.342755
2024-10-25 10:15:00,4.794005819,6.3094373
2024-10-25 10:30:00,10.02269275,6.3288555
2024-10-25 10:45:00,7.939570712000001,6.316839
2024-10-25 11:00:00,2.515405584,6.3670382
2024-10-25 11:15:00,4.122558728,6.3929534
2024-10-25 11:30:00,1.5548051240000003,6.3487535
2024-10-25 11:45:00,9.468740153,6.3001723
2024-10-25 12:00:00,5.311163408,6.2502503
2024-10-25 12:15:00,1.660345343,6.2798743
2024-10-25 12:30:00,1.3200592,6.246836
2024-10-25 12:45:00,10.91505901,6.1688104
2024-10-25 13:00:00,10.11827509,6.1315517
2024-10-25 13:15:00,4.608093115,6.186537
2024-10-25 13:30:00,6.664791159,6.249603
2024-10-25 13:45:00,6.912386962999999,6.25535
2024-10-25 14:00:00,6.3275746139999995,6.2777677
2024-10-25 14:15:00,4.364161614,6.303061
2024-10-25 14:30:00,5.203277218,6.316601
2024-10-25 14:45:00,3.021392211,6.299456
2024-10-25 15:00:00,1.5124718100000003,6.2813015
2024-10-25 15:15:00,2.6957195090000003,6.2211046
2024-10-25 15:30:00,1.246897511,6.146585
2024-10-25 15:45:00,5.571020861,6.0624075
2024-10-25 16:00:00,7.922796723000001,6.01329
2024-10-25 16:15:00,3.0040497610000005,6.0159993
2024-10-25 16:30:00,6.860207319,6.025875
2024-10-25 16:45:00,4.589020757,6.0166173
2024-10-25 17:00:00,2.419659329,6.0353236
2024-10-25 17:15:00,2.482463843,6.0229764
2024-10-25 17:30:00,7.476251496,5.983818
2024-10-25 17:45:00,2.324311381,5.9804144
2024-10-25 18:00:00,6.697288678,5.984501
2024-10-25 18:15:00,3.075790671,5.9791937
2024-10-25 18:30:00,10.10502957,5.9933944
2024-10-25 18:45:00,1.625429494,6.0091166
2024-10-25 19:00:00,5.175349411,6.0511255
2024-10-25 19:15:00,8.993451973,6.031888
2024-10-25 19:30:00,8.826835002,6.059153
2024-10-25 19:45:00,2.7153324830000005,6.123842
2024-10-25 20:00:00,3.015673913,6.1779137
2024-10-25 20:15:00,6.7477256,6.1576242
2024-10-25 20:30:00,7.811042960999999,6.148746
2024-10-25 20:45:00,8.982480966,6.1757226
2024-10-25 21:00:00,7.698148940000001,6.2183514
2024-10-25 21:15:00,8.983416674,6.27898
2024-10-25 21:30:00,5.551126064,6.3210077
2024-10-25 21:45:00,6.695623089,6.3826866
2024-10-25 22:00:00,5.641748085,6.392657
2024-10-25 22:15:00,8.958922162,6.407704
2024-10-25 22:30:00,2.941371909,6.4051843
2024-10-25 22:45:00,3.732328474,6.438559
2024-10-25 23:00:00,9.603567772,6.3957973
2024-10-25 23:15:00,8.754195233,6.3621755
2024-10-25 23:30:00,8.810872007,6.3957524
2024-10-25 23:45:00,2.119920282,6.423122
2024-10-26 00:00:00,6.069733782,6.458746
2024-10-26 00:15:00,6.858380623,6.4100857
2024-10-26 00:30:00,9.504039791,6.4023232
2024-10-26 00:45:00,5.605445914999999,6.3966074
2024-10-26 01:00:00,6.72779378,6.4384875
2024-10-26 01:15:00,3.75098554,6.431656
2024-10-26 01:30:00,10.07063243,6.4295
2024-10-26 01:45:00,10.5555614,6.38987
2024-10-26 02:00:00,5.90093125,6.4238544
2024-10-26 02:15:00,5.630827448,6.487547
2024-10-26 02:30:00,4.453350628,6.4887447
2024-10-26 02:45:00,4.059092519,6.4775553
2024-10-26 03:00:00,6.726984029,6.4426255
2024-10-26 03:15:00,2.951441844,6.404005
2024-10-26 03:30:00,7.358267216,6.3838964
2024-10-26 03:45:00,6.913516461,6.338143
2024-10-26 04:00:00,8.661497894,6.33948
2024-10-26 04:15:00,3.3682862600000005,6.342865
2024-10-26 04:30:00,8.400697553,6.3646173
2024-10-26 04:45:00,1.311072518,6.3372154
2024-10-26 05:00:00,6.820848903,6.3460984
2024-10-26 05:15:00,9.962131624,6.291339
2024-10-26 05:30:00,8.35674037,6.2924056
2024-10-26 05:45:00,10.22438404,6.3382626
2024-10-26 06:00:00,2.713724196,6.3704495
2024-10-26 06:15:00,8.397167588,6.435531
2024-10-26 06:30:00,5.959289954,6.402054
2024-10-26 06:45:00,4.367758141,6.4302087
2024-10-26 07:00:00,4.814201159,6.427884
2024-10-26 07:15:00,2.212293479,6.400426
2024-10-26 07:30:00,8.302615756,6.3625703
2024-10-26 07:45:00,7.614819963,6.309416
2024-10-26 08:00:00,2.633929762,6.3211136
2024-10-26 08:15:00,6.832435326,6.3241506
2024-10-26 08:30:00,2.387827203,6.2865806
2024-10-26 08:45:00,4.396104046,6.274424
2024-10-26 09:00:00,1.543827716,6.2254233
2024-10-26 09:15:00,7.586406220000001,6.1707067
2024-10-26 09:30:00,1.278549056,6.1309342
2024-10-26 09:45:00,3.882351424,6.108351
2024-10-26 10:00:00,3.983607593,6.051428
2024-10-26 10:15:00,9.098064143,6.017134
2024-10-26 10:30:00,5.610515347000001,6.0213704
2024-10-26 10:45:00,7.073805037,6.064824
2024-10-26 11:00:00,3.891089732,6.092595
2024-10-26 11:15:00,6.835600140999999,6.1194296
2024-10-26 11:30:00,2.645559486,6.121608
2024-10-26 11:45:00,11.4011607,6.133606
2024-10-26 12:00:00,6.446456373,6.1231027
2024-10-26 12:15:00,9.989397097,6.2107897
2024-10-26 12:30:00,2.286306729,6.2398195
2024-10-26 12:45:00,7.353089123000001,6.308401
2024-10-26 13:00:00,7.860509702999999,6.29009
2024-10-26 13:15:00,9.296780033,6.31892
2024-10-26 13:30:00,6.10314994,6.3517823
2024-10-26 13:45:00,1.470398168,6.404486
2024-10-26 14:00:00,3.734787694,6.404287
2024-10-26 14:15:00,3.942759209,6.3482804
2024-10-26 14:30:00,4.440166133,6.303679
2024-10-26 14:45:00,2.083340334,6.2644176
2024-10-26 15:00:00,1.132444347,6.21236
2024-10-26 15:15:00,6.473161404,6.1268373
2024-10-26 15:30:00,8.918309162,6.072201
2024-10-26 15:45:00,3.558964354,6.08441
2024-10-26 16:00:00,8.51232921,6.109302
2024-10-26 16:15:00,8.673839111,6.10849
2024-10-26 16:30:00,5.594684345,6.1542044
2024-10-26 16:45:00,6.634065215,6.2084064
2024-10-26 17:00:00,4.353111814,6.2288795
2024-10-26 17:15:00,5.043737582,6.2538056
2024-10-26 17:30:00,7.050608187,6.2475295
2024-10-26 17:45:00,4.863275485,6.251276
2024-10-26 18:00:00,6.395494085000001,6.2646446
2024-10-26 18:15:00,8.965629678,6.261243
2024-10-26 18:30:00,11.03436693,6.2714214
2024-10-26 18:45:00,10.98890972,6.3113275
2024-10-26 19:00:00,10.5753198,6.375489
2024-10-26 19:15:00,10.19503002,6.4447947
2024-10-26 19:30:00,3.7461192270000003,6.509768
2024-10-26 19:45:00,11.089810339999998,6.5989594
2024-10-26 20:00:00,3.46885645,6.556356
2024-10-26 20:15:00,9.992602053,6.6348834
2024-10-26 20:30:00,7.225482746000001,6.5812526
2024-10-26 20:45:00,10.17647269,6.619561
2024-10-26 21:00:00,11.365640899999999,6.606567
