timestamp,y_true,y_pred
2024-08-28 03:45:00,7.490515837,6.1209893
2024-08-28 04:00:00,9.554213568,6.1209893
2024-08-28 04:15:00,9.929656217,6.1209893
2024-08-28 04:30:00,2.642682679,6.1209893
2024-08-28 04:45:00,7.526703496,6.1209893
2024-08-28 05:00:00,3.498468215,6.1209893
2024-08-28 05:15:00,7.472517347,6.1209893
2024-08-28 05:30:00,2.810685209,6.1209893
2024-08-28 05:45:00,9.294248964,6.1209893
2024-08-28 06:00:00,8.2751571,6.1209893
2024-08-28 06:15:00,10.16730016,6.1209893
2024-08-28 06:30:00,10.97536742,6.1209893
2024-08-28 06:45:00,10.74969569,6.1209893
2024-08-28 07:00:00,2.6494648590000005,6.1209893
2024-08-28 07:15:00,5.002902933,6.1209893
2024-08-28 07:30:00,6.220484251,6.1209893
2024-08-28 07:45:00,9.336032631,6.1209893
2024-08-28 08:00:00,1.270144965,6.1209893
2024-08-28 08:15:00,10.78753616,6.1209893
2024-08-28 08:30:00,5.078082458,6.1209893
2024-08-28 08:45:00,7.751063561,6.1209893
2024-08-28 09:00:00,10.95316235,6.1209893
2024-08-28 09:15:00,10.26402865,6.1209893
2024-08-28 09:30:00,4.771352858,6.1209893
2024-08-28 09:45:00,6.16507463,6.1209893
2024-08-28 10:00:00,9.233559357,6.1209893
2024-08-28 10:15:00,9.134795776,6.1209893
2024-08-28 10:30:00,8.161715966,6.1209893
2024-08-28 10:45:00,1.287403341,6.1209893
2024-08-28 11:00:00,3.218968901,6.1209893
2024-08-28 11:15:00,3.4106219539999993,6.1209893
2024-08-28 11:30:00,3.805720062,6.1209893
2024-08-28 11:45:00,2.134511647,6.1209893
2024-08-28 12:00:00,9.646525906,6.1209893
2024-08-28 12:15:00,4.581414955,6.1209893
2024-08-28 12:30:00,9.051047776,6.1209893
2024-08-28 12:45:00,11.01264171,6.1209893
2024-08-28 13:00:00,4.531553149,6.1209893
2024-08-28 13:15:00,5.842084766,6.1209893
2024-08-28 13:30:00,1.9311904,6.1209893
2024-08-28 13:45:00,4.183421555,6.1209893
2024-08-28 14:00:00,6.808406857,6.1209893
2024-08-28 14:15:00,2.999690019,6.1209893
2024-08-28 14:30:00,6.757023384,6.1209893
2024-08-28 14:45:00,4.342824877,6.1209893
2024-08-28 15:00:00,11.604837280000002,6.1209893
2024-08-28 15:15:00,4.910824251,6.1209893
2024-08-28 15:30:00,1.596022164,6.1209893
2024-08-28 15:45:00,6.248780903,6.1209893
2024-08-28 16:00:00,4.51568076,6.1209893
2024-08-28 16:15:00,4.88089169,6.1209893
2024-08-28 16:30:00,5.029529584,6.1209893
2024-08-28 16:45:00,10.00504831,6.1209893
2024-08-28 17:00:00,6.239497736000001,6.1209893
2024-08-28 17:15:00,3.857189605,6.1209893
2024-08-28 17:30:00,9.50237715,6.1209893
2024-08-28 17:45:00,5.986750872,6.1209893
2024-08-28 18:00:00,2.664285076,6.1209893
2024-08-28 18:15:00,11.33195452,6.1209893
2024-08-28 18:30:00,1.434749712,6.1209893
2024-08-28 18:45:00,8.462775506,6.1209893
2024-08-28 19:00:00,9.892754204,6.1209893
2024-08-28 19:15:00,4.809477695,6.1209893
2024-08-28 19:30:00,2.7222232710000003,6.1209893
2024-08-28 19:45:00,5.703151623,6.1209893
2024-08-28 20:00:00,5.955501323,6.1209893
2024-08-28 20:15:00,11.31777256,6.1209893
2024-08-28 20:30:00,1.347977073,6.1209893
2024-08-28 20:45:00,7.54845892,6.1209893
2024-08-28 21:00:00,9.6344568,6.1209893
2024-08-28 21:15:00,7.208531826,6.1209893
2024-08-28 21:30:00,7.781433726,6.1209893
2024-08-28 21:45:00,9.922534937,6.1209893
2024-08-28 22:00:00,6.937900312,6.1209893
2024-08-28 22:15:00,10.3903597,6.1209893
2024-08-28 22:30:00,3.4843312479999997,6.1209893
2024-08-28 22:45:00,6.508303896999999,6.1209893
2024-08-28 23:00:00,1.433166448,6.1209893
2024-08-28 23:15:00,9.662309117,6.1209893
2024-08-28 23:30:00,9.148537218,6.1209893
2024-08-28 23:45:00,6.739289229,6.1209893
2024-08-29 00:00:00,5.310399312,6.1209893
2024-08-29 00:15:00,4.739706909,6.1209893
2024-08-29 00:30:00,3.231939084,6.1209893
2024-08-29 00:45:00,5.528968569000001,6.1209893
2024-08-29 01:00:00,4.409555329,6.1209893
2024-08-29 01:15:00,7.241586487,6.1209893
2024-08-29 01:30:00,8.961515007,6.1209893
2024-08-29 01:45:00,8.563077965,6.1209893
2024-08-29 02:00:00,6.532658109999999,6.1209893
2024-08-29 02:15:00,10.59913041,6.1209893
2024-08-29 02:30:00,3.19617176,6.1209893
2024-08-29 02:45:00,7.948600651,6.1209893
2024-08-29 03:00:00,2.006835287,6.1209893
2024-08-29 03:15:00,8.358728743,6.1209893
2024-08-29 03:30:00,8.372548252,6.1209893
2024-08-29 03:45:00,9.090978491,6.1209893
2024-08-29 04:00:00,7.855528601,6.1209893
2024-08-29 04:15:00,2.4915488090000006,6.1209893
2024-08-29 04:30:00,1.5912584119999997,6.1209893
2024-08-29 04:45:00,8.326662237,6.1209893
2024-08-29 05:00:00,9.502798862,6.1209893
2024-08-29 05:15:00,1.509220567,6.1209893
2024-08-29 05:30:00,2.7410073180000003,6.1209893
2024-08-29 05:45:00,9.274433827,6.1209893
2024-08-29 06:00:00,11.228813219999997,6.1209893
2024-08-29 06:15:00,6.445142052,6.1209893
2024-08-29 06:30:00,2.836419657,6.1209893
2024-08-29 06:45:00,4.586388838,6.1209893
2024-08-29 07:00:00,9.455209435,6.1209893
2024-08-29 07:15:00,6.889299101,6.1209893
2024-08-29 07:30:00,1.767932078,6.1209893
2024-08-29 07:45:00,4.224678871,6.1209893
2024-08-29 08:00:00,9.064487603,6.1209893
2024-08-29 08:15:00,4.533067841,6.1209893
2024-08-29 08:30:00,5.779069021,6.1209893
2024-08-29 08:45:00,10.70186514,6.1209893
2024-08-29 09:00:00,11.47674825,6.1209893
2024-08-29 09:15:00,8.657997906,6.1209893
2024-08-29 09:30:00,3.628268321,6.1209893
2024-08-29 09:45:00,3.622093855,6.1209893
2024-08-29 10:00:00,4.322738602,6.1209893
2024-08-29 10:15:00,2.786346226,6.1209893
2024-08-29 10:30:00,2.982914719,6.1209893
2024-08-29 10:45:00,3.8374076809999997,6.1209893
2024-08-29 11:00:00,7.904858086000001,6.1209893
2024-08-29 11:15:00,7.508852646,6.1209893
2024-08-29 11:30:00,4.523804421,6.1209893
2024-08-29 11:45:00,3.127864931,6.1209893
2024-08-29 12:00:00,7.717139508,6.1209893
2024-08-29 12:15:00,2.437561349,6.1209893
2024-08-29 12:30:00,2.735784034,6.1209893
2024-08-29 12:45:00,5.226255391,6.1209893
2024-08-29 13:00:00,6.981333427,6.1209893
2024-08-29 13:15:00,9.25414475,6.1209893
2024-08-29 13:30:00,8.483470919,6.1209893
2024-08-29 13:45:00,4.962412043,6.1209893
2024-08-29 14:00:00,8.054215124,6.1209893
2024-08-29 14:15:00,3.342218368,6.1209893
2024-08-29 14:30:00,6.1545557639999995,6.1209893
2024-08-29 14:45:00,7.343263447,6.1209893
2024-08-29 15:00:00,9.046108989,6.1209893
2024-08-29 15:15:00,1.948091491,6.1209893
2024-08-29 15:30:00,2.191946877,6.1209893
2024-08-29 15:45:00,1.8760432269999998,6.1209893
2024-08-29 16:00:00,6.6952603250000005,6.1209893
2024-08-29 16:15:00,7.030612552999999,6.1209893
2024-08-29 16:30:00,1.274675926,6.1209893
2024-08-29 16:45:00,7.499695214,6.1209893
2024-08-29 17:00:00,9.05373764,6.1209893
2024-08-29 17:15:00,2.318684051,6.1209893
2024-08-29 17:30:00,4.782832099,6.1209893
2024-08-29 17:45:00,10.58356334,6.1209893
2024-08-29 18:00:00,8.197987054,6.1209893
2024-08-29 18:15:00,4.141957067,6.1209893
2024-08-29 18:30:00,8.854654603,6.1209893
2024-08-29 18:45:00,10.28707234,6.1209893
2024-08-29 19:00:00,4.537946466,6.1209893
2024-08-29 19:15:00,8.53059548,6.1209893
2024-08-29 19:30:00,2.156715189,6.1209893
2024-08-29 19:45:00,1.734954142,6.1209893
2024-08-29 20:00:00,7.324110196,6.1209893
2024-08-29 20:15:00,6.282575419,6.1209893
2024-08-29 20:30:00,9.584432752,6.1209893
2024-08-29 20:45:00,8.91340735,6.1209893
2024-08-29 21:00:00,4.212337207,6.1209893
2024-08-29 21:15:00,6.467037003000001,6.1209893
2024-08-29 21:30:00,8.952618272,6.1209893
2024-08-29 21:45:00,3.902768746,6.1209893
2024-08-29 22:00:00,4.8118263,6.1209893
2024-08-29 22:15:00,1.7817917329999997,6.1209893
2024-08-29 22:30:00,2.405472584,6.1209893
2024-08-29 22:45:00,7.593915969000001,6.1209893
2024-08-29 23:00:00,6.147206077,6.1209893
2024-08-29 23:15:00,2.765354569,6.1209893
2024-08-29 23:30:00,1.273892588,6.1209893
2024-08-29 23:45:00,2.845405663,6.1209893
2024-08-30 00:00:00,8.768913695,6.1209893
2024-08-30 00:15:00,2.171889734,6.1209893
2024-08-30 00:30:00,5.529632508,6.1209893
2024-08-30 00:45:00,3.50077702,6.1209893
2024-08-30 01:00:00,6.694155211,6.1209893
2024-08-30 01:15:00,6.320904002000001,6.1209893
2024-08-30 01:30:00,11.553684149999999,6.1209893
2024-08-30 01:45:00,9.4753289,6.1209893
2024-08-30 02:00:00,10.60663728,6.1209893
2024-08-30 02:15:00,7.351211077,6.1209893
2024-08-30 02:30:00,8.650611038,6.1209893
2024-08-30 02:45:00,10.49013816,6.1209893
2024-08-30 03:00:00,1.531549042,6.1209893
2024-08-30 03:15:00,10.5967463,6.1209893
2024-08-30 03:30:00,3.333750491,6.1209893
2024-08-30 03:45:00,8.389044602,6.1209893
2024-08-30 04:00:00,9.230688148,6.1209893
2024-08-30 04:15:00,2.231577033,6.1209893
2024-08-30 04:30:00,10.80297874,6.1209893
2024-08-30 04:45:00,10.84211993,6.1209893
2024-08-30 05:00:00,8.155819576,6.1209893
2024-08-30 05:15:00,2.7562889709999996,6.1209893
2024-08-30 05:30:00,7.085363274,6.1209893
2024-08-30 05:45:00,4.789551221,6.1209893
2024-08-30 06:00:00,10.97809954,6.1209893
2024-08-30 06:15:00,5.247803658,6.1209893
2024-08-30 06:30:00,8.189594222,6.1209893
2024-08-30 06:45:00,7.6269471630000005,6.1209893
2024-08-30 07:00:00,4.120829014,6.1209893
2024-08-30 07:15:00,6.766327672,6.1209893
2024-08-30 07:30:00,5.447616383,6.1209893
2024-08-30 07:45:00,5.067423828,6.1209893
2024-08-30 08:00:00,9.802672784,6.1209893
2024-08-30 08:15:00,2.705901355,6.1209893
2024-08-30 08:30:00,5.453804573,6.1209893
2024-08-30 08:45:00,1.239065593,6.1209893
2024-08-30 09:00:00,3.712392907,6.1209893
2024-08-30 09:15:00,7.713637048,6.1209893
2024-08-30 09:30:00,2.039935498,6.1209893
2024-08-30 09:45:00,3.8429451520000004,6.1209893
2024-08-30 10:00:00,10.0476299,6.1209893
2024-08-30 10:15:00,8.081976328,6.1209893
2024-08-30 10:30:00,1.825172608,6.1209893
2024-08-30 10:45:00,11.436164189999998,6.1209893
2024-08-30 11:00:00,10.84029866,6.1209893
2024-08-30 11:15:00,2.6354920030000004,6.1209893
2024-08-30 11:30:00,11.08086934,6.1209893
2024-08-30 11:45:00,6.822655812999999,6.1209893
2024-08-30 12:00:00,10.24354104,6.1209893
2024-08-30 12:15:00,11.110575239999998,6.1209893
2024-08-30 12:30:00,8.544449153,6.1209893
2024-08-30 12:45:00,4.157150454,6.1209893
2024-08-30 13:00:00,11.0766122,6.1209893
2024-08-30 13:15:00,7.155269638,6.1209893
2024-08-30 13:30:00,4.497732451,6.1209893
2024-08-30 13:45:00,5.925475002,6.1209893
2024-08-30 14:00:00,5.388760502,6.1209893
2024-08-30 14:15:00,11.08461088,6.1209893
2024-08-30 14:30:00,10.01641763,6.1209893
2024-08-30 14:45:00,1.503830693,6.1209893
2024-08-30 15:00:00,1.263994865,6.1209893
2024-08-30 15:15:00,1.895487249,6.1209893
2024-08-30 15:30:00,7.44023048,6.1209893
2024-08-30 15:45:00,9.275209643,6.1209893
2024-08-30 16:00:00,6.485562206,6.1209893
2024-08-30 16:15:00,6.737445747,6.1209893
2024-08-30 16:30:00,3.543169405,6.1209893
2024-08-30 16:45:00,6.073934801,6.1209893
2024-08-30 17:00:00,3.891595024,6.1209893
2024-08-30 17:15:00,3.8671661679999993,6.1209893
2024-08-30 17:30:00,5.352859016,6.1209893
2024-08-30 17:45:00,1.6310848620000002,6.1209893
2024-08-30 18:00:00,10.84708566,6.1209893
2024-08-30 18:15:00,10.86161737,6.1209893
2024-08-30 18:30:00,9.380921984,6.1209893
2024-08-30 18:45:00,7.324503782,6.1209893
2024-08-30 19:00:00,9.387472167,6.1209893
2024-08-30 19:15:00,10.80948721,6.1209893
2024-08-30 19:30:00,4.060188774,6.1209893
2024-08-30 19:45:00,5.004664468,6.1209893
2024-08-30 20:00:00,8.520361926,6.1209893
2024-08-30 20:15:00,7.578012583,6.1209893
2024-08-30 20:30:00,9.735083507,6.1209893
2024-08-30 20:45:00,4.590385075,6.1209893
2024-08-30 21:00:00,4.3933167,6.1209893
2024-08-30 21:15:00,7.155685092,6.1209893
2024-08-30 21:30:00,2.6882174850000005,6.1209893
2024-08-30 21:45:00,1.512682114,6.1209893
2024-08-30 22:00:00,3.780567761,6.1209893
2024-08-30 22:15:00,2.777562335,6.1209893
2024-08-30 22:30:00,1.239323344,6.1209893
2024-08-30 22:45:00,9.39441587,6.1209893
2024-08-30 23:00:00,6.601837151000001,6.1209893
2024-08-30 23:15:00,8.228513133,6.1209893
2024-08-30 23:30:00,2.7496661780000005,6.1209893
2024-08-30 23:45:00,3.693375093,6.1209893
2024-08-31 00:00:00,1.84782665,6.1209893
2024-08-31 00:15:00,11.751185100000002,6.1209893
2024-08-31 00:30:00,2.316890166,6.1209893
2024-08-31 00:45:00,2.068495247,6.1209893
2024-08-31 01:00:00,7.523358757,6.1209893
2024-08-31 01:15:00,4.637550405,6.1209893
2024-08-31 01:30:00,10.33370505,6.1209893
2024-08-31 01:45:00,9.597967375,6.1209893
2024-08-31 02:00:00,9.937941556,6.1209893
2024-08-31 02:15:00,8.799318923,6.1209893
2024-08-31 02:30:00,2.455716892,6.1209893
2024-08-31 02:45:00,1.7653393780000002,6.1209893
2024-08-31 03:00:00,1.834478446,6.1209893
2024-08-31 03:15:00,9.428873091,6.1209893
2024-08-31 03:30:00,8.113164381,6.1209893
2024-08-31 03:45:00,11.19877832,6.1209893
2024-08-31 04:00:00,7.711619466,6.1209893
2024-08-31 04:15:00,3.764219923,6.1209893
2024-08-31 04:30:00,2.039817521,6.1209893
2024-08-31 04:45:00,4.86336517,6.1209893
2024-08-31 05:00:00,3.1736070310000004,6.1209893
2024-08-31 05:15:00,7.618999875,6.1209893
2024-08-31 05:30:00,2.225795885,6.1209893
2024-08-31 05:45:00,8.871758315,6.1209893
2024-08-31 06:00:00,8.594724189,6.1209893
2024-08-31 06:15:00,8.911985768,6.1209893
2024-08-31 06:30:00,11.52225954,6.1209893
2024-08-31 06:45:00,8.420849226,6.1209893
2024-08-31 07:00:00,9.601278346,6.1209893
2024-08-31 07:15:00,2.073810478,6.1209893
2024-08-31 07:30:00,10.59966986,6.1209893
2024-08-31 07:45:00,3.324236791,6.1209893
2024-08-31 08:00:00,6.302038894,6.1209893
2024-08-31 08:15:00,10.64780062,6.1209893
2024-08-31 08:30:00,3.0466357840000002,6.1209893
2024-08-31 08:45:00,1.4470682680000002,6.1209893
2024-08-31 09:00:00,4.330434862,6.1209893
2024-08-31 09:15:00,2.7491256150000005,6.1209893
2024-08-31 09:30:00,8.086307978,6.1209893
2024-08-31 09:45:00,3.965594223,6.1209893
2024-08-31 10:00:00,1.726080789,6.1209893
2024-08-31 10:15:00,10.67174856,6.1209893
2024-08-31 10:30:00,1.7103261,6.1209893
2024-08-31 10:45:00,3.9274164669999996,6.1209893
2024-08-31 11:00:00,3.689383531,6.1209893
2024-08-31 11:15:00,1.381455205,6.1209893
2024-08-31 11:30:00,2.8780960589999998,6.1209893
2024-08-31 11:45:00,9.741846371,6.1209893
2024-08-31 12:00:00,1.556979853,6.1209893
2024-08-31 12:15:00,1.430934659,6.1209893
2024-08-31 12:30:00,7.799112400000001,6.1209893
2024-08-31 12:45:00,2.071604496,6.1209893
2024-08-31 13:00:00,4.913148325,6.1209893
2024-08-31 13:15:00,1.159971882,6.1209893
2024-08-31 13:30:00,4.986931085,6.1209893
2024-08-31 13:45:00,4.296716995,6.1209893
2024-08-31 14:00:00,7.671538912,6.1209893
2024-08-31 14:15:00,6.27704078,6.1209893
2024-08-31 14:30:00,8.027294879,6.1209893
2024-08-31 14:45:00,10.57728287,6.1209893
2024-08-31 15:00:00,9.517557236,6.1209893
2024-08-31 15:15:00,10.80880857,6.1209893
2024-08-31 15:30:00,1.7703398279999998,6.1209893
2024-08-31 15:45:00,11.08698526,6.1209893
2024-08-31 16:00:00,4.426965286,6.1209893
2024-08-31 16:15:00,4.005983667,6.1209893
2024-08-31 16:30:00,5.239389176,6.1209893
2024-08-31 16:45:00,9.258403718,6.1209893
2024-08-31 17:00:00,11.103436009999998,6.1209893
2024-08-31 17:15:00,6.958868001,6.1209893
2024-08-31 17:30:00,2.837883431,6.1209893
2024-08-31 17:45:00,3.270097083,6.1209893
2024-08-31 18:00:00,5.384846092,6.1209893
2024-08-31 18:15:00,4.866173055,6.1209893
2024-08-31 18:30:00,3.649898178,6.1209893
2024-08-31 18:45:00,10.0431598,6.1209893
2024-08-31 19:00:00,3.962289976,6.1209893
2024-08-31 19:15:00,7.142280102999999,6.1209893
2024-08-31 19:30:00,6.178751787,6.1209893
2024-08-31 19:45:00,10.71326121,6.1209893
2024-08-31 20:00:00,7.622757542,6.1209893
2024-08-31 20:15:00,4.652782444,6.1209893
2024-08-31 20:30:00,7.88390514,6.1209893
2024-08-31 20:45:00,4.39943876,6.1209893
2024-08-31 21:00:00,2.05177825,6.1209893
2024-08-31 21:15:00,6.002567102,6.1209893
2024-08-31 21:30:00,10.06036239,6.1209893
2024-08-31 21:45:00,10.23331403,6.1209893
2024-08-31 22:00:00,6.792380125,6.1209893
2024-08-31 22:15:00,8.612014482,6.1209893
2024-08-31 22:30:00,7.413251544,6.1209893
2024-08-31 22:45:00,9.430809147,6.1209893
2024-08-31 23:00:00,2.314722487,6.1209893
2024-08-31 23:15:00,5.478282431,6.1209893
2024-08-31 23:30:00,3.706731991,6.1209893
2024-08-31 23:45:00,1.22174153,6.1209893
2024-09-01 00:00:00,9.809262661,6.1209893
2024-09-01 00:15:00,2.5500619920000003,6.1209893
2024-09-01 00:30:00,4.674337122,6.1209893
2024-09-01 00:45:00,10.14136869,6.1209893
2024-09-01 01:00:00,8.660069744,6.1209893
2024-09-01 01:15:00,7.131015495,6.1209893
2024-09-01 01:30:00,4.474085524,6.1209893
2024-09-01 01:45:00,6.615638102,6.1209893
2024-09-01 02:00:00,1.752322464,6.1209893
2024-09-01 02:15:00,8.38349245,6.1209893
2024-09-01 02:30:00,3.567949026,6.1209893
2024-09-01 02:45:00,6.218558105,6.1209893
2024-09-01 03:00:00,2.139344088,6.1209893
2024-09-01 03:15:00,8.659429204,6.1209893
2024-09-01 03:30:00,10.84941449,6.1209893
2024-09-01 03:45:00,5.718777517,6.1209893
2024-09-01 04:00:00,2.061139645,6.1209893
2024-09-01 04:15:00,10.85301664,6.1209893
2024-09-01 04:30:00,5.894427468000001,6.1209893
2024-09-01 04:45:00,1.979737722,6.1209893
2024-09-01 05:00:00,3.243572437,6.1209893
2024-09-01 05:15:00,2.397152422,6.1209893
2024-09-01 05:30:00,3.149907873,6.1209893
2024-09-01 05:45:00,2.787602043,6.1209893
2024-09-01 06:00:00,10.77714782,6.1209893
2024-09-01 06:15:00,3.395909603,6.1209893
2024-09-01 06:30:00,5.7801117799999995,6.1209893
2024-09-01 06:45:00,9.172585201,6.1209893
2024-09-01 07:00:00,8.136917825,6.1209893
2024-09-01 07:15:00,11.02549586,6.1209893
2024-09-01 07:30:00,11.00205017,6.1209893
2024-09-01 07:45:00,7.069830067999999,6.1209893
2024-09-01 08:00:00,8.981233246,6.1209893
2024-09-01 08:15:00,5.177024821,6.1209893
2024-09-01 08:30:00,5.600907186,6.1209893
2024-09-01 08:45:00,2.20067801,6.1209893
2024-09-01 09:00:00,7.96426119,6.1209893
2024-09-01 09:15:00,3.918577473,6.1209893
2024-09-01 09:30:00,2.025615083,6.1209893
2024-09-01 09:45:00,2.230597678,6.1209893
2024-09-01 10:00:00,8.612167868,6.1209893
2024-09-01 10:15:00,3.4473569720000006,6.1209893
2024-09-01 10:30:00,9.103255485,6.1209893
2024-09-01 10:45:00,11.004912000000001,6.1209893
2024-09-01 11:00:00,4.779370942,6.1209893
2024-09-01 11:15:00,9.478760756,6.1209893
2024-09-01 11:30:00,5.7044914669999995,6.1209893
2024-09-01 11:45:00,9.448628649,6.1209893
2024-09-01 12:00:00,4.216199738,6.1209893
2024-09-01 12:15:00,10.69892416,6.1209893
2024-09-01 12:30:00,11.23692962,6.1209893
2024-09-01 12:45:00,5.212371739,6.1209893
2024-09-01 13:00:00,3.220065681,6.1209893
2024-09-01 13:15:00,8.378705018,6.1209893
2024-09-01 13:30:00,7.110969917,6.1209893
2024-09-01 13:45:00,11.7520466,6.1209893
2024-09-01 14:00:00,9.535605449,6.1209893
2024-09-01 14:15:00,9.941200724,6.1209893
2024-09-01 14:30:00,8.894356272,6.1209893
2024-09-01 14:45:00,4.896558502,6.1209893
2024-09-01 15:00:00,10.92096774,6.1209893
2024-09-01 15:15:00,6.076017416,6.1209893
2024-09-01 15:30:00,5.484311211,6.1209893
2024-09-01 15:45:00,3.195616499,6.1209893
2024-09-01 16:00:00,4.227813366,6.1209893
2024-09-01 16:15:00,1.188207927,6.1209893
2024-09-01 16:30:00,7.97354519,6.1209893
2024-09-01 16:45:00,7.038010967,6.1209893
2024-09-01 17:00:00,5.374838499,6.1209893
2024-09-01 17:15:00,11.18785928,6.1209893
2024-09-01 17:30:00,8.532901752,6.1209893
2024-09-01 17:45:00,3.602396936,6.1209893
2024-09-01 18:00:00,4.903621961,6.1209893
2024-09-01 18:15:00,6.512320756,6.1209893
2024-09-01 18:30:00,6.850558157000001,6.1209893
2024-09-01 18:45:00,4.010991128,6.1209893
2024-09-01 19:00:00,3.733386861,6.1209893
2024-09-01 19:15:00,4.150314016,6.1209893
2024-09-01 19:30:00,11.08711929,6.1209893
2024-09-01 19:45:00,4.834190821,6.1209893
2024-09-01 20:00:00,5.13949448,6.1209893
2024-09-01 20:15:00,8.675482305,6.1209893
2024-09-01 20:30:00,2.817425514,6.1209893
2024-09-01 20:45:00,8.099302304,6.1209893
2024-09-01 21:00:00,7.997418501,6.1209893
2024-09-01 21:15:00,1.8397709310000003,6.1209893
2024-09-01 21:30:00,3.1046259399999996,6.1209893
2024-09-01 21:45:00,6.190167224,6.1209893
2024-09-01 22:00:00,9.815068861,6.1209893
2024-09-01 22:15:00,8.751845568,6.1209893
2024-09-01 22:30:00,10.15923386,6.1209893
2024-09-01 22:45:00,10.0004563,6.1209893
2024-09-01 23:00:00,6.612086653,6.1209893
2024-09-01 23:15:00,7.73021302,6.1209893
2024-09-01 23:30:00,10.68678935,6.1209893
2024-09-01 23:45:00,9.146317197,6.1209893
2024-09-02 00:00:00,4.946142978,6.1209893
2024-09-02 00:15:00,4.730740168,6.1209893
2024-09-02 00:30:00,4.796165371,6.1209893
2024-09-02 00:45:00,6.218736480999999,6.1209893
2024-09-02 01:00:00,4.945797232,6.1209893
2024-09-02 01:15:00,3.130843985,6.1209893
2024-09-02 01:30:00,7.523320718999999,6.1209893
2024-09-02 01:45:00,9.904899808,6.1209893
2024-09-02 02:00:00,6.188229017,6.1209893
2024-09-02 02:15:00,3.330681022,6.1209893
2024-09-02 02:30:00,9.286686251,6.1209893
2024-09-02 02:45:00,8.849501319,6.1209893
2024-09-02 03:00:00,8.464172913,6.1209893
2024-09-02 03:15:00,8.269790217,6.1209893
2024-09-02 03:30:00,9.055907823,6.1209893
2024-09-02 03:45:00,9.571809428,6.1209893
2024-09-02 04:00:00,10.04221078,6.1209893
2024-09-02 04:15:00,7.497563218,6.1209893
2024-09-02 04:30:00,5.140545005,6.1209893
2024-09-02 04:45:00,2.155639613,6.1209893
2024-09-02 05:00:00,8.7038669,6.1209893
2024-09-02 05:15:00,2.601765248,6.1209893
2024-09-02 05:30:00,9.997868168,6.1209893
2024-09-02 05:45:00,5.176939765,6.1209893
2024-09-02 06:00:00,9.914167238,6.1209893
2024-09-02 06:15:00,6.428081927999999,6.1209893
2024-09-02 06:30:00,5.754765974,6.1209893
2024-09-02 06:45:00,4.806234725,6.1209893
2024-09-02 07:00:00,1.799574506,6.1209893
2024-09-02 07:15:00,1.283504868,6.1209893
2024-09-02 07:30:00,6.350975395000001,6.1209893
2024-09-02 07:45:00,10.91719379,6.1209893
2024-09-02 08:00:00,6.942221882,6.1209893
2024-09-02 08:15:00,10.08835097,6.1209893
2024-09-02 08:30:00,11.44282324,6.1209893
2024-09-02 08:45:00,2.962783761,6.1209893
2024-09-02 09:00:00,7.855639176,6.1209893
2024-09-02 09:15:00,5.464168609,6.1209893
2024-09-02 09:30:00,3.294899442,6.1209893
2024-09-02 09:45:00,3.612315478,6.1209893
2024-09-02 10:00:00,3.578206255,6.1209893
2024-09-02 10:15:00,8.39579396,6.1209893
2024-09-02 10:30:00,4.794012293,6.1209893
2024-09-02 10:45:00,3.763660855,6.1209893
2024-09-02 11:00:00,10.27548926,6.1209893
2024-09-02 11:15:00,1.5019118910000002,6.1209893
2024-09-02 11:30:00,8.664099168,6.1209893
2024-09-02 11:45:00,11.04054539,6.1209893
2024-09-02 12:00:00,7.483918759,6.1209893
2024-09-02 12:15:00,7.049543635,6.1209893
2024-09-02 12:30:00,1.754921857,6.1209893
2024-09-02 12:45:00,6.304366872,6.1209893
2024-09-02 13:00:00,4.813582663,6.1209893
2024-09-02 13:15:00,9.055171066,6.1209893
2024-09-02 13:30:00,9.557000921,6.1209893
2024-09-02 13:45:00,2.878274172,6.1209893
2024-09-02 14:00:00,6.489750715999999,6.1209893
2024-09-02 14:15:00,9.988420197,6.1209893
2024-09-02 14:30:00,7.494708204999999,6.1209893
2024-09-02 14:45:00,6.18156785,6.1209893
2024-09-02 15:00:00,10.91159725,6.1209893
2024-09-02 15:15:00,10.94103594,6.1209893
2024-09-02 15:30:00,3.6157911610000006,6.1209893
2024-09-02 15:45:00,3.0449124499999995,6.1209893
2024-09-02 16:00:00,10.24781031,6.1209893
2024-09-02 16:15:00,3.72003635,6.1209893
2024-09-02 16:30:00,9.969449997,6.1209893
2024-09-02 16:45:00,4.263591853,6.1209893
2024-09-02 17:00:00,1.335845011,6.1209893
2024-09-02 17:15:00,5.42532377,6.1209893
2024-09-02 17:30:00,1.5644989519999999,6.1209893
2024-09-02 17:45:00,3.210477737,6.1209893
2024-09-02 18:00:00,6.032496686000001,6.1209893
2024-09-02 18:15:00,1.585684772,6.1209893
2024-09-02 18:30:00,1.49697161,6.1209893
2024-09-02 18:45:00,2.809254335,6.1209893
2024-09-02 19:00:00,6.129258734,6.1209893
2024-09-02 19:15:00,11.18785299,6.1209893
2024-09-02 19:30:00,2.126379114,6.1209893
2024-09-02 19:45:00,7.53750225,6.1209893
2024-09-02 20:00:00,6.183509733999999,6.1209893
2024-09-02 20:15:00,1.7358844579999997,6.1209893
2024-09-02 20:30:00,1.53092425,6.1209893
2024-09-02 20:45:00,3.4616325650000004,6.1209893
2024-09-02 21:00:00,8.567839768,6.1209893
2024-09-02 21:15:00,11.34550589,6.1209893
2024-09-02 21:30:00,6.795636721,6.1209893
2024-09-02 21:45:00,1.6534061640000002,6.1209893
2024-09-02 22:00:00,3.79471154,6.1209893
2024-09-02 22:15:00,11.191458749999999,6.1209893
2024-09-02 22:30:00,1.266059159,6.1209893
2024-09-02 22:45:00,7.214383214,6.1209893
2024-09-02 23:00:00,2.949872182,6.1209893
2024-09-02 23:15:00,1.805574639,6.1209893
2024-09-02 23:30:00,3.714305892,6.1209893
2024-09-02 23:45:00,10.71279572,6.1209893
2024-09-03 00:00:00,9.202457687,6.1209893
2024-09-03 00:15:00,3.036220179,6.1209893
2024-09-03 00:30:00,1.777106595,6.1209893
2024-09-03 00:45:00,6.425846605,6.1209893
2024-09-03 01:00:00,1.677439222,6.1209893
2024-09-03 01:15:00,5.372341792,6.1209893
2024-09-03 01:30:00,9.093407216,6.1209893
2024-09-03 01:45:00,6.404000218,6.1209893
2024-09-03 02:00:00,9.977518226,6.1209893
2024-09-03 02:15:00,9.40325264,6.1209893
2024-09-03 02:30:00,6.935601743,6.1209893
2024-09-03 02:45:00,9.369427017,6.1209893
2024-09-03 03:00:00,2.097810028,6.1209893
2024-09-03 03:15:00,3.272728821,6.1209893
2024-09-03 03:30:00,8.470761284,6.1209893
2024-09-03 03:45:00,1.203682683,6.1209893
2024-09-03 04:00:00,1.215933899,6.1209893
2024-09-03 04:15:00,5.075962269,6.1209893
2024-09-03 04:30:00,10.24062223,6.1209893
2024-09-03 04:45:00,11.27086881,6.1209893
2024-09-03 05:00:00,7.912897822,6.1209893
2024-09-03 05:15:00,11.122603450000002,6.1209893
2024-09-03 05:30:00,9.837579836,6.1209893
2024-09-03 05:45:00,3.148559467,6.1209893
2024-09-03 06:00:00,5.362937891,6.1209893
2024-09-03 06:15:00,7.802700296,6.1209893
2024-09-03 06:30:00,2.733747478,6.1209893
2024-09-03 06:45:00,4.420993203,6.1209893
2024-09-03 07:00:00,8.9703865,6.1209893
2024-09-03 07:15:00,4.792996556,6.1209893
2024-09-03 07:30:00,10.69002421,6.1209893
2024-09-03 07:45:00,5.307249816,6.1209893
2024-09-03 08:00:00,3.5068003920000006,6.1209893
2024-09-03 08:15:00,3.2863830790000006,6.1209893
2024-09-03 08:30:00,8.422442798,6.1209893
2024-09-03 08:45:00,5.079629036,6.1209893
2024-09-03 09:00:00,3.64998569,6.1209893
2024-09-03 09:15:00,8.105255889,6.1209893
2024-09-03 09:30:00,5.514717939,6.1209893
2024-09-03 09:45:00,9.86252341,6.1209893
2024-09-03 10:00:00,6.758258318,6.1209893
2024-09-03 10:15:00,11.2468211,6.1209893
2024-09-03 10:30:00,5.109639976,6.1209893
2024-09-03 10:45:00,4.029210669,6.1209893
2024-09-03 11:00:00,7.791985041000001,6.1209893
2024-09-03 11:15:00,8.437126167,6.1209893
2024-09-03 11:30:00,1.359164025,6.1209893
2024-09-03 11:45:00,8.032965812,6.1209893
2024-09-03 12:00:00,2.9424312790000005,6.1209893
2024-09-03 12:15:00,10.69543666,6.1209893
2024-09-03 12:30:00,7.167748576,6.1209893
2024-09-03 12:45:00,2.420031097,6.1209893
2024-09-03 13:00:00,1.720285187,6.1209893
2024-09-03 13:15:00,9.95715272,6.1209893
2024-09-03 13:30:00,9.83734303,6.1209893
2024-09-03 13:45:00,5.47966049,6.1209893
2024-09-03 14:00:00,2.075046492,6.1209893
2024-09-03 14:15:00,5.259473019,6.1209893
2024-09-03 14:30:00,9.087891574,6.1209893
2024-09-03 14:45:00,7.807688698,6.1209893
2024-09-03 15:00:00,9.940644143,6.1209893
2024-09-03 15:15:00,8.970299725,6.1209893
2024-09-03 15:30:00,4.399336035,6.1209893
2024-09-03 15:45:00,4.656191965,6.1209893
2024-09-03 16:00:00,8.113271243,6.1209893
2024-09-03 16:15:00,4.343229556,6.1209893
2024-09-03 16:30:00,9.802469464,6.1209893
2024-09-03 16:45:00,4.481742579,6.1209893
2024-09-03 17:00:00,6.125306952,6.1209893
2024-09-03 17:15:00,1.671730322,6.1209893
2024-09-03 17:30:00,2.458135695,6.1209893
2024-09-03 17:45:00,2.5550878840000006,6.1209893
2024-09-03 18:00:00,4.676609676,6.1209893
2024-09-03 18:15:00,2.41860234,6.1209893
2024-09-03 18:30:00,5.736156574,6.1209893
2024-09-03 18:45:00,4.02786544,6.1209893
2024-09-03 19:00:00,4.050009154,6.1209893
2024-09-03 19:15:00,5.741984866,6.1209893
2024-09-03 19:30:00,10.23457359,6.1209893
2024-09-03 19:45:00,8.946078894,6.1209893
2024-09-03 20:00:00,10.01338673,6.1209893
2024-09-03 20:15:00,11.64064656,6.1209893
2024-09-03 20:30:00,1.26256238,6.1209893
2024-09-03 20:45:00,8.42626918,6.1209893
2024-09-03 21:00:00,2.484852105,6.1209893
2024-09-03 21:15:00,10.67583044,6.1209893
2024-09-03 21:30:00,3.4869512830000002,6.1209893
2024-09-03 21:45:00,4.934873853,6.1209893
2024-09-03 22:00:00,11.44723142,6.1209893
2024-09-03 22:15:00,9.971406408,6.1209893
2024-09-03 22:30:00,1.604584733,6.1209893
2024-09-03 22:45:00,1.616298183,6.1209893
2024-09-03 23:00:00,9.470499381,6.1209893
2024-09-03 23:15:00,1.8880422529999998,6.1209893
2024-09-03 23:30:00,9.982444078,6.1209893
2024-09-03 23:45:00,10.78489841,6.1209893
2024-09-04 00:00:00,1.371184307,6.1209893
2024-09-04 00:15:00,3.421793298,6.1209893
2024-09-04 00:30:00,1.327897201,6.1209893
2024-09-04 00:45:00,1.909825254,6.1209893
2024-09-04 01:00:00,6.848286754,6.1209893
2024-09-04 01:15:00,8.43751169,6.1209893
2024-09-04 01:30:00,6.176791624,6.1209893
2024-09-04 01:45:00,5.076194027,6.1209893
2024-09-04 02:00:00,3.346938876,6.1209893
2024-09-04 02:15:00,3.6109735609999998,6.1209893
2024-09-04 02:30:00,7.240951696999999,6.1209893
2024-09-04 02:45:00,10.02126272,6.1209893
2024-09-04 03:00:00,5.491425442,6.1209893
2024-09-04 03:15:00,10.95727936,6.1209893
2024-09-04 03:30:00,1.6635224279999998,6.1209893
2024-09-04 03:45:00,9.753215305,6.1209893
2024-09-04 04:00:00,4.61801254,6.1209893
2024-09-04 04:15:00,10.17754766,6.1209893
2024-09-04 04:30:00,10.56863068,6.1209893
2024-09-04 04:45:00,8.275647128,6.1209893
2024-09-04 05:00:00,4.845701958,6.1209893
2024-09-04 05:15:00,5.886401438,6.1209893
2024-09-04 05:30:00,7.019572266,6.1209893
2024-09-04 05:45:00,5.879011074,6.1209893
2024-09-04 06:00:00,8.936319103,6.1209893
2024-09-04 06:15:00,9.063055274,6.1209893
2024-09-04 06:30:00,1.235691646,6.1209893
2024-09-04 06:45:00,2.7442766020000002,6.1209893
2024-09-04 07:00:00,4.733960615,6.1209893
2024-09-04 07:15:00,7.935352939,6.1209893
2024-09-04 07:30:00,3.499589151,6.1209893
2024-09-04 07:45:00,4.641602204,6.1209893
2024-09-04 08:00:00,5.794159601,6.1209893
2024-09-04 08:15:00,7.253854442,6.1209893
2024-09-04 08:30:00,10.61577237,6.1209893
2024-09-04 08:45:00,9.783727016,6.1209893
2024-09-04 09:00:00,4.95021024,6.1209893
2024-09-04 09:15:00,9.315003799,6.1209893
2024-09-04 09:30:00,9.951544121,6.1209893
2024-09-04 09:45:00,6.383860803000001,6.1209893
2024-09-04 10:00:00,4.246989119,6.1209893
2024-09-04 10:15:00,11.112090659999998,6.1209893
2024-09-04 10:30:00,10.87831267,6.1209893
2024-09-04 10:45:00,3.43072791,6.1209893
2024-09-04 11:00:00,9.113478645,6.1209893
2024-09-04 11:15:00,1.6087349279999998,6.1209893
2024-09-04 11:30:00,1.172932534,6.1209893
2024-09-04 11:45:00,4.755382042,6.1209893
2024-09-04 12:00:00,5.771846308,6.1209893
2024-09-04 12:15:00,6.794613954,6.1209893
2024-09-04 12:30:00,5.002540844,6.1209893
2024-09-04 12:45:00,2.4961936790000006,6.1209893
2024-09-04 13:00:00,4.601348936,6.1209893
2024-09-04 13:15:00,9.693241405,6.1209893
2024-09-04 13:30:00,4.580468238,6.1209893
2024-09-04 13:45:00,7.082618292,6.1209893
2024-09-04 14:00:00,7.960555164,6.1209893
2024-09-04 14:15:00,8.507325398,6.1209893
2024-09-04 14:30:00,6.172844031,6.1209893
2024-09-04 14:45:00,2.457568309,6.1209893
2024-09-04 15:00:00,10.5316759,6.1209893
2024-09-04 15:15:00,3.869898684,6.1209893
2024-09-04 15:30:00,4.581381541,6.1209893
2024-09-04 15:45:00,9.369333631,6.1209893
2024-09-04 16:00:00,8.965444669,6.1209893
2024-09-04 16:15:00,10.52963702,6.1209893
2024-09-04 16:30:00,1.4939431709999997,6.1209893
2024-09-04 16:45:00,10.28448482,6.1209893
2024-09-04 17:00:00,9.305971323,6.1209893
2024-09-04 17:15:00,6.641078428,6.1209893
2024-09-04 17:30:00,2.800228692,6.1209893
2024-09-04 17:45:00,6.9108269170000005,6.1209893
2024-09-04 18:00:00,3.101121531,6.1209893
2024-09-04 18:15:00,10.7087879,6.1209893
2024-09-04 18:30:00,8.306640773,6.1209893
2024-09-04 18:45:00,7.4911654080000005,6.1209893
2024-09-04 19:00:00,9.536164148,6.1209893
2024-09-04 19:15:00,6.674159342,6.1209893
2024-09-04 19:30:00,1.733062649,6.1209893
2024-09-04 19:45:00,3.83641554,6.1209893
2024-09-04 20:00:00,11.0589773,6.1209893
2024-09-04 20:15:00,9.766366505,6.1209893
2024-09-04 20:30:00,10.65500355,6.1209893
2024-09-04 20:45:00,2.18347587,6.1209893
2024-09-04 21:00:00,3.761372207,6.1209893
2024-09-04 21:15:00,1.827254022,6.1209893
2024-09-04 21:30:00,9.325924175,6.1209893
2024-09-04 21:45:00,2.949441401,6.1209893
2024-09-04 22:00:00,5.370970811,6.1209893
2024-09-04 22:15:00,3.8081327980000004,6.1209893
2024-09-04 22:30:00,10.78294525,6.1209893
2024-09-04 22:45:00,7.406194519,6.1209893
2024-09-04 23:00:00,9.529675201,6.1209893
2024-09-04 23:15:00,7.395199262999999,6.1209893
2024-09-04 23:30:00,7.400457598,6.1209893
2024-09-04 23:45:00,5.216054935,6.1209893
2024-09-05 00:00:00,3.448675392,6.1209893
2024-09-05 00:15:00,4.749160922,6.1209893
2024-09-05 00:30:00,4.040740606,6.1209893
2024-09-05 00:45:00,8.13951717,6.1209893
2024-09-05 01:00:00,5.586557679,6.1209893
2024-09-05 01:15:00,6.6546117659999995,6.1209893
2024-09-05 01:30:00,8.846690797,6.1209893
2024-09-05 01:45:00,4.11125079,6.1209893
2024-09-05 02:00:00,5.371222377,6.1209893
2024-09-05 02:15:00,6.760876079,6.1209893
2024-09-05 02:30:00,1.70051439,6.1209893
2024-09-05 02:45:00,2.694039956,6.1209893
2024-09-05 03:00:00,1.82960389,6.1209893
2024-09-05 03:15:00,9.195501073,6.1209893
2024-09-05 03:30:00,4.148065179,6.1209893
2024-09-05 03:45:00,5.46256982,6.1209893
2024-09-05 04:00:00,8.257838296,6.1209893
2024-09-05 04:15:00,11.222785539999999,6.1209893
2024-09-05 04:30:00,9.772953728,6.1209893
2024-09-05 04:45:00,1.767802594,6.1209893
2024-09-05 05:00:00,4.483939688,6.1209893
2024-09-05 05:15:00,1.664385802,6.1209893
2024-09-05 05:30:00,1.7968900650000001,6.1209893
2024-09-05 05:45:00,2.4864392110000004,6.1209893
2024-09-05 06:00:00,4.459340629,6.1209893
2024-09-05 06:15:00,3.611393252,6.1209893
2024-09-05 06:30:00,4.819717134,6.1209893
2024-09-05 06:45:00,9.823283699,6.1209893
2024-09-05 07:00:00,9.599164611,6.1209893
2024-09-05 07:15:00,4.824670885,6.1209893
2024-09-05 07:30:00,8.066177481,6.1209893
2024-09-05 07:45:00,4.897095351,6.1209893
2024-09-05 08:00:00,5.083103478,6.1209893
2024-09-05 08:15:00,8.293037544,6.1209893
2024-09-05 08:30:00,5.286425001,6.1209893
2024-09-05 08:45:00,6.546522764,6.1209893
2024-09-05 09:00:00,2.313669917,6.1209893
2024-09-05 09:15:00,6.73017083,6.1209893
2024-09-05 09:30:00,8.660917775,6.1209893
2024-09-05 09:45:00,10.15967453,6.1209893
2024-09-05 10:00:00,2.701736644,6.1209893
2024-09-05 10:15:00,5.586526786,6.1209893
2024-09-05 10:30:00,5.908949989000001,6.1209893
2024-09-05 10:45:00,10.47583638,6.1209893
2024-09-05 11:00:00,3.852590784,6.1209893
2024-09-05 11:15:00,2.9131992400000004,6.1209893
2024-09-05 11:30:00,2.632567377,6.1209893
2024-09-05 11:45:00,2.8584199689999994,6.1209893
2024-09-05 12:00:00,10.15595275,6.1209893
2024-09-05 12:15:00,7.780770699,6.1209893
2024-09-05 12:30:00,5.427184891,6.1209893
2024-09-05 12:45:00,10.13349449,6.1209893
2024-09-05 13:00:00,4.122959095,6.1209893
2024-09-05 13:15:00,10.96394752,6.1209893
2024-09-05 13:30:00,8.980592982,6.1209893
2024-09-05 13:45:00,1.373599079,6.1209893
2024-09-05 14:00:00,5.897800034000001,6.1209893
2024-09-05 14:15:00,9.995354091,6.1209893
2024-09-05 14:30:00,5.295454366,6.1209893
2024-09-05 14:45:00,11.12115187,6.1209893
2024-09-05 15:00:00,9.710303435,6.1209893
2024-09-05 15:15:00,8.938679664,6.1209893
2024-09-05 15:30:00,2.5891031870000005,6.1209893
2024-09-05 15:45:00,2.358202341,6.1209893
2024-09-05 16:00:00,7.837597870999999,6.1209893
2024-09-05 16:15:00,8.17088163,6.1209893
2024-09-05 16:30:00,2.582956987,6.1209893
2024-09-05 16:45:00,10.4256381,6.1209893
2024-09-05 17:00:00,10.32732659,6.1209893
2024-09-05 17:15:00,5.455834666,6.1209893
2024-09-05 17:30:00,7.413374948,6.1209893
2024-09-05 17:45:00,6.281200612,6.1209893
2024-09-05 18:00:00,1.491985674,6.1209893
2024-09-05 18:15:00,2.172405247,6.1209893
2024-09-05 18:30:00,9.022440176,6.1209893
2024-09-05 18:45:00,6.068063973,6.1209893
2024-09-05 19:00:00,7.358753416,6.1209893
2024-09-05 19:15:00,7.297995661,6.1209893
2024-09-05 19:30:00,5.080754317,6.1209893
2024-09-05 19:45:00,1.4888496149999997,6.1209893
2024-09-05 20:00:00,9.171162426,6.1209893
2024-09-05 20:15:00,5.819274432,6.1209893
2024-09-05 20:30:00,2.6041048290000006,6.1209893
2024-09-05 20:45:00,1.36646999,6.1209893
2024-09-05 21:00:00,1.360363217,6.1209893
2024-09-05 21:15:00,1.4803703489999998,6.1209893
2024-09-05 21:30:00,2.7389159970000003,6.1209893
2024-09-05 21:45:00,3.534147806,6.1209893
2024-09-05 22:00:00,3.715108907,6.1209893
2024-09-05 22:15:00,7.626880613,6.1209893
2024-09-05 22:30:00,3.606177261,6.1209893
2024-09-05 22:45:00,7.7986056260000005,6.1209893
2024-09-05 23:00:00,9.552772192,6.1209893
2024-09-05 23:15:00,5.212376096,6.1209893
2024-09-05 23:30:00,8.743637185,6.1209893
2024-09-05 23:45:00,2.204911452,6.1209893
2024-09-06 00:00:00,4.672384246,6.1209893
2024-09-06 00:15:00,8.210173205,6.1209893
2024-09-06 00:30:00,10.48004733,6.1209893
2024-09-06 00:45:00,7.250808029,6.1209893
2024-09-06 01:00:00,5.045896277,6.1209893
2024-09-06 01:15:00,4.361041895,6.1209893
2024-09-06 01:30:00,5.065229913,6.1209893
2024-09-06 01:45:00,7.519133799,6.1209893
2024-09-06 02:00:00,4.495347896,6.1209893
2024-09-06 02:15:00,6.067399799,6.1209893
2024-09-06 02:30:00,8.869066681,6.1209893
2024-09-06 02:45:00,3.528328896,6.1209893
2024-09-06 03:00:00,8.463577074,6.1209893
2024-09-06 03:15:00,9.275174248,6.1209893
2024-09-06 03:30:00,9.783514852,6.1209893
2024-09-06 03:45:00,1.377565656,6.1209893
2024-09-06 04:00:00,2.388690174,6.1209893
2024-09-06 04:15:00,11.151091140000002,6.1209893
2024-09-06 04:30:00,2.46138507,6.1209893
2024-09-06 04:45:00,6.112058914,6.1209893
2024-09-06 05:00:00,2.879836051,6.1209893
2024-09-06 05:15:00,9.441346625,6.1209893
2024-09-06 05:30:00,2.108664108,6.1209893
2024-09-06 05:45:00,1.988326696,6.1209893
2024-09-06 06:00:00,6.482321450999999,6.1209893
2024-09-06 06:15:00,3.610408806,6.1209893
2024-09-06 06:30:00,8.051784323,6.1209893
2024-09-06 06:45:00,8.264816458,6.1209893
2024-09-06 07:00:00,7.284765859,6.1209893
2024-09-06 07:15:00,9.734263956,6.1209893
2024-09-06 07:30:00,8.279970022,6.1209893
2024-09-06 07:45:00,3.036019559,6.1209893
2024-09-06 08:00:00,1.901222835,6.1209893
2024-09-06 08:15:00,8.672514511,6.1209893
2024-09-06 08:30:00,8.739243567,6.1209893
2024-09-06 08:45:00,9.604067924,6.1209893
2024-09-06 09:00:00,3.146788761,6.1209893
2024-09-06 09:15:00,3.5379589339999997,6.1209893
2024-09-06 09:30:00,7.153239318,6.1209893
2024-09-06 09:45:00,2.7335432650000007,6.1209893
2024-09-06 10:00:00,4.425345144,6.1209893
2024-09-06 10:15:00,9.216156413,6.1209893
2024-09-06 10:30:00,4.706850526,6.1209893
2024-09-06 10:45:00,1.264181479,6.1209893
2024-09-06 11:00:00,8.020637725,6.1209893
2024-09-06 11:15:00,3.026217806,6.1209893
2024-09-06 11:30:00,3.047563789,6.1209893
2024-09-06 11:45:00,1.323823181,6.1209893
2024-09-06 12:00:00,7.18466195,6.1209893
2024-09-06 12:15:00,6.6337788689999995,6.1209893
2024-09-06 12:30:00,2.23889525,6.1209893
2024-09-06 12:45:00,1.683268541,6.1209893
2024-09-06 13:00:00,6.321166121,6.1209893
2024-09-06 13:15:00,9.002328775,6.1209893
2024-09-06 13:30:00,11.1866979,6.1209893
2024-09-06 13:45:00,1.9735047199999998,6.1209893
2024-09-06 14:00:00,8.526323194,6.1209893
2024-09-06 14:15:00,3.1308380499999995,6.1209893
2024-09-06 14:30:00,1.4724789499999997,6.1209893
2024-09-06 14:45:00,4.593193161,6.1209893
2024-09-06 15:00:00,7.010756039,6.1209893
2024-09-06 15:15:00,7.465686657,6.1209893
2024-09-06 15:30:00,1.628584528,6.1209893
2024-09-06 15:45:00,10.88468978,6.1209893
2024-09-06 16:00:00,1.683711189,6.1209893
2024-09-06 16:15:00,3.378556366,6.1209893
2024-09-06 16:30:00,5.701773835,6.1209893
2024-09-06 16:45:00,10.77015874,6.1209893
2024-09-06 17:00:00,11.57060684,6.1209893
2024-09-06 17:15:00,1.167509425,6.1209893
2024-09-06 17:30:00,3.453276687,6.1209893
2024-09-06 17:45:00,6.499076273,6.1209893
2024-09-06 18:00:00,8.351092062,6.1209893
2024-09-06 18:15:00,8.137761886,6.1209893
2024-09-06 18:30:00,3.899466034,6.1209893
2024-09-06 18:45:00,3.177509779,6.1209893
2024-09-06 19:00:00,1.315930105,6.1209893
2024-09-06 19:15:00,9.736750036,6.1209893
2024-09-06 19:30:00,4.956702759,6.1209893
2024-09-06 19:45:00,10.05302836,6.1209893
2024-09-06 20:00:00,4.367048141,6.1209893
2024-09-06 20:15:00,8.792025441,6.1209893
2024-09-06 20:30:00,1.895047749,6.1209893
2024-09-06 20:45:00,9.441791516,6.1209893
2024-09-06 21:00:00,10.53218296,6.1209893
2024-09-06 21:15:00,3.9168412020000005,6.1209893
2024-09-06 21:30:00,2.723669226,6.1209893
2024-09-06 21:45:00,3.216348004,6.1209893
2024-09-06 22:00:00,10.37697915,6.1209893
2024-09-06 22:15:00,4.148156422,6.1209893
2024-09-06 22:30:00,3.568513412,6.1209893
2024-09-06 22:45:00,11.56708894,6.1209893
2024-09-06 23:00:00,8.202157855,6.1209893
2024-09-06 23:15:00,9.80811533,6.1209893
2024-09-06 23:30:00,8.921724501,6.1209893
2024-09-06 23:45:00,5.079790796,6.1209893
2024-09-07 00:00:00,9.932315101,6.1209893
2024-09-07 00:15:00,7.125242044,6.1209893
2024-09-07 00:30:00,8.200527756,6.1209893
2024-09-07 00:45:00,4.708305793,6.1209893
2024-09-07 01:00:00,11.07676229,6.1209893
2024-09-07 01:15:00,9.849766673,6.1209893
2024-09-07 01:30:00,2.749622886,6.1209893
2024-09-07 01:45:00,3.297940213,6.1209893
2024-09-07 02:00:00,9.028683716,6.1209893
2024-09-07 02:15:00,1.4441408470000001,6.1209893
2024-09-07 02:30:00,4.597724024,6.1209893
2024-09-07 02:45:00,6.70935195,6.1209893
2024-09-07 03:00:00,3.2887619590000003,6.1209893
2024-09-07 03:15:00,9.996993474,6.1209893
2024-09-07 03:30:00,10.42484774,6.1209893
2024-09-07 03:45:00,11.3507676,6.1209893
2024-09-07 04:00:00,2.6451702330000004,6.1209893
2024-09-07 04:15:00,1.9771620630000002,6.1209893
2024-09-07 04:30:00,6.936609566,6.1209893
2024-09-07 04:45:00,9.293809272,6.1209893
2024-09-07 05:00:00,4.22370498,6.1209893
2024-09-07 05:15:00,3.590181875,6.1209893
2024-09-07 05:30:00,6.696962209,6.1209893
2024-09-07 05:45:00,6.222854083,6.1209893
2024-09-07 06:00:00,5.988847298,6.1209893
2024-09-07 06:15:00,5.541904126,6.1209893
2024-09-07 06:30:00,8.706747494,6.1209893
2024-09-07 06:45:00,7.3939878310000005,6.1209893
2024-09-07 07:00:00,6.347736241999999,6.1209893
2024-09-07 07:15:00,8.70183166,6.1209893
2024-09-07 07:30:00,3.709919691,6.1209893
2024-09-07 07:45:00,10.2618884,6.1209893
2024-09-07 08:00:00,5.15723734,6.1209893
2024-09-07 08:15:00,4.327416899,6.1209893
2024-09-07 08:30:00,6.775052079,6.1209893
2024-09-07 08:45:00,3.962298636,6.1209893
2024-09-07 09:00:00,3.8303118490000005,6.1209893
2024-09-07 09:15:00,1.967510825,6.1209893
2024-09-07 09:30:00,7.898850629000001,6.1209893
2024-09-07 09:45:00,10.3223276,6.1209893
2024-09-07 10:00:00,8.407248596,6.1209893
2024-09-07 10:15:00,7.154057143,6.1209893
2024-09-07 10:30:00,8.463366713,6.1209893
2024-09-07 10:45:00,11.10461991,6.1209893
2024-09-07 11:00:00,4.705853066,6.1209893
2024-09-07 11:15:00,5.583185357,6.1209893
2024-09-07 11:30:00,3.939739124,6.1209893
2024-09-07 11:45:00,1.337068332,6.1209893
2024-09-07 12:00:00,4.66196002,6.1209893
2024-09-07 12:15:00,1.8751931789999998,6.1209893
2024-09-07 12:30:00,10.35244669,6.1209893
2024-09-07 12:45:00,8.531633543,6.1209893
2024-09-07 13:00:00,4.296887141,6.1209893
2024-09-07 13:15:00,4.594576013,6.1209893
2024-09-07 13:30:00,7.122791204,6.1209893
2024-09-07 13:45:00,9.221601841,6.1209893
2024-09-07 14:00:00,8.577362229,6.1209893
2024-09-07 14:15:00,1.4494058530000002,6.1209893
2024-09-07 14:30:00,9.332679579,6.1209893
2024-09-07 14:45:00,10.33638823,6.1209893
2024-09-07 15:00:00,2.197377079,6.1209893
2024-09-07 15:15:00,8.886988197,6.1209893
2024-09-07 15:30:00,3.8354097740000004,6.1209893
2024-09-07 15:45:00,3.023717793,6.1209893
2024-09-07 16:00:00,6.851744793,6.1209893
2024-09-07 16:15:00,6.7730285530000005,6.1209893
2024-09-07 16:30:00,6.241559246999999,6.1209893
2024-09-07 16:45:00,9.984097429,6.1209893
2024-09-07 17:00:00,3.5964949030000004,6.1209893
2024-09-07 17:15:00,7.574467655000001,6.1209893
2024-09-07 17:30:00,5.348741125,6.1209893
2024-09-07 17:45:00,10.5473896,6.1209893
2024-09-07 18:00:00,2.441663705,6.1209893
2024-09-07 18:15:00,1.95962327,6.1209893
2024-09-07 18:30:00,11.29302453,6.1209893
2024-09-07 18:45:00,7.188700348,6.1209893
2024-09-07 19:00:00,10.53749117,6.1209893
2024-09-07 19:15:00,5.31774469,6.1209893
2024-09-07 19:30:00,7.633092348,6.1209893
2024-09-07 19:45:00,8.608021062,6.1209893
2024-09-07 20:00:00,11.25396909,6.1209893
2024-09-07 20:15:00,2.230729104,6.1209893
2024-09-07 20:30:00,2.326971445,6.1209893
2024-09-07 20:45:00,6.599307756,6.1209893
2024-09-07 21:00:00,1.752166393,6.1209893
2024-09-07 21:15:00,8.691302398,6.1209893
2024-09-07 21:30:00,11.38673995,6.1209893
2024-09-07 21:45:00,9.381358939,6.1209893
2024-09-07 22:00:00,3.956668295,6.1209893
2024-09-07 22:15:00,9.769322257,6.1209893
2024-09-07 22:30:00,7.279914599,6.1209893
2024-09-07 22:45:00,2.38197462,6.1209893
2024-09-07 23:00:00,6.859498946,6.1209893
2024-09-07 23:15:00,10.0936378,6.1209893
2024-09-07 23:30:00,4.048741664,6.1209893
2024-09-07 23:45:00,8.037559792,6.1209893
2024-09-08 00:00:00,1.5941062619999997,6.1209893
2024-09-08 00:15:00,10.09472932,6.1209893
2024-09-08 00:30:00,3.282078079,6.1209893
2024-09-08 00:45:00,7.164543593,6.1209893
2024-09-08 01:00:00,6.54135733,6.1209893
2024-09-08 01:15:00,6.617508073,6.1209893
2024-09-08 01:30:00,3.677108942,6.1209893
2024-09-08 01:45:00,7.024357675,6.1209893
2024-09-08 02:00:00,7.419665699,6.1209893
2024-09-08 02:15:00,5.624412300999999,6.1209893
2024-09-08 02:30:00,7.644295439,6.1209893
2024-09-08 02:45:00,3.186627407,6.1209893
2024-09-08 03:00:00,6.397346483,6.1209893
2024-09-08 03:15:00,8.776912367,6.1209893
2024-09-08 03:30:00,4.995909556,6.1209893
2024-09-08 03:45:00,5.381040893,6.1209893
2024-09-08 04:00:00,2.862649467,6.1209893
2024-09-08 04:15:00,7.527324518,6.1209893
2024-09-08 04:30:00,2.512685147,6.1209893
2024-09-08 04:45:00,6.367157171000001,6.1209893
2024-09-08 05:00:00,3.327740818,6.1209893
2024-09-08 05:15:00,3.142850189,6.1209893
2024-09-08 05:30:00,2.181096041,6.1209893
2024-09-08 05:45:00,4.923692376,6.1209893
2024-09-08 06:00:00,10.06740899,6.1209893
2024-09-08 06:15:00,7.224669494,6.1209893
2024-09-08 06:30:00,9.033117845,6.1209893
2024-09-08 06:45:00,2.326456016,6.1209893
2024-09-08 07:00:00,4.521619635,6.1209893
2024-09-08 07:15:00,5.14402649,6.1209893
2024-09-08 07:30:00,9.921276966,6.1209893
2024-09-08 07:45:00,7.719295042000001,6.1209893
2024-09-08 08:00:00,6.431321569999999,6.1209893
2024-09-08 08:15:00,4.312686686,6.1209893
2024-09-08 08:30:00,9.171487478,6.1209893
2024-09-08 08:45:00,10.56040725,6.1209893
2024-09-08 09:00:00,6.681994721,6.1209893
2024-09-08 09:15:00,1.6024059460000002,6.1209893
2024-09-08 09:30:00,4.091932199,6.1209893
2024-09-08 09:45:00,8.9037249,6.1209893
2024-09-08 10:00:00,5.227609407,6.1209893
2024-09-08 10:15:00,7.772610233,6.1209893
2024-09-08 10:30:00,6.670750497,6.1209893
2024-09-08 10:45:00,10.51549023,6.1209893
2024-09-08 11:00:00,4.32427997,6.1209893
2024-09-08 11:15:00,5.864192056,6.1209893
2024-09-08 11:30:00,1.8511811889999998,6.1209893
2024-09-08 11:45:00,9.722151246,6.1209893
2024-09-08 12:00:00,4.576435974,6.1209893
2024-09-08 12:15:00,8.733841256,6.1209893
2024-09-08 12:30:00,1.169916645,6.1209893
2024-09-08 12:45:00,9.99998126,6.1209893
2024-09-08 13:00:00,11.400018830000002,6.1209893
2024-09-08 13:15:00,5.939024183,6.1209893
2024-09-08 13:30:00,6.142189462,6.1209893
2024-09-08 13:45:00,7.755105457999999,6.1209893
2024-09-08 14:00:00,11.540711650000002,6.1209893
2024-09-08 14:15:00,6.976771839,6.1209893
2024-09-08 14:30:00,1.90207949,6.1209893
2024-09-08 14:45:00,6.980727546,6.1209893
2024-09-08 15:00:00,5.590643989,6.1209893
2024-09-08 15:15:00,9.017732917,6.1209893
2024-09-08 15:30:00,4.237493619,6.1209893
2024-09-08 15:45:00,11.00149356,6.1209893
2024-09-08 16:00:00,9.468017307,6.1209893
2024-09-08 16:15:00,4.473121432,6.1209893
2024-09-08 16:30:00,4.843004571,6.1209893
2024-09-08 16:45:00,6.646841519,6.1209893
2024-09-08 17:00:00,2.133017019,6.1209893
2024-09-08 17:15:00,8.256587089,6.1209893
2024-09-08 17:30:00,7.414687567,6.1209893
2024-09-08 17:45:00,4.492345128,6.1209893
2024-09-08 18:00:00,7.860308290999999,6.1209893
2024-09-08 18:15:00,2.140845982,6.1209893
2024-09-08 18:30:00,10.64664813,6.1209893
2024-09-08 18:45:00,1.884499874,6.1209893
2024-09-08 19:00:00,4.442623719,6.1209893
2024-09-08 19:15:00,11.26101798,6.1209893
2024-09-08 19:30:00,5.257843031,6.1209893
2024-09-08 19:45:00,10.35240391,6.1209893
2024-09-08 20:00:00,2.809152383,6.1209893
2024-09-08 20:15:00,1.9623075,6.1209893
2024-09-08 20:30:00,2.188991243,6.1209893
2024-09-08 20:45:00,11.45053298,6.1209893
2024-09-08 21:00:00,2.061813629,6.1209893
2024-09-08 21:15:00,8.075330176,6.1209893
2024-09-08 21:30:00,5.829035038000001,6.1209893
2024-09-08 21:45:00,10.36753451,6.1209893
2024-09-08 22:00:00,4.222130339,6.1209893
2024-09-08 22:15:00,1.421215823,6.1209893
2024-09-08 22:30:00,9.077451335,6.1209893
2024-09-08 22:45:00,7.262230519,6.1209893
2024-09-08 23:00:00,5.618399518,6.1209893
2024-09-08 23:15:00,4.446698696,6.1209893
2024-09-08 23:30:00,10.68798505,6.1209893
2024-09-08 23:45:00,2.494650547,6.1209893
2024-09-09 00:00:00,2.545119029,6.1209893
2024-09-09 00:15:00,1.321103637,6.1209893
2024-09-09 00:30:00,1.885643711,6.1209893
2024-09-09 00:45:00,9.703167509,6.1209893
2024-09-09 01:00:00,9.394343804,6.1209893
2024-09-09 01:15:00,2.170036282,6.1209893
2024-09-09 01:30:00,8.904814749,6.1209893
2024-09-09 01:45:00,7.652562507,6.1209893
2024-09-09 02:00:00,5.045170794,6.1209893
2024-09-09 02:15:00,1.993098474,6.1209893
2024-09-09 02:30:00,7.171497253,6.1209893
2024-09-09 02:45:00,9.756113157,6.1209893
2024-09-09 03:00:00,5.418996145,6.1209893
2024-09-09 03:15:00,5.587668526,6.1209893
2024-09-09 03:30:00,9.831409116,6.1209893
2024-09-09 03:45:00,3.348471017,6.1209893
2024-09-09 04:00:00,2.920027356,6.1209893
2024-09-09 04:15:00,8.301622389,6.1209893
2024-09-09 04:30:00,7.799845534,6.1209893
2024-09-09 04:45:00,10.40333342,6.1209893
2024-09-09 05:00:00,4.68002749,6.1209893
2024-09-09 05:15:00,3.116738652,6.1209893
2024-09-09 05:30:00,5.578579526000001,6.1209893
2024-09-09 05:45:00,5.086203761,6.1209893
2024-09-09 06:00:00,11.00072011,6.1209893
2024-09-09 06:15:00,10.31739061,6.1209893
2024-09-09 06:30:00,5.582862952,6.1209893
2024-09-09 06:45:00,5.459732322,6.1209893
2024-09-09 07:00:00,5.517348953,6.1209893
2024-09-09 07:15:00,8.511235476,6.1209893
2024-09-09 07:30:00,6.829466964,6.1209893
2024-09-09 07:45:00,4.176178952,6.1209893
2024-09-09 08:00:00,9.142479871,6.1209893
2024-09-09 08:15:00,10.63261648,6.1209893
2024-09-09 08:30:00,8.377494127,6.1209893
2024-09-09 08:45:00,3.0553504129999998,6.1209893
2024-09-09 09:00:00,9.362024024,6.1209893
2024-09-09 09:15:00,11.0813622,6.1209893
2024-09-09 09:30:00,8.08632457,6.1209893
2024-09-09 09:45:00,3.7486874110000006,6.1209893
2024-09-09 10:00:00,1.212381274,6.1209893
2024-09-09 10:15:00,5.075482551,6.1209893
2024-09-09 10:30:00,5.925781565,6.1209893
2024-09-09 10:45:00,10.70753218,6.1209893
2024-09-09 11:00:00,7.598539257,6.1209893
2024-09-09 11:15:00,3.957440416,6.1209893
2024-09-09 11:30:00,7.957555741,6.1209893
2024-09-09 11:45:00,2.190236775,6.1209893
2024-09-09 12:00:00,3.2697430419999995,6.1209893
2024-09-09 12:15:00,8.957065149,6.1209893
2024-09-09 12:30:00,4.365126343,6.1209893
2024-09-09 12:45:00,1.4770385039999998,6.1209893
2024-09-09 13:00:00,6.209425759000001,6.1209893
2024-09-09 13:15:00,7.714024021000001,6.1209893
2024-09-09 13:30:00,9.024715264,6.1209893
2024-09-09 13:45:00,4.352785743,6.1209893
2024-09-09 14:00:00,5.719237191000001,6.1209893
2024-09-09 14:15:00,6.851001514000001,6.1209893
2024-09-09 14:30:00,1.8996181590000003,6.1209893
2024-09-09 14:45:00,3.244065943,6.1209893
2024-09-09 15:00:00,4.897641448,6.1209893
2024-09-09 15:15:00,3.938646372,6.1209893
2024-09-09 15:30:00,5.976752379,6.1209893
2024-09-09 15:45:00,7.814899387,6.1209893
2024-09-09 16:00:00,6.73347387,6.1209893
2024-09-09 16:15:00,9.514269488,6.1209893
2024-09-09 16:30:00,7.733043086,6.1209893
2024-09-09 16:45:00,4.270357707,6.1209893
2024-09-09 17:00:00,2.343914334,6.1209893
2024-09-09 17:15:00,7.955937785,6.1209893
2024-09-09 17:30:00,3.390158399,6.1209893
2024-09-09 17:45:00,4.303175306,6.1209893
2024-09-09 18:00:00,9.490418056,6.1209893
2024-09-09 18:15:00,3.387880436,6.1209893
2024-09-09 18:30:00,6.4908881,6.1209893
2024-09-09 18:45:00,2.137446438,6.1209893
2024-09-09 19:00:00,5.525179603,6.1209893
2024-09-09 19:15:00,11.33309708,6.1209893
2024-09-09 19:30:00,11.00169773,6.1209893
2024-09-09 19:45:00,10.86857709,6.1209893
2024-09-09 20:00:00,7.701890677,6.1209893
2024-09-09 20:15:00,4.092100942,6.1209893
2024-09-09 20:30:00,4.91528774,6.1209893
2024-09-09 20:45:00,3.2836604409999994,6.1209893
2024-09-09 21:00:00,2.120013533,6.1209893
2024-09-09 21:15:00,2.8945673549999995,6.1209893
2024-09-09 21:30:00,5.804887651,6.1209893
2024-09-09 21:45:00,1.411255205,6.1209893
2024-09-09 22:00:00,10.85958942,6.1209893
2024-09-09 22:15:00,6.728013139999999,6.1209893
2024-09-09 22:30:00,2.978364533,6.1209893
2024-09-09 22:45:00,5.344749677,6.1209893
2024-09-09 23:00:00,4.885366215,6.1209893
2024-09-09 23:15:00,9.565791237,6.1209893
2024-09-09 23:30:00,2.5105136590000003,6.1209893
2024-09-09 23:45:00,5.358389421,6.1209893
2024-09-10 00:00:00,8.592761597,6.1209893
2024-09-10 00:15:00,4.930601496,6.1209893
2024-09-10 00:30:00,4.814160314,6.1209893
2024-09-10 00:45:00,4.73489511,6.1209893
2024-09-10 01:00:00,9.145801803,6.1209893
2024-09-10 01:15:00,2.349504344,6.1209893
2024-09-10 01:30:00,9.721211821,6.1209893
2024-09-10 01:45:00,1.909135053,6.1209893
2024-09-10 02:00:00,4.505149421,6.1209893
2024-09-10 02:15:00,5.144558347,6.1209893
2024-09-10 02:30:00,5.273828903,6.1209893
2024-09-10 02:45:00,3.0624580140000006,6.1209893
2024-09-10 03:00:00,7.259780214,6.1209893
2024-09-10 03:15:00,5.844975106,6.1209893
2024-09-10 03:30:00,7.103640975,6.1209893
2024-09-10 03:45:00,7.564886043999999,6.1209893
2024-09-10 04:00:00,3.164978147,6.1209893
2024-09-10 04:15:00,10.49851098,6.1209893
2024-09-10 04:30:00,10.07647403,6.1209893
2024-09-10 04:45:00,9.651609863,6.1209893
2024-09-10 05:00:00,6.63541887,6.1209893
2024-09-10 05:15:00,9.361283,6.1209893
2024-09-10 05:30:00,7.612253912,6.1209893
2024-09-10 05:45:00,5.880504836,6.1209893
2024-09-10 06:00:00,9.08612568,6.1209893
2024-09-10 06:15:00,7.609302733,6.1209893
2024-09-10 06:30:00,1.184082726,6.1209893
2024-09-10 06:45:00,11.53802049,6.1209893
2024-09-10 07:00:00,5.544636522999999,6.1209893
2024-09-10 07:15:00,6.965715542,6.1209893
2024-09-10 07:30:00,5.464310902,6.1209893
2024-09-10 07:45:00,2.233370296,6.1209893
2024-09-10 08:00:00,9.552974539,6.1209893
2024-09-10 08:15:00,8.343574619,6.1209893
2024-09-10 08:30:00,9.862640544,6.1209893
2024-09-10 08:45:00,6.009717042,6.1209893
2024-09-10 09:00:00,9.453954317,6.1209893
2024-09-10 09:15:00,9.19177693,6.1209893
2024-09-10 09:30:00,4.386117556,6.1209893
2024-09-10 09:45:00,1.18800809,6.1209893
2024-09-10 10:00:00,10.1051201,6.1209893
2024-09-10 10:15:00,3.053296969,6.1209893
2024-09-10 10:30:00,10.77326568,6.1209893
2024-09-10 10:45:00,7.611569493000001,6.1209893
2024-09-10 11:00:00,7.744277954999999,6.1209893
2024-09-10 11:15:00,3.743345548,6.1209893
2024-09-10 11:30:00,5.265983145,6.1209893
2024-09-10 11:45:00,4.468656999,6.1209893
2024-09-10 12:00:00,3.1445930059999996,6.1209893
2024-09-10 12:15:00,8.707896886,6.1209893
2024-09-10 12:30:00,2.11291687,6.1209893
2024-09-10 12:45:00,6.229550197999999,6.1209893
2024-09-10 13:00:00,6.624684384999999,6.1209893
2024-09-10 13:15:00,11.10607137,6.1209893
2024-09-10 13:30:00,10.05010159,6.1209893
2024-09-10 13:45:00,6.278545494,6.1209893
2024-09-10 14:00:00,9.837344503,6.1209893
2024-09-10 14:15:00,9.419835154,6.1209893
2024-09-10 14:30:00,1.408176331,6.1209893
2024-09-10 14:45:00,10.738962,6.1209893
2024-09-10 15:00:00,8.154584497,6.1209893
2024-09-10 15:15:00,7.833677865,6.1209893
2024-09-10 15:30:00,8.503891785,6.1209893
2024-09-10 15:45:00,3.592387098,6.1209893
2024-09-10 16:00:00,1.405896141,6.1209893
2024-09-10 16:15:00,3.558791971,6.1209893
2024-09-10 16:30:00,9.536411988,6.1209893
2024-09-10 16:45:00,7.698827462999999,6.1209893
2024-09-10 17:00:00,4.83684083,6.1209893
2024-09-10 17:15:00,3.5995803010000005,6.1209893
2024-09-10 17:30:00,9.189128994,6.1209893
2024-09-10 17:45:00,6.034956042,6.1209893
2024-09-10 18:00:00,7.340474153,6.1209893
2024-09-10 18:15:00,1.269795655,6.1209893
2024-09-10 18:30:00,5.374716408,6.1209893
2024-09-10 18:45:00,1.334915829,6.1209893
2024-09-10 19:00:00,9.534049965,6.1209893
2024-09-10 19:15:00,3.7983297560000002,6.1209893
2024-09-10 19:30:00,2.779219241,6.1209893
2024-09-10 19:45:00,10.87991166,6.1209893
2024-09-10 20:00:00,1.287785256,6.1209893
2024-09-10 20:15:00,3.2014816879999994,6.1209893
2024-09-10 20:30:00,3.655237948,6.1209893
2024-09-10 20:45:00,9.731199859,6.1209893
2024-09-10 21:00:00,8.5981523,6.1209893
2024-09-10 21:15:00,11.160728190000002,6.1209893
2024-09-10 21:30:00,7.985899672,6.1209893
2024-09-10 21:45:00,3.637732267,6.1209893
2024-09-10 22:00:00,2.882857579,6.1209893
2024-09-10 22:15:00,8.7924687,6.1209893
2024-09-10 22:30:00,10.11699294,6.1209893
2024-09-10 22:45:00,10.94021362,6.1209893
2024-09-10 23:00:00,9.375259596,6.1209893
2024-09-10 23:15:00,9.515515475,6.1209893
2024-09-10 23:30:00,7.887821702999999,6.1209893
2024-09-10 23:45:00,8.28616906,6.1209893
2024-09-11 00:00:00,2.390194539,6.1209893
2024-09-11 00:15:00,4.593627513,6.1209893
2024-09-11 00:30:00,5.843338921,6.1209893
2024-09-11 00:45:00,8.221991751,6.1209893
2024-09-11 01:00:00,5.573898906,6.1209893
2024-09-11 01:15:00,5.050489883,6.1209893
2024-09-11 01:30:00,6.988550922,6.1209893
2024-09-11 01:45:00,5.238136193,6.1209893
2024-09-11 02:00:00,1.928894756,6.1209893
2024-09-11 02:15:00,10.97499563,6.1209893
2024-09-11 02:30:00,10.83519598,6.1209893
2024-09-11 02:45:00,1.5226459879999998,6.1209893
2024-09-11 03:00:00,6.819636371,6.1209893
2024-09-11 03:15:00,8.625853455,6.1209893
2024-09-11 03:30:00,7.350436521,6.1209893
2024-09-11 03:45:00,4.815974933,6.1209893
2024-09-11 04:00:00,9.288243488,6.1209893
2024-09-11 04:15:00,7.758282030000001,6.1209893
2024-09-11 04:30:00,3.7507452629999998,6.1209893
2024-09-11 04:45:00,7.589414024,6.1209893
2024-09-11 05:00:00,4.127967167,6.1209893
2024-09-11 05:15:00,7.341191538,6.1209893
2024-09-11 05:30:00,9.211085886,6.1209893
2024-09-11 05:45:00,4.395318973,6.1209893
2024-09-11 06:00:00,4.073591511,6.1209893
2024-09-11 06:15:00,8.684774164,6.1209893
2024-09-11 06:30:00,6.541766103,6.1209893
2024-09-11 06:45:00,2.622938672,6.1209893
2024-09-11 07:00:00,6.686304522,6.1209893
2024-09-11 07:15:00,7.633219853,6.1209893
2024-09-11 07:30:00,6.21132565,6.1209893
2024-09-11 07:45:00,7.263163227,6.1209893
2024-09-11 08:00:00,4.820112259,6.1209893
2024-09-11 08:15:00,10.04083841,6.1209893
2024-09-11 08:30:00,3.588713769,6.1209893
2024-09-11 08:45:00,4.134370537,6.1209893
2024-09-11 09:00:00,9.363953743,6.1209893
2024-09-11 09:15:00,1.768175997,6.1209893
2024-09-11 09:30:00,11.52571579,6.1209893
2024-09-11 09:45:00,7.769570235,6.1209893
2024-09-11 10:00:00,8.991021781,6.1209893
2024-09-11 10:15:00,7.1954137,6.1209893
2024-09-11 10:30:00,8.925766535,6.1209893
2024-09-11 10:45:00,5.70643481,6.1209893
2024-09-11 11:00:00,6.795340504000001,6.1209893
2024-09-11 11:15:00,7.969533923,6.1209893
2024-09-11 11:30:00,10.60981541,6.1209893
2024-09-11 11:45:00,1.473207062,6.1209893
2024-09-11 12:00:00,2.324829063,6.1209893
2024-09-11 12:15:00,8.38957964,6.1209893
2024-09-11 12:30:00,4.753178679,6.1209893
2024-09-11 12:45:00,8.288403628,6.1209893
2024-09-11 13:00:00,3.479697127,6.1209893
2024-09-11 13:15:00,7.677754032,6.1209893
2024-09-11 13:30:00,6.09982473,6.1209893
2024-09-11 13:45:00,2.421545589,6.1209893
2024-09-11 14:00:00,10.61223398,6.1209893
2024-09-11 14:15:00,9.096711761,6.1209893
2024-09-11 14:30:00,9.166503906,6.1209893
2024-09-11 14:45:00,8.291915156,6.1209893
2024-09-11 15:00:00,1.348997337,6.1209893
2024-09-11 15:15:00,6.490884331000001,6.1209893
2024-09-11 15:30:00,8.695074177,6.1209893
2024-09-11 15:45:00,3.380700346,6.1209893
2024-09-11 16:00:00,7.708590151,6.1209893
2024-09-11 16:15:00,10.98300545,6.1209893
2024-09-11 16:30:00,9.179303497,6.1209893
2024-09-11 16:45:00,6.730499801,6.1209893
2024-09-11 17:00:00,4.432014494,6.1209893
2024-09-11 17:15:00,7.559358577,6.1209893
2024-09-11 17:30:00,8.492838061,6.1209893
2024-09-11 17:45:00,7.7202951230000005,6.1209893
2024-09-11 18:00:00,8.856312556,6.1209893
2024-09-11 18:15:00,4.008430332,6.1209893
2024-09-11 18:30:00,6.337138812,6.1209893
2024-09-11 18:45:00,6.682913538999999,6.1209893
2024-09-11 19:00:00,2.119040346,6.1209893
2024-09-11 19:15:00,2.965426279,6.1209893
2024-09-11 19:30:00,4.342477283,6.1209893
2024-09-11 19:45:00,1.650130219,6.1209893
2024-09-11 20:00:00,3.572041022,6.1209893
2024-09-11 20:15:00,6.567544794000001,6.1209893
2024-09-11 20:30:00,6.712196491,6.1209893
2024-09-11 20:45:00,3.846633126,6.1209893
2024-09-11 21:00:00,11.12717978,6.1209893
2024-09-11 21:15:00,5.98756557,6.1209893
2024-09-11 21:30:00,7.670531268,6.1209893
2024-09-11 21:45:00,1.46046846,6.1209893
2024-09-11 22:00:00,5.329484806,6.1209893
2024-09-11 22:15:00,6.981274311000001,6.1209893
2024-09-11 22:30:00,4.251039395,6.1209893
2024-09-11 22:45:00,2.96563452,6.1209893
2024-09-11 23:00:00,3.3110275940000005,6.1209893
2024-09-11 23:15:00,5.785559098,6.1209893
2024-09-11 23:30:00,1.8775925150000001,6.1209893
2024-09-11 23:45:00,3.4939008350000003,6.1209893
2024-09-12 00:00:00,8.677691857,6.1209893
2024-09-12 00:15:00,3.3462874989999998,6.1209893
2024-09-12 00:30:00,2.353598888,6.1209893
2024-09-12 00:45:00,1.99890465,6.1209893
2024-09-12 01:00:00,11.561551760000002,6.1209893
2024-09-12 01:15:00,2.059231809,6.1209893
2024-09-12 01:30:00,5.665006305000001,6.1209893
2024-09-12 01:45:00,6.462082716,6.1209893
2024-09-12 02:00:00,11.271920709999998,6.1209893
2024-09-12 02:15:00,10.31380322,6.1209893
2024-09-12 02:30:00,3.7434481910000006,6.1209893
2024-09-12 02:45:00,1.972254975,6.1209893
2024-09-12 03:00:00,5.469336464,6.1209893
2024-09-12 03:15:00,2.108180566,6.1209893
2024-09-12 03:30:00,9.70635557,6.1209893
2024-09-12 03:45:00,8.557495784,6.1209893
2024-09-12 04:00:00,11.04905804,6.1209893
2024-09-12 04:15:00,7.228771502999999,6.1209893
2024-09-12 04:30:00,4.808742525,6.1209893
2024-09-12 04:45:00,6.434312161,6.1209893
2024-09-12 05:00:00,2.8175191650000007,6.1209893
2024-09-12 05:15:00,5.964226089,6.1209893
2024-09-12 05:30:00,11.64284875,6.1209893
2024-09-12 05:45:00,8.160332803,6.1209893
2024-09-12 06:00:00,1.896371256,6.1209893
2024-09-12 06:15:00,8.911417572,6.1209893
2024-09-12 06:30:00,2.166503421,6.1209893
2024-09-12 06:45:00,5.070032452,6.1209893
2024-09-12 07:00:00,9.269941709,6.1209893
2024-09-12 07:15:00,2.4855394930000005,6.1209893
2024-09-12 07:30:00,4.276723604,6.1209893
2024-09-12 07:45:00,3.09039945,6.1209893
2024-09-12 08:00:00,10.21851903,6.1209893
2024-09-12 08:15:00,2.591823186,6.1209893
2024-09-12 08:30:00,6.758889728,6.1209893
2024-09-12 08:45:00,3.9901620700000002,6.1209893
2024-09-12 09:00:00,6.669573459000001,6.1209893
2024-09-12 09:15:00,2.785350479,6.1209893
2024-09-12 09:30:00,9.258808234,6.1209893
2024-09-12 09:45:00,7.517063079,6.1209893
2024-09-12 10:00:00,1.553313302,6.1209893
2024-09-12 10:15:00,10.55781221,6.1209893
2024-09-12 10:30:00,10.448836,6.1209893
2024-09-12 10:45:00,4.124018996,6.1209893
2024-09-12 11:00:00,4.048704892,6.1209893
2024-09-12 11:15:00,6.344333034,6.1209893
2024-09-12 11:30:00,7.632110193,6.1209893
2024-09-12 11:45:00,4.165827619,6.1209893
2024-09-12 12:00:00,9.348815847,6.1209893
2024-09-12 12:15:00,2.04045024,6.1209893
2024-09-12 12:30:00,5.284303014,6.1209893
2024-09-12 12:45:00,7.023524163,6.1209893
2024-09-12 13:00:00,9.455997313,6.1209893
2024-09-12 13:15:00,9.930503889,6.1209893
2024-09-12 13:30:00,3.7235991389999996,6.1209893
2024-09-12 13:45:00,3.5930497890000006,6.1209893
2024-09-12 14:00:00,4.951723351,6.1209893
2024-09-12 14:15:00,5.612215016,6.1209893
2024-09-12 14:30:00,9.511839189,6.1209893
2024-09-12 14:45:00,1.185382021,6.1209893
2024-09-12 15:00:00,8.402235415,6.1209893
2024-09-12 15:15:00,3.378150601,6.1209893
2024-09-12 15:30:00,10.14508797,6.1209893
2024-09-12 15:45:00,4.45059257,6.1209893
2024-09-12 16:00:00,6.657416178,6.1209893
2024-09-12 16:15:00,4.596871844,6.1209893
2024-09-12 16:30:00,5.545491899999999,6.1209893
2024-09-12 16:45:00,6.583391491,6.1209893
2024-09-12 17:00:00,8.751415589,6.1209893
2024-09-12 17:15:00,2.409930478,6.1209893
2024-09-12 17:30:00,4.910755781,6.1209893
2024-09-12 17:45:00,7.674340494,6.1209893
2024-09-12 18:00:00,7.388224769,6.1209893
2024-09-12 18:15:00,9.22124779,6.1209893
2024-09-12 18:30:00,10.51720839,6.1209893
2024-09-12 18:45:00,2.129606132,6.1209893
2024-09-12 19:00:00,8.532059571,6.1209893
2024-09-12 19:15:00,4.120555088,6.1209893
2024-09-12 19:30:00,6.294141108,6.1209893
2024-09-12 19:45:00,7.686709378,6.1209893
2024-09-12 20:00:00,2.736995166,6.1209893
2024-09-12 20:15:00,4.699254947,6.1209893
2024-09-12 20:30:00,11.636720519999999,6.1209893
2024-09-12 20:45:00,2.596320055,6.1209893
2024-09-12 21:00:00,2.015894057,6.1209893
2024-09-12 21:15:00,9.784702788,6.1209893
2024-09-12 21:30:00,5.726274892999999,6.1209893
2024-09-12 21:45:00,8.026899,6.1209893
2024-09-12 22:00:00,4.14713499,6.1209893
2024-09-12 22:15:00,3.208821409,6.1209893
2024-09-12 22:30:00,3.43576045,6.1209893
2024-09-12 22:45:00,3.284158479,6.1209893
2024-09-12 23:00:00,3.69751359,6.1209893
2024-09-12 23:15:00,3.442890464,6.1209893
2024-09-12 23:30:00,9.67987627,6.1209893
2024-09-12 23:45:00,6.63126154,6.1209893
2024-09-13 00:00:00,4.266159086,6.1209893
2024-09-13 00:15:00,4.71256469,6.1209893
2024-09-13 00:30:00,11.30644963,6.1209893
2024-09-13 00:45:00,3.1010373579999997,6.1209893
2024-09-13 01:00:00,10.50981753,6.1209893
2024-09-13 01:15:00,8.7367499,6.1209893
2024-09-13 01:30:00,7.813210832,6.1209893
2024-09-13 01:45:00,7.689406586,6.1209893
2024-09-13 02:00:00,5.557143265,6.1209893
2024-09-13 02:15:00,5.597944332999999,6.1209893
2024-09-13 02:30:00,9.369628649,6.1209893
2024-09-13 02:45:00,9.566158736,6.1209893
2024-09-13 03:00:00,6.940565121,6.1209893
2024-09-13 03:15:00,9.047074825,6.1209893
2024-09-13 03:30:00,9.499697485,6.1209893
2024-09-13 03:45:00,4.59292607,6.1209893
2024-09-13 04:00:00,7.310465032,6.1209893
2024-09-13 04:15:00,5.643825329,6.1209893
2024-09-13 04:30:00,2.147655067,6.1209893
2024-09-13 04:45:00,7.858050294000001,6.1209893
2024-09-13 05:00:00,7.393188557000001,6.1209893
2024-09-13 05:15:00,2.310574637,6.1209893
2024-09-13 05:30:00,1.910681046,6.1209893
2024-09-13 05:45:00,3.6335201789999996,6.1209893
2024-09-13 06:00:00,9.702444376,6.1209893
2024-09-13 06:15:00,1.832492559,6.1209893
2024-09-13 06:30:00,5.976954991,6.1209893
2024-09-13 06:45:00,3.067483892,6.1209893
2024-09-13 07:00:00,3.766286739,6.1209893
2024-09-13 07:15:00,9.046654649,6.1209893
2024-09-13 07:30:00,10.33295659,6.1209893
2024-09-13 07:45:00,7.165112901,6.1209893
2024-09-13 08:00:00,9.861687707,6.1209893
2024-09-13 08:15:00,10.33991644,6.1209893
2024-09-13 08:30:00,3.330751813,6.1209893
2024-09-13 08:45:00,7.231323454999999,6.1209893
2024-09-13 09:00:00,9.359672313,6.1209893
2024-09-13 09:15:00,7.094643445,6.1209893
2024-09-13 09:30:00,9.575218426,6.1209893
2024-09-13 09:45:00,7.441564669,6.1209893
2024-09-13 10:00:00,4.088890281,6.1209893
2024-09-13 10:15:00,8.196057358,6.1209893
2024-09-13 10:30:00,7.151283358,6.1209893
2024-09-13 10:45:00,7.852096448,6.1209893
2024-09-13 11:00:00,2.087949892,6.1209893
2024-09-13 11:15:00,2.468207607,6.1209893
2024-09-13 11:30:00,9.830378597,6.1209893
2024-09-13 11:45:00,5.660202321,6.1209893
2024-09-13 12:00:00,3.46926431,6.1209893
2024-09-13 12:15:00,2.135042074,6.1209893
2024-09-13 12:30:00,3.90718533,6.1209893
2024-09-13 12:45:00,4.238819241,6.1209893
2024-09-13 13:00:00,11.47468846,6.1209893
2024-09-13 13:15:00,9.705098388,6.1209893
2024-09-13 13:30:00,1.906501961,6.1209893
2024-09-13 13:45:00,9.080969076,6.1209893
2024-09-13 14:00:00,7.163128034,6.1209893
2024-09-13 14:15:00,3.533975131,6.1209893
2024-09-13 14:30:00,8.771248104,6.1209893
2024-09-13 14:45:00,1.412829245,6.1209893
2024-09-13 15:00:00,8.737611239,6.1209893
2024-09-13 15:15:00,10.11077445,6.1209893
2024-09-13 15:30:00,9.952120291,6.1209893
2024-09-13 15:45:00,9.13960499,6.1209893
2024-09-13 16:00:00,10.64473737,6.1209893
2024-09-13 16:15:00,8.534428734,6.1209893
2024-09-13 16:30:00,8.229039634,6.1209893
2024-09-13 16:45:00,1.4023644930000003,6.1209893
2024-09-13 17:00:00,2.843403004,6.1209893
2024-09-13 17:15:00,9.06650872,6.1209893
2024-09-13 17:30:00,11.270577760000002,6.1209893
2024-09-13 17:45:00,8.372184178,6.1209893
2024-09-13 18:00:00,7.100083189999999,6.1209893
2024-09-13 18:15:00,2.9723618380000003,6.1209893
2024-09-13 18:30:00,10.92187619,6.1209893
2024-09-13 18:45:00,7.915890637,6.1209893
2024-09-13 19:00:00,6.099985819,6.1209893
2024-09-13 19:15:00,10.15844036,6.1209893
2024-09-13 19:30:00,10.69043983,6.1209893
2024-09-13 19:45:00,4.871073057,6.1209893
2024-09-13 20:00:00,6.472407371,6.1209893
2024-09-13 20:15:00,2.376274303,6.1209893
2024-09-13 20:30:00,11.2935144,6.1209893
2024-09-13 20:45:00,2.483084964,6.1209893
2024-09-13 21:00:00,10.6773055,6.1209893
2024-09-13 21:15:00,3.118551997,6.1209893
2024-09-13 21:30:00,10.31884894,6.1209893
2024-09-13 21:45:00,5.672431022,6.1209893
2024-09-13 22:00:00,7.31404224,6.1209893
2024-09-13 22:15:00,1.493053409,6.1209893
2024-09-13 22:30:00,5.372069872,6.1209893
2024-09-13 22:45:00,6.057717438,6.1209893
2024-09-13 23:00:00,1.260776736,6.1209893
2024-09-13 23:15:00,7.815176475,6.1209893
2024-09-13 23:30:00,9.657195085,6.1209893
2024-09-13 23:45:00,1.422956704,6.1209893
2024-09-14 00:00:00,6.155945079,6.1209893
2024-09-14 00:15:00,1.482310433,6.1209893
2024-09-14 00:30:00,10.00870619,6.1209893
2024-09-14 00:45:00,2.923656659,6.1209893
2024-09-14 01:00:00,1.732162871,6.1209893
2024-09-14 01:15:00,10.03841072,6.1209893
2024-09-14 01:30:00,5.7254126890000006,6.1209893
2024-09-14 01:45:00,2.147771808,6.1209893
2024-09-14 02:00:00,7.750975335,6.1209893
2024-09-14 02:15:00,8.4160537,6.1209893
2024-09-14 02:30:00,7.092489391,6.1209893
2024-09-14 02:45:00,4.501464318,6.1209893
2024-09-14 03:00:00,5.674702947,6.1209893
2024-09-14 03:15:00,11.31692721,6.1209893
2024-09-14 03:30:00,6.768725081,6.1209893
2024-09-14 03:45:00,5.267552225,6.1209893
2024-09-14 04:00:00,7.928489624,6.1209893
2024-09-14 04:15:00,1.9561060920000002,6.1209893
2024-09-14 04:30:00,4.11852071,6.1209893
2024-09-14 04:45:00,3.475286377,6.1209893
2024-09-14 05:00:00,7.851294314,6.1209893
2024-09-14 05:15:00,7.479905933,6.1209893
2024-09-14 05:30:00,8.72642898,6.1209893
2024-09-14 05:45:00,5.581426577,6.1209893
2024-09-14 06:00:00,3.008337406,6.1209893
2024-09-14 06:15:00,3.011226567,6.1209893
2024-09-14 06:30:00,10.65937302,6.1209893
2024-09-14 06:45:00,1.8938924610000003,6.1209893
2024-09-14 07:00:00,7.394415565,6.1209893
2024-09-14 07:15:00,3.447183734,6.1209893
2024-09-14 07:30:00,3.4432667080000003,6.1209893
2024-09-14 07:45:00,2.209813875,6.1209893
2024-09-14 08:00:00,11.4004664,6.1209893
2024-09-14 08:15:00,1.765965332,6.1209893
2024-09-14 08:30:00,2.597569655,6.1209893
2024-09-14 08:45:00,4.88762599,6.1209893
2024-09-14 09:00:00,6.009128731000001,6.1209893
2024-09-14 09:15:00,11.02182441,6.1209893
2024-09-14 09:30:00,3.5291923460000003,6.1209893
2024-09-14 09:45:00,8.401551894,6.1209893
2024-09-14 10:00:00,8.160025903,6.1209893
2024-09-14 10:15:00,6.5750796309999995,6.1209893
2024-09-14 10:30:00,3.7990061500000003,6.1209893
2024-09-14 10:45:00,2.6648112230000005,6.1209893
2024-09-14 11:00:00,2.936538093,6.1209893
2024-09-14 11:15:00,4.54063374,6.1209893
2024-09-14 11:30:00,2.560516142,6.1209893
2024-09-14 11:45:00,12.097432829999999,6.1209893
2024-09-14 12:00:00,5.564084965,6.1209893
2024-09-14 12:15:00,6.701338206,6.1209893
2024-09-14 12:30:00,7.745097877000001,6.1209893
2024-09-14 12:45:00,3.228090513,6.1209893
2024-09-14 13:00:00,6.116309782000001,6.1209893
2024-09-14 13:15:00,1.795186103,6.1209893
2024-09-14 13:30:00,10.89992063,6.1209893
2024-09-14 13:45:00,6.008580075,6.1209893
2024-09-14 14:00:00,1.464714368,6.1209893
2024-09-14 14:15:00,7.527004677999999,6.1209893
2024-09-14 14:30:00,2.156708843,6.1209893
2024-09-14 14:45:00,9.287810326,6.1209893
2024-09-14 15:00:00,10.78988924,6.1209893
2024-09-14 15:15:00,10.68849745,6.1209893
2024-09-14 15:30:00,5.672595122,6.1209893
2024-09-14 15:45:00,8.641936084,6.1209893
2024-09-14 16:00:00,2.6922967240000006,6.1209893
2024-09-14 16:15:00,1.939627457,6.1209893
2024-09-14 16:30:00,9.505819202,6.1209893
2024-09-14 16:45:00,8.528406594,6.1209893
2024-09-14 17:00:00,10.50112568,6.1209893
2024-09-14 17:15:00,10.26530974,6.1209893
2024-09-14 17:30:00,4.721681631,6.1209893
2024-09-14 17:45:00,4.492340944,6.1209893
2024-09-14 18:00:00,5.754035257,6.1209893
2024-09-14 18:15:00,7.950359786,6.1209893
2024-09-14 18:30:00,1.186350372,6.1209893
2024-09-14 18:45:00,6.539755865,6.1209893
2024-09-14 19:00:00,1.342593595,6.1209893
2024-09-14 19:15:00,5.706317348,6.1209893
2024-09-14 19:30:00,2.043795442,6.1209893
2024-09-14 19:45:00,6.832423254,6.1209893
2024-09-14 20:00:00,4.41444451,6.1209893
2024-09-14 20:15:00,6.113971947,6.1209893
2024-09-14 20:30:00,11.28954977,6.1209893
2024-09-14 20:45:00,4.78983645,6.1209893
2024-09-14 21:00:00,8.724619121,6.1209893
2024-09-14 21:15:00,8.285182633,6.1209893
2024-09-14 21:30:00,9.912162492,6.1209893
2024-09-14 21:45:00,4.504011495,6.1209893
2024-09-14 22:00:00,1.698586167,6.1209893
2024-09-14 22:15:00,11.379038950000002,6.1209893
2024-09-14 22:30:00,4.908210048,6.1209893
2024-09-14 22:45:00,3.214793628,6.1209893
2024-09-14 23:00:00,10.84226875,6.1209893
2024-09-14 23:15:00,3.073537087,6.1209893
2024-09-14 23:30:00,6.627241609,6.1209893
2024-09-14 23:45:00,8.966902352,6.1209893
2024-09-15 00:00:00,8.653895808,6.1209893
2024-09-15 00:15:00,1.438046955,6.1209893
2024-09-15 00:30:00,3.328807719,6.1209893
2024-09-15 00:45:00,10.3575945,6.1209893
2024-09-15 01:00:00,6.87738719,6.1209893
2024-09-15 01:15:00,8.118537665,6.1209893
2024-09-15 01:30:00,5.391715338,6.1209893
2024-09-15 01:45:00,8.669196828,6.1209893
2024-09-15 02:00:00,4.183098483,6.1209893
2024-09-15 02:15:00,3.588749627,6.1209893
2024-09-15 02:30:00,11.36724925,6.1209893
2024-09-15 02:45:00,2.8009045990000003,6.1209893
2024-09-15 03:00:00,11.35271514,6.1209893
2024-09-15 03:15:00,10.73018919,6.1209893
2024-09-15 03:30:00,8.549298967,6.1209893
2024-09-15 03:45:00,7.183056137000001,6.1209893
2024-09-15 04:00:00,1.200260427,6.1209893
2024-09-15 04:15:00,7.735325894,6.1209893
2024-09-15 04:30:00,8.925016951,6.1209893
2024-09-15 04:45:00,8.706358413,6.1209893
2024-09-15 05:00:00,2.947747901,6.1209893
2024-09-15 05:15:00,6.800276494999999,6.1209893
2024-09-15 05:30:00,6.986462029,6.1209893
2024-09-15 05:45:00,8.013924984,6.1209893
2024-09-15 06:00:00,9.565786617,6.1209893
2024-09-15 06:15:00,8.346346154,6.1209893
2024-09-15 06:30:00,2.5948321,6.1209893
2024-09-15 06:45:00,1.346843187,6.1209893
2024-09-15 07:00:00,2.5634919310000006,6.1209893
2024-09-15 07:15:00,1.5877487580000003,6.1209893
2024-09-15 07:30:00,5.692464057,6.1209893
2024-09-15 07:45:00,4.196172722,6.1209893
2024-09-15 08:00:00,1.23207729,6.1209893
2024-09-15 08:15:00,1.94511174,6.1209893
2024-09-15 08:30:00,5.211087606,6.1209893
2024-09-15 08:45:00,11.0192982,6.1209893
2024-09-15 09:00:00,11.04451428,6.1209893
2024-09-15 09:15:00,1.619921461,6.1209893
2024-09-15 09:30:00,9.748770537,6.1209893
2024-09-15 09:45:00,6.247195756,6.1209893
2024-09-15 10:00:00,7.793097390000001,6.1209893
2024-09-15 10:15:00,6.356637621999999,6.1209893
2024-09-15 10:30:00,10.96583452,6.1209893
2024-09-15 10:45:00,6.111905258000001,6.1209893
2024-09-15 11:00:00,2.792356763,6.1209893
2024-09-15 11:15:00,9.219861883,6.1209893
2024-09-15 11:30:00,6.380548393,6.1209893
2024-09-15 11:45:00,2.408805899,6.1209893
2024-09-15 12:00:00,5.924171538000001,6.1209893
2024-09-15 12:15:00,8.034941705,6.1209893
2024-09-15 12:30:00,4.07460338,6.1209893
2024-09-15 12:45:00,10.58409491,6.1209893
2024-09-15 13:00:00,9.423717956,6.1209893
2024-09-15 13:15:00,6.94854914,6.1209893
2024-09-15 13:30:00,1.721353077,6.1209893
2024-09-15 13:45:00,7.021644214,6.1209893
2024-09-15 14:00:00,5.569308088,6.1209893
2024-09-15 14:15:00,8.867919286,6.1209893
2024-09-15 14:30:00,3.8272685620000004,6.1209893
2024-09-15 14:45:00,7.371578898,6.1209893
2024-09-15 15:00:00,7.037378359,6.1209893
2024-09-15 15:15:00,6.602715628,6.1209893
2024-09-15 15:30:00,2.27845275,6.1209893
2024-09-15 15:45:00,6.200934014,6.1209893
2024-09-15 16:00:00,6.721948827,6.1209893
2024-09-15 16:15:00,11.010268710000002,6.1209893
2024-09-15 16:30:00,5.997922478999999,6.1209893
2024-09-15 16:45:00,7.719586489,6.1209893
2024-09-15 17:00:00,7.06345406,6.1209893
2024-09-15 17:15:00,3.080619459,6.1209893
2024-09-15 17:30:00,3.008515621,6.1209893
2024-09-15 17:45:00,9.100013245,6.1209893
2024-09-15 18:00:00,6.571347737,6.1209893
2024-09-15 18:15:00,10.63470522,6.1209893
2024-09-15 18:30:00,10.60261537,6.1209893
2024-09-15 18:45:00,4.345440615,6.1209893
2024-09-15 19:00:00,2.105171777,6.1209893
2024-09-15 19:15:00,4.691957033,6.1209893
2024-09-15 19:30:00,1.909780038,6.1209893
2024-09-15 19:45:00,9.427969428,6.1209893
2024-09-15 20:00:00,2.7397068130000006,6.1209893
2024-09-15 20:15:00,10.11533304,6.1209893
2024-09-15 20:30:00,5.385017042,6.1209893
2024-09-15 20:45:00,3.943481382,6.1209893
2024-09-15 21:00:00,6.189516702,6.1209893
2024-09-15 21:15:00,7.546738276,6.1209893
2024-09-15 21:30:00,8.504813634,6.1209893
2024-09-15 21:45:00,4.643456585,6.1209893
2024-09-15 22:00:00,11.44884828,6.1209893
2024-09-15 22:15:00,5.537769647000001,6.1209893
2024-09-15 22:30:00,9.991463393,6.1209893
2024-09-15 22:45:00,1.542171598,6.1209893
2024-09-15 23:00:00,8.988699131,6.1209893
2024-09-15 23:15:00,6.897137055,6.1209893
2024-09-15 23:30:00,7.488227154,6.1209893
2024-09-15 23:45:00,5.023780961,6.1209893
2024-09-16 00:00:00,6.878289009,6.1209893
2024-09-16 00:15:00,10.49008659,6.1209893
2024-09-16 00:30:00,5.09889577,6.1209893
2024-09-16 00:45:00,2.245143346,6.1209893
2024-09-16 01:00:00,8.651074986,6.1209893
2024-09-16 01:15:00,6.3398157269999995,6.1209893
2024-09-16 01:30:00,5.406751078,6.1209893
2024-09-16 01:45:00,9.189617269,6.1209893
2024-09-16 02:00:00,6.718232146,6.1209893
2024-09-16 02:15:00,7.645924969000001,6.1209893
2024-09-16 02:30:00,10.63188442,6.1209893
2024-09-16 02:45:00,1.750464661,6.1209893
2024-09-16 03:00:00,3.818651509,6.1209893
2024-09-16 03:15:00,10.10419804,6.1209893
2024-09-16 03:30:00,9.280233364,6.1209893
2024-09-16 03:45:00,3.1647645110000004,6.1209893
2024-09-16 04:00:00,2.9799105899999994,6.1209893
2024-09-16 04:15:00,10.20402439,6.1209893
2024-09-16 04:30:00,7.124863847,6.1209893
2024-09-16 04:45:00,9.792894033,6.1209893
2024-09-16 05:00:00,10.55348605,6.1209893
2024-09-16 05:15:00,1.8688468159999998,6.1209893
2024-09-16 05:30:00,11.16639717,6.1209893
2024-09-16 05:45:00,8.578449206,6.1209893
2024-09-16 06:00:00,10.29894615,6.1209893
2024-09-16 06:15:00,7.493444615,6.1209893
2024-09-16 06:30:00,4.241593857,6.1209893
2024-09-16 06:45:00,7.616910503,6.1209893
2024-09-16 07:00:00,6.402361572999999,6.1209893
2024-09-16 07:15:00,10.88935341,6.1209893
2024-09-16 07:30:00,7.049640642,6.1209893
2024-09-16 07:45:00,1.453925601,6.1209893
2024-09-16 08:00:00,8.285482592,6.1209893
2024-09-16 08:15:00,1.70723343,6.1209893
2024-09-16 08:30:00,10.70839352,6.1209893
2024-09-16 08:45:00,6.119481397,6.1209893
2024-09-16 09:00:00,11.298933429999998,6.1209893
2024-09-16 09:15:00,1.353920221,6.1209893
2024-09-16 09:30:00,6.870247209,6.1209893
2024-09-16 09:45:00,3.514259549,6.1209893
2024-09-16 10:00:00,7.807561099,6.1209893
2024-09-16 10:15:00,6.082937816,6.1209893
2024-09-16 10:30:00,6.813340714999999,6.1209893
2024-09-16 10:45:00,4.830062517,6.1209893
2024-09-16 11:00:00,1.713034947,6.1209893
2024-09-16 11:15:00,2.146612069,6.1209893
2024-09-16 11:30:00,10.20810419,6.1209893
2024-09-16 11:45:00,8.357762994,6.1209893
2024-09-16 12:00:00,9.069002495,6.1209893
2024-09-16 12:15:00,2.432967431,6.1209893
2024-09-16 12:30:00,1.669362976,6.1209893
2024-09-16 12:45:00,1.30823018,6.1209893
2024-09-16 13:00:00,6.639770661999999,6.1209893
2024-09-16 13:15:00,6.014899934,6.1209893
2024-09-16 13:30:00,2.272733225,6.1209893
2024-09-16 13:45:00,4.753366488,6.1209893
2024-09-16 14:00:00,6.587948178000001,6.1209893
2024-09-16 14:15:00,7.821213879,6.1209893
2024-09-16 14:30:00,9.690585717,6.1209893
2024-09-16 14:45:00,7.577006316000001,6.1209893
2024-09-16 15:00:00,1.458423253,6.1209893
2024-09-16 15:15:00,7.240050208999999,6.1209893
2024-09-16 15:30:00,2.060874019,6.1209893
2024-09-16 15:45:00,7.174631916999999,6.1209893
2024-09-16 16:00:00,5.035632191,6.1209893
2024-09-16 16:15:00,4.151819366,6.1209893
2024-09-16 16:30:00,6.128304841,6.1209893
2024-09-16 16:45:00,5.166235033,6.1209893
2024-09-16 17:00:00,10.03845719,6.1209893
2024-09-16 17:15:00,3.504644556,6.1209893
2024-09-16 17:30:00,2.608533449,6.1209893
2024-09-16 17:45:00,10.1231859,6.1209893
2024-09-16 18:00:00,3.777540898,6.1209893
2024-09-16 18:15:00,1.471216983,6.1209893
2024-09-16 18:30:00,5.271431017,6.1209893
2024-09-16 18:45:00,9.679178817,6.1209893
2024-09-16 19:00:00,5.756348808,6.1209893
2024-09-16 19:15:00,6.089743865,6.1209893
2024-09-16 19:30:00,1.648311207,6.1209893
2024-09-16 19:45:00,8.589647915,6.1209893
2024-09-16 20:00:00,4.733493707,6.1209893
2024-09-16 20:15:00,8.746809966,6.1209893
2024-09-16 20:30:00,5.384890003,6.1209893
2024-09-16 20:45:00,6.567205812,6.1209893
2024-09-16 21:00:00,7.529114445,6.1209893
2024-09-16 21:15:00,3.2209113140000003,6.1209893
2024-09-16 21:30:00,4.140790441,6.1209893
2024-09-16 21:45:00,7.167151401,6.1209893
2024-09-16 22:00:00,9.889419921,6.1209893
2024-09-16 22:15:00,10.92327879,6.1209893
2024-09-16 22:30:00,6.363320850000001,6.1209893
2024-09-16 22:45:00,1.856360229,6.1209893
2024-09-16 23:00:00,10.62960654,6.1209893
2024-09-16 23:15:00,5.34952551,6.1209893
2024-09-16 23:30:00,2.153916025,6.1209893
2024-09-16 23:45:00,11.549936020000002,6.1209893
2024-09-17 00:00:00,4.049248733,6.1209893
2024-09-17 00:15:00,7.885505334,6.1209893
2024-09-17 00:30:00,2.5587443780000005,6.1209893
2024-09-17 00:45:00,8.570725915,6.1209893
2024-09-17 01:00:00,10.82977495,6.1209893
2024-09-17 01:15:00,11.2542245,6.1209893
2024-09-17 01:30:00,2.5665031340000004,6.1209893
2024-09-17 01:45:00,9.237520924,6.1209893
2024-09-17 02:00:00,7.988800611,6.1209893
2024-09-17 02:15:00,9.588568242,6.1209893
2024-09-17 02:30:00,4.546570613,6.1209893
2024-09-17 02:45:00,5.215685636,6.1209893
2024-09-17 03:00:00,4.86142051,6.1209893
2024-09-17 03:15:00,8.857886887,6.1209893
2024-09-17 03:30:00,9.450914242,6.1209893
2024-09-17 03:45:00,3.75508524,6.1209893
2024-09-17 04:00:00,6.934296358,6.1209893
2024-09-17 04:15:00,2.488467038,6.1209893
2024-09-17 04:30:00,1.277664542,6.1209893
2024-09-17 04:45:00,7.57199598,6.1209893
2024-09-17 05:00:00,9.971524497,6.1209893
2024-09-17 05:15:00,10.47718193,6.1209893
2024-09-17 05:30:00,7.852282129,6.1209893
2024-09-17 05:45:00,9.382261191,6.1209893
2024-09-17 06:00:00,5.490275792,6.1209893
2024-09-17 06:15:00,10.47051819,6.1209893
2024-09-17 06:30:00,9.521284079,6.1209893
2024-09-17 06:45:00,4.359697971,6.1209893
2024-09-17 07:00:00,7.205512811,6.1209893
2024-09-17 07:15:00,1.756399225,6.1209893
2024-09-17 07:30:00,2.647770098,6.1209893
2024-09-17 07:45:00,10.75423501,6.1209893
2024-09-17 08:00:00,1.245794913,6.1209893
2024-09-17 08:15:00,3.184044877,6.1209893
2024-09-17 08:30:00,2.616254418,6.1209893
2024-09-17 08:45:00,8.271888963,6.1209893
2024-09-17 09:00:00,2.229912857,6.1209893
2024-09-17 09:15:00,1.3869127009999997,6.1209893
2024-09-17 09:30:00,10.92673291,6.1209893
2024-09-17 09:45:00,10.18650989,6.1209893
2024-09-17 10:00:00,4.877997757,6.1209893
2024-09-17 10:15:00,2.191005891,6.1209893
2024-09-17 10:30:00,8.092821157,6.1209893
2024-09-17 10:45:00,10.28968593,6.1209893
2024-09-17 11:00:00,11.35755765,6.1209893
2024-09-17 11:15:00,2.489934889,6.1209893
2024-09-17 11:30:00,7.429363281,6.1209893
2024-09-17 11:45:00,5.504234981,6.1209893
2024-09-17 12:00:00,2.735970192,6.1209893
2024-09-17 12:15:00,9.359881222,6.1209893
2024-09-17 12:30:00,9.132088057,6.1209893
2024-09-17 12:45:00,11.44566813,6.1209893
2024-09-17 13:00:00,2.067398714,6.1209893
2024-09-17 13:15:00,3.5375522,6.1209893
2024-09-17 13:30:00,9.807808499,6.1209893
2024-09-17 13:45:00,5.198149802,6.1209893
2024-09-17 14:00:00,5.985788885,6.1209893
2024-09-17 14:15:00,7.237714947,6.1209893
2024-09-17 14:30:00,5.491122682,6.1209893
2024-09-17 14:45:00,1.471401523,6.1209893
2024-09-17 15:00:00,7.392883244,6.1209893
2024-09-17 15:15:00,3.446440608,6.1209893
2024-09-17 15:30:00,11.36634229,6.1209893
2024-09-17 15:45:00,8.234579017,6.1209893
2024-09-17 16:00:00,9.821975768,6.1209893
2024-09-17 16:15:00,11.00390464,6.1209893
2024-09-17 16:30:00,1.81730214,6.1209893
2024-09-17 16:45:00,2.689727666,6.1209893
2024-09-17 17:00:00,9.504092369,6.1209893
2024-09-17 17:15:00,10.19143216,6.1209893
2024-09-17 17:30:00,1.159398092,6.1209893
2024-09-17 17:45:00,10.66722357,6.1209893
2024-09-17 18:00:00,5.944231702,6.1209893
2024-09-17 18:15:00,5.898707732,6.1209893
2024-09-17 18:30:00,10.09709961,6.1209893
2024-09-17 18:45:00,4.019945218,6.1209893
2024-09-17 19:00:00,6.920376963,6.1209893
2024-09-17 19:15:00,4.538404039,6.1209893
2024-09-17 19:30:00,2.370180214,6.1209893
2024-09-17 19:45:00,4.802417006,6.1209893
2024-09-17 20:00:00,2.966490147,6.1209893
2024-09-17 20:15:00,6.456369957,6.1209893
2024-09-17 20:30:00,6.725496725,6.1209893
2024-09-17 20:45:00,5.632726131,6.1209893
2024-09-17 21:00:00,2.8699947450000005,6.1209893
2024-09-17 21:15:00,2.364969355,6.1209893
2024-09-17 21:30:00,2.321816896,6.1209893
2024-09-17 21:45:00,2.400823741,6.1209893
2024-09-17 22:00:00,4.246433621,6.1209893
2024-09-17 22:15:00,1.165812705,6.1209893
2024-09-17 22:30:00,1.8062073340000002,6.1209893
2024-09-17 22:45:00,6.060559531,6.1209893
2024-09-17 23:00:00,3.038211756,6.1209893
2024-09-17 23:15:00,3.9131261550000005,6.1209893
2024-09-17 23:30:00,4.828647688,6.1209893
2024-09-17 23:45:00,1.5496738649999997,6.1209893
2024-09-18 00:00:00,3.3381721619999998,6.1209893
2024-09-18 00:15:00,9.096816892,6.1209893
2024-09-18 00:30:00,4.759596065,6.1209893
2024-09-18 00:45:00,3.074647421,6.1209893
2024-09-18 01:00:00,3.217523347,6.1209893
2024-09-18 01:15:00,11.272203980000002,6.1209893
2024-09-18 01:30:00,2.6246294540000004,6.1209893
2024-09-18 01:45:00,10.46649939,6.1209893
2024-09-18 02:00:00,1.939547911,6.1209893
2024-09-18 02:15:00,9.959473852,6.1209893
2024-09-18 02:30:00,6.564234935,6.1209893
2024-09-18 02:45:00,7.382064014,6.1209893
2024-09-18 03:00:00,3.6358261,6.1209893
2024-09-18 03:15:00,10.81817911,6.1209893
2024-09-18 03:30:00,7.354995697,6.1209893
2024-09-18 03:45:00,8.077726371,6.1209893
2024-09-18 04:00:00,6.9767378650000005,6.1209893
2024-09-18 04:15:00,2.433639997,6.1209893
2024-09-18 04:30:00,9.657280408,6.1209893
2024-09-18 04:45:00,3.081581386,6.1209893
2024-09-18 05:00:00,4.142251689,6.1209893
2024-09-18 05:15:00,8.092778377,6.1209893
2024-09-18 05:30:00,2.162939932,6.1209893
2024-09-18 05:45:00,11.02488324,6.1209893
2024-09-18 06:00:00,2.405604779,6.1209893
2024-09-18 06:15:00,8.140173072,6.1209893
2024-09-18 06:30:00,7.534143666000001,6.1209893
2024-09-18 06:45:00,8.456616207,6.1209893
2024-09-18 07:00:00,5.653330555000001,6.1209893
2024-09-18 07:15:00,5.148724011,6.1209893
2024-09-18 07:30:00,11.1958942,6.1209893
2024-09-18 07:45:00,10.04287081,6.1209893
2024-09-18 08:00:00,6.053364908999999,6.1209893
2024-09-18 08:15:00,3.1006018670000004,6.1209893
2024-09-18 08:30:00,10.13471106,6.1209893
2024-09-18 08:45:00,7.950783696,6.1209893
2024-09-18 09:00:00,2.5872392500000005,6.1209893
2024-09-18 09:15:00,3.0487696760000005,6.1209893
2024-09-18 09:30:00,6.674829152,6.1209893
2024-09-18 09:45:00,6.382648671,6.1209893
2024-09-18 10:00:00,5.417334476,6.1209893
2024-09-18 10:15:00,5.784811665,6.1209893
2024-09-18 10:30:00,2.876686799,6.1209893
2024-09-18 10:45:00,3.748220814,6.1209893
2024-09-18 11:00:00,6.288216238,6.1209893
2024-09-18 11:15:00,1.799271525,6.1209893
2024-09-18 11:30:00,4.789822106,6.1209893
2024-09-18 11:45:00,3.404792166,6.1209893
2024-09-18 12:00:00,2.776277401,6.1209893
2024-09-18 12:15:00,2.6325665780000005,6.1209893
2024-09-18 12:30:00,2.5024425020000005,6.1209893
2024-09-18 12:45:00,2.7374800640000005,6.1209893
2024-09-18 13:00:00,5.28481256,6.1209893
2024-09-18 13:15:00,2.228668694,6.1209893
2024-09-18 13:30:00,10.65022643,6.1209893
2024-09-18 13:45:00,6.292396829,6.1209893
2024-09-18 14:00:00,6.479564668,6.1209893
2024-09-18 14:15:00,3.206736724,6.1209893
2024-09-18 14:30:00,10.35359615,6.1209893
2024-09-18 14:45:00,9.547899347,6.1209893
2024-09-18 15:00:00,1.487069743,6.1209893
2024-09-18 15:15:00,8.826258127,6.1209893
2024-09-18 15:30:00,3.078216968,6.1209893
2024-09-18 15:45:00,6.913328514,6.1209893
2024-09-18 16:00:00,9.85880166,6.1209893
2024-09-18 16:15:00,10.84091879,6.1209893
2024-09-18 16:30:00,3.1229607290000003,6.1209893
2024-09-18 16:45:00,10.74872945,6.1209893
2024-09-18 17:00:00,1.923641532,6.1209893
2024-09-18 17:15:00,10.361161,6.1209893
2024-09-18 17:30:00,9.144875636,6.1209893
2024-09-18 17:45:00,10.96214951,6.1209893
2024-09-18 18:00:00,4.866442743,6.1209893
2024-09-18 18:15:00,11.13651804,6.1209893
2024-09-18 18:30:00,10.03467959,6.1209893
2024-09-18 18:45:00,4.565049658,6.1209893
2024-09-18 19:00:00,4.604602778,6.1209893
2024-09-18 19:15:00,4.765753881,6.1209893
2024-09-18 19:30:00,7.449387715,6.1209893
2024-09-18 19:45:00,3.1168264650000004,6.1209893
2024-09-18 20:00:00,5.814318491000001,6.1209893
2024-09-18 20:15:00,1.8489655460000003,6.1209893
2024-09-18 20:30:00,4.968179371,6.1209893
2024-09-18 20:45:00,8.042139423,6.1209893
2024-09-18 21:00:00,7.111810906,6.1209893
2024-09-18 21:15:00,4.534313605,6.1209893
2024-09-18 21:30:00,3.947462193,6.1209893
2024-09-18 21:45:00,4.434820901,6.1209893
2024-09-18 22:00:00,1.827566092,6.1209893
2024-09-18 22:15:00,3.819243537,6.1209893
2024-09-18 22:30:00,8.654553433,6.1209893
2024-09-18 22:45:00,2.926102952,6.1209893
2024-09-18 23:00:00,2.59342217,6.1209893
2024-09-18 23:15:00,9.779535954,6.1209893
2024-09-18 23:30:00,3.65314003,6.1209893
2024-09-18 23:45:00,3.683901975,6.1209893
2024-09-19 00:00:00,6.04215523,6.1209893
2024-09-19 00:15:00,6.01353444,6.1209893
2024-09-19 00:30:00,3.014503955,6.1209893
2024-09-19 00:45:00,6.915606306000001,6.1209893
2024-09-19 01:00:00,7.999099360999999,6.1209893
2024-09-19 01:15:00,6.089573792,6.1209893
2024-09-19 01:30:00,10.49416241,6.1209893
2024-09-19 01:45:00,10.97339289,6.1209893
2024-09-19 02:00:00,6.251036032,6.1209893
2024-09-19 02:15:00,10.64692884,6.1209893
2024-09-19 02:30:00,8.067380636,6.1209893
2024-09-19 02:45:00,6.6120891649999995,6.1209893
2024-09-19 03:00:00,10.03720819,6.1209893
2024-09-19 03:15:00,11.3823876,6.1209893
2024-09-19 03:30:00,11.3887262,6.1209893
2024-09-19 03:45:00,9.060043452,6.1209893
2024-09-19 04:00:00,6.176315001,6.1209893
2024-09-19 04:15:00,4.170830061,6.1209893
2024-09-19 04:30:00,6.969382439000001,6.1209893
2024-09-19 04:45:00,9.35203892,6.1209893
2024-09-19 05:00:00,1.4218957,6.1209893
2024-09-19 05:15:00,3.880936026,6.1209893
2024-09-19 05:30:00,4.784255752,6.1209893
2024-09-19 05:45:00,8.76175475,6.1209893
2024-09-19 06:00:00,7.546416743999999,6.1209893
2024-09-19 06:15:00,5.410021567,6.1209893
2024-09-19 06:30:00,10.81040162,6.1209893
2024-09-19 06:45:00,6.706604211,6.1209893
2024-09-19 07:00:00,8.662240684,6.1209893
2024-09-19 07:15:00,8.054931628,6.1209893
2024-09-19 07:30:00,9.833425705,6.1209893
2024-09-19 07:45:00,9.63484309,6.1209893
2024-09-19 08:00:00,11.45271959,6.1209893
2024-09-19 08:15:00,5.054244232,6.1209893
2024-09-19 08:30:00,2.79878976,6.1209893
2024-09-19 08:45:00,9.130754428,6.1209893
2024-09-19 09:00:00,10.35932404,6.1209893
2024-09-19 09:15:00,1.716979724,6.1209893
2024-09-19 09:30:00,4.488353131,6.1209893
2024-09-19 09:45:00,9.395477728,6.1209893
2024-09-19 10:00:00,8.212780968,6.1209893
2024-09-19 10:15:00,9.101586773,6.1209893
2024-09-19 10:30:00,6.5389952870000005,6.1209893
2024-09-19 10:45:00,5.039501092,6.1209893
2024-09-19 11:00:00,9.464318579,6.1209893
2024-09-19 11:15:00,6.877025571,6.1209893
2024-09-19 11:30:00,6.297089124999999,6.1209893
2024-09-19 11:45:00,8.714232806,6.1209893
2024-09-19 12:00:00,3.104378464,6.1209893
2024-09-19 12:15:00,7.052396877,6.1209893
2024-09-19 12:30:00,4.289663734,6.1209893
2024-09-19 12:45:00,1.355860543,6.1209893
2024-09-19 13:00:00,8.996676185,6.1209893
2024-09-19 13:15:00,5.946305161999999,6.1209893
2024-09-19 13:30:00,10.51911379,6.1209893
2024-09-19 13:45:00,6.215537017,6.1209893
2024-09-19 14:00:00,1.239089787,6.1209893
2024-09-19 14:15:00,5.415308166,6.1209893
2024-09-19 14:30:00,2.93551571,6.1209893
2024-09-19 14:45:00,10.5863156,6.1209893
2024-09-19 15:00:00,5.730261403,6.1209893
2024-09-19 15:15:00,6.232313602,6.1209893
2024-09-19 15:30:00,5.083316707,6.1209893
2024-09-19 15:45:00,6.652983761,6.1209893
2024-09-19 16:00:00,2.035320457,6.1209893
2024-09-19 16:15:00,5.693380655,6.1209893
2024-09-19 16:30:00,7.912859493,6.1209893
2024-09-19 16:45:00,4.966448923,6.1209893
2024-09-19 17:00:00,4.995221633,6.1209893
2024-09-19 17:15:00,10.00722538,6.1209893
2024-09-19 17:30:00,6.91597203,6.1209893
2024-09-19 17:45:00,7.556339340000001,6.1209893
2024-09-19 18:00:00,4.126056999,6.1209893
2024-09-19 18:15:00,6.164523516,6.1209893
2024-09-19 18:30:00,1.7576238,6.1209893
2024-09-19 18:45:00,5.57267827,6.1209893
2024-09-19 19:00:00,9.341323426,6.1209893
2024-09-19 19:15:00,2.706645204,6.1209893
2024-09-19 19:30:00,9.285479145,6.1209893
2024-09-19 19:45:00,5.021028537,6.1209893
2024-09-19 20:00:00,1.407414294,6.1209893
2024-09-19 20:15:00,11.08367704,6.1209893
2024-09-19 20:30:00,3.037120932,6.1209893
2024-09-19 20:45:00,4.631733566,6.1209893
2024-09-19 21:00:00,6.096623321,6.1209893
2024-09-19 21:15:00,11.363872099999998,6.1209893
2024-09-19 21:30:00,7.14426609,6.1209893
2024-09-19 21:45:00,10.89062025,6.1209893
2024-09-19 22:00:00,7.077963239,6.1209893
2024-09-19 22:15:00,3.300854983,6.1209893
2024-09-19 22:30:00,6.974030951,6.1209893
2024-09-19 22:45:00,2.235959984,6.1209893
2024-09-19 23:00:00,2.367360358,6.1209893
2024-09-19 23:15:00,2.299572847,6.1209893
2024-09-19 23:30:00,1.250016835,6.1209893
2024-09-19 23:45:00,2.740760845,6.1209893
2024-09-20 00:00:00,4.708582697,6.1209893
2024-09-20 00:15:00,1.893838034,6.1209893
2024-09-20 00:30:00,1.241681286,6.1209893
2024-09-20 00:45:00,2.327291238,6.1209893
2024-09-20 01:00:00,10.66805622,6.1209893
2024-09-20 01:15:00,6.792357126,6.1209893
2024-09-20 01:30:00,5.719817250000001,6.1209893
2024-09-20 01:45:00,6.329083403,6.1209893
2024-09-20 02:00:00,6.55251594,6.1209893
2024-09-20 02:15:00,2.282351041,6.1209893
2024-09-20 02:30:00,7.334086764,6.1209893
2024-09-20 02:45:00,10.14586377,6.1209893
2024-09-20 03:00:00,6.731429834000001,6.1209893
2024-09-20 03:15:00,10.55933385,6.1209893
2024-09-20 03:30:00,2.6729353710000003,6.1209893
2024-09-20 03:45:00,9.272629814,6.1209893
2024-09-20 04:00:00,8.091375132,6.1209893
2024-09-20 04:15:00,7.497335110999999,6.1209893
2024-09-20 04:30:00,7.192308722999999,6.1209893
2024-09-20 04:45:00,2.355723168,6.1209893
2024-09-20 05:00:00,7.907263470999999,6.1209893
2024-09-20 05:15:00,5.206820822,6.1209893
2024-09-20 05:30:00,1.7961835339999999,6.1209893
2024-09-20 05:45:00,3.3322319229999997,6.1209893
2024-09-20 06:00:00,5.949200745000001,6.1209893
2024-09-20 06:15:00,11.56096948,6.1209893
2024-09-20 06:30:00,5.623665598,6.1209893
2024-09-20 06:45:00,2.6698934870000004,6.1209893
2024-09-20 07:00:00,10.25239365,6.1209893
2024-09-20 07:15:00,1.551246106,6.1209893
2024-09-20 07:30:00,2.453411174,6.1209893
2024-09-20 07:45:00,6.204470883,6.1209893
2024-09-20 08:00:00,2.095141098,6.1209893
2024-09-20 08:15:00,6.966176643,6.1209893
2024-09-20 08:30:00,2.808346719,6.1209893
2024-09-20 08:45:00,7.873253082,6.1209893
2024-09-20 09:00:00,2.305770993,6.1209893
2024-09-20 09:15:00,9.911271489,6.1209893
2024-09-20 09:30:00,8.625943696,6.1209893
2024-09-20 09:45:00,10.94425163,6.1209893
2024-09-20 10:00:00,1.89213111,6.1209893
2024-09-20 10:15:00,6.708477526000001,6.1209893
2024-09-20 10:30:00,8.30170207,6.1209893
2024-09-20 10:45:00,10.42380335,6.1209893
2024-09-20 11:00:00,6.023727248,6.1209893
2024-09-20 11:15:00,11.40882009,6.1209893
2024-09-20 11:30:00,2.407139948,6.1209893
2024-09-20 11:45:00,5.742895856999999,6.1209893
2024-09-20 12:00:00,3.8124299449999994,6.1209893
2024-09-20 12:15:00,2.774098694,6.1209893
2024-09-20 12:30:00,4.121804133,6.1209893
2024-09-20 12:45:00,8.2457876,6.1209893
2024-09-20 13:00:00,6.0408137,6.1209893
2024-09-20 13:15:00,3.142706545,6.1209893
2024-09-20 13:30:00,1.4369319210000002,6.1209893
2024-09-20 13:45:00,10.89014864,6.1209893
2024-09-20 14:00:00,4.266861148,6.1209893
2024-09-20 14:15:00,2.453550334,6.1209893
2024-09-20 14:30:00,2.668029155,6.1209893
2024-09-20 14:45:00,3.733039094,6.1209893
2024-09-20 15:00:00,3.524928838,6.1209893
2024-09-20 15:15:00,3.9214310400000003,6.1209893
2024-09-20 15:30:00,3.409239084,6.1209893
2024-09-20 15:45:00,5.667929624,6.1209893
2024-09-20 16:00:00,9.079851024,6.1209893
2024-09-20 16:15:00,1.409816116,6.1209893
2024-09-20 16:30:00,3.2111468579999998,6.1209893
2024-09-20 16:45:00,8.293127722,6.1209893
2024-09-20 17:00:00,2.669758834,6.1209893
2024-09-20 17:15:00,8.725775347,6.1209893
2024-09-20 17:30:00,6.564896081,6.1209893
2024-09-20 17:45:00,10.28547225,6.1209893
2024-09-20 18:00:00,1.252204397,6.1209893
2024-09-20 18:15:00,8.896517054,6.1209893
2024-09-20 18:30:00,7.205379641,6.1209893
2024-09-20 18:45:00,5.974467826,6.1209893
2024-09-20 19:00:00,2.664882255,6.1209893
2024-09-20 19:15:00,3.514417761,6.1209893
2024-09-20 19:30:00,9.102562416,6.1209893
2024-09-20 19:45:00,2.779990544,6.1209893
2024-09-20 20:00:00,6.353310142000001,6.1209893
2024-09-20 20:15:00,3.223363637,6.1209893
2024-09-20 20:30:00,6.413957389,6.1209893
2024-09-20 20:45:00,3.839306869,6.1209893
2024-09-20 21:00:00,4.750156912,6.1209893
2024-09-20 21:15:00,9.711535329,6.1209893
2024-09-20 21:30:00,1.5490677600000002,6.1209893
2024-09-20 21:45:00,10.77068704,6.1209893
2024-09-20 22:00:00,4.477450698,6.1209893
2024-09-20 22:15:00,7.393057657,6.1209893
2024-09-20 22:30:00,3.483031955,6.1209893
2024-09-20 22:45:00,5.095056926,6.1209893
2024-09-20 23:00:00,5.882507192,6.1209893
2024-09-20 23:15:00,8.249004545,6.1209893
2024-09-20 23:30:00,9.912579164,6.1209893
2024-09-20 23:45:00,10.10302849,6.1209893
2024-09-21 00:00:00,4.825872507,6.1209893
2024-09-21 00:15:00,2.112432193,6.1209893
2024-09-21 00:30:00,10.59719811,6.1209893
2024-09-21 00:45:00,1.4686651090000002,6.1209893
2024-09-21 01:00:00,9.979602567,6.1209893
2024-09-21 01:15:00,1.387405008,6.1209893
2024-09-21 01:30:00,11.294597580000001,6.1209893
2024-09-21 01:45:00,1.251773104,6.1209893
2024-09-21 02:00:00,1.295831419,6.1209893
2024-09-21 02:15:00,6.48347522,6.1209893
2024-09-21 02:30:00,8.036672189,6.1209893
2024-09-21 02:45:00,4.637671502,6.1209893
2024-09-21 03:00:00,7.086255142,6.1209893
2024-09-21 03:15:00,9.781887004,6.1209893
2024-09-21 03:30:00,9.06028133,6.1209893
2024-09-21 03:45:00,9.881733123,6.1209893
2024-09-21 04:00:00,2.865985912,6.1209893
2024-09-21 04:15:00,3.467606503,6.1209893
2024-09-21 04:30:00,7.191095143,6.1209893
2024-09-21 04:45:00,8.604590777,6.1209893
2024-09-21 05:00:00,2.205273861,6.1209893
2024-09-21 05:15:00,2.994314269,6.1209893
2024-09-21 05:30:00,10.67192629,6.1209893
2024-09-21 05:45:00,1.3940876619999998,6.1209893
2024-09-21 06:00:00,5.238436243,6.1209893
2024-09-21 06:15:00,3.243437438,6.1209893
2024-09-21 06:30:00,9.083303667,6.1209893
2024-09-21 06:45:00,10.03555934,6.1209893
2024-09-21 07:00:00,3.6715193079999997,6.1209893
2024-09-21 07:15:00,7.263988323999999,6.1209893
2024-09-21 07:30:00,9.860357948,6.1209893
2024-09-21 07:45:00,7.381378949000001,6.1209893
2024-09-21 08:00:00,7.518324173999999,6.1209893
2024-09-21 08:15:00,5.493055281,6.1209893
2024-09-21 08:30:00,8.072909922,6.1209893
2024-09-21 08:45:00,10.88509335,6.1209893
2024-09-21 09:00:00,4.204144271,6.1209893
2024-09-21 09:15:00,3.2720296940000004,6.1209893
2024-09-21 09:30:00,11.22827604,6.1209893
2024-09-21 09:45:00,1.74666299,6.1209893
2024-09-21 10:00:00,9.973930383,6.1209893
2024-09-21 10:15:00,10.349654,6.1209893
2024-09-21 10:30:00,3.456864722,6.1209893
2024-09-21 10:45:00,5.552914636,6.1209893
2024-09-21 11:00:00,2.35041066,6.1209893
2024-09-21 11:15:00,4.901415235,6.1209893
2024-09-21 11:30:00,6.162395254,6.1209893
2024-09-21 11:45:00,6.452351055,6.1209893
2024-09-21 12:00:00,2.5383516050000003,6.1209893
2024-09-21 12:15:00,5.160234713,6.1209893
2024-09-21 12:30:00,7.744613954999999,6.1209893
2024-09-21 12:45:00,5.977924159999999,6.1209893
2024-09-21 13:00:00,9.858641475,6.1209893
2024-09-21 13:15:00,11.14444025,6.1209893
2024-09-21 13:30:00,9.779383228,6.1209893
2024-09-21 13:45:00,1.611898995,6.1209893
2024-09-21 14:00:00,3.448029681,6.1209893
2024-09-21 14:15:00,2.032872496,6.1209893
2024-09-21 14:30:00,5.620043143999999,6.1209893
2024-09-21 14:45:00,8.559932518,6.1209893
2024-09-21 15:00:00,1.448196667,6.1209893
2024-09-21 15:15:00,4.047521454,6.1209893
2024-09-21 15:30:00,2.124071927,6.1209893
2024-09-21 15:45:00,5.52213232,6.1209893
2024-09-21 16:00:00,10.97081222,6.1209893
2024-09-21 16:15:00,5.308723449,6.1209893
2024-09-21 16:30:00,7.923587222,6.1209893
2024-09-21 16:45:00,5.212133474,6.1209893
2024-09-21 17:00:00,8.523240562,6.1209893
2024-09-21 17:15:00,8.926592814,6.1209893
2024-09-21 17:30:00,2.5214497,6.1209893
2024-09-21 17:45:00,8.186936781,6.1209893
2024-09-21 18:00:00,5.239840536,6.1209893
2024-09-21 18:15:00,10.0328392,6.1209893
2024-09-21 18:30:00,2.859933767,6.1209893
2024-09-21 18:45:00,10.07944233,6.1209893
2024-09-21 19:00:00,6.339277706,6.1209893
2024-09-21 19:15:00,3.7738085460000006,6.1209893
2024-09-21 19:30:00,4.837990606,6.1209893
2024-09-21 19:45:00,1.173894,6.1209893
2024-09-21 20:00:00,10.57397707,6.1209893
2024-09-21 20:15:00,3.369265712,6.1209893
2024-09-21 20:30:00,10.77392436,6.1209893
2024-09-21 20:45:00,9.849284636,6.1209893
2024-09-21 21:00:00,4.746484019,6.1209893
2024-09-21 21:15:00,3.388208805,6.1209893
2024-09-21 21:30:00,5.546274841,6.1209893
2024-09-21 21:45:00,10.86039689,6.1209893
2024-09-21 22:00:00,10.11684493,6.1209893
2024-09-21 22:15:00,6.149083669999999,6.1209893
2024-09-21 22:30:00,6.771854071,6.1209893
2024-09-21 22:45:00,5.407785048,6.1209893
2024-09-21 23:00:00,11.13447768,6.1209893
2024-09-21 23:15:00,11.18918521,6.1209893
2024-09-21 23:30:00,3.8707058630000004,6.1209893
2024-09-21 23:45:00,11.14181868,6.1209893
2024-09-22 00:00:00,11.20845082,6.1209893
2024-09-22 00:15:00,6.076456238,6.1209893
2024-09-22 00:30:00,5.4759878,6.1209893
2024-09-22 00:45:00,10.02282073,6.1209893
2024-09-22 01:00:00,11.02929029,6.1209893
2024-09-22 01:15:00,5.413198579,6.1209893
2024-09-22 01:30:00,6.251958989,6.1209893
2024-09-22 01:45:00,4.858935515,6.1209893
2024-09-22 02:00:00,3.199965074,6.1209893
2024-09-22 02:15:00,11.50141382,6.1209893
2024-09-22 02:30:00,3.025135022,6.1209893
2024-09-22 02:45:00,9.759920111,6.1209893
2024-09-22 03:00:00,5.313847578,6.1209893
2024-09-22 03:15:00,1.957465471,6.1209893
2024-09-22 03:30:00,4.450908853,6.1209893
2024-09-22 03:45:00,2.022041721,6.1209893
2024-09-22 04:00:00,11.1667301,6.1209893
2024-09-22 04:15:00,3.845254652,6.1209893
2024-09-22 04:30:00,8.836588801,6.1209893
2024-09-22 04:45:00,5.525895661999999,6.1209893
2024-09-22 05:00:00,8.446624954,6.1209893
2024-09-22 05:15:00,3.846522415,6.1209893
2024-09-22 05:30:00,2.109347107,6.1209893
2024-09-22 05:45:00,9.952391747,6.1209893
2024-09-22 06:00:00,8.659587243,6.1209893
2024-09-22 06:15:00,2.234269614,6.1209893
2024-09-22 06:30:00,8.763908151,6.1209893
2024-09-22 06:45:00,7.420978452,6.1209893
2024-09-22 07:00:00,2.881184106,6.1209893
2024-09-22 07:15:00,9.473194453,6.1209893
2024-09-22 07:30:00,8.399369694,6.1209893
2024-09-22 07:45:00,6.345495376,6.1209893
2024-09-22 08:00:00,3.0952989920000005,6.1209893
2024-09-22 08:15:00,6.849309275999999,6.1209893
2024-09-22 08:30:00,2.794569725,6.1209893
2024-09-22 08:45:00,3.082183392,6.1209893
2024-09-22 09:00:00,3.748387999,6.1209893
2024-09-22 09:15:00,7.684093312999999,6.1209893
2024-09-22 09:30:00,8.002457096,6.1209893
2024-09-22 09:45:00,1.902619729,6.1209893
2024-09-22 10:00:00,7.892881676,6.1209893
2024-09-22 10:15:00,1.5063651619999998,6.1209893
2024-09-22 10:30:00,10.44556292,6.1209893
2024-09-22 10:45:00,9.143904928,6.1209893
2024-09-22 11:00:00,8.71968733,6.1209893
2024-09-22 11:15:00,3.715193562,6.1209893
2024-09-22 11:30:00,11.252333319999998,6.1209893
2024-09-22 11:45:00,11.28475595,6.1209893
2024-09-22 12:00:00,6.485862488,6.1209893
2024-09-22 12:15:00,1.5526288230000003,6.1209893
2024-09-22 12:30:00,6.53008071,6.1209893
2024-09-22 12:45:00,2.863434176,6.1209893
2024-09-22 13:00:00,7.23847755,6.1209893
2024-09-22 13:15:00,11.155525349999998,6.1209893
2024-09-22 13:30:00,8.881434895,6.1209893
2024-09-22 13:45:00,4.387582615,6.1209893
2024-09-22 14:00:00,5.243396146,6.1209893
2024-09-22 14:15:00,10.99757118,6.1209893
2024-09-22 14:30:00,2.300206946,6.1209893
2024-09-22 14:45:00,10.36038677,6.1209893
2024-09-22 15:00:00,1.926981623,6.1209893
2024-09-22 15:15:00,5.647050205999999,6.1209893
2024-09-22 15:30:00,8.984916515,6.1209893
2024-09-22 15:45:00,5.34400691,6.1209893
2024-09-22 16:00:00,7.090380144,6.1209893
2024-09-22 16:15:00,6.010778822,6.1209893
2024-09-22 16:30:00,7.115947243999999,6.1209893
2024-09-22 16:45:00,3.051383838,6.1209893
2024-09-22 17:00:00,7.050777324999999,6.1209893
2024-09-22 17:15:00,11.215765749999997,6.1209893
2024-09-22 17:30:00,3.173631016,6.1209893
2024-09-22 17:45:00,1.864973504,6.1209893
2024-09-22 18:00:00,5.281620492,6.1209893
2024-09-22 18:15:00,5.21847113,6.1209893
2024-09-22 18:30:00,2.5313554770000004,6.1209893
2024-09-22 18:45:00,6.940227555,6.1209893
2024-09-22 19:00:00,5.7986781039999995,6.1209893
2024-09-22 19:15:00,9.729847357,6.1209893
2024-09-22 19:30:00,5.5110840240000005,6.1209893
2024-09-22 19:45:00,11.08164497,6.1209893
2024-09-22 20:00:00,8.882032019,6.1209893
2024-09-22 20:15:00,6.190862642,6.1209893
2024-09-22 20:30:00,6.722542054999999,6.1209893
2024-09-22 20:45:00,10.32500533,6.1209893
2024-09-22 21:00:00,9.106507825,6.1209893
2024-09-22 21:15:00,8.010946829,6.1209893
2024-09-22 21:30:00,4.027766508,6.1209893
2024-09-22 21:45:00,5.222824487,6.1209893
2024-09-22 22:00:00,9.150905307,6.1209893
2024-09-22 22:15:00,7.674324812000001,6.1209893
2024-09-22 22:30:00,11.12484036,6.1209893
2024-09-22 22:45:00,10.42866531,6.1209893
2024-09-22 23:00:00,5.67542591,6.1209893
2024-09-22 23:15:00,4.199841833,6.1209893
2024-09-22 23:30:00,2.450165158,6.1209893
2024-09-22 23:45:00,5.407591509,6.1209893
2024-09-23 00:00:00,3.3844588989999997,6.1209893
2024-09-23 00:15:00,1.318408945,6.1209893
2024-09-23 00:30:00,2.5944559510000005,6.1209893
2024-09-23 00:45:00,5.896871902,6.1209893
2024-09-23 01:00:00,10.17779603,6.1209893
2024-09-23 01:15:00,4.348583188,6.1209893
2024-09-23 01:30:00,5.686452514,6.1209893
2024-09-23 01:45:00,5.3443505,6.1209893
2024-09-23 02:00:00,4.880394863,6.1209893
2024-09-23 02:15:00,8.849533742,6.1209893
2024-09-23 02:30:00,6.60747603,6.1209893
2024-09-23 02:45:00,5.382698413,6.1209893
2024-09-23 03:00:00,10.75209515,6.1209893
2024-09-23 03:15:00,4.054275162,6.1209893
2024-09-23 03:30:00,9.811409926,6.1209893
2024-09-23 03:45:00,6.359283,6.1209893
2024-09-23 04:00:00,5.639537628,6.1209893
2024-09-23 04:15:00,1.819461454,6.1209893
2024-09-23 04:30:00,10.23903619,6.1209893
2024-09-23 04:45:00,3.9236292969999997,6.1209893
2024-09-23 05:00:00,8.169039068,6.1209893
2024-09-23 05:15:00,10.3491256,6.1209893
2024-09-23 05:30:00,6.673899171,6.1209893
2024-09-23 05:45:00,7.730279621,6.1209893
2024-09-23 06:00:00,4.59418648,6.1209893
2024-09-23 06:15:00,8.524050305,6.1209893
2024-09-23 06:30:00,8.406857583,6.1209893
2024-09-23 06:45:00,5.728995644000001,6.1209893
2024-09-23 07:00:00,7.947169287,6.1209893
2024-09-23 07:15:00,4.010148334,6.1209893
2024-09-23 07:30:00,7.92667993,6.1209893
2024-09-23 07:45:00,8.177853376,6.1209893
2024-09-23 08:00:00,5.76740795,6.1209893
2024-09-23 08:15:00,3.6002528509999996,6.1209893
2024-09-23 08:30:00,9.142507653,6.1209893
2024-09-23 08:45:00,8.964726047,6.1209893
2024-09-23 09:00:00,1.724819553,6.1209893
2024-09-23 09:15:00,6.523328878,6.1209893
2024-09-23 09:30:00,2.092531119,6.1209893
2024-09-23 09:45:00,4.64652273,6.1209893
2024-09-23 10:00:00,5.463006406,6.1209893
2024-09-23 10:15:00,3.104681849,6.1209893
2024-09-23 10:30:00,6.069229678,6.1209893
2024-09-23 10:45:00,8.562978645,6.1209893
2024-09-23 11:00:00,5.609483498,6.1209893
2024-09-23 11:15:00,3.618162604,6.1209893
2024-09-23 11:30:00,5.643674765000001,6.1209893
2024-09-23 11:45:00,7.258485396,6.1209893
2024-09-23 12:00:00,10.76166863,6.1209893
2024-09-23 12:15:00,6.285354575000001,6.1209893
2024-09-23 12:30:00,10.70353316,6.1209893
2024-09-23 12:45:00,11.55101983,6.1209893
2024-09-23 13:00:00,7.154120704,6.1209893
2024-09-23 13:15:00,2.690381682,6.1209893
2024-09-23 13:30:00,10.21821571,6.1209893
2024-09-23 13:45:00,10.16824428,6.1209893
2024-09-23 14:00:00,10.37549288,6.1209893
2024-09-23 14:15:00,10.92915287,6.1209893
2024-09-23 14:30:00,4.13045286,6.1209893
2024-09-23 14:45:00,4.637597309,6.1209893
2024-09-23 15:00:00,7.829293951,6.1209893
2024-09-23 15:15:00,7.120583087,6.1209893
2024-09-23 15:30:00,9.857225766,6.1209893
2024-09-23 15:45:00,3.854819065,6.1209893
2024-09-23 16:00:00,8.120628331,6.1209893
2024-09-23 16:15:00,10.96129201,6.1209893
2024-09-23 16:30:00,3.4242728530000006,6.1209893
2024-09-23 16:45:00,4.429550765,6.1209893
2024-09-23 17:00:00,5.308949595,6.1209893
2024-09-23 17:15:00,2.086812949,6.1209893
2024-09-23 17:30:00,3.055960386,6.1209893
2024-09-23 17:45:00,5.299987311,6.1209893
2024-09-23 18:00:00,1.8738178539999997,6.1209893
2024-09-23 18:15:00,4.946917992,6.1209893
2024-09-23 18:30:00,3.600013836,6.1209893
2024-09-23 18:45:00,9.877308993,6.1209893
2024-09-23 19:00:00,7.506038718,6.1209893
2024-09-23 19:15:00,10.46696669,6.1209893
2024-09-23 19:30:00,3.3307740779999997,6.1209893
2024-09-23 19:45:00,1.980140865,6.1209893
2024-09-23 20:00:00,4.800358608,6.1209893
2024-09-23 20:15:00,1.7419736850000003,6.1209893
2024-09-23 20:30:00,10.10150122,6.1209893
2024-09-23 20:45:00,3.048686183,6.1209893
2024-09-23 21:00:00,2.673429291,6.1209893
2024-09-23 21:15:00,9.192516342,6.1209893
2024-09-23 21:30:00,8.742517105,6.1209893
2024-09-23 21:45:00,1.7624604799999999,6.1209893
2024-09-23 22:00:00,6.207884197,6.1209893
2024-09-23 22:15:00,5.862419415,6.1209893
2024-09-23 22:30:00,5.21251616,6.1209893
2024-09-23 22:45:00,2.483976504,6.1209893
2024-09-23 23:00:00,9.270412437,6.1209893
2024-09-23 23:15:00,3.559286498,6.1209893
2024-09-23 23:30:00,6.065189268000001,6.1209893
2024-09-23 23:45:00,10.24633899,6.1209893
2024-09-24 00:00:00,4.358468343,6.1209893
2024-09-24 00:15:00,1.534943011,6.1209893
2024-09-24 00:30:00,10.18535458,6.1209893
2024-09-24 00:45:00,6.132573557,6.1209893
2024-09-24 01:00:00,6.243221812,6.1209893
2024-09-24 01:15:00,6.757963163,6.1209893
2024-09-24 01:30:00,2.952578427,6.1209893
2024-09-24 01:45:00,8.698942484,6.1209893
2024-09-24 02:00:00,3.536025174,6.1209893
2024-09-24 02:15:00,4.383042997,6.1209893
2024-09-24 02:30:00,7.540087901,6.1209893
2024-09-24 02:45:00,8.575356488,6.1209893
2024-09-24 03:00:00,8.740060137,6.1209893
2024-09-24 03:15:00,2.091718049,6.1209893
2024-09-24 03:30:00,9.063298519,6.1209893
2024-09-24 03:45:00,8.569047419,6.1209893
2024-09-24 04:00:00,7.466253550999999,6.1209893
2024-09-24 04:15:00,11.21428093,6.1209893
2024-09-24 04:30:00,4.517566242,6.1209893
2024-09-24 04:45:00,8.296414158,6.1209893
2024-09-24 05:00:00,7.108942044,6.1209893
2024-09-24 05:15:00,5.119635568,6.1209893
2024-09-24 05:30:00,9.280602259,6.1209893
2024-09-24 05:45:00,5.31469923,6.1209893
2024-09-24 06:00:00,6.903940668,6.1209893
2024-09-24 06:15:00,7.268333648,6.1209893
2024-09-24 06:30:00,6.390302346,6.1209893
2024-09-24 06:45:00,5.905770817999999,6.1209893
2024-09-24 07:00:00,2.861168904,6.1209893
2024-09-24 07:15:00,3.7047937939999995,6.1209893
2024-09-24 07:30:00,2.437586393,6.1209893
2024-09-24 07:45:00,8.585570488,6.1209893
2024-09-24 08:00:00,8.482765687,6.1209893
2024-09-24 08:15:00,7.799813424,6.1209893
2024-09-24 08:30:00,10.57594898,6.1209893
2024-09-24 08:45:00,3.887239071,6.1209893
2024-09-24 09:00:00,9.399600066,6.1209893
2024-09-24 09:15:00,3.169139839,6.1209893
2024-09-24 09:30:00,1.886457081,6.1209893
2024-09-24 09:45:00,1.187142456,6.1209893
2024-09-24 10:00:00,7.338074053,6.1209893
2024-09-24 10:15:00,9.328553897,6.1209893
2024-09-24 10:30:00,9.427833293,6.1209893
2024-09-24 10:45:00,6.262568642999999,6.1209893
2024-09-24 11:00:00,1.722310409,6.1209893
2024-09-24 11:15:00,1.5112704859999997,6.1209893
2024-09-24 11:30:00,10.80816892,6.1209893
2024-09-24 11:45:00,2.146666722,6.1209893
2024-09-24 12:00:00,9.386614486,6.1209893
2024-09-24 12:15:00,1.853746567,6.1209893
2024-09-24 12:30:00,3.007444043,6.1209893
2024-09-24 12:45:00,2.99191138,6.1209893
2024-09-24 13:00:00,4.014625608,6.1209893
2024-09-24 13:15:00,5.32946135,6.1209893
2024-09-24 13:30:00,2.403050286,6.1209893
2024-09-24 13:45:00,11.281883639999998,6.1209893
2024-09-24 14:00:00,1.17577413,6.1209893
2024-09-24 14:15:00,9.138201544,6.1209893
2024-09-24 14:30:00,6.654122551,6.1209893
2024-09-24 14:45:00,2.113761654,6.1209893
2024-09-24 15:00:00,2.361382884,6.1209893
2024-09-24 15:15:00,7.263288412,6.1209893
2024-09-24 15:30:00,4.350723191,6.1209893
2024-09-24 15:45:00,5.846678552,6.1209893
2024-09-24 16:00:00,6.749651175000001,6.1209893
2024-09-24 16:15:00,7.0032332109999995,6.1209893
2024-09-24 16:30:00,6.95220718,6.1209893
2024-09-24 16:45:00,1.879010372,6.1209893
2024-09-24 17:00:00,8.896299983,6.1209893
2024-09-24 17:15:00,4.357142948,6.1209893
2024-09-24 17:30:00,2.358185473,6.1209893
2024-09-24 17:45:00,2.186196573,6.1209893
2024-09-24 18:00:00,3.496610114,6.1209893
2024-09-24 18:15:00,7.453550244,6.1209893
2024-09-24 18:30:00,5.864438607,6.1209893
2024-09-24 18:45:00,2.350413263,6.1209893
2024-09-24 19:00:00,1.494140536,6.1209893
2024-09-24 19:15:00,1.387480371,6.1209893
2024-09-24 19:30:00,5.393361281,6.1209893
2024-09-24 19:45:00,9.134020531,6.1209893
2024-09-24 20:00:00,6.9931931259999995,6.1209893
2024-09-24 20:15:00,9.802869754,6.1209893
2024-09-24 20:30:00,4.452771488,6.1209893
2024-09-24 20:45:00,2.5206370720000004,6.1209893
2024-09-24 21:00:00,9.936271178,6.1209893
2024-09-24 21:15:00,8.46794004,6.1209893
2024-09-24 21:30:00,7.154174413,6.1209893
2024-09-24 21:45:00,10.63276533,6.1209893
2024-09-24 22:00:00,7.746828823999999,6.1209893
2024-09-24 22:15:00,6.524846519,6.1209893
2024-09-24 22:30:00,6.178956061,6.1209893
2024-09-24 22:45:00,7.381382076999999,6.1209893
2024-09-24 23:00:00,6.369038027,6.1209893
2024-09-24 23:15:00,3.9730661889999994,6.1209893
2024-09-24 23:30:00,11.06836297,6.1209893
2024-09-24 23:45:00,11.03017653,6.1209893
2024-09-25 00:00:00,2.874404045,6.1209893
2024-09-25 00:15:00,6.489948937,6.1209893
2024-09-25 00:30:00,9.38193235,6.1209893
2024-09-25 00:45:00,1.764724094,6.1209893
2024-09-25 01:00:00,2.420278485,6.1209893
2024-09-25 01:15:00,6.762736807,6.1209893
2024-09-25 01:30:00,1.445917097,6.1209893
2024-09-25 01:45:00,10.00899736,6.1209893
2024-09-25 02:00:00,9.989119255,6.1209893
2024-09-25 02:15:00,9.047447043,6.1209893
2024-09-25 02:30:00,9.7499025,6.1209893
2024-09-25 02:45:00,8.107278921,6.1209893
2024-09-25 03:00:00,2.6873776910000005,6.1209893
2024-09-25 03:15:00,1.421502561,6.1209893
2024-09-25 03:30:00,10.04034126,6.1209893
2024-09-25 03:45:00,8.548339264,6.1209893
2024-09-25 04:00:00,5.166822863,6.1209893
2024-09-25 04:15:00,9.491366747,6.1209893
2024-09-25 04:30:00,1.711926845,6.1209893
2024-09-25 04:45:00,4.435236838,6.1209893
2024-09-25 05:00:00,4.776080081,6.1209893
2024-09-25 05:15:00,2.207672075,6.1209893
2024-09-25 05:30:00,8.878429229,6.1209893
2024-09-25 05:45:00,9.171076001,6.1209893
2024-09-25 06:00:00,7.089790624,6.1209893
2024-09-25 06:15:00,5.534679977,6.1209893
2024-09-25 06:30:00,7.399425526,6.1209893
2024-09-25 06:45:00,10.11368566,6.1209893
2024-09-25 07:00:00,4.662731295,6.1209893
2024-09-25 07:15:00,4.68852631,6.1209893
2024-09-25 07:30:00,7.39370232,6.1209893
2024-09-25 07:45:00,8.275614374,6.1209893
2024-09-25 08:00:00,5.894733248999999,6.1209893
2024-09-25 08:15:00,9.966002915,6.1209893
2024-09-25 08:30:00,5.000196039,6.1209893
2024-09-25 08:45:00,7.813895707,6.1209893
2024-09-25 09:00:00,8.194115067,6.1209893
2024-09-25 09:15:00,4.227396356,6.1209893
2024-09-25 09:30:00,1.338341464,6.1209893
2024-09-25 09:45:00,9.701409362,6.1209893
2024-09-25 10:00:00,6.3378076089999995,6.1209893
2024-09-25 10:15:00,2.18853245,6.1209893
2024-09-25 10:30:00,11.5300998,6.1209893
2024-09-25 10:45:00,4.238343263,6.1209893
2024-09-25 11:00:00,5.94519521,6.1209893
2024-09-25 11:15:00,6.101100938,6.1209893
2024-09-25 11:30:00,4.858988926,6.1209893
2024-09-25 11:45:00,2.764217663,6.1209893
2024-09-25 12:00:00,8.331921712,6.1209893
2024-09-25 12:15:00,2.96251283,6.1209893
2024-09-25 12:30:00,8.651911888,6.1209893
2024-09-25 12:45:00,9.334573699,6.1209893
2024-09-25 13:00:00,1.37200146,6.1209893
2024-09-25 13:15:00,9.040994782,6.1209893
2024-09-25 13:30:00,7.549983489,6.1209893
2024-09-25 13:45:00,3.2547344950000006,6.1209893
2024-09-25 14:00:00,7.472339154,6.1209893
2024-09-25 14:15:00,5.346563086,6.1209893
2024-09-25 14:30:00,2.100635029,6.1209893
2024-09-25 14:45:00,6.702018837,6.1209893
2024-09-25 15:00:00,11.44797466,6.1209893
2024-09-25 15:15:00,7.928048277,6.1209893
2024-09-25 15:30:00,4.630671911,6.1209893
2024-09-25 15:45:00,6.795215371000001,6.1209893
2024-09-25 16:00:00,8.807561372,6.1209893
2024-09-25 16:15:00,2.7112352920000005,6.1209893
2024-09-25 16:30:00,6.423388041999999,6.1209893
2024-09-25 16:45:00,6.453192566,6.1209893
2024-09-25 17:00:00,5.174456627,6.1209893
2024-09-25 17:15:00,8.808104324,6.1209893
2024-09-25 17:30:00,6.965608281,6.1209893
2024-09-25 17:45:00,8.176143996,6.1209893
2024-09-25 18:00:00,7.319347217,6.1209893
2024-09-25 18:15:00,9.385282412,6.1209893
2024-09-25 18:30:00,7.843874371999999,6.1209893
2024-09-25 18:45:00,8.261388039,6.1209893
2024-09-25 19:00:00,3.437067717,6.1209893
2024-09-25 19:15:00,9.764754366,6.1209893
2024-09-25 19:30:00,2.805808028,6.1209893
2024-09-25 19:45:00,4.749483182,6.1209893
2024-09-25 20:00:00,10.31663198,6.1209893
2024-09-25 20:15:00,2.252792923,6.1209893
2024-09-25 20:30:00,10.376924,6.1209893
2024-09-25 20:45:00,6.022532891,6.1209893
2024-09-25 21:00:00,3.099582615,6.1209893
2024-09-25 21:15:00,8.753834015,6.1209893
2024-09-25 21:30:00,3.99507913,6.1209893
2024-09-25 21:45:00,8.452593257,6.1209893
2024-09-25 22:00:00,9.360136341,6.1209893
2024-09-25 22:15:00,6.933739042,6.1209893
2024-09-25 22:30:00,9.004352259,6.1209893
2024-09-25 22:45:00,10.52408146,6.1209893
2024-09-25 23:00:00,6.791153867,6.1209893
2024-09-25 23:15:00,2.8411417900000004,6.1209893
2024-09-25 23:30:00,8.386413499,6.1209893
2024-09-25 23:45:00,5.563999638,6.1209893
2024-09-26 00:00:00,6.630082949,6.1209893
2024-09-26 00:15:00,7.441428508,6.1209893
2024-09-26 00:30:00,8.487825501,6.1209893
2024-09-26 00:45:00,7.555426547999999,6.1209893
2024-09-26 01:00:00,3.4939587949999997,6.1209893
2024-09-26 01:15:00,8.722269042,6.1209893
2024-09-26 01:30:00,9.112565844,6.1209893
2024-09-26 01:45:00,1.590562946,6.1209893
2024-09-26 02:00:00,4.359189107,6.1209893
2024-09-26 02:15:00,11.102071550000002,6.1209893
2024-09-26 02:30:00,3.003888447,6.1209893
2024-09-26 02:45:00,2.986935301,6.1209893
2024-09-26 03:00:00,6.848052505,6.1209893
2024-09-26 03:15:00,4.948856111,6.1209893
2024-09-26 03:30:00,7.983976377,6.1209893
2024-09-26 03:45:00,3.818843767,6.1209893
2024-09-26 04:00:00,5.325393902,6.1209893
2024-09-26 04:15:00,11.11076594,6.1209893
2024-09-26 04:30:00,5.195491341,6.1209893
2024-09-26 04:45:00,2.108483359,6.1209893
2024-09-26 05:00:00,8.978867792,6.1209893
2024-09-26 05:15:00,7.066218353000001,6.1209893
2024-09-26 05:30:00,5.940187485,6.1209893
2024-09-26 05:45:00,10.65846981,6.1209893
2024-09-26 06:00:00,2.705572631,6.1209893
2024-09-26 06:15:00,6.279052818,6.1209893
2024-09-26 06:30:00,3.032278365,6.1209893
2024-09-26 06:45:00,1.9617061630000001,6.1209893
2024-09-26 07:00:00,5.664823762,6.1209893
2024-09-26 07:15:00,11.10832606,6.1209893
2024-09-26 07:30:00,8.364610361,6.1209893
2024-09-26 07:45:00,3.563549024,6.1209893
2024-09-26 08:00:00,5.915349145,6.1209893
2024-09-26 08:15:00,9.565682755,6.1209893
2024-09-26 08:30:00,3.2190613,6.1209893
2024-09-26 08:45:00,3.186703317,6.1209893
2024-09-26 09:00:00,3.1187579839999997,6.1209893
2024-09-26 09:15:00,7.248969412,6.1209893
2024-09-26 09:30:00,1.484062989,6.1209893
2024-09-26 09:45:00,7.145389755999999,6.1209893
2024-09-26 10:00:00,9.727117476,6.1209893
2024-09-26 10:15:00,9.295895175,6.1209893
2024-09-26 10:30:00,8.086310027,6.1209893
2024-09-26 10:45:00,3.471919007,6.1209893
2024-09-26 11:00:00,9.681613411,6.1209893
2024-09-26 11:15:00,11.24817908,6.1209893
2024-09-26 11:30:00,3.0829751170000006,6.1209893
2024-09-26 11:45:00,10.28129546,6.1209893
2024-09-26 12:00:00,10.03696047,6.1209893
2024-09-26 12:15:00,11.14721052,6.1209893
2024-09-26 12:30:00,4.347086125,6.1209893
2024-09-26 12:45:00,10.74947997,6.1209893
2024-09-26 13:00:00,3.019993022,6.1209893
2024-09-26 13:15:00,2.9791638029999996,6.1209893
2024-09-26 13:30:00,2.309153657,6.1209893
2024-09-26 13:45:00,5.735950747,6.1209893
2024-09-26 14:00:00,1.285416377,6.1209893
2024-09-26 14:15:00,5.154206585,6.1209893
2024-09-26 14:30:00,7.644141017,6.1209893
2024-09-26 14:45:00,1.9926964619999998,6.1209893
2024-09-26 15:00:00,9.723072372,6.1209893
2024-09-26 15:15:00,4.174702666,6.1209893
2024-09-26 15:30:00,1.7071080070000002,6.1209893
2024-09-26 15:45:00,4.967541441,6.1209893
2024-09-26 16:00:00,2.6644851920000003,6.1209893
2024-09-26 16:15:00,9.104959615,6.1209893
2024-09-26 16:30:00,4.688460592,6.1209893
2024-09-26 16:45:00,2.434844885,6.1209893
2024-09-26 17:00:00,5.603022639999999,6.1209893
2024-09-26 17:15:00,5.845562680999999,6.1209893
2024-09-26 17:30:00,4.064808059,6.1209893
2024-09-26 17:45:00,4.559250166,6.1209893
2024-09-26 18:00:00,9.182352917,6.1209893
2024-09-26 18:15:00,7.783781459,6.1209893
2024-09-26 18:30:00,3.291499051,6.1209893
2024-09-26 18:45:00,11.5281115,6.1209893
2024-09-26 19:00:00,4.256782902,6.1209893
2024-09-26 19:15:00,6.734061258,6.1209893
2024-09-26 19:30:00,6.961806899,6.1209893
2024-09-26 19:45:00,3.1951369679999995,6.1209893
2024-09-26 20:00:00,4.080490509,6.1209893
2024-09-26 20:15:00,5.932422646,6.1209893
2024-09-26 20:30:00,3.8931706810000004,6.1209893
2024-09-26 20:45:00,4.256350394,6.1209893
2024-09-26 21:00:00,7.412325166,6.1209893
2024-09-26 21:15:00,8.542035145,6.1209893
2024-09-26 21:30:00,9.459446872,6.1209893
2024-09-26 21:45:00,2.3722669,6.1209893
2024-09-26 22:00:00,8.967289532,6.1209893
2024-09-26 22:15:00,10.9125702,6.1209893
2024-09-26 22:30:00,7.071580226,6.1209893
2024-09-26 22:45:00,7.545372997,6.1209893
2024-09-26 23:00:00,11.039503929999999,6.1209893
2024-09-26 23:15:00,10.15336663,6.1209893
2024-09-26 23:30:00,6.701785326000001,6.1209893
2024-09-26 23:45:00,9.062516284,6.1209893
2024-09-27 00:00:00,3.043430933,6.1209893
2024-09-27 00:15:00,5.583023495,6.1209893
2024-09-27 00:30:00,8.414658371,6.1209893
2024-09-27 00:45:00,4.341703777,6.1209893
2024-09-27 01:00:00,5.91863348,6.1209893
2024-09-27 01:15:00,2.840698813,6.1209893
2024-09-27 01:30:00,10.25039794,6.1209893
2024-09-27 01:45:00,10.74205996,6.1209893
2024-09-27 02:00:00,6.265908761999999,6.1209893
2024-09-27 02:15:00,3.138486511,6.1209893
2024-09-27 02:30:00,8.206495107,6.1209893
2024-09-27 02:45:00,3.275017415,6.1209893
2024-09-27 03:00:00,3.616956994,6.1209893
2024-09-27 03:15:00,10.96995231,6.1209893
2024-09-27 03:30:00,2.220290948,6.1209893
2024-09-27 03:45:00,5.224322627,6.1209893
2024-09-27 04:00:00,6.900168947000001,6.1209893
2024-09-27 04:15:00,2.313284086,6.1209893
2024-09-27 04:30:00,1.615441448,6.1209893
2024-09-27 04:45:00,6.8025964740000004,6.1209893
2024-09-27 05:00:00,2.326787215,6.1209893
2024-09-27 05:15:00,3.7441512700000006,6.1209893
2024-09-27 05:30:00,6.195070795,6.1209893
2024-09-27 05:45:00,4.667604496,6.1209893
2024-09-27 06:00:00,8.58604264,6.1209893
2024-09-27 06:15:00,11.071797739999997,6.1209893
2024-09-27 06:30:00,9.009239909,6.1209893
2024-09-27 06:45:00,11.127436269999999,6.1209893
2024-09-27 07:00:00,5.164826327,6.1209893
2024-09-27 07:15:00,4.405720162,6.1209893
2024-09-27 07:30:00,3.26876463,6.1209893
2024-09-27 07:45:00,10.31219073,6.1209893
2024-09-27 08:00:00,4.976754384,6.1209893
2024-09-27 08:15:00,8.266788768,6.1209893
2024-09-27 08:30:00,8.276757042,6.1209893
2024-09-27 08:45:00,1.729018862,6.1209893
2024-09-27 09:00:00,10.66051551,6.1209893
2024-09-27 09:15:00,6.243789135,6.1209893
2024-09-27 09:30:00,3.50367693,6.1209893
2024-09-27 09:45:00,11.01949436,6.1209893
2024-09-27 10:00:00,8.870280294,6.1209893
2024-09-27 10:15:00,7.413215071,6.1209893
2024-09-27 10:30:00,11.116119420000002,6.1209893
2024-09-27 10:45:00,9.110285961,6.1209893
2024-09-27 11:00:00,2.44901946,6.1209893
2024-09-27 11:15:00,11.5073124,6.1209893
2024-09-27 11:30:00,7.203126675999999,6.1209893
2024-09-27 11:45:00,4.279706988,6.1209893
2024-09-27 12:00:00,9.211699365,6.1209893
2024-09-27 12:15:00,1.693309643,6.1209893
2024-09-27 12:30:00,7.699109197000001,6.1209893
2024-09-27 12:45:00,2.730312147,6.1209893
2024-09-27 13:00:00,2.061220371,6.1209893
2024-09-27 13:15:00,4.835099359,6.1209893
2024-09-27 13:30:00,4.830709969,6.1209893
2024-09-27 13:45:00,7.18769859,6.1209893
2024-09-27 14:00:00,7.174769947,6.1209893
2024-09-27 14:15:00,7.96714713,6.1209893
2024-09-27 14:30:00,2.856827749,6.1209893
2024-09-27 14:45:00,10.13979898,6.1209893
2024-09-27 15:00:00,9.761415903,6.1209893
2024-09-27 15:15:00,3.478480731,6.1209893
2024-09-27 15:30:00,5.89649283,6.1209893
2024-09-27 15:45:00,6.410850813,6.1209893
2024-09-27 16:00:00,10.92524757,6.1209893
2024-09-27 16:15:00,10.80569207,6.1209893
2024-09-27 16:30:00,1.9241130389999999,6.1209893
2024-09-27 16:45:00,11.085150310000001,6.1209893
2024-09-27 17:00:00,1.818666683,6.1209893
2024-09-27 17:15:00,6.822755171999999,6.1209893
2024-09-27 17:30:00,4.321094399,6.1209893
2024-09-27 17:45:00,5.111265756,6.1209893
2024-09-27 18:00:00,7.661563415000001,6.1209893
2024-09-27 18:15:00,7.1437542810000005,6.1209893
2024-09-27 18:30:00,2.8363561970000006,6.1209893
2024-09-27 18:45:00,11.127559389999998,6.1209893
2024-09-27 19:00:00,1.464254377,6.1209893
2024-09-27 19:15:00,4.801767545,6.1209893
2024-09-27 19:30:00,9.115176717,6.1209893
2024-09-27 19:45:00,9.891560364,6.1209893
2024-09-27 20:00:00,9.373064946,6.1209893
2024-09-27 20:15:00,4.876690424,6.1209893
2024-09-27 20:30:00,8.098559217,6.1209893
2024-09-27 20:45:00,9.089652046,6.1209893
2024-09-27 21:00:00,7.212260928,6.1209893
2024-09-27 21:15:00,8.191551199,6.1209893
2024-09-27 21:30:00,6.748259005,6.1209893
2024-09-27 21:45:00,1.793905543,6.1209893
2024-09-27 22:00:00,4.050217269,6.1209893
2024-09-27 22:15:00,8.523639423,6.1209893
2024-09-27 22:30:00,3.72960433,6.1209893
2024-09-27 22:45:00,5.895251794,6.1209893
2024-09-27 23:00:00,6.870126727999999,6.1209893
2024-09-27 23:15:00,8.104555798,6.1209893
2024-09-27 23:30:00,3.8322882159999994,6.1209893
2024-09-27 23:45:00,7.411429166,6.1209893
2024-09-28 00:00:00,7.574852068,6.1209893
2024-09-28 00:15:00,10.22128536,6.1209893
2024-09-28 00:30:00,6.95215318,6.1209893
2024-09-28 00:45:00,4.251258536,6.1209893
2024-09-28 01:00:00,6.659238555,6.1209893
2024-09-28 01:15:00,2.308743818,6.1209893
2024-09-28 01:30:00,7.650261054,6.1209893
2024-09-28 01:45:00,10.57727337,6.1209893
2024-09-28 02:00:00,6.823610867,6.1209893
2024-09-28 02:15:00,4.205063994,6.1209893
2024-09-28 02:30:00,5.42286165,6.1209893
2024-09-28 02:45:00,10.79920064,6.1209893
2024-09-28 03:00:00,9.720586255,6.1209893
2024-09-28 03:15:00,9.65129914,6.1209893
2024-09-28 03:30:00,6.929066687,6.1209893
2024-09-28 03:45:00,5.423970946,6.1209893
2024-09-28 04:00:00,2.558813156,6.1209893
2024-09-28 04:15:00,11.27842976,6.1209893
2024-09-28 04:30:00,3.075615974,6.1209893
2024-09-28 04:45:00,3.9709215369999997,6.1209893
2024-09-28 05:00:00,8.829876648,6.1209893
2024-09-28 05:15:00,4.696755957,6.1209893
2024-09-28 05:30:00,7.612941507,6.1209893
2024-09-28 05:45:00,9.116778537,6.1209893
2024-09-28 06:00:00,6.934511375,6.1209893
2024-09-28 06:15:00,6.213321401,6.1209893
2024-09-28 06:30:00,1.718765974,6.1209893
2024-09-28 06:45:00,6.549046699000001,6.1209893
2024-09-28 07:00:00,5.774793202,6.1209893
2024-09-28 07:15:00,10.2416842,6.1209893
2024-09-28 07:30:00,5.73644212,6.1209893
2024-09-28 07:45:00,7.792104035999999,6.1209893
2024-09-28 08:00:00,9.401507666,6.1209893
2024-09-28 08:15:00,6.201953421,6.1209893
2024-09-28 08:30:00,3.9140222430000002,6.1209893
2024-09-28 08:45:00,10.97213798,6.1209893
2024-09-28 09:00:00,10.28843447,6.1209893
2024-09-28 09:15:00,10.27347,6.1209893
2024-09-28 09:30:00,4.100140704,6.1209893
2024-09-28 09:45:00,4.426793301,6.1209893
2024-09-28 10:00:00,10.34069888,6.1209893
2024-09-28 10:15:00,2.435010916,6.1209893
2024-09-28 10:30:00,7.982490323000001,6.1209893
2024-09-28 10:45:00,4.116829613,6.1209893
2024-09-28 11:00:00,8.425483434,6.1209893
2024-09-28 11:15:00,9.734293124,6.1209893
2024-09-28 11:30:00,5.249627668,6.1209893
2024-09-28 11:45:00,2.751961687,6.1209893
2024-09-28 12:00:00,8.359800223,6.1209893
2024-09-28 12:15:00,1.7301763620000001,6.1209893
2024-09-28 12:30:00,1.319913698,6.1209893
2024-09-28 12:45:00,10.20878226,6.1209893
2024-09-28 13:00:00,9.832202371,6.1209893
2024-09-28 13:15:00,6.959509664,6.1209893
2024-09-28 13:30:00,7.914144058000001,6.1209893
2024-09-28 13:45:00,10.93045961,6.1209893
2024-09-28 14:00:00,1.827515087,6.1209893
2024-09-28 14:15:00,3.4078538470000006,6.1209893
2024-09-28 14:30:00,9.102493647,6.1209893
2024-09-28 14:45:00,3.814754983,6.1209893
2024-09-28 15:00:00,3.1952393070000005,6.1209893
2024-09-28 15:15:00,5.949536871,6.1209893
2024-09-28 15:30:00,8.37151253,6.1209893
2024-09-28 15:45:00,3.3783356950000005,6.1209893
2024-09-28 16:00:00,5.476739153,6.1209893
2024-09-28 16:15:00,6.226463914000001,6.1209893
2024-09-28 16:30:00,2.9086352429999995,6.1209893
2024-09-28 16:45:00,6.203739214,6.1209893
2024-09-28 17:00:00,9.843246438,6.1209893
2024-09-28 17:15:00,8.98288427,6.1209893
2024-09-28 17:30:00,6.46616798,6.1209893
2024-09-28 17:45:00,2.379030303,6.1209893
2024-09-28 18:00:00,1.384853458,6.1209893
2024-09-28 18:15:00,1.909247373,6.1209893
2024-09-28 18:30:00,9.040824004,6.1209893
2024-09-28 18:45:00,8.392277377,6.1209893
2024-09-28 19:00:00,8.951858935,6.1209893
2024-09-28 19:15:00,4.265131754,6.1209893
2024-09-28 19:30:00,2.131107079,6.1209893
2024-09-28 19:45:00,8.750096261,6.1209893
2024-09-28 20:00:00,10.72564146,6.1209893
2024-09-28 20:15:00,5.859423475,6.1209893
2024-09-28 20:30:00,8.863921416,6.1209893
2024-09-28 20:45:00,8.430272609,6.1209893
2024-09-28 21:00:00,9.903953757,6.1209893
2024-09-28 21:15:00,1.440987062,6.1209893
2024-09-28 21:30:00,11.29237741,6.1209893
2024-09-28 21:45:00,10.30910538,6.1209893
2024-09-28 22:00:00,10.26264236,6.1209893
2024-09-28 22:15:00,11.758909609999998,6.1209893
2024-09-28 22:30:00,7.609242096000001,6.1209893
2024-09-28 22:45:00,2.042052795,6.1209893
2024-09-28 23:00:00,9.499850751,6.1209893
2024-09-28 23:15:00,2.614570407,6.1209893
2024-09-28 23:30:00,8.784650797,6.1209893
2024-09-28 23:45:00,5.298048643,6.1209893
2024-09-29 00:00:00,1.237787766,6.1209893
2024-09-29 00:15:00,5.75992505,6.1209893
2024-09-29 00:30:00,9.302218097,6.1209893
2024-09-29 00:45:00,2.037996427,6.1209893
2024-09-29 01:00:00,1.168825724,6.1209893
2024-09-29 01:15:00,5.591841292,6.1209893
2024-09-29 01:30:00,1.105577431,6.1209893
2024-09-29 01:45:00,11.130844359999998,6.1209893
2024-09-29 02:00:00,9.513778956,6.1209893
2024-09-29 02:15:00,7.981128176,6.1209893
2024-09-29 02:30:00,1.368841075,6.1209893
2024-09-29 02:45:00,7.287772514,6.1209893
2024-09-29 03:00:00,7.981296592,6.1209893
2024-09-29 03:15:00,6.977265872,6.1209893
2024-09-29 03:30:00,10.69159109,6.1209893
2024-09-29 03:45:00,9.659737232,6.1209893
2024-09-29 04:00:00,4.674425896,6.1209893
2024-09-29 04:15:00,8.254957265,6.1209893
2024-09-29 04:30:00,5.896895947,6.1209893
2024-09-29 04:45:00,10.45566464,6.1209893
2024-09-29 05:00:00,7.376886565,6.1209893
2024-09-29 05:15:00,7.140017697,6.1209893
2024-09-29 05:30:00,6.381261719000001,6.1209893
2024-09-29 05:45:00,4.961615623,6.1209893
2024-09-29 06:00:00,2.699449681,6.1209893
2024-09-29 06:15:00,3.9970471579999995,6.1209893
2024-09-29 06:30:00,4.596064412,6.1209893
2024-09-29 06:45:00,2.705187625,6.1209893
2024-09-29 07:00:00,9.284425313,6.1209893
2024-09-29 07:15:00,1.216217739,6.1209893
2024-09-29 07:30:00,10.77386682,6.1209893
2024-09-29 07:45:00,2.5318993070000007,6.1209893
2024-09-29 08:00:00,1.674478873,6.1209893
2024-09-29 08:15:00,11.40935881,6.1209893
2024-09-29 08:30:00,11.62053169,6.1209893
2024-09-29 08:45:00,3.009665198,6.1209893
2024-09-29 09:00:00,2.473375364,6.1209893
2024-09-29 09:15:00,3.14152263,6.1209893
2024-09-29 09:30:00,6.378536859,6.1209893
2024-09-29 09:45:00,4.388688753,6.1209893
2024-09-29 10:00:00,4.664899734,6.1209893
2024-09-29 10:15:00,9.545921366,6.1209893
2024-09-29 10:30:00,10.67731742,6.1209893
2024-09-29 10:45:00,11.789397310000002,6.1209893
2024-09-29 11:00:00,6.299712776000001,6.1209893
2024-09-29 11:15:00,3.709351721,6.1209893
2024-09-29 11:30:00,6.915208491999999,6.1209893
2024-09-29 11:45:00,10.16224122,6.1209893
2024-09-29 12:00:00,1.4352702719999997,6.1209893
2024-09-29 12:15:00,10.3703808,6.1209893
2024-09-29 12:30:00,3.5130300360000004,6.1209893
2024-09-29 12:45:00,4.274039496,6.1209893
2024-09-29 13:00:00,4.934984511,6.1209893
2024-09-29 13:15:00,10.55071504,6.1209893
2024-09-29 13:30:00,2.980719326,6.1209893
2024-09-29 13:45:00,3.386500967,6.1209893
2024-09-29 14:00:00,8.746752403,6.1209893
2024-09-29 14:15:00,10.61672804,6.1209893
2024-09-29 14:30:00,2.241809163,6.1209893
2024-09-29 14:45:00,6.746146307,6.1209893
2024-09-29 15:00:00,10.67489138,6.1209893
2024-09-29 15:15:00,10.39324573,6.1209893
2024-09-29 15:30:00,11.161364789999999,6.1209893
2024-09-29 15:45:00,10.16681174,6.1209893
2024-09-29 16:00:00,4.57186338,6.1209893
2024-09-29 16:15:00,3.227122019,6.1209893
2024-09-29 16:30:00,10.68067748,6.1209893
2024-09-29 16:45:00,8.657050523,6.1209893
2024-09-29 17:00:00,4.968316687,6.1209893
2024-09-29 17:15:00,8.71593964,6.1209893
2024-09-29 17:30:00,4.37628557,6.1209893
2024-09-29 17:45:00,7.461376165999999,6.1209893
2024-09-29 18:00:00,3.5799901599999995,6.1209893
2024-09-29 18:15:00,6.947593151,6.1209893
2024-09-29 18:30:00,10.58492746,6.1209893
2024-09-29 18:45:00,8.788212604,6.1209893
2024-09-29 19:00:00,7.885344999,6.1209893
2024-09-29 19:15:00,3.674069447,6.1209893
2024-09-29 19:30:00,1.816149201,6.1209893
2024-09-29 19:45:00,8.241296386,6.1209893
2024-09-29 20:00:00,7.075654478000001,6.1209893
2024-09-29 20:15:00,3.392428609,6.1209893
2024-09-29 20:30:00,10.98373381,6.1209893
2024-09-29 20:45:00,6.585906446,6.1209893
2024-09-29 21:00:00,7.177289868999999,6.1209893
2024-09-29 21:15:00,4.219432005,6.1209893
2024-09-29 21:30:00,10.21040076,6.1209893
2024-09-29 21:45:00,9.842548717,6.1209893
2024-09-29 22:00:00,8.829436772,6.1209893
2024-09-29 22:15:00,2.18586371,6.1209893
2024-09-29 22:30:00,1.956027795,6.1209893
2024-09-29 22:45:00,6.057088615999999,6.1209893
2024-09-29 23:00:00,2.6404549940000006,6.1209893
2024-09-29 23:15:00,4.707235468,6.1209893
2024-09-29 23:30:00,2.903724657,6.1209893
2024-09-29 23:45:00,4.360830889,6.1209893
2024-09-30 00:00:00,10.75670299,6.1209893
2024-09-30 00:15:00,9.06362587,6.1209893
2024-09-30 00:30:00,2.5374951,6.1209893
2024-09-30 00:45:00,7.916549870999999,6.1209893
2024-09-30 01:00:00,1.463583361,6.1209893
2024-09-30 01:15:00,11.028568759999999,6.1209893
2024-09-30 01:30:00,6.884762194,6.1209893
2024-09-30 01:45:00,6.648374287,6.1209893
2024-09-30 02:00:00,3.6016006390000004,6.1209893
2024-09-30 02:15:00,5.711075135000001,6.1209893
2024-09-30 02:30:00,6.644859924,6.1209893
2024-09-30 02:45:00,7.878898055,6.1209893
2024-09-30 03:00:00,1.666689137,6.1209893
2024-09-30 03:15:00,4.611231095,6.1209893
2024-09-30 03:30:00,5.216446105,6.1209893
2024-09-30 03:45:00,2.7003793480000002,6.1209893
2024-09-30 04:00:00,3.578391053,6.1209893
2024-09-30 04:15:00,3.61834544,6.1209893
2024-09-30 04:30:00,9.719538288,6.1209893
2024-09-30 04:45:00,8.278353036,6.1209893
2024-09-30 05:00:00,10.72307883,6.1209893
2024-09-30 05:15:00,4.27473354,6.1209893
2024-09-30 05:30:00,10.53078271,6.1209893
2024-09-30 05:45:00,10.3194752,6.1209893
2024-09-30 06:00:00,5.734727892,6.1209893
2024-09-30 06:15:00,7.646969175,6.1209893
2024-09-30 06:30:00,7.564439535,6.1209893
2024-09-30 06:45:00,4.229169837,6.1209893
2024-09-30 07:00:00,3.913178697,6.1209893
2024-09-30 07:15:00,2.863528369,6.1209893
2024-09-30 07:30:00,10.19941,6.1209893
2024-09-30 07:45:00,6.681229647,6.1209893
2024-09-30 08:00:00,4.779549506,6.1209893
2024-09-30 08:15:00,6.322028633,6.1209893
2024-09-30 08:30:00,1.930258092,6.1209893
2024-09-30 08:45:00,2.235483151,6.1209893
2024-09-30 09:00:00,9.060744354,6.1209893
2024-09-30 09:15:00,10.36154151,6.1209893
2024-09-30 09:30:00,4.538380673,6.1209893
2024-09-30 09:45:00,5.360365552,6.1209893
2024-09-30 10:00:00,4.79100248,6.1209893
2024-09-30 10:15:00,6.181499423999999,6.1209893
2024-09-30 10:30:00,5.330445594,6.1209893
2024-09-30 10:45:00,5.107097955,6.1209893
2024-09-30 11:00:00,8.24989968,6.1209893
2024-09-30 11:15:00,4.119227185,6.1209893
2024-09-30 11:30:00,10.76981757,6.1209893
2024-09-30 11:45:00,4.397278734,6.1209893
2024-09-30 12:00:00,3.3304305200000006,6.1209893
2024-09-30 12:15:00,11.139326059999998,6.1209893
2024-09-30 12:30:00,3.4718047339999996,6.1209893
2024-09-30 12:45:00,6.453277741,6.1209893
2024-09-30 13:00:00,4.56372003,6.1209893
2024-09-30 13:15:00,1.9640940130000002,6.1209893
2024-09-30 13:30:00,10.85200394,6.1209893
2024-09-30 13:45:00,5.142418396,6.1209893
2024-09-30 14:00:00,7.749709836000001,6.1209893
2024-09-30 14:15:00,9.934762393,6.1209893
2024-09-30 14:30:00,6.952059388000001,6.1209893
2024-09-30 14:45:00,8.242040107,6.1209893
2024-09-30 15:00:00,9.453403203,6.1209893
2024-09-30 15:15:00,5.054405262,6.1209893
2024-09-30 15:30:00,7.822527076,6.1209893
2024-09-30 15:45:00,3.373564975,6.1209893
2024-09-30 16:00:00,1.746706609,6.1209893
2024-09-30 16:15:00,11.162042900000001,6.1209893
2024-09-30 16:30:00,2.051125147,6.1209893
2024-09-30 16:45:00,5.413090613,6.1209893
2024-09-30 17:00:00,1.891944587,6.1209893
2024-09-30 17:15:00,10.66858472,6.1209893
2024-09-30 17:30:00,2.25042654,6.1209893
2024-09-30 17:45:00,9.263674212,6.1209893
2024-09-30 18:00:00,8.759035627,6.1209893
2024-09-30 18:15:00,1.643544886,6.1209893
2024-09-30 18:30:00,8.697256553,6.1209893
2024-09-30 18:45:00,11.33742693,6.1209893
2024-09-30 19:00:00,6.568046825000001,6.1209893
2024-09-30 19:15:00,4.173578487,6.1209893
2024-09-30 19:30:00,6.823095049,6.1209893
2024-09-30 19:45:00,2.402436059,6.1209893
2024-09-30 20:00:00,11.225087409999999,6.1209893
2024-09-30 20:15:00,4.969909083,6.1209893
2024-09-30 20:30:00,5.767400554,6.1209893
2024-09-30 20:45:00,5.365421361,6.1209893
2024-09-30 21:00:00,1.446008897,6.1209893
2024-09-30 21:15:00,1.5255691880000002,6.1209893
2024-09-30 21:30:00,6.954754791,6.1209893
2024-09-30 21:45:00,6.461097455,6.1209893
2024-09-30 22:00:00,11.345063300000001,6.1209893
2024-09-30 22:15:00,3.935454709,6.1209893
2024-09-30 22:30:00,4.914487075,6.1209893
2024-09-30 22:45:00,11.27861835,6.1209893
2024-09-30 23:00:00,1.667123276,6.1209893
2024-09-30 23:15:00,7.745006553,6.1209893
2024-09-30 23:30:00,2.307624195,6.1209893
2024-09-30 23:45:00,11.08000675,6.1209893
2024-10-01 00:00:00,4.133950328,6.1209893
2024-10-01 00:15:00,9.746590957,6.1209893
2024-10-01 00:30:00,10.47093293,6.1209893
2024-10-01 00:45:00,10.11559691,6.1209893
2024-10-01 01:00:00,7.048492614,6.1209893
2024-10-01 01:15:00,11.53074734,6.1209893
2024-10-01 01:30:00,8.074739526,6.1209893
2024-10-01 01:45:00,9.039763577,6.1209893
2024-10-01 02:00:00,3.6278850379999996,6.1209893
2024-10-01 02:15:00,5.446610678,6.1209893
2024-10-01 02:30:00,7.607307847,6.1209893
2024-10-01 02:45:00,2.786043574,6.1209893
2024-10-01 03:00:00,11.228798310000002,6.1209893
2024-10-01 03:15:00,2.285940168,6.1209893
2024-10-01 03:30:00,8.668659141,6.1209893
2024-10-01 03:45:00,1.7818680250000003,6.1209893
2024-10-01 04:00:00,2.317584693,6.1209893
2024-10-01 04:15:00,7.896613486,6.1209893
2024-10-01 04:30:00,5.977501641,6.1209893
2024-10-01 04:45:00,1.216718097,6.1209893
2024-10-01 05:00:00,5.318971727,6.1209893
2024-10-01 05:15:00,3.734589712,6.1209893
2024-10-01 05:30:00,10.00804307,6.1209893
2024-10-01 05:45:00,8.474876164,6.1209893
2024-10-01 06:00:00,8.863763417,6.1209893
2024-10-01 06:15:00,10.64495827,6.1209893
2024-10-01 06:30:00,8.468794258,6.1209893
2024-10-01 06:45:00,2.761427258,6.1209893
2024-10-01 07:00:00,11.09033959,6.1209893
2024-10-01 07:15:00,2.29293219,6.1209893
2024-10-01 07:30:00,3.165923322,6.1209893
2024-10-01 07:45:00,4.038836065,6.1209893
2024-10-01 08:00:00,3.065179553,6.1209893
2024-10-01 08:15:00,1.290095809,6.1209893
2024-10-01 08:30:00,5.963320142,6.1209893
2024-10-01 08:45:00,8.040830156,6.1209893
2024-10-01 09:00:00,5.448695993,6.1209893
2024-10-01 09:15:00,3.595968859,6.1209893
2024-10-01 09:30:00,10.34516561,6.1209893
2024-10-01 09:45:00,5.194675427,6.1209893
2024-10-01 10:00:00,9.864865939,6.1209893
2024-10-01 10:15:00,2.955636378,6.1209893
2024-10-01 10:30:00,4.584092047,6.1209893
2024-10-01 10:45:00,9.472836878,6.1209893
2024-10-01 11:00:00,1.4713433550000001,6.1209893
2024-10-01 11:15:00,10.66182498,6.1209893
2024-10-01 11:30:00,5.33769344,6.1209893
2024-10-01 11:45:00,11.29499671,6.1209893
2024-10-01 12:00:00,8.445878648,6.1209893
2024-10-01 12:15:00,10.88490765,6.1209893
2024-10-01 12:30:00,1.793286387,6.1209893
2024-10-01 12:45:00,8.651720522,6.1209893
2024-10-01 13:00:00,10.47906685,6.1209893
2024-10-01 13:15:00,11.48101823,6.1209893
2024-10-01 13:30:00,1.469149934,6.1209893
2024-10-01 13:45:00,2.04613899,6.1209893
2024-10-01 14:00:00,8.659384232,6.1209893
2024-10-01 14:15:00,1.577008238,6.1209893
2024-10-01 14:30:00,1.257503721,6.1209893
2024-10-01 14:45:00,6.843653969000001,6.1209893
2024-10-01 15:00:00,6.555220554000001,6.1209893
2024-10-01 15:15:00,7.419346460999999,6.1209893
2024-10-01 15:30:00,1.2516411,6.1209893
2024-10-01 15:45:00,6.42991082,6.1209893
2024-10-01 16:00:00,4.150309775,6.1209893
2024-10-01 16:15:00,9.058424299,6.1209893
2024-10-01 16:30:00,4.78238394,6.1209893
2024-10-01 16:45:00,4.760548602,6.1209893
2024-10-01 17:00:00,8.08764943,6.1209893
2024-10-01 17:15:00,8.160283528,6.1209893
2024-10-01 17:30:00,1.72337034,6.1209893
2024-10-01 17:45:00,7.717399537,6.1209893
2024-10-01 18:00:00,8.110159137,6.1209893
2024-10-01 18:15:00,5.825224023,6.1209893
2024-10-01 18:30:00,9.655861652,6.1209893
2024-10-01 18:45:00,1.2586324,6.1209893
2024-10-01 19:00:00,10.80584313,6.1209893
2024-10-01 19:15:00,4.922550534,6.1209893
2024-10-01 19:30:00,7.15807199,6.1209893
2024-10-01 19:45:00,1.4464863679999997,6.1209893
2024-10-01 20:00:00,8.687292506,6.1209893
2024-10-01 20:15:00,6.484385306,6.1209893
2024-10-01 20:30:00,11.172496940000002,6.1209893
2024-10-01 20:45:00,5.620651094,6.1209893
2024-10-01 21:00:00,8.566360962,6.1209893
2024-10-01 21:15:00,1.890385806,6.1209893
2024-10-01 21:30:00,1.82709834,6.1209893
2024-10-01 21:45:00,10.97266679,6.1209893
2024-10-01 22:00:00,3.8539833959999994,6.1209893
2024-10-01 22:15:00,9.987968919,6.1209893
2024-10-01 22:30:00,2.015821168,6.1209893
2024-10-01 22:45:00,7.845221752,6.1209893
2024-10-01 23:00:00,6.866414149,6.1209893
2024-10-01 23:15:00,11.33223294,6.1209893
2024-10-01 23:30:00,5.361903431,6.1209893
2024-10-01 23:45:00,1.6461729710000002,6.1209893
2024-10-02 00:00:00,6.016912309,6.1209893
2024-10-02 00:15:00,10.16960835,6.1209893
2024-10-02 00:30:00,1.7495100740000002,6.1209893
2024-10-02 00:45:00,1.541039675,6.1209893
2024-10-02 01:00:00,9.671594805,6.1209893
2024-10-02 01:15:00,9.791363152,6.1209893
2024-10-02 01:30:00,3.2776566180000004,6.1209893
2024-10-02 01:45:00,8.027307187,6.1209893
2024-10-02 02:00:00,1.785564766,6.1209893
2024-10-02 02:15:00,9.426085578,6.1209893
2024-10-02 02:30:00,4.331847754,6.1209893
2024-10-02 02:45:00,3.690599916,6.1209893
2024-10-02 03:00:00,8.196824905,6.1209893
2024-10-02 03:15:00,10.5281066,6.1209893
2024-10-02 03:30:00,1.627105689,6.1209893
2024-10-02 03:45:00,2.65494465,6.1209893
2024-10-02 04:00:00,3.8078099240000003,6.1209893
2024-10-02 04:15:00,10.47210948,6.1209893
2024-10-02 04:30:00,10.37540385,6.1209893
2024-10-02 04:45:00,10.42621054,6.1209893
2024-10-02 05:00:00,5.016836595,6.1209893
2024-10-02 05:15:00,3.509548364,6.1209893
2024-10-02 05:30:00,3.163600502,6.1209893
2024-10-02 05:45:00,9.935150916,6.1209893
2024-10-02 06:00:00,3.5269127310000004,6.1209893
2024-10-02 06:15:00,6.785774441,6.1209893
2024-10-02 06:30:00,4.459381466,6.1209893
2024-10-02 06:45:00,6.337711235,6.1209893
2024-10-02 07:00:00,4.663782308,6.1209893
2024-10-02 07:15:00,4.145318073,6.1209893
2024-10-02 07:30:00,5.773310912,6.1209893
2024-10-02 07:45:00,4.430881826,6.1209893
2024-10-02 08:00:00,10.00459672,6.1209893
2024-10-02 08:15:00,7.085407463000001,6.1209893
2024-10-02 08:30:00,2.939221811,6.1209893
2024-10-02 08:45:00,3.505238553,6.1209893
2024-10-02 09:00:00,1.732210333,6.1209893
2024-10-02 09:15:00,4.234085839,6.1209893
2024-10-02 09:30:00,8.023716974,6.1209893
2024-10-02 09:45:00,3.050886559,6.1209893
2024-10-02 10:00:00,2.168686317,6.1209893
2024-10-02 10:15:00,4.27798544,6.1209893
2024-10-02 10:30:00,7.409690349,6.1209893
2024-10-02 10:45:00,6.160912478,6.1209893
2024-10-02 11:00:00,4.437895048,6.1209893
2024-10-02 11:15:00,10.04477067,6.1209893
2024-10-02 11:30:00,5.943907696,6.1209893
2024-10-02 11:45:00,5.767299137,6.1209893
2024-10-02 12:00:00,1.476751684,6.1209893
2024-10-02 12:15:00,7.582629961,6.1209893
2024-10-02 12:30:00,5.854437418000001,6.1209893
2024-10-02 12:45:00,2.648781869,6.1209893
2024-10-02 13:00:00,3.724512791,6.1209893
2024-10-02 13:15:00,3.332261909,6.1209893
2024-10-02 13:30:00,2.399992658,6.1209893
2024-10-02 13:45:00,5.890078531,6.1209893
2024-10-02 14:00:00,4.890391119,6.1209893
2024-10-02 14:15:00,4.96515723,6.1209893
2024-10-02 14:30:00,3.9109156669999994,6.1209893
2024-10-02 14:45:00,5.684176857,6.1209893
2024-10-02 15:00:00,6.613316508,6.1209893
2024-10-02 15:15:00,7.493823203999999,6.1209893
2024-10-02 15:30:00,3.379652288,6.1209893
2024-10-02 15:45:00,8.631376047,6.1209893
2024-10-02 16:00:00,1.491447028,6.1209893
2024-10-02 16:15:00,8.680024884,6.1209893
2024-10-02 16:30:00,4.105356373,6.1209893
2024-10-02 16:45:00,4.884495427,6.1209893
2024-10-02 17:00:00,7.112472218000001,6.1209893
2024-10-02 17:15:00,7.589098242999999,6.1209893
2024-10-02 17:30:00,5.547053953999999,6.1209893
2024-10-02 17:45:00,10.80414035,6.1209893
2024-10-02 18:00:00,9.891931594,6.1209893
2024-10-02 18:15:00,3.503034397,6.1209893
2024-10-02 18:30:00,7.514189352000001,6.1209893
2024-10-02 18:45:00,8.44344225,6.1209893
2024-10-02 19:00:00,3.536470398,6.1209893
2024-10-02 19:15:00,1.3759288619999999,6.1209893
2024-10-02 19:30:00,11.582328979999998,6.1209893
2024-10-02 19:45:00,11.14312369,6.1209893
2024-10-02 20:00:00,4.579289817,6.1209893
2024-10-02 20:15:00,3.545341716,6.1209893
2024-10-02 20:30:00,2.710320806,6.1209893
2024-10-02 20:45:00,8.399504646,6.1209893
2024-10-02 21:00:00,9.024941023,6.1209893
2024-10-02 21:15:00,5.483419161,6.1209893
2024-10-02 21:30:00,3.46378938,6.1209893
2024-10-02 21:45:00,5.7394375989999995,6.1209893
2024-10-02 22:00:00,6.328565379,6.1209893
2024-10-02 22:15:00,6.846910842,6.1209893
2024-10-02 22:30:00,5.715003408,6.1209893
2024-10-02 22:45:00,1.172408951,6.1209893
2024-10-02 23:00:00,6.37951778,6.1209893
2024-10-02 23:15:00,4.851337398,6.1209893
2024-10-02 23:30:00,7.069036597,6.1209893
2024-10-02 23:45:00,1.957500713,6.1209893
2024-10-03 00:00:00,10.42835128,6.1209893
2024-10-03 00:15:00,10.03968258,6.1209893
2024-10-03 00:30:00,6.853700213,6.1209893
2024-10-03 00:45:00,8.963342145,6.1209893
2024-10-03 01:00:00,5.427915096,6.1209893
2024-10-03 01:15:00,7.247328404,6.1209893
2024-10-03 01:30:00,7.186913981,6.1209893
2024-10-03 01:45:00,4.823088341,6.1209893
2024-10-03 02:00:00,11.30102553,6.1209893
2024-10-03 02:15:00,7.431818432,6.1209893
2024-10-03 02:30:00,11.63452998,6.1209893
2024-10-03 02:45:00,5.865303214000001,6.1209893
2024-10-03 03:00:00,1.479887647,6.1209893
2024-10-03 03:15:00,4.541469966,6.1209893
2024-10-03 03:30:00,7.922110452,6.1209893
2024-10-03 03:45:00,10.79019923,6.1209893
2024-10-03 04:00:00,7.417094975,6.1209893
2024-10-03 04:15:00,6.245121823,6.1209893
2024-10-03 04:30:00,2.030658149,6.1209893
2024-10-03 04:45:00,2.7329403810000006,6.1209893
2024-10-03 05:00:00,1.705426411,6.1209893
2024-10-03 05:15:00,8.278465408,6.1209893
2024-10-03 05:30:00,9.849398198,6.1209893
2024-10-03 05:45:00,2.746730016,6.1209893
2024-10-03 06:00:00,4.483148965,6.1209893
2024-10-03 06:15:00,6.134139582,6.1209893
2024-10-03 06:30:00,2.763644303,6.1209893
2024-10-03 06:45:00,5.495373537,6.1209893
2024-10-03 07:00:00,11.19055535,6.1209893
2024-10-03 07:15:00,8.581408658,6.1209893
2024-10-03 07:30:00,2.793783292,6.1209893
2024-10-03 07:45:00,2.17678461,6.1209893
2024-10-03 08:00:00,5.770188362,6.1209893
2024-10-03 08:15:00,11.13576794,6.1209893
2024-10-03 08:30:00,9.118985446,6.1209893
2024-10-03 08:45:00,4.140027129,6.1209893
2024-10-03 09:00:00,1.424012616,6.1209893
2024-10-03 09:15:00,5.353059407,6.1209893
2024-10-03 09:30:00,2.747330698,6.1209893
2024-10-03 09:45:00,3.034872527,6.1209893
2024-10-03 10:00:00,2.862935471,6.1209893
2024-10-03 10:15:00,8.62061124,6.1209893
2024-10-03 10:30:00,1.5023439769999998,6.1209893
2024-10-03 10:45:00,7.085439611,6.1209893
2024-10-03 11:00:00,8.901566475,6.1209893
2024-10-03 11:15:00,2.69726108,6.1209893
2024-10-03 11:30:00,10.62593339,6.1209893
2024-10-03 11:45:00,1.973743808,6.1209893
2024-10-03 12:00:00,8.194700866,6.1209893
2024-10-03 12:15:00,2.829768708,6.1209893
2024-10-03 12:30:00,9.338721776,6.1209893
2024-10-03 12:45:00,7.3739473040000005,6.1209893
2024-10-03 13:00:00,7.010609022,6.1209893
2024-10-03 13:15:00,4.70548051,6.1209893
2024-10-03 13:30:00,4.080319743,6.1209893
2024-10-03 13:45:00,5.986793811,6.1209893
2024-10-03 14:00:00,8.699662187,6.1209893
2024-10-03 14:15:00,2.902021891,6.1209893
2024-10-03 14:30:00,9.246565179,6.1209893
2024-10-03 14:45:00,6.129276728,6.1209893
2024-10-03 15:00:00,5.74772433,6.1209893
2024-10-03 15:15:00,1.296912135,6.1209893
2024-10-03 15:30:00,2.4796193970000004,6.1209893
2024-10-03 15:45:00,5.592127485999999,6.1209893
2024-10-03 16:00:00,11.4228733,6.1209893
2024-10-03 16:15:00,3.780246171,6.1209893
2024-10-03 16:30:00,1.290823218,6.1209893
2024-10-03 16:45:00,5.512301477000001,6.1209893
2024-10-03 17:00:00,1.34139811,6.1209893
2024-10-03 17:15:00,4.631549573,6.1209893
2024-10-03 17:30:00,4.774900919,6.1209893
2024-10-03 17:45:00,1.145015014,6.1209893
2024-10-03 18:00:00,9.340090856,6.1209893
2024-10-03 18:15:00,10.38554093,6.1209893
2024-10-03 18:30:00,11.61647793,6.1209893
2024-10-03 18:45:00,6.684775371,6.1209893
2024-10-03 19:00:00,4.41561519,6.1209893
2024-10-03 19:15:00,8.835271148,6.1209893
2024-10-03 19:30:00,8.6352733,6.1209893
2024-10-03 19:45:00,5.158741871,6.1209893
2024-10-03 20:00:00,6.829593331,6.1209893
2024-10-03 20:15:00,9.606317428,6.1209893
2024-10-03 20:30:00,3.225603419,6.1209893
2024-10-03 20:45:00,1.343898555,6.1209893
2024-10-03 21:00:00,6.898596672,6.1209893
2024-10-03 21:15:00,8.203678015,6.1209893
2024-10-03 21:30:00,7.266877192,6.1209893
2024-10-03 21:45:00,7.119478817,6.1209893
2024-10-03 22:00:00,5.278093054,6.1209893
2024-10-03 22:15:00,7.866100259000001,6.1209893
2024-10-03 22:30:00,1.630792926,6.1209893
2024-10-03 22:45:00,2.617088642,6.1209893
2024-10-03 23:00:00,5.799770075,6.1209893
2024-10-03 23:15:00,10.96361671,6.1209893
2024-10-03 23:30:00,7.482150588,6.1209893
2024-10-03 23:45:00,4.734218612,6.1209893
2024-10-04 00:00:00,5.65554374,6.1209893
2024-10-04 00:15:00,9.745955428,6.1209893
2024-10-04 00:30:00,6.845326585,6.1209893
2024-10-04 00:45:00,1.652410197,6.1209893
2024-10-04 01:00:00,5.484684649,6.1209893
2024-10-04 01:15:00,5.049337968,6.1209893
2024-10-04 01:30:00,10.71873396,6.1209893
2024-10-04 01:45:00,4.309249269,6.1209893
2024-10-04 02:00:00,1.820907846,6.1209893
2024-10-04 02:15:00,4.920986654,6.1209893
2024-10-04 02:30:00,1.569765093,6.1209893
2024-10-04 02:45:00,9.812728059,6.1209893
2024-10-04 03:00:00,7.325462309,6.1209893
2024-10-04 03:15:00,5.936787275000001,6.1209893
2024-10-04 03:30:00,4.943524994,6.1209893
2024-10-04 03:45:00,5.529512072000001,6.1209893
2024-10-04 04:00:00,9.283690169,6.1209893
2024-10-04 04:15:00,3.00449634,6.1209893
2024-10-04 04:30:00,1.910895245,6.1209893
2024-10-04 04:45:00,7.083218696,6.1209893
2024-10-04 05:00:00,10.05340747,6.1209893
2024-10-04 05:15:00,7.138863177,6.1209893
2024-10-04 05:30:00,9.524632712,6.1209893
2024-10-04 05:45:00,9.986094804,6.1209893
2024-10-04 06:00:00,1.88636245,6.1209893
2024-10-04 06:15:00,7.434294233,6.1209893
2024-10-04 06:30:00,9.716628794,6.1209893
2024-10-04 06:45:00,7.838513529,6.1209893
2024-10-04 07:00:00,7.452542495,6.1209893
2024-10-04 07:15:00,9.305286182,6.1209893
2024-10-04 07:30:00,8.477044752,6.1209893
2024-10-04 07:45:00,6.22202861,6.1209893
2024-10-04 08:00:00,1.6186611799999997,6.1209893
2024-10-04 08:15:00,7.593640945,6.1209893
2024-10-04 08:30:00,3.314198745,6.1209893
2024-10-04 08:45:00,3.704031993,6.1209893
2024-10-04 09:00:00,8.650489888,6.1209893
2024-10-04 09:15:00,5.827738842,6.1209893
2024-10-04 09:30:00,8.441317169,6.1209893
2024-10-04 09:45:00,5.29305798,6.1209893
2024-10-04 10:00:00,10.14361464,6.1209893
2024-10-04 10:15:00,5.438681155,6.1209893
2024-10-04 10:30:00,6.326820785,6.1209893
2024-10-04 10:45:00,2.411329971,6.1209893
2024-10-04 11:00:00,6.579925876,6.1209893
2024-10-04 11:15:00,3.6709765730000004,6.1209893
2024-10-04 11:30:00,8.992397253,6.1209893
2024-10-04 11:45:00,8.560662725,6.1209893
2024-10-04 12:00:00,1.339778882,6.1209893
2024-10-04 12:15:00,6.286266252,6.1209893
2024-10-04 12:30:00,1.6945551350000003,6.1209893
2024-10-04 12:45:00,7.215948025,6.1209893
2024-10-04 13:00:00,10.59307338,6.1209893
2024-10-04 13:15:00,9.918955082,6.1209893
2024-10-04 13:30:00,3.661755936,6.1209893
2024-10-04 13:45:00,2.627246687,6.1209893
2024-10-04 14:00:00,9.170485089,6.1209893
2024-10-04 14:15:00,6.994277833,6.1209893
2024-10-04 14:30:00,5.419381186,6.1209893
2024-10-04 14:45:00,9.406514499,6.1209893
2024-10-04 15:00:00,3.7174895390000002,6.1209893
2024-10-04 15:15:00,3.5308825179999994,6.1209893
2024-10-04 15:30:00,7.352544258,6.1209893
2024-10-04 15:45:00,3.815861785,6.1209893
2024-10-04 16:00:00,5.698961491999999,6.1209893
2024-10-04 16:15:00,5.800745491,6.1209893
2024-10-04 16:30:00,3.1959927889999995,6.1209893
2024-10-04 16:45:00,1.759088838,6.1209893
2024-10-04 17:00:00,9.424182473,6.1209893
2024-10-04 17:15:00,9.127861931,6.1209893
2024-10-04 17:30:00,7.323431482000001,6.1209893
2024-10-04 17:45:00,2.66199229,6.1209893
2024-10-04 18:00:00,5.915913075,6.1209893
2024-10-04 18:15:00,2.9429613979999996,6.1209893
2024-10-04 18:30:00,9.980660302,6.1209893
2024-10-04 18:45:00,8.540802426,6.1209893
2024-10-04 19:00:00,1.477981705,6.1209893
2024-10-04 19:15:00,1.230239686,6.1209893
2024-10-04 19:30:00,11.157288039999997,6.1209893
2024-10-04 19:45:00,1.533243754,6.1209893
2024-10-04 20:00:00,10.44879689,6.1209893
2024-10-04 20:15:00,11.29666814,6.1209893
2024-10-04 20:30:00,4.37516569,6.1209893
2024-10-04 20:45:00,6.577223373000001,6.1209893
2024-10-04 21:00:00,8.148487516,6.1209893
2024-10-04 21:15:00,6.526172008,6.1209893
2024-10-04 21:30:00,3.328312261,6.1209893
2024-10-04 21:45:00,7.343825255,6.1209893
2024-10-04 22:00:00,3.8253882530000003,6.1209893
2024-10-04 22:15:00,2.785557951,6.1209893
2024-10-04 22:30:00,6.387765723,6.1209893
2024-10-04 22:45:00,4.915255437,6.1209893
2024-10-04 23:00:00,1.339898046,6.1209893
2024-10-04 23:15:00,10.76872057,6.1209893
2024-10-04 23:30:00,1.5415206179999998,6.1209893
2024-10-04 23:45:00,10.23191495,6.1209893
2024-10-05 00:00:00,3.1527096529999996,6.1209893
2024-10-05 00:15:00,2.574023476,6.1209893
2024-10-05 00:30:00,1.885252791,6.1209893
2024-10-05 00:45:00,5.407079224,6.1209893
2024-10-05 01:00:00,7.36681405,6.1209893
2024-10-05 01:15:00,10.21218056,6.1209893
2024-10-05 01:30:00,8.790345564,6.1209893
2024-10-05 01:45:00,2.877472848,6.1209893
2024-10-05 02:00:00,2.832265424,6.1209893
2024-10-05 02:15:00,1.281608893,6.1209893
2024-10-05 02:30:00,8.370443782,6.1209893
2024-10-05 02:45:00,1.353774971,6.1209893
2024-10-05 03:00:00,2.64270409,6.1209893
2024-10-05 03:15:00,7.736484915999999,6.1209893
2024-10-05 03:30:00,2.7125723810000006,6.1209893
2024-10-05 03:45:00,2.81199937,6.1209893
2024-10-05 04:00:00,3.580579555,6.1209893
2024-10-05 04:15:00,5.056123935,6.1209893
2024-10-05 04:30:00,1.247094792,6.1209893
2024-10-05 04:45:00,8.464100074,6.1209893
2024-10-05 05:00:00,9.421813558,6.1209893
2024-10-05 05:15:00,5.089923378,6.1209893
2024-10-05 05:30:00,9.655699833,6.1209893
2024-10-05 05:45:00,4.200691456,6.1209893
2024-10-05 06:00:00,11.33115438,6.1209893
2024-10-05 06:15:00,5.254314645,6.1209893
2024-10-05 06:30:00,7.856469289,6.1209893
2024-10-05 06:45:00,4.657838148,6.1209893
2024-10-05 07:00:00,5.75477507,6.1209893
2024-10-05 07:15:00,7.884452494,6.1209893
2024-10-05 07:30:00,4.773099785,6.1209893
2024-10-05 07:45:00,7.71419554,6.1209893
2024-10-05 08:00:00,2.5603178740000003,6.1209893
2024-10-05 08:15:00,6.157586643,6.1209893
2024-10-05 08:30:00,3.9348905169999995,6.1209893
2024-10-05 08:45:00,10.65154395,6.1209893
2024-10-05 09:00:00,9.910015324,6.1209893
2024-10-05 09:15:00,6.225085564999999,6.1209893
2024-10-05 09:30:00,5.942716647000001,6.1209893
2024-10-05 09:45:00,9.876486209,6.1209893
2024-10-05 10:00:00,8.239107496,6.1209893
2024-10-05 10:15:00,8.043298789,6.1209893
2024-10-05 10:30:00,6.863707121,6.1209893
2024-10-05 10:45:00,10.09379615,6.1209893
2024-10-05 11:00:00,3.173219611,6.1209893
2024-10-05 11:15:00,10.03748561,6.1209893
2024-10-05 11:30:00,6.497398754,6.1209893
2024-10-05 11:45:00,7.542918354000001,6.1209893
2024-10-05 12:00:00,10.88914733,6.1209893
2024-10-05 12:15:00,5.717980645,6.1209893
2024-10-05 12:30:00,8.263916929,6.1209893
2024-10-05 12:45:00,6.381214247000001,6.1209893
2024-10-05 13:00:00,10.9807356,6.1209893
2024-10-05 13:15:00,5.948571849,6.1209893
2024-10-05 13:30:00,3.8823798339999995,6.1209893
2024-10-05 13:45:00,6.053244403000001,6.1209893
2024-10-05 14:00:00,10.72167423,6.1209893
2024-10-05 14:15:00,6.066778127,6.1209893
2024-10-05 14:30:00,2.593178264,6.1209893
2024-10-05 14:45:00,6.824472693,6.1209893
2024-10-05 15:00:00,5.083003766,6.1209893
2024-10-05 15:15:00,7.731360252,6.1209893
2024-10-05 15:30:00,3.758691098,6.1209893
2024-10-05 15:45:00,4.701338938,6.1209893
2024-10-05 16:00:00,6.628886847,6.1209893
2024-10-05 16:15:00,2.317856923,6.1209893
2024-10-05 16:30:00,3.456346365,6.1209893
2024-10-05 16:45:00,9.123317794,6.1209893
2024-10-05 17:00:00,10.79896279,6.1209893
2024-10-05 17:15:00,11.19800868,6.1209893
2024-10-05 17:30:00,11.304507660000002,6.1209893
2024-10-05 17:45:00,11.116158170000002,6.1209893
2024-10-05 18:00:00,9.551035305,6.1209893
2024-10-05 18:15:00,8.583584129,6.1209893
2024-10-05 18:30:00,3.62686359,6.1209893
2024-10-05 18:45:00,5.655563477000001,6.1209893
2024-10-05 19:00:00,5.293770902,6.1209893
2024-10-05 19:15:00,8.449719181,6.1209893
2024-10-05 19:30:00,6.145369168000001,6.1209893
2024-10-05 19:45:00,4.92961776,6.1209893
2024-10-05 20:00:00,9.317211672,6.1209893
2024-10-05 20:15:00,9.111386368,6.1209893
2024-10-05 20:30:00,5.02716173,6.1209893
2024-10-05 20:45:00,5.578289536,6.1209893
2024-10-05 21:00:00,10.3089287,6.1209893
2024-10-05 21:15:00,8.767198085,6.1209893
2024-10-05 21:30:00,8.302743535,6.1209893
2024-10-05 21:45:00,8.488701425,6.1209893
2024-10-05 22:00:00,2.217020979,6.1209893
2024-10-05 22:15:00,7.172953431,6.1209893
2024-10-05 22:30:00,4.259117685,6.1209893
2024-10-05 22:45:00,1.975914911,6.1209893
2024-10-05 23:00:00,8.903268015,6.1209893
2024-10-05 23:15:00,4.411213783,6.1209893
2024-10-05 23:30:00,4.34477807,6.1209893
2024-10-05 23:45:00,7.8584147810000005,6.1209893
2024-10-06 00:00:00,8.132229329,6.1209893
2024-10-06 00:15:00,5.9446588,6.1209893
2024-10-06 00:30:00,6.852067656999999,6.1209893
2024-10-06 00:45:00,10.09815792,6.1209893
2024-10-06 01:00:00,2.233939342,6.1209893
2024-10-06 01:15:00,1.8651086270000001,6.1209893
2024-10-06 01:30:00,8.167444463,6.1209893
2024-10-06 01:45:00,7.583410316,6.1209893
2024-10-06 02:00:00,3.2066232770000003,6.1209893
2024-10-06 02:15:00,6.538729837,6.1209893
2024-10-06 02:30:00,8.901822303,6.1209893
2024-10-06 02:45:00,8.78396444,6.1209893
2024-10-06 03:00:00,7.306128085,6.1209893
2024-10-06 03:15:00,2.5295981710000004,6.1209893
2024-10-06 03:30:00,4.136644663,6.1209893
2024-10-06 03:45:00,5.37367633,6.1209893
2024-10-06 04:00:00,9.029683923,6.1209893
2024-10-06 04:15:00,6.636578359,6.1209893
2024-10-06 04:30:00,8.877846536,6.1209893
2024-10-06 04:45:00,10.66197161,6.1209893
2024-10-06 05:00:00,7.722978329,6.1209893
2024-10-06 05:15:00,3.587172645,6.1209893
2024-10-06 05:30:00,2.65706948,6.1209893
2024-10-06 05:45:00,1.149610757,6.1209893
2024-10-06 06:00:00,2.8416288710000006,6.1209893
2024-10-06 06:15:00,3.955626277,6.1209893
2024-10-06 06:30:00,3.756345094,6.1209893
2024-10-06 06:45:00,7.799936126,6.1209893
2024-10-06 07:00:00,2.653055872,6.1209893
2024-10-06 07:15:00,5.533053066999999,6.1209893
2024-10-06 07:30:00,1.186569917,6.1209893
2024-10-06 07:45:00,3.765737185,6.1209893
2024-10-06 08:00:00,1.5267785280000001,6.1209893
2024-10-06 08:15:00,8.778644445,6.1209893
2024-10-06 08:30:00,4.746056772,6.1209893
2024-10-06 08:45:00,5.822257298,6.1209893
2024-10-06 09:00:00,8.960182052,6.1209893
2024-10-06 09:15:00,9.834760029,6.1209893
2024-10-06 09:30:00,6.37256771,6.1209893
2024-10-06 09:45:00,7.996745636,6.1209893
2024-10-06 10:00:00,8.682003726,6.1209893
2024-10-06 10:15:00,4.000192256,6.1209893
2024-10-06 10:30:00,8.552323181,6.1209893
2024-10-06 10:45:00,8.11346125,6.1209893
2024-10-06 11:00:00,5.802658913999999,6.1209893
2024-10-06 11:15:00,4.427403581,6.1209893
2024-10-06 11:30:00,10.95523545,6.1209893
2024-10-06 11:45:00,11.370113710000002,6.1209893
2024-10-06 12:00:00,8.300035418,6.1209893
2024-10-06 12:15:00,5.089602641,6.1209893
2024-10-06 12:30:00,8.737644728,6.1209893
2024-10-06 12:45:00,7.930174607,6.1209893
2024-10-06 13:00:00,7.086993206,6.1209893
2024-10-06 13:15:00,2.515993681,6.1209893
2024-10-06 13:30:00,11.100155009999998,6.1209893
2024-10-06 13:45:00,3.5596168930000003,6.1209893
2024-10-06 14:00:00,5.225486897,6.1209893
2024-10-06 14:15:00,4.687674011,6.1209893
2024-10-06 14:30:00,2.6745941830000004,6.1209893
2024-10-06 14:45:00,1.357463006,6.1209893
2024-10-06 15:00:00,10.86390486,6.1209893
2024-10-06 15:15:00,8.839488079,6.1209893
2024-10-06 15:30:00,1.39221878,6.1209893
2024-10-06 15:45:00,8.40056746,6.1209893
2024-10-06 16:00:00,2.448635861,6.1209893
2024-10-06 16:15:00,8.856120215,6.1209893
2024-10-06 16:30:00,6.484690842,6.1209893
2024-10-06 16:45:00,11.44007368,6.1209893
2024-10-06 17:00:00,5.899919218,6.1209893
2024-10-06 17:15:00,9.297130878,6.1209893
2024-10-06 17:30:00,1.601220453,6.1209893
2024-10-06 17:45:00,10.96610274,6.1209893
2024-10-06 18:00:00,7.135388262,6.1209893
2024-10-06 18:15:00,4.346273526,6.1209893
2024-10-06 18:30:00,2.432826781,6.1209893
2024-10-06 18:45:00,7.896410213000001,6.1209893
2024-10-06 19:00:00,8.708908643,6.1209893
2024-10-06 19:15:00,2.05940871,6.1209893
2024-10-06 19:30:00,2.8639651270000006,6.1209893
2024-10-06 19:45:00,5.043513307,6.1209893
2024-10-06 20:00:00,9.971292772,6.1209893
2024-10-06 20:15:00,11.64459484,6.1209893
2024-10-06 20:30:00,8.876899257,6.1209893
2024-10-06 20:45:00,1.210015644,6.1209893
2024-10-06 21:00:00,10.57588569,6.1209893
2024-10-06 21:15:00,1.439057231,6.1209893
2024-10-06 21:30:00,10.36020859,6.1209893
2024-10-06 21:45:00,5.437874181,6.1209893
2024-10-06 22:00:00,8.626402339,6.1209893
2024-10-06 22:15:00,2.015519769,6.1209893
2024-10-06 22:30:00,2.815309784,6.1209893
2024-10-06 22:45:00,5.874836197999999,6.1209893
2024-10-06 23:00:00,1.5539280100000001,6.1209893
2024-10-06 23:15:00,5.168840554,6.1209893
2024-10-06 23:30:00,9.066990958,6.1209893
2024-10-06 23:45:00,7.991559934,6.1209893
2024-10-07 00:00:00,4.760694688,6.1209893
2024-10-07 00:15:00,1.213597785,6.1209893
2024-10-07 00:30:00,3.8709239900000005,6.1209893
2024-10-07 00:45:00,8.891119046,6.1209893
2024-10-07 01:00:00,4.688764843,6.1209893
2024-10-07 01:15:00,4.962311827,6.1209893
2024-10-07 01:30:00,1.897300326,6.1209893
2024-10-07 01:45:00,7.357034609000001,6.1209893
2024-10-07 02:00:00,7.758852155,6.1209893
2024-10-07 02:15:00,5.722545428,6.1209893
2024-10-07 02:30:00,9.011178739,6.1209893
2024-10-07 02:45:00,10.50687719,6.1209893
2024-10-07 03:00:00,8.527939646,6.1209893
2024-10-07 03:15:00,7.060409516,6.1209893
2024-10-07 03:30:00,10.99750185,6.1209893
2024-10-07 03:45:00,5.117225627,6.1209893
2024-10-07 04:00:00,7.772804527,6.1209893
2024-10-07 04:15:00,7.036085299,6.1209893
2024-10-07 04:30:00,9.990843397,6.1209893
2024-10-07 04:45:00,6.407643401,6.1209893
2024-10-07 05:00:00,6.9785314849999995,6.1209893
2024-10-07 05:15:00,5.754371257,6.1209893
2024-10-07 05:30:00,2.551716681,6.1209893
2024-10-07 05:45:00,10.36832772,6.1209893
2024-10-07 06:00:00,10.23841172,6.1209893
2024-10-07 06:15:00,8.421029765,6.1209893
2024-10-07 06:30:00,4.902605622,6.1209893
2024-10-07 06:45:00,4.828688921,6.1209893
2024-10-07 07:00:00,1.522582878,6.1209893
2024-10-07 07:15:00,1.982137347,6.1209893
2024-10-07 07:30:00,6.63923516,6.1209893
2024-10-07 07:45:00,1.61673885,6.1209893
2024-10-07 08:00:00,2.124019618,6.1209893
2024-10-07 08:15:00,3.72443792,6.1209893
2024-10-07 08:30:00,5.362290801,6.1209893
2024-10-07 08:45:00,6.179412444,6.1209893
2024-10-07 09:00:00,4.496856928,6.1209893
2024-10-07 09:15:00,11.03242298,6.1209893
2024-10-07 09:30:00,11.225202879999998,6.1209893
2024-10-07 09:45:00,1.7364215079999998,6.1209893
2024-10-07 10:00:00,11.63631329,6.1209893
2024-10-07 10:15:00,2.863263755,6.1209893
2024-10-07 10:30:00,4.503458799,6.1209893
2024-10-07 10:45:00,10.06110218,6.1209893
2024-10-07 11:00:00,8.269853726,6.1209893
2024-10-07 11:15:00,1.7047038040000002,6.1209893
2024-10-07 11:30:00,8.903579298,6.1209893
2024-10-07 11:45:00,7.873272634000001,6.1209893
2024-10-07 12:00:00,10.98814647,6.1209893
2024-10-07 12:15:00,10.67597374,6.1209893
2024-10-07 12:30:00,11.16317408,6.1209893
2024-10-07 12:45:00,5.907097833,6.1209893
2024-10-07 13:00:00,8.381945465,6.1209893
2024-10-07 13:15:00,11.40121614,6.1209893
2024-10-07 13:30:00,1.23694947,6.1209893
2024-10-07 13:45:00,9.235936993,6.1209893
2024-10-07 14:00:00,1.7262602499999997,6.1209893
2024-10-07 14:15:00,11.58828876,6.1209893
2024-10-07 14:30:00,1.297575017,6.1209893
2024-10-07 14:45:00,6.989040768000001,6.1209893
2024-10-07 15:00:00,6.6095807,6.1209893
2024-10-07 15:15:00,4.259926098,6.1209893
2024-10-07 15:30:00,8.979649429,6.1209893
2024-10-07 15:45:00,3.8266296190000006,6.1209893
2024-10-07 16:00:00,4.124833518,6.1209893
2024-10-07 16:15:00,3.1769460690000004,6.1209893
2024-10-07 16:30:00,8.519016217,6.1209893
2024-10-07 16:45:00,2.925999325,6.1209893
2024-10-07 17:00:00,10.48073353,6.1209893
2024-10-07 17:15:00,4.11743441,6.1209893
2024-10-07 17:30:00,6.581312394,6.1209893
2024-10-07 17:45:00,5.955467608999999,6.1209893
2024-10-07 18:00:00,8.528534338,6.1209893
2024-10-07 18:15:00,3.435737116,6.1209893
2024-10-07 18:30:00,9.552527573,6.1209893
2024-10-07 18:45:00,9.135977309,6.1209893
2024-10-07 19:00:00,4.567814898,6.1209893
2024-10-07 19:15:00,2.292936951,6.1209893
2024-10-07 19:30:00,6.203677661,6.1209893
2024-10-07 19:45:00,11.725828400000001,6.1209893
2024-10-07 20:00:00,1.346457972,6.1209893
2024-10-07 20:15:00,9.688724024,6.1209893
2024-10-07 20:30:00,8.126507809,6.1209893
2024-10-07 20:45:00,3.027768121,6.1209893
2024-10-07 21:00:00,6.023310566,6.1209893
2024-10-07 21:15:00,7.566568343,6.1209893
2024-10-07 21:30:00,8.698041777,6.1209893
2024-10-07 21:45:00,10.4075738,6.1209893
2024-10-07 22:00:00,10.16371508,6.1209893
2024-10-07 22:15:00,4.58270794,6.1209893
2024-10-07 22:30:00,2.341383086,6.1209893
2024-10-07 22:45:00,2.252737779,6.1209893
2024-10-07 23:00:00,11.07935397,6.1209893
2024-10-07 23:15:00,11.132577140000002,6.1209893
2024-10-07 23:30:00,9.609346639,6.1209893
2024-10-07 23:45:00,10.7941679,6.1209893
2024-10-08 00:00:00,4.100862805,6.1209893
2024-10-08 00:15:00,10.13092748,6.1209893
2024-10-08 00:30:00,6.323684384,6.1209893
2024-10-08 00:45:00,9.238015576,6.1209893
2024-10-08 01:00:00,7.716717308,6.1209893
2024-10-08 01:15:00,10.3151854,6.1209893
2024-10-08 01:30:00,5.243217751,6.1209893
2024-10-08 01:45:00,11.33346085,6.1209893
2024-10-08 02:00:00,3.413100355,6.1209893
2024-10-08 02:15:00,7.816223717,6.1209893
2024-10-08 02:30:00,9.396839607,6.1209893
2024-10-08 02:45:00,7.481440147,6.1209893
2024-10-08 03:00:00,4.139321334,6.1209893
2024-10-08 03:15:00,6.802096514,6.1209893
2024-10-08 03:30:00,6.442542433,6.1209893
2024-10-08 03:45:00,3.072536626,6.1209893
2024-10-08 04:00:00,9.036081774,6.1209893
2024-10-08 04:15:00,3.807395056,6.1209893
2024-10-08 04:30:00,9.542361016,6.1209893
2024-10-08 04:45:00,3.422222052,6.1209893
2024-10-08 05:00:00,6.364970155,6.1209893
2024-10-08 05:15:00,8.204716888,6.1209893
2024-10-08 05:30:00,11.48661995,6.1209893
2024-10-08 05:45:00,3.902546891,6.1209893
2024-10-08 06:00:00,7.596883483000001,6.1209893
2024-10-08 06:15:00,2.806513972,6.1209893
2024-10-08 06:30:00,9.797224627,6.1209893
2024-10-08 06:45:00,10.06130591,6.1209893
2024-10-08 07:00:00,10.37279971,6.1209893
2024-10-08 07:15:00,10.9342825,6.1209893
2024-10-08 07:30:00,4.882454828,6.1209893
2024-10-08 07:45:00,7.907837164,6.1209893
2024-10-08 08:00:00,4.50078209,6.1209893
2024-10-08 08:15:00,9.542152965,6.1209893
2024-10-08 08:30:00,5.420214178,6.1209893
2024-10-08 08:45:00,6.820213346,6.1209893
2024-10-08 09:00:00,2.5726536560000004,6.1209893
2024-10-08 09:15:00,9.920050312,6.1209893
2024-10-08 09:30:00,6.055060818,6.1209893
2024-10-08 09:45:00,7.7139002,6.1209893
2024-10-08 10:00:00,8.212129304,6.1209893
2024-10-08 10:15:00,3.8488512270000004,6.1209893
2024-10-08 10:30:00,9.305614071,6.1209893
2024-10-08 10:45:00,9.999285884,6.1209893
2024-10-08 11:00:00,6.464327776,6.1209893
2024-10-08 11:15:00,10.55216243,6.1209893
2024-10-08 11:30:00,2.881817695,6.1209893
2024-10-08 11:45:00,5.544880760999999,6.1209893
2024-10-08 12:00:00,1.5933215899999997,6.1209893
2024-10-08 12:15:00,5.260171528,6.1209893
2024-10-08 12:30:00,11.69493052,6.1209893
2024-10-08 12:45:00,6.065314519000001,6.1209893
2024-10-08 13:00:00,5.478323687,6.1209893
2024-10-08 13:15:00,8.259328305,6.1209893
2024-10-08 13:30:00,1.662697371,6.1209893
2024-10-08 13:45:00,4.954467401,6.1209893
2024-10-08 14:00:00,6.822022925,6.1209893
2024-10-08 14:15:00,6.252937993,6.1209893
2024-10-08 14:30:00,7.616738582,6.1209893
2024-10-08 14:45:00,2.572538434,6.1209893
2024-10-08 15:00:00,5.29136364,6.1209893
2024-10-08 15:15:00,7.945405808,6.1209893
2024-10-08 15:30:00,4.249897098,6.1209893
2024-10-08 15:45:00,7.697494173000001,6.1209893
2024-10-08 16:00:00,10.93120676,6.1209893
2024-10-08 16:15:00,10.66445717,6.1209893
2024-10-08 16:30:00,8.749694151,6.1209893
2024-10-08 16:45:00,3.0903379999999996,6.1209893
2024-10-08 17:00:00,9.22425713,6.1209893
2024-10-08 17:15:00,5.45174257,6.1209893
2024-10-08 17:30:00,10.62637774,6.1209893
2024-10-08 17:45:00,7.526642439,6.1209893
2024-10-08 18:00:00,3.29331558,6.1209893
2024-10-08 18:15:00,4.301161393,6.1209893
2024-10-08 18:30:00,4.453448545,6.1209893
2024-10-08 18:45:00,3.7960622580000005,6.1209893
2024-10-08 19:00:00,9.06291663,6.1209893
2024-10-08 19:15:00,4.517941775,6.1209893
2024-10-08 19:30:00,3.0712323439999993,6.1209893
2024-10-08 19:45:00,7.191959573,6.1209893
2024-10-08 20:00:00,5.821915253000001,6.1209893
2024-10-08 20:15:00,1.393514693,6.1209893
2024-10-08 20:30:00,4.143917818,6.1209893
2024-10-08 20:45:00,1.533049322,6.1209893
2024-10-08 21:00:00,8.971087027,6.1209893
2024-10-08 21:15:00,10.89411993,6.1209893
2024-10-08 21:30:00,6.174342377,6.1209893
2024-10-08 21:45:00,6.732949367,6.1209893
2024-10-08 22:00:00,9.542591918,6.1209893
2024-10-08 22:15:00,1.307383056,6.1209893
2024-10-08 22:30:00,2.930458881,6.1209893
2024-10-08 22:45:00,7.803690056,6.1209893
2024-10-08 23:00:00,8.262535599,6.1209893
2024-10-08 23:15:00,7.533757639000001,6.1209893
2024-10-08 23:30:00,10.4953219,6.1209893
2024-10-08 23:45:00,5.217745978,6.1209893
2024-10-09 00:00:00,6.887855031,6.1209893
2024-10-09 00:15:00,11.06220121,6.1209893
2024-10-09 00:30:00,10.45201246,6.1209893
2024-10-09 00:45:00,1.456907513,6.1209893
2024-10-09 01:00:00,4.642897997,6.1209893
2024-10-09 01:15:00,8.784317547,6.1209893
2024-10-09 01:30:00,1.184750957,6.1209893
2024-10-09 01:45:00,10.47942651,6.1209893
2024-10-09 02:00:00,6.313995908,6.1209893
2024-10-09 02:15:00,2.040537247,6.1209893
2024-10-09 02:30:00,5.791827115,6.1209893
2024-10-09 02:45:00,6.451480564,6.1209893
2024-10-09 03:00:00,4.895419483,6.1209893
2024-10-09 03:15:00,5.940247717,6.1209893
2024-10-09 03:30:00,10.19035043,6.1209893
2024-10-09 03:45:00,4.536375985,6.1209893
2024-10-09 04:00:00,11.329603760000001,6.1209893
2024-10-09 04:15:00,8.028866979,6.1209893
2024-10-09 04:30:00,10.30475567,6.1209893
2024-10-09 04:45:00,3.381696112,6.1209893
2024-10-09 05:00:00,6.324188692,6.1209893
2024-10-09 05:15:00,7.159795143,6.1209893
2024-10-09 05:30:00,2.070188001,6.1209893
2024-10-09 05:45:00,6.212771273999999,6.1209893
2024-10-09 06:00:00,10.54186709,6.1209893
2024-10-09 06:15:00,1.695236454,6.1209893
2024-10-09 06:30:00,7.279872539,6.1209893
2024-10-09 06:45:00,11.313749860000001,6.1209893
2024-10-09 07:00:00,6.541461695,6.1209893
2024-10-09 07:15:00,4.364016456,6.1209893
2024-10-09 07:30:00,7.133524762,6.1209893
2024-10-09 07:45:00,6.915231014999999,6.1209893
2024-10-09 08:00:00,2.265554131,6.1209893
2024-10-09 08:15:00,3.294696199,6.1209893
2024-10-09 08:30:00,8.053659367,6.1209893
2024-10-09 08:45:00,7.160215625,6.1209893
2024-10-09 09:00:00,4.732646118,6.1209893
2024-10-09 09:15:00,11.086171140000001,6.1209893
2024-10-09 09:30:00,7.836014931,6.1209893
2024-10-09 09:45:00,3.517915211,6.1209893
2024-10-09 10:00:00,6.006782397,6.1209893
2024-10-09 10:15:00,8.894624971,6.1209893
2024-10-09 10:30:00,8.0415379,6.1209893
2024-10-09 10:45:00,3.5439268550000005,6.1209893
2024-10-09 11:00:00,8.02869156,6.1209893
2024-10-09 11:15:00,4.695952659,6.1209893
2024-10-09 11:30:00,5.631989985,6.1209893
2024-10-09 11:45:00,7.952649051999999,6.1209893
2024-10-09 12:00:00,7.231154727,6.1209893
2024-10-09 12:15:00,8.623929342,6.1209893
2024-10-09 12:30:00,5.101494506,6.1209893
2024-10-09 12:45:00,8.936667631,6.1209893
2024-10-09 13:00:00,1.285377867,6.1209893
2024-10-09 13:15:00,2.933970433,6.1209893
2024-10-09 13:30:00,11.72289702,6.1209893
2024-10-09 13:45:00,2.004508581,6.1209893
2024-10-09 14:00:00,8.031396501,6.1209893
2024-10-09 14:15:00,10.60170338,6.1209893
2024-10-09 14:30:00,10.24225247,6.1209893
2024-10-09 14:45:00,10.62348736,6.1209893
2024-10-09 15:00:00,11.37126189,6.1209893
2024-10-09 15:15:00,4.570159729,6.1209893
2024-10-09 15:30:00,4.484397258,6.1209893
2024-10-09 15:45:00,2.439786667,6.1209893
2024-10-09 16:00:00,3.2814703490000006,6.1209893
2024-10-09 16:15:00,7.743703947,6.1209893
2024-10-09 16:30:00,4.420354175,6.1209893
2024-10-09 16:45:00,4.693757138,6.1209893
2024-10-09 17:00:00,7.340192658,6.1209893
2024-10-09 17:15:00,2.177079986,6.1209893
2024-10-09 17:30:00,1.795190213,6.1209893
2024-10-09 17:45:00,9.756551896,6.1209893
2024-10-09 18:00:00,9.423671951,6.1209893
2024-10-09 18:15:00,5.170003786,6.1209893
2024-10-09 18:30:00,6.979265401999999,6.1209893
2024-10-09 18:45:00,3.555928898,6.1209893
2024-10-09 19:00:00,4.923253997,6.1209893
2024-10-09 19:15:00,1.502890575,6.1209893
2024-10-09 19:30:00,3.951525717,6.1209893
2024-10-09 19:45:00,1.356794936,6.1209893
2024-10-09 20:00:00,5.473939821,6.1209893
2024-10-09 20:15:00,6.480743491,6.1209893
2024-10-09 20:30:00,6.377581155999999,6.1209893
2024-10-09 20:45:00,4.532055152,6.1209893
2024-10-09 21:00:00,3.231764267,6.1209893
2024-10-09 21:15:00,5.758598799,6.1209893
2024-10-09 21:30:00,10.16603767,6.1209893
2024-10-09 21:45:00,11.24149154,6.1209893
2024-10-09 22:00:00,4.356831196,6.1209893
2024-10-09 22:15:00,11.07295725,6.1209893
2024-10-09 22:30:00,5.516137938,6.1209893
2024-10-09 22:45:00,7.596648991,6.1209893
2024-10-09 23:00:00,9.398903806,6.1209893
2024-10-09 23:15:00,4.935534874,6.1209893
2024-10-09 23:30:00,3.225839556,6.1209893
2024-10-09 23:45:00,3.918836126,6.1209893
2024-10-10 00:00:00,9.782413194,6.1209893
2024-10-10 00:15:00,10.79173253,6.1209893
2024-10-10 00:30:00,2.5205047260000004,6.1209893
2024-10-10 00:45:00,8.260167356,6.1209893
2024-10-10 01:00:00,1.535793157,6.1209893
2024-10-10 01:15:00,10.28896116,6.1209893
2024-10-10 01:30:00,9.994886396,6.1209893
2024-10-10 01:45:00,8.977559096,6.1209893
2024-10-10 02:00:00,9.841656932,6.1209893
2024-10-10 02:15:00,7.255896745,6.1209893
2024-10-10 02:30:00,2.67339767,6.1209893
2024-10-10 02:45:00,10.60322713,6.1209893
2024-10-10 03:00:00,2.59783957,6.1209893
2024-10-10 03:15:00,3.4513493400000006,6.1209893
2024-10-10 03:30:00,5.526977086,6.1209893
2024-10-10 03:45:00,6.082332036,6.1209893
2024-10-10 04:00:00,2.212406956,6.1209893
2024-10-10 04:15:00,8.936810315,6.1209893
2024-10-10 04:30:00,2.5639584900000005,6.1209893
2024-10-10 04:45:00,7.903634582,6.1209893
2024-10-10 05:00:00,5.966808849,6.1209893
2024-10-10 05:15:00,9.944247709,6.1209893
2024-10-10 05:30:00,4.224130424,6.1209893
2024-10-10 05:45:00,9.774577989,6.1209893
2024-10-10 06:00:00,3.6690385720000003,6.1209893
2024-10-10 06:15:00,6.871805336999999,6.1209893
2024-10-10 06:30:00,5.942884587,6.1209893
2024-10-10 06:45:00,4.716136468,6.1209893
2024-10-10 07:00:00,1.214088221,6.1209893
2024-10-10 07:15:00,5.391274878,6.1209893
2024-10-10 07:30:00,2.396876452,6.1209893
2024-10-10 07:45:00,3.4613396219999997,6.1209893
2024-10-10 08:00:00,8.4734481,6.1209893
2024-10-10 08:15:00,6.898371604000001,6.1209893
2024-10-10 08:30:00,6.487531593,6.1209893
2024-10-10 08:45:00,6.693823229000001,6.1209893
2024-10-10 09:00:00,2.432828201,6.1209893
2024-10-10 09:15:00,2.803755797,6.1209893
2024-10-10 09:30:00,6.770301628000001,6.1209893
2024-10-10 09:45:00,5.477503459,6.1209893
2024-10-10 10:00:00,6.121283195,6.1209893
2024-10-10 10:15:00,10.24273231,6.1209893
2024-10-10 10:30:00,3.0920647350000006,6.1209893
2024-10-10 10:45:00,10.36792566,6.1209893
2024-10-10 11:00:00,10.39186094,6.1209893
2024-10-10 11:15:00,10.44563799,6.1209893
2024-10-10 11:30:00,7.801684204,6.1209893
2024-10-10 11:45:00,10.00247273,6.1209893
2024-10-10 12:00:00,11.70624526,6.1209893
2024-10-10 12:15:00,6.055305962,6.1209893
2024-10-10 12:30:00,10.23629091,6.1209893
2024-10-10 12:45:00,10.58404031,6.1209893
2024-10-10 13:00:00,4.335206343,6.1209893
2024-10-10 13:15:00,5.847823673999999,6.1209893
2024-10-10 13:30:00,7.140736505999999,6.1209893
2024-10-10 13:45:00,4.664248531,6.1209893
2024-10-10 14:00:00,4.387769385,6.1209893
2024-10-10 14:15:00,5.106881243,6.1209893
2024-10-10 14:30:00,5.646668309,6.1209893
2024-10-10 14:45:00,3.895032251,6.1209893
2024-10-10 15:00:00,5.815084039,6.1209893
2024-10-10 15:15:00,9.215181888,6.1209893
2024-10-10 15:30:00,7.694480207,6.1209893
2024-10-10 15:45:00,5.113211621,6.1209893
2024-10-10 16:00:00,2.82733333,6.1209893
2024-10-10 16:15:00,9.816774055,6.1209893
2024-10-10 16:30:00,6.304269926000001,6.1209893
2024-10-10 16:45:00,10.95520562,6.1209893
2024-10-10 17:00:00,3.7909514,6.1209893
2024-10-10 17:15:00,3.030437749,6.1209893
2024-10-10 17:30:00,1.236719393,6.1209893
2024-10-10 17:45:00,1.936371336,6.1209893
2024-10-10 18:00:00,5.021924139,6.1209893
2024-10-10 18:15:00,3.249921381,6.1209893
2024-10-10 18:30:00,1.530407428,6.1209893
2024-10-10 18:45:00,3.491486473,6.1209893
2024-10-10 19:00:00,8.893941279,6.1209893
2024-10-10 19:15:00,8.535378705,6.1209893
2024-10-10 19:30:00,2.674427423,6.1209893
2024-10-10 19:45:00,10.7194189,6.1209893
2024-10-10 20:00:00,2.8176261509999994,6.1209893
2024-10-10 20:15:00,2.109540334,6.1209893
2024-10-10 20:30:00,2.745127946,6.1209893
2024-10-10 20:45:00,2.604076421,6.1209893
2024-10-10 21:00:00,7.833456034,6.1209893
2024-10-10 21:15:00,2.655685212,6.1209893
2024-10-10 21:30:00,7.704494599,6.1209893
2024-10-10 21:45:00,3.906733917,6.1209893
2024-10-10 22:00:00,3.6690930719999995,6.1209893
2024-10-10 22:15:00,9.868207805,6.1209893
2024-10-10 22:30:00,3.470326403,6.1209893
2024-10-10 22:45:00,10.02033455,6.1209893
2024-10-10 23:00:00,4.216201607,6.1209893
2024-10-10 23:15:00,11.490632020000001,6.1209893
2024-10-10 23:30:00,11.04651033,6.1209893
2024-10-10 23:45:00,9.475582085,6.1209893
2024-10-11 00:00:00,10.46745118,6.1209893
2024-10-11 00:15:00,10.0509918,6.1209893
2024-10-11 00:30:00,7.568152381,6.1209893
2024-10-11 00:45:00,9.744360531,6.1209893
2024-10-11 01:00:00,7.711940192,6.1209893
2024-10-11 01:15:00,9.563169182,6.1209893
2024-10-11 01:30:00,10.61440326,6.1209893
2024-10-11 01:45:00,9.248554717,6.1209893
2024-10-11 02:00:00,10.78914876,6.1209893
2024-10-11 02:15:00,6.076248274,6.1209893
2024-10-11 02:30:00,10.59450924,6.1209893
2024-10-11 02:45:00,3.611480048,6.1209893
2024-10-11 03:00:00,1.464844798,6.1209893
2024-10-11 03:15:00,2.518853495,6.1209893
2024-10-11 03:30:00,2.8937340010000003,6.1209893
2024-10-11 03:45:00,9.975394996,6.1209893
2024-10-11 04:00:00,5.233110866,6.1209893
2024-10-11 04:15:00,3.496977598,6.1209893
2024-10-11 04:30:00,9.540128644,6.1209893
2024-10-11 04:45:00,3.150329376,6.1209893
2024-10-11 05:00:00,1.966180484,6.1209893
2024-10-11 05:15:00,5.868459687,6.1209893
2024-10-11 05:30:00,1.912341046,6.1209893
2024-10-11 05:45:00,3.986970009,6.1209893
2024-10-11 06:00:00,8.080382028,6.1209893
2024-10-11 06:15:00,5.179485975,6.1209893
2024-10-11 06:30:00,2.06357878,6.1209893
2024-10-11 06:45:00,5.324347936,6.1209893
2024-10-11 07:00:00,6.614743244,6.1209893
2024-10-11 07:15:00,3.810719113,6.1209893
2024-10-11 07:30:00,2.870381841,6.1209893
2024-10-11 07:45:00,8.945004279,6.1209893
2024-10-11 08:00:00,1.807301873,6.1209893
2024-10-11 08:15:00,10.70167268,6.1209893
2024-10-11 08:30:00,1.244101669,6.1209893
2024-10-11 08:45:00,7.957626733,6.1209893
2024-10-11 09:00:00,2.5746873020000005,6.1209893
2024-10-11 09:15:00,7.002261052,6.1209893
2024-10-11 09:30:00,3.1406547850000006,6.1209893
2024-10-11 09:45:00,1.533484264,6.1209893
2024-10-11 10:00:00,9.594655776,6.1209893
2024-10-11 10:15:00,5.500762164,6.1209893
2024-10-11 10:30:00,4.082381067,6.1209893
2024-10-11 10:45:00,10.67606655,6.1209893
2024-10-11 11:00:00,2.002579749,6.1209893
2024-10-11 11:15:00,4.810816201,6.1209893
2024-10-11 11:30:00,3.0144575420000006,6.1209893
2024-10-11 11:45:00,11.50034618,6.1209893
2024-10-11 12:00:00,6.889854433,6.1209893
2024-10-11 12:15:00,9.594037577,6.1209893
2024-10-11 12:30:00,2.7521747919999995,6.1209893
2024-10-11 12:45:00,4.348297507,6.1209893
2024-10-11 13:00:00,7.60972346,6.1209893
2024-10-11 13:15:00,2.898295163,6.1209893
2024-10-11 13:30:00,6.515379064,6.1209893
2024-10-11 13:45:00,10.91744602,6.1209893
2024-10-11 14:00:00,10.45468705,6.1209893
2024-10-11 14:15:00,4.737327324,6.1209893
2024-10-11 14:30:00,6.412462229,6.1209893
2024-10-11 14:45:00,3.164194353,6.1209893
2024-10-11 15:00:00,11.34949024,6.1209893
2024-10-11 15:15:00,6.392061985999999,6.1209893
2024-10-11 15:30:00,3.3659137110000006,6.1209893
2024-10-11 15:45:00,10.11821052,6.1209893
2024-10-11 16:00:00,5.574931976,6.1209893
2024-10-11 16:15:00,7.741455681,6.1209893
2024-10-11 16:30:00,10.08228491,6.1209893
2024-10-11 16:45:00,4.324154605,6.1209893
2024-10-11 17:00:00,7.019000322,6.1209893
2024-10-11 17:15:00,1.775625972,6.1209893
2024-10-11 17:30:00,3.602219637,6.1209893
2024-10-11 17:45:00,2.547666674,6.1209893
2024-10-11 18:00:00,7.746381465,6.1209893
2024-10-11 18:15:00,3.725066171,6.1209893
2024-10-11 18:30:00,9.412194243,6.1209893
2024-10-11 18:45:00,9.028568226,6.1209893
2024-10-11 19:00:00,9.298706822,6.1209893
2024-10-11 19:15:00,2.56224788,6.1209893
2024-10-11 19:30:00,6.420364253000001,6.1209893
2024-10-11 19:45:00,8.373657544,6.1209893
2024-10-11 20:00:00,4.431374608,6.1209893
2024-10-11 20:15:00,3.994493283,6.1209893
2024-10-11 20:30:00,8.522527946,6.1209893
2024-10-11 20:45:00,4.893885917,6.1209893
2024-10-11 21:00:00,3.523667134,6.1209893
2024-10-11 21:15:00,6.797888535,6.1209893
2024-10-11 21:30:00,7.522670692999999,6.1209893
2024-10-11 21:45:00,8.784195084,6.1209893
2024-10-11 22:00:00,1.5941797730000002,6.1209893
2024-10-11 22:15:00,2.9760692319999995,6.1209893
2024-10-11 22:30:00,8.996485251,6.1209893
2024-10-11 22:45:00,6.652550251,6.1209893
2024-10-11 23:00:00,9.659303135,6.1209893
2024-10-11 23:15:00,5.527432593,6.1209893
2024-10-11 23:30:00,5.74116409,6.1209893
2024-10-11 23:45:00,5.020982135,6.1209893
2024-10-12 00:00:00,8.308154002,6.1209893
2024-10-12 00:15:00,7.249393051,6.1209893
2024-10-12 00:30:00,5.315578542,6.1209893
2024-10-12 00:45:00,3.123192005,6.1209893
2024-10-12 01:00:00,1.192586035,6.1209893
2024-10-12 01:15:00,2.032162209,6.1209893
2024-10-12 01:30:00,2.273277447,6.1209893
2024-10-12 01:45:00,6.996111887,6.1209893
2024-10-12 02:00:00,9.293999843,6.1209893
2024-10-12 02:15:00,5.90099817,6.1209893
2024-10-12 02:30:00,5.358500626,6.1209893
2024-10-12 02:45:00,2.564016717,6.1209893
2024-10-12 03:00:00,10.60376237,6.1209893
2024-10-12 03:15:00,8.602869138,6.1209893
2024-10-12 03:30:00,5.423624696,6.1209893
2024-10-12 03:45:00,2.138581291,6.1209893
2024-10-12 04:00:00,10.17133103,6.1209893
2024-10-12 04:15:00,2.9185337649999994,6.1209893
2024-10-12 04:30:00,8.247773904,6.1209893
2024-10-12 04:45:00,4.614921926,6.1209893
2024-10-12 05:00:00,10.11951379,6.1209893
2024-10-12 05:15:00,7.429592347999999,6.1209893
2024-10-12 05:30:00,3.476000228,6.1209893
2024-10-12 05:45:00,1.284281852,6.1209893
2024-10-12 06:00:00,3.2486857610000004,6.1209893
2024-10-12 06:15:00,4.849160619,6.1209893
2024-10-12 06:30:00,8.420117407,6.1209893
2024-10-12 06:45:00,3.3086536250000003,6.1209893
2024-10-12 07:00:00,3.967404966,6.1209893
2024-10-12 07:15:00,5.550297947,6.1209893
2024-10-12 07:30:00,1.621499771,6.1209893
2024-10-12 07:45:00,9.139928387,6.1209893
2024-10-12 08:00:00,1.966428364,6.1209893
2024-10-12 08:15:00,9.061747098,6.1209893
2024-10-12 08:30:00,3.730599494,6.1209893
2024-10-12 08:45:00,5.885071084,6.1209893
2024-10-12 09:00:00,5.270823665,6.1209893
2024-10-12 09:15:00,3.6104518510000005,6.1209893
2024-10-12 09:30:00,3.6980197619999995,6.1209893
2024-10-12 09:45:00,10.97677793,6.1209893
2024-10-12 10:00:00,4.24364403,6.1209893
2024-10-12 10:15:00,3.1043562769999995,6.1209893
2024-10-12 10:30:00,3.7251964310000005,6.1209893
2024-10-12 10:45:00,8.286422187,6.1209893
2024-10-12 11:00:00,4.316621107,6.1209893
2024-10-12 11:15:00,2.9198540219999995,6.1209893
2024-10-12 11:30:00,5.390430531,6.1209893
2024-10-12 11:45:00,2.32281307,6.1209893
2024-10-12 12:00:00,5.389650855,6.1209893
2024-10-12 12:15:00,9.937307747,6.1209893
2024-10-12 12:30:00,4.967872757,6.1209893
2024-10-12 12:45:00,6.531737193999999,6.1209893
2024-10-12 13:00:00,9.382171072,6.1209893
2024-10-12 13:15:00,6.364281524,6.1209893
2024-10-12 13:30:00,1.667399235,6.1209893
2024-10-12 13:45:00,3.413340684,6.1209893
2024-10-12 14:00:00,10.44588849,6.1209893
2024-10-12 14:15:00,9.363984628,6.1209893
2024-10-12 14:30:00,8.943138353,6.1209893
2024-10-12 14:45:00,6.786409031,6.1209893
2024-10-12 15:00:00,4.677544912,6.1209893
2024-10-12 15:15:00,8.329759216,6.1209893
2024-10-12 15:30:00,8.1711252,6.1209893
2024-10-12 15:45:00,7.951233002000001,6.1209893
2024-10-12 16:00:00,6.310349849,6.1209893
2024-10-12 16:15:00,3.923387034,6.1209893
2024-10-12 16:30:00,5.891088706999999,6.1209893
2024-10-12 16:45:00,6.406077195,6.1209893
2024-10-12 17:00:00,3.436560473,6.1209893
2024-10-12 17:15:00,3.3573777760000003,6.1209893
2024-10-12 17:30:00,9.089968718,6.1209893
2024-10-12 17:45:00,4.468488187,6.1209893
2024-10-12 18:00:00,10.98182871,6.1209893
2024-10-12 18:15:00,5.917921119,6.1209893
2024-10-12 18:30:00,7.547404242,6.1209893
2024-10-12 18:45:00,6.499450538999999,6.1209893
2024-10-12 19:00:00,6.249879159,6.1209893
2024-10-12 19:15:00,10.13558867,6.1209893
2024-10-12 19:30:00,2.088923419,6.1209893
2024-10-12 19:45:00,4.754504305,6.1209893
2024-10-12 20:00:00,4.053217746,6.1209893
2024-10-12 20:15:00,4.590157968,6.1209893
2024-10-12 20:30:00,10.75915249,6.1209893
2024-10-12 20:45:00,1.873557948,6.1209893
2024-10-12 21:00:00,3.921005566,6.1209893
2024-10-12 21:15:00,9.112478784,6.1209893
2024-10-12 21:30:00,3.6043343830000003,6.1209893
2024-10-12 21:45:00,10.34831102,6.1209893
2024-10-12 22:00:00,4.629402452,6.1209893
2024-10-12 22:15:00,2.3109507,6.1209893
2024-10-12 22:30:00,6.587386691,6.1209893
2024-10-12 22:45:00,6.159513714,6.1209893
2024-10-12 23:00:00,1.5896971589999997,6.1209893
2024-10-12 23:15:00,9.059194496,6.1209893
2024-10-12 23:30:00,2.498184149,6.1209893
2024-10-12 23:45:00,3.338035935,6.1209893
2024-10-13 00:00:00,6.955717892,6.1209893
2024-10-13 00:15:00,10.56687887,6.1209893
2024-10-13 00:30:00,1.425903323,6.1209893
2024-10-13 00:45:00,9.745877673,6.1209893
2024-10-13 01:00:00,9.372379172,6.1209893
2024-10-13 01:15:00,2.8339750159999997,6.1209893
2024-10-13 01:30:00,5.060197994,6.1209893
2024-10-13 01:45:00,10.6019233,6.1209893
2024-10-13 02:00:00,2.735794289,6.1209893
2024-10-13 02:15:00,2.28144408,6.1209893
2024-10-13 02:30:00,8.915275281,6.1209893
2024-10-13 02:45:00,5.862792494,6.1209893
2024-10-13 03:00:00,4.065356444,6.1209893
2024-10-13 03:15:00,2.888262788,6.1209893
2024-10-13 03:30:00,8.641494897,6.1209893
2024-10-13 03:45:00,5.659703102,6.1209893
2024-10-13 04:00:00,3.717120826,6.1209893
2024-10-13 04:15:00,10.70555528,6.1209893
2024-10-13 04:30:00,6.695184589,6.1209893
2024-10-13 04:45:00,4.66410553,6.1209893
2024-10-13 05:00:00,8.784292734,6.1209893
2024-10-13 05:15:00,6.155484623000001,6.1209893
2024-10-13 05:30:00,1.258272892,6.1209893
2024-10-13 05:45:00,9.787398567,6.1209893
2024-10-13 06:00:00,1.869602975,6.1209893
2024-10-13 06:15:00,11.33267012,6.1209893
2024-10-13 06:30:00,5.056403886,6.1209893
2024-10-13 06:45:00,6.853682704,6.1209893
2024-10-13 07:00:00,11.41649608,6.1209893
2024-10-13 07:15:00,3.897573153,6.1209893
2024-10-13 07:30:00,6.343016512999999,6.1209893
2024-10-13 07:45:00,8.752938537,6.1209893
2024-10-13 08:00:00,5.976140213,6.1209893
2024-10-13 08:15:00,4.607305051,6.1209893
2024-10-13 08:30:00,2.39840035,6.1209893
2024-10-13 08:45:00,6.215935197,6.1209893
2024-10-13 09:00:00,6.934627774,6.1209893
2024-10-13 09:15:00,3.4846273269999997,6.1209893
2024-10-13 09:30:00,4.749588498,6.1209893
2024-10-13 09:45:00,4.10650772,6.1209893
2024-10-13 10:00:00,5.580478205000001,6.1209893
2024-10-13 10:15:00,8.958340039,6.1209893
2024-10-13 10:30:00,4.377093888,6.1209893
2024-10-13 10:45:00,3.8974355859999994,6.1209893
2024-10-13 11:00:00,9.693068793,6.1209893
2024-10-13 11:15:00,9.8488669,6.1209893
2024-10-13 11:30:00,9.352354529,6.1209893
2024-10-13 11:45:00,9.085927331,6.1209893
2024-10-13 12:00:00,10.26277773,6.1209893
2024-10-13 12:15:00,8.644302869,6.1209893
2024-10-13 12:30:00,2.85749778,6.1209893
2024-10-13 12:45:00,1.465583895,6.1209893
2024-10-13 13:00:00,2.912262271,6.1209893
2024-10-13 13:15:00,4.959946064,6.1209893
2024-10-13 13:30:00,1.7075630329999998,6.1209893
2024-10-13 13:45:00,9.136780212,6.1209893
2024-10-13 14:00:00,7.823943761,6.1209893
2024-10-13 14:15:00,8.959266606,6.1209893
2024-10-13 14:30:00,2.149611715,6.1209893
2024-10-13 14:45:00,4.650933945,6.1209893
2024-10-13 15:00:00,5.863293929,6.1209893
2024-10-13 15:15:00,7.240948239,6.1209893
2024-10-13 15:30:00,9.606256853,6.1209893
2024-10-13 15:45:00,11.23947861,6.1209893
2024-10-13 16:00:00,2.036998445,6.1209893
2024-10-13 16:15:00,7.850794121000001,6.1209893
2024-10-13 16:30:00,2.501869463,6.1209893
2024-10-13 16:45:00,4.353001525,6.1209893
2024-10-13 17:00:00,8.967577982,6.1209893
2024-10-13 17:15:00,11.59442139,6.1209893
2024-10-13 17:30:00,6.782926023,6.1209893
2024-10-13 17:45:00,4.764600126,6.1209893
2024-10-13 18:00:00,3.450478064,6.1209893
2024-10-13 18:15:00,9.329162375,6.1209893
2024-10-13 18:30:00,10.69802794,6.1209893
2024-10-13 18:45:00,9.752107955,6.1209893
2024-10-13 19:00:00,6.45524525,6.1209893
2024-10-13 19:15:00,7.025983295,6.1209893
2024-10-13 19:30:00,10.17394307,6.1209893
2024-10-13 19:45:00,10.2923812,6.1209893
2024-10-13 20:00:00,10.78491848,6.1209893
2024-10-13 20:15:00,8.12131425,6.1209893
2024-10-13 20:30:00,3.1798717450000002,6.1209893
2024-10-13 20:45:00,4.573009705,6.1209893
2024-10-13 21:00:00,3.9610171339999996,6.1209893
2024-10-13 21:15:00,3.13509068,6.1209893
2024-10-13 21:30:00,3.6331678889999997,6.1209893
2024-10-13 21:45:00,9.865978655,6.1209893
2024-10-13 22:00:00,8.945856804,6.1209893
2024-10-13 22:15:00,1.606900339,6.1209893
2024-10-13 22:30:00,2.618941805,6.1209893
2024-10-13 22:45:00,11.15760197,6.1209893
2024-10-13 23:00:00,3.535870581,6.1209893
2024-10-13 23:15:00,7.508111422,6.1209893
2024-10-13 23:30:00,3.196826336,6.1209893
2024-10-13 23:45:00,3.5375671339999997,6.1209893
2024-10-14 00:00:00,6.267920972999999,6.1209893
2024-10-14 00:15:00,6.333389443,6.1209893
2024-10-14 00:30:00,7.684431922999999,6.1209893
2024-10-14 00:45:00,2.84563668,6.1209893
2024-10-14 01:00:00,3.918014544,6.1209893
2024-10-14 01:15:00,7.742509124,6.1209893
2024-10-14 01:30:00,2.225166201,6.1209893
2024-10-14 01:45:00,10.66922331,6.1209893
2024-10-14 02:00:00,3.0090821469999995,6.1209893
2024-10-14 02:15:00,5.758488174,6.1209893
2024-10-14 02:30:00,2.261313604,6.1209893
2024-10-14 02:45:00,8.188833404,6.1209893
2024-10-14 03:00:00,4.358781729,6.1209893
2024-10-14 03:15:00,1.9493052339999999,6.1209893
2024-10-14 03:30:00,7.317254733,6.1209893
2024-10-14 03:45:00,11.490799159999998,6.1209893
2024-10-14 04:00:00,9.541538602,6.1209893
2024-10-14 04:15:00,8.416325845,6.1209893
2024-10-14 04:30:00,1.257086416,6.1209893
2024-10-14 04:45:00,10.37759994,6.1209893
2024-10-14 05:00:00,10.57047849,6.1209893
2024-10-14 05:15:00,1.5511312940000002,6.1209893
2024-10-14 05:30:00,2.394006647,6.1209893
2024-10-14 05:45:00,5.872918854,6.1209893
2024-10-14 06:00:00,5.204204513,6.1209893
2024-10-14 06:15:00,4.188163149,6.1209893
2024-10-14 06:30:00,3.158243404,6.1209893
2024-10-14 06:45:00,7.169962441,6.1209893
2024-10-14 07:00:00,9.425045129,6.1209893
2024-10-14 07:15:00,11.0990601,6.1209893
2024-10-14 07:30:00,4.128172408,6.1209893
2024-10-14 07:45:00,8.586795905,6.1209893
2024-10-14 08:00:00,9.34574279,6.1209893
2024-10-14 08:15:00,6.259040842000001,6.1209893
2024-10-14 08:30:00,10.75820548,6.1209893
2024-10-14 08:45:00,1.3876315980000002,6.1209893
2024-10-14 09:00:00,10.52318652,6.1209893
2024-10-14 09:15:00,9.979661598,6.1209893
2024-10-14 09:30:00,2.5250916940000003,6.1209893
2024-10-14 09:45:00,5.744272448,6.1209893
2024-10-14 10:00:00,6.649893193,6.1209893
2024-10-14 10:15:00,5.246879556,6.1209893
2024-10-14 10:30:00,10.40976633,6.1209893
2024-10-14 10:45:00,8.232538515,6.1209893
2024-10-14 11:00:00,2.5052617920000007,6.1209893
2024-10-14 11:15:00,10.99938194,6.1209893
2024-10-14 11:30:00,1.650956,6.1209893
2024-10-14 11:45:00,7.379847308000001,6.1209893
2024-10-14 12:00:00,6.781219876000001,6.1209893
2024-10-14 12:15:00,1.866164169,6.1209893
2024-10-14 12:30:00,8.186162637,6.1209893
2024-10-14 12:45:00,11.36898431,6.1209893
2024-10-14 13:00:00,6.022331477,6.1209893
2024-10-14 13:15:00,6.301031823,6.1209893
2024-10-14 13:30:00,5.064000945,6.1209893
2024-10-14 13:45:00,10.58330905,6.1209893
2024-10-14 14:00:00,10.84891333,6.1209893
2024-10-14 14:15:00,5.349854079,6.1209893
2024-10-14 14:30:00,10.10925424,6.1209893
2024-10-14 14:45:00,3.311849352,6.1209893
2024-10-14 15:00:00,5.707300858,6.1209893
2024-10-14 15:15:00,3.595637191,6.1209893
2024-10-14 15:30:00,3.522173154,6.1209893
2024-10-14 15:45:00,10.33240414,6.1209893
2024-10-14 16:00:00,8.495153174,6.1209893
2024-10-14 16:15:00,1.820635249,6.1209893
2024-10-14 16:30:00,9.323554818,6.1209893
2024-10-14 16:45:00,7.049819856999999,6.1209893
2024-10-14 17:00:00,9.281864136,6.1209893
2024-10-14 17:15:00,7.55948497,6.1209893
2024-10-14 17:30:00,5.017249675,6.1209893
2024-10-14 17:45:00,6.183840357000001,6.1209893
2024-10-14 18:00:00,2.662185192,6.1209893
2024-10-14 18:15:00,4.297256373,6.1209893
2024-10-14 18:30:00,1.376778657,6.1209893
2024-10-14 18:45:00,5.200918932,6.1209893
2024-10-14 19:00:00,2.10275076,6.1209893
2024-10-14 19:15:00,7.999227896,6.1209893
2024-10-14 19:30:00,10.81777721,6.1209893
2024-10-14 19:45:00,8.980284208,6.1209893
2024-10-14 20:00:00,3.336456622,6.1209893
2024-10-14 20:15:00,6.453134168,6.1209893
2024-10-14 20:30:00,8.505316046,6.1209893
2024-10-14 20:45:00,9.614710415,6.1209893
2024-10-14 21:00:00,3.980526871,6.1209893
2024-10-14 21:15:00,5.776904119,6.1209893
2024-10-14 21:30:00,2.28623589,6.1209893
2024-10-14 21:45:00,8.794857363,6.1209893
2024-10-14 22:00:00,5.633945723,6.1209893
2024-10-14 22:15:00,1.618448073,6.1209893
2024-10-14 22:30:00,6.524082470999999,6.1209893
2024-10-14 22:45:00,9.197620718,6.1209893
2024-10-14 23:00:00,1.5803670950000002,6.1209893
2024-10-14 23:15:00,5.390131386,6.1209893
2024-10-14 23:30:00,5.9261227409999995,6.1209893
2024-10-14 23:45:00,11.30367923,6.1209893
2024-10-15 00:00:00,3.4351756889999994,6.1209893
2024-10-15 00:15:00,9.37622774,6.1209893
2024-10-15 00:30:00,2.622111419,6.1209893
2024-10-15 00:45:00,10.59244658,6.1209893
2024-10-15 01:00:00,4.3813299,6.1209893
2024-10-15 01:15:00,2.616862528,6.1209893
2024-10-15 01:30:00,4.979256999,6.1209893
2024-10-15 01:45:00,1.270668129,6.1209893
2024-10-15 02:00:00,2.25610006,6.1209893
2024-10-15 02:15:00,6.069243157000001,6.1209893
2024-10-15 02:30:00,11.345115620000001,6.1209893
2024-10-15 02:45:00,5.4566245,6.1209893
2024-10-15 03:00:00,7.905142077,6.1209893
2024-10-15 03:15:00,8.487915855,6.1209893
2024-10-15 03:30:00,1.502635036,6.1209893
2024-10-15 03:45:00,4.504227431,6.1209893
2024-10-15 04:00:00,11.27005177,6.1209893
2024-10-15 04:15:00,1.263185467,6.1209893
2024-10-15 04:30:00,5.869954526,6.1209893
2024-10-15 04:45:00,9.315763897,6.1209893
2024-10-15 05:00:00,4.018325852,6.1209893
2024-10-15 05:15:00,11.56144062,6.1209893
2024-10-15 05:30:00,6.1653755310000005,6.1209893
2024-10-15 05:45:00,10.7833544,6.1209893
2024-10-15 06:00:00,6.690397894000001,6.1209893
2024-10-15 06:15:00,5.192768915,6.1209893
2024-10-15 06:30:00,8.409159803,6.1209893
2024-10-15 06:45:00,10.97540079,6.1209893
2024-10-15 07:00:00,5.249124414,6.1209893
2024-10-15 07:15:00,10.2538585,6.1209893
2024-10-15 07:30:00,8.30500654,6.1209893
2024-10-15 07:45:00,5.161194904,6.1209893
2024-10-15 08:00:00,1.7218930080000001,6.1209893
2024-10-15 08:15:00,4.276116772,6.1209893
2024-10-15 08:30:00,9.796551796,6.1209893
2024-10-15 08:45:00,2.131989158,6.1209893
2024-10-15 09:00:00,7.057633228,6.1209893
2024-10-15 09:15:00,6.418237193,6.1209893
2024-10-15 09:30:00,7.641143581999999,6.1209893
2024-10-15 09:45:00,11.166574240000001,6.1209893
2024-10-15 10:00:00,8.920944047,6.1209893
2024-10-15 10:15:00,6.237086474,6.1209893
2024-10-15 10:30:00,9.846233801,6.1209893
2024-10-15 10:45:00,8.25575873,6.1209893
2024-10-15 11:00:00,10.5462361,6.1209893
2024-10-15 11:15:00,8.812738068,6.1209893
2024-10-15 11:30:00,9.141986991,6.1209893
2024-10-15 11:45:00,2.01233726,6.1209893
2024-10-15 12:00:00,1.178846346,6.1209893
2024-10-15 12:15:00,10.89052439,6.1209893
2024-10-15 12:30:00,3.699456316,6.1209893
2024-10-15 12:45:00,2.857704275,6.1209893
2024-10-15 13:00:00,2.7800215270000006,6.1209893
2024-10-15 13:15:00,8.629518229,6.1209893
2024-10-15 13:30:00,1.5896896730000003,6.1209893
2024-10-15 13:45:00,7.972700726999999,6.1209893
2024-10-15 14:00:00,6.99791788,6.1209893
2024-10-15 14:15:00,2.6082108920000002,6.1209893
2024-10-15 14:30:00,2.5979545400000004,6.1209893
2024-10-15 14:45:00,2.6202302170000005,6.1209893
2024-10-15 15:00:00,3.916286997,6.1209893
2024-10-15 15:15:00,7.670518276999999,6.1209893
2024-10-15 15:30:00,3.287692294,6.1209893
2024-10-15 15:45:00,8.249066764,6.1209893
2024-10-15 16:00:00,10.9211832,6.1209893
2024-10-15 16:15:00,10.24406919,6.1209893
2024-10-15 16:30:00,9.11387798,6.1209893
2024-10-15 16:45:00,11.375292380000001,6.1209893
2024-10-15 17:00:00,7.419025516,6.1209893
2024-10-15 17:15:00,9.549076829,6.1209893
2024-10-15 17:30:00,9.504260469,6.1209893
2024-10-15 17:45:00,11.21049125,6.1209893
2024-10-15 18:00:00,7.725535744000001,6.1209893
2024-10-15 18:15:00,3.992969411,6.1209893
2024-10-15 18:30:00,3.162789399,6.1209893
2024-10-15 18:45:00,4.286536701,6.1209893
2024-10-15 19:00:00,8.708500254,6.1209893
2024-10-15 19:15:00,7.856452935,6.1209893
2024-10-15 19:30:00,3.336733223,6.1209893
2024-10-15 19:45:00,10.16977114,6.1209893
2024-10-15 20:00:00,11.550417419999999,6.1209893
2024-10-15 20:15:00,9.131836545,6.1209893
2024-10-15 20:30:00,1.806128995,6.1209893
2024-10-15 20:45:00,7.503325421,6.1209893
2024-10-15 21:00:00,10.90358039,6.1209893
2024-10-15 21:15:00,4.464818491,6.1209893
2024-10-15 21:30:00,7.117334813,6.1209893
2024-10-15 21:45:00,3.508344332,6.1209893
2024-10-15 22:00:00,10.2326433,6.1209893
2024-10-15 22:15:00,10.52126132,6.1209893
2024-10-15 22:30:00,5.013229964,6.1209893
2024-10-15 22:45:00,4.83249628,6.1209893
2024-10-15 23:00:00,1.108088157,6.1209893
2024-10-15 23:15:00,4.45224601,6.1209893
2024-10-15 23:30:00,9.206568345,6.1209893
2024-10-15 23:45:00,1.440992642,6.1209893
2024-10-16 00:00:00,3.1380052650000003,6.1209893
2024-10-16 00:15:00,8.502354398,6.1209893
2024-10-16 00:30:00,7.845092093,6.1209893
2024-10-16 00:45:00,11.637095069999999,6.1209893
2024-10-16 01:00:00,5.126237424,6.1209893
2024-10-16 01:15:00,2.507460106,6.1209893
2024-10-16 01:30:00,8.34068195,6.1209893
2024-10-16 01:45:00,1.9552251200000001,6.1209893
2024-10-16 02:00:00,2.351806536,6.1209893
2024-10-16 02:15:00,7.010354457999999,6.1209893
2024-10-16 02:30:00,5.858423645999999,6.1209893
2024-10-16 02:45:00,3.926539479,6.1209893
2024-10-16 03:00:00,6.010439470999999,6.1209893
2024-10-16 03:15:00,10.13048475,6.1209893
2024-10-16 03:30:00,8.73730857,6.1209893
2024-10-16 03:45:00,6.104544709000001,6.1209893
2024-10-16 04:00:00,4.247122383,6.1209893
2024-10-16 04:15:00,7.310547466999999,6.1209893
2024-10-16 04:30:00,1.201942074,6.1209893
2024-10-16 04:45:00,8.616101569,6.1209893
2024-10-16 05:00:00,9.578566123,6.1209893
2024-10-16 05:15:00,2.4961832250000002,6.1209893
2024-10-16 05:30:00,5.228729397,6.1209893
2024-10-16 05:45:00,2.665423472,6.1209893
2024-10-16 06:00:00,11.066664929999998,6.1209893
2024-10-16 06:15:00,9.811609215,6.1209893
2024-10-16 06:30:00,1.380458209,6.1209893
2024-10-16 06:45:00,11.23393244,6.1209893
2024-10-16 07:00:00,2.647110285,6.1209893
2024-10-16 07:15:00,1.9794413510000002,6.1209893
2024-10-16 07:30:00,1.4927936489999998,6.1209893
2024-10-16 07:45:00,9.236680934,6.1209893
2024-10-16 08:00:00,10.43967382,6.1209893
2024-10-16 08:15:00,2.116018026,6.1209893
2024-10-16 08:30:00,11.39363592,6.1209893
2024-10-16 08:45:00,4.461013658,6.1209893
2024-10-16 09:00:00,7.950587232,6.1209893
2024-10-16 09:15:00,11.12632882,6.1209893
2024-10-16 09:30:00,1.25742822,6.1209893
2024-10-16 09:45:00,6.884451241,6.1209893
2024-10-16 10:00:00,8.092572021,6.1209893
2024-10-16 10:15:00,5.142079349,6.1209893
2024-10-16 10:30:00,2.314977501,6.1209893
2024-10-16 10:45:00,7.510253643,6.1209893
2024-10-16 11:00:00,1.6405478730000003,6.1209893
2024-10-16 11:15:00,11.093967749999997,6.1209893
2024-10-16 11:30:00,6.288897318,6.1209893
2024-10-16 11:45:00,10.67777555,6.1209893
2024-10-16 12:00:00,9.922475588,6.1209893
2024-10-16 12:15:00,1.206425969,6.1209893
2024-10-16 12:30:00,5.905964662,6.1209893
2024-10-16 12:45:00,10.60033637,6.1209893
2024-10-16 13:00:00,5.111815529,6.1209893
2024-10-16 13:15:00,4.529946316,6.1209893
2024-10-16 13:30:00,8.188801732,6.1209893
2024-10-16 13:45:00,8.168014783,6.1209893
2024-10-16 14:00:00,7.931005538,6.1209893
2024-10-16 14:15:00,4.933768995,6.1209893
2024-10-16 14:30:00,1.779517661,6.1209893
2024-10-16 14:45:00,10.4401864,6.1209893
2024-10-16 15:00:00,4.496920059,6.1209893
2024-10-16 15:15:00,9.058161329,6.1209893
2024-10-16 15:30:00,4.821037782,6.1209893
2024-10-16 15:45:00,6.385594135,6.1209893
2024-10-16 16:00:00,5.077478752,6.1209893
2024-10-16 16:15:00,1.974784355,6.1209893
2024-10-16 16:30:00,4.435933274,6.1209893
2024-10-16 16:45:00,11.18216873,6.1209893
2024-10-16 17:00:00,2.351806189,6.1209893
2024-10-16 17:15:00,6.817013851,6.1209893
2024-10-16 17:30:00,11.29612818,6.1209893
2024-10-16 17:45:00,1.409136114,6.1209893
2024-10-16 18:00:00,1.879860684,6.1209893
2024-10-16 18:15:00,10.46825303,6.1209893
2024-10-16 18:30:00,8.961325459,6.1209893
2024-10-16 18:45:00,6.685158862,6.1209893
2024-10-16 19:00:00,6.515042095999999,6.1209893
2024-10-16 19:15:00,11.43855899,6.1209893
2024-10-16 19:30:00,1.354804253,6.1209893
2024-10-16 19:45:00,3.9222551159999997,6.1209893
2024-10-16 20:00:00,4.368781225,6.1209893
2024-10-16 20:15:00,2.362212235,6.1209893
2024-10-16 20:30:00,4.995119948,6.1209893
2024-10-16 20:45:00,5.163877671,6.1209893
2024-10-16 21:00:00,11.50568852,6.1209893
2024-10-16 21:15:00,5.860583401999999,6.1209893
2024-10-16 21:30:00,10.93462293,6.1209893
2024-10-16 21:45:00,9.237034439,6.1209893
2024-10-16 22:00:00,8.740495493,6.1209893
2024-10-16 22:15:00,4.785230006,6.1209893
2024-10-16 22:30:00,5.516475450000001,6.1209893
2024-10-16 22:45:00,1.664247941,6.1209893
2024-10-16 23:00:00,5.061590064,6.1209893
2024-10-16 23:15:00,9.567256484,6.1209893
2024-10-16 23:30:00,9.365889727,6.1209893
2024-10-16 23:45:00,9.778527376,6.1209893
2024-10-17 00:00:00,3.439898356,6.1209893
2024-10-17 00:15:00,3.412977371,6.1209893
2024-10-17 00:30:00,7.724967079000001,6.1209893
2024-10-17 00:45:00,7.652942517,6.1209893
2024-10-17 01:00:00,3.1855841979999995,6.1209893
2024-10-17 01:15:00,8.687526674,6.1209893
2024-10-17 01:30:00,5.191888683,6.1209893
2024-10-17 01:45:00,10.47186479,6.1209893
2024-10-17 02:00:00,4.79461956,6.1209893
2024-10-17 02:15:00,3.546447659,6.1209893
2024-10-17 02:30:00,3.218705169,6.1209893
2024-10-17 02:45:00,10.02073313,6.1209893
2024-10-17 03:00:00,10.04177038,6.1209893
2024-10-17 03:15:00,5.517187335,6.1209893
2024-10-17 03:30:00,3.589636108,6.1209893
2024-10-17 03:45:00,4.139419586,6.1209893
2024-10-17 04:00:00,5.00593111,6.1209893
2024-10-17 04:15:00,1.623582451,6.1209893
2024-10-17 04:30:00,1.8689380779999998,6.1209893
2024-10-17 04:45:00,11.00247114,6.1209893
2024-10-17 05:00:00,8.857580102,6.1209893
2024-10-17 05:15:00,9.261421353,6.1209893
2024-10-17 05:30:00,6.140974222,6.1209893
2024-10-17 05:45:00,4.89686953,6.1209893
2024-10-17 06:00:00,2.234518677,6.1209893
2024-10-17 06:15:00,6.995217535,6.1209893
2024-10-17 06:30:00,8.854944634,6.1209893
2024-10-17 06:45:00,3.165740752,6.1209893
2024-10-17 07:00:00,5.040707874,6.1209893
2024-10-17 07:15:00,10.87944202,6.1209893
2024-10-17 07:30:00,9.865815432,6.1209893
2024-10-17 07:45:00,9.396317948,6.1209893
2024-10-17 08:00:00,1.561347815,6.1209893
2024-10-17 08:15:00,2.877509683,6.1209893
2024-10-17 08:30:00,4.154279026,6.1209893
2024-10-17 08:45:00,4.370828574,6.1209893
2024-10-17 09:00:00,2.43902168,6.1209893
2024-10-17 09:15:00,4.133341988,6.1209893
2024-10-17 09:30:00,5.737317686,6.1209893
2024-10-17 09:45:00,1.724534414,6.1209893
2024-10-17 10:00:00,5.126113204,6.1209893
2024-10-17 10:15:00,6.293257231,6.1209893
2024-10-17 10:30:00,1.5830094149999998,6.1209893
2024-10-17 10:45:00,7.861582588999999,6.1209893
2024-10-17 11:00:00,2.010221053,6.1209893
2024-10-17 11:15:00,7.875871664,6.1209893
2024-10-17 11:30:00,11.487044060000002,6.1209893
2024-10-17 11:45:00,1.742004493,6.1209893
2024-10-17 12:00:00,4.002668332,6.1209893
2024-10-17 12:15:00,2.533919856,6.1209893
2024-10-17 12:30:00,4.985301852,6.1209893
2024-10-17 12:45:00,9.685510683,6.1209893
2024-10-17 13:00:00,10.66768784,6.1209893
2024-10-17 13:15:00,9.888269697,6.1209893
2024-10-17 13:30:00,8.311356873,6.1209893
2024-10-17 13:45:00,8.741838599,6.1209893
2024-10-17 14:00:00,2.371893401,6.1209893
2024-10-17 14:15:00,3.625451073,6.1209893
2024-10-17 14:30:00,4.954741699,6.1209893
2024-10-17 14:45:00,1.6516074750000003,6.1209893
2024-10-17 15:00:00,9.818516047,6.1209893
2024-10-17 15:15:00,3.796889967,6.1209893
2024-10-17 15:30:00,1.7152732379999998,6.1209893
2024-10-17 15:45:00,1.864386591,6.1209893
2024-10-17 16:00:00,11.219122180000001,6.1209893
2024-10-17 16:15:00,10.42807037,6.1209893
2024-10-17 16:30:00,10.77921333,6.1209893
2024-10-17 16:45:00,10.84503029,6.1209893
2024-10-17 17:00:00,9.312592766,6.1209893
2024-10-17 17:15:00,4.114679627,6.1209893
2024-10-17 17:30:00,4.455368035,6.1209893
2024-10-17 17:45:00,5.163917959,6.1209893
2024-10-17 18:00:00,9.301286922,6.1209893
2024-10-17 18:15:00,10.74891886,6.1209893
2024-10-17 18:30:00,5.646161748,6.1209893
2024-10-17 18:45:00,4.255318044,6.1209893
2024-10-17 19:00:00,3.7412212,6.1209893
2024-10-17 19:15:00,3.859926327,6.1209893
2024-10-17 19:30:00,1.236762498,6.1209893
2024-10-17 19:45:00,3.481319063,6.1209893
2024-10-17 20:00:00,4.46610841,6.1209893
2024-10-17 20:15:00,9.387069617,6.1209893
2024-10-17 20:30:00,6.90400511,6.1209893
2024-10-17 20:45:00,4.461009033,6.1209893
2024-10-17 21:00:00,7.480757492,6.1209893
2024-10-17 21:15:00,9.207634735,6.1209893
2024-10-17 21:30:00,7.432463181,6.1209893
2024-10-17 21:45:00,1.8084155409999998,6.1209893
2024-10-17 22:00:00,3.5460400100000005,6.1209893
2024-10-17 22:15:00,4.147866613,6.1209893
2024-10-17 22:30:00,5.013683662,6.1209893
2024-10-17 22:45:00,1.425791343,6.1209893
2024-10-17 23:00:00,8.978799995,6.1209893
2024-10-17 23:15:00,6.00979499,6.1209893
2024-10-17 23:30:00,10.3374073,6.1209893
2024-10-17 23:45:00,6.548886313,6.1209893
2024-10-18 00:00:00,11.580679199999999,6.1209893
2024-10-18 00:15:00,8.403075708,6.1209893
2024-10-18 00:30:00,10.60083048,6.1209893
2024-10-18 00:45:00,11.17101063,6.1209893
2024-10-18 01:00:00,5.904125297,6.1209893
2024-10-18 01:15:00,7.700994731999999,6.1209893
2024-10-18 01:30:00,10.63473054,6.1209893
2024-10-18 01:45:00,7.091703157,6.1209893
2024-10-18 02:00:00,1.743636055,6.1209893
2024-10-18 02:15:00,8.510226402,6.1209893
2024-10-18 02:30:00,10.49781877,6.1209893
2024-10-18 02:45:00,9.543122729,6.1209893
2024-10-18 03:00:00,8.782959448,6.1209893
2024-10-18 03:15:00,2.062415205,6.1209893
2024-10-18 03:30:00,8.727103197,6.1209893
2024-10-18 03:45:00,1.4777135140000002,6.1209893
2024-10-18 04:00:00,10.76831106,6.1209893
2024-10-18 04:15:00,10.70193223,6.1209893
2024-10-18 04:30:00,11.29582789,6.1209893
2024-10-18 04:45:00,4.275641753,6.1209893
2024-10-18 05:00:00,6.93367739,6.1209893
2024-10-18 05:15:00,7.227977993,6.1209893
2024-10-18 05:30:00,6.768035178,6.1209893
2024-10-18 05:45:00,5.503138145,6.1209893
2024-10-18 06:00:00,11.49387965,6.1209893
2024-10-18 06:15:00,10.20485828,6.1209893
2024-10-18 06:30:00,7.595725532,6.1209893
2024-10-18 06:45:00,7.827191855,6.1209893
2024-10-18 07:00:00,8.501304692,6.1209893
2024-10-18 07:15:00,7.358225649,6.1209893
2024-10-18 07:30:00,8.025603596,6.1209893
2024-10-18 07:45:00,9.490806265,6.1209893
2024-10-18 08:00:00,11.445774489999998,6.1209893
2024-10-18 08:15:00,9.933000432,6.1209893
2024-10-18 08:30:00,2.419270053,6.1209893
2024-10-18 08:45:00,6.947947028,6.1209893
2024-10-18 09:00:00,7.640336917,6.1209893
2024-10-18 09:15:00,3.796794244,6.1209893
2024-10-18 09:30:00,6.362835759,6.1209893
2024-10-18 09:45:00,10.55602614,6.1209893
2024-10-18 10:00:00,3.903711502,6.1209893
2024-10-18 10:15:00,4.359751694,6.1209893
2024-10-18 10:30:00,10.58194199,6.1209893
2024-10-18 10:45:00,2.084973949,6.1209893
2024-10-18 11:00:00,9.983309077,6.1209893
2024-10-18 11:15:00,4.343292428,6.1209893
2024-10-18 11:30:00,6.364394733,6.1209893
2024-10-18 11:45:00,7.99767344,6.1209893
2024-10-18 12:00:00,7.834909030999999,6.1209893
2024-10-18 12:15:00,11.83788541,6.1209893
2024-10-18 12:30:00,1.518720005,6.1209893
2024-10-18 12:45:00,8.538418029,6.1209893
2024-10-18 13:00:00,9.609725319,6.1209893
2024-10-18 13:15:00,7.142565388,6.1209893
2024-10-18 13:30:00,11.37583182,6.1209893
2024-10-18 13:45:00,5.462822773,6.1209893
2024-10-18 14:00:00,8.947430046,6.1209893
2024-10-18 14:15:00,8.107402804,6.1209893
2024-10-18 14:30:00,1.4785160189999997,6.1209893
2024-10-18 14:45:00,6.889094111,6.1209893
2024-10-18 15:00:00,3.751700656,6.1209893
2024-10-18 15:15:00,6.715066033,6.1209893
2024-10-18 15:30:00,9.91949663,6.1209893
2024-10-18 15:45:00,7.702535109,6.1209893
2024-10-18 16:00:00,7.576815339,6.1209893
2024-10-18 16:15:00,8.229728526,6.1209893
2024-10-18 16:30:00,6.715098825,6.1209893
2024-10-18 16:45:00,5.6717780200000005,6.1209893
2024-10-18 17:00:00,5.218680085,6.1209893
2024-10-18 17:15:00,8.647048193,6.1209893
2024-10-18 17:30:00,9.010505207,6.1209893
2024-10-18 17:45:00,5.473444214,6.1209893
2024-10-18 18:00:00,1.646315966,6.1209893
2024-10-18 18:15:00,7.035984036,6.1209893
2024-10-18 18:30:00,6.892230126000001,6.1209893
2024-10-18 18:45:00,5.974367538,6.1209893
2024-10-18 19:00:00,4.860015402,6.1209893
2024-10-18 19:15:00,9.93082163,6.1209893
2024-10-18 19:30:00,6.132098933999999,6.1209893
2024-10-18 19:45:00,9.662134261,6.1209893
2024-10-18 20:00:00,7.508105396,6.1209893
2024-10-18 20:15:00,9.321726904,6.1209893
2024-10-18 20:30:00,10.10442255,6.1209893
2024-10-18 20:45:00,3.799361607,6.1209893
2024-10-18 21:00:00,9.606290018,6.1209893
2024-10-18 21:15:00,8.897841542,6.1209893
2024-10-18 21:30:00,6.866744552999999,6.1209893
2024-10-18 21:45:00,6.904211213,6.1209893
2024-10-18 22:00:00,4.39714666,6.1209893
2024-10-18 22:15:00,6.725302097,6.1209893
2024-10-18 22:30:00,5.039890894,6.1209893
2024-10-18 22:45:00,10.42187338,6.1209893
2024-10-18 23:00:00,7.105779440000001,6.1209893
2024-10-18 23:15:00,4.181306129,6.1209893
2024-10-18 23:30:00,2.7289326570000005,6.1209893
2024-10-18 23:45:00,8.431928193,6.1209893
2024-10-19 00:00:00,8.14216196,6.1209893
2024-10-19 00:15:00,4.835040616,6.1209893
2024-10-19 00:30:00,2.817054108,6.1209893
2024-10-19 00:45:00,8.516185903,6.1209893
2024-10-19 01:00:00,3.977533238,6.1209893
2024-10-19 01:15:00,10.21233327,6.1209893
2024-10-19 01:30:00,8.66077662,6.1209893
2024-10-19 01:45:00,10.20730006,6.1209893
2024-10-19 02:00:00,11.5280362,6.1209893
2024-10-19 02:15:00,4.682903218,6.1209893
2024-10-19 02:30:00,6.167620961000001,6.1209893
2024-10-19 02:45:00,5.081710353,6.1209893
2024-10-19 03:00:00,1.965748848,6.1209893
2024-10-19 03:15:00,5.245120889,6.1209893
2024-10-19 03:30:00,5.79711971,6.1209893
2024-10-19 03:45:00,2.8949912999999996,6.1209893
2024-10-19 04:00:00,10.32208447,6.1209893
2024-10-19 04:15:00,4.142364428,6.1209893
2024-10-19 04:30:00,9.344124022,6.1209893
2024-10-19 04:45:00,1.979457538,6.1209893
2024-10-19 05:00:00,1.504219974,6.1209893
2024-10-19 05:15:00,11.459263989999998,6.1209893
2024-10-19 05:30:00,2.466560414,6.1209893
2024-10-19 05:45:00,9.094724764,6.1209893
2024-10-19 06:00:00,7.643376818,6.1209893
2024-10-19 06:15:00,5.828852941,6.1209893
2024-10-19 06:30:00,1.4855827239999997,6.1209893
2024-10-19 06:45:00,4.353560503,6.1209893
2024-10-19 07:00:00,10.84551266,6.1209893
2024-10-19 07:15:00,10.62774353,6.1209893
2024-10-19 07:30:00,7.44392449,6.1209893
2024-10-19 07:45:00,7.327740482,6.1209893
2024-10-19 08:00:00,5.355479468,6.1209893
2024-10-19 08:15:00,9.105555741,6.1209893
2024-10-19 08:30:00,10.23567808,6.1209893
2024-10-19 08:45:00,8.819762743,6.1209893
2024-10-19 09:00:00,6.487530823,6.1209893
2024-10-19 09:15:00,7.516472878,6.1209893
2024-10-19 09:30:00,3.334215705,6.1209893
2024-10-19 09:45:00,11.694301599999998,6.1209893
2024-10-19 10:00:00,10.66131827,6.1209893
2024-10-19 10:15:00,10.91855534,6.1209893
2024-10-19 10:30:00,2.916543051,6.1209893
2024-10-19 10:45:00,7.78615832,6.1209893
2024-10-19 11:00:00,7.648748168999999,6.1209893
2024-10-19 11:15:00,4.659331784,6.1209893
2024-10-19 11:30:00,10.09213592,6.1209893
2024-10-19 11:45:00,9.347209675,6.1209893
2024-10-19 12:00:00,8.560224674,6.1209893
2024-10-19 12:15:00,1.462570221,6.1209893
2024-10-19 12:30:00,11.00253932,6.1209893
2024-10-19 12:45:00,8.296744882,6.1209893
2024-10-19 13:00:00,11.731724370000002,6.1209893
2024-10-19 13:15:00,2.103061399,6.1209893
2024-10-19 13:30:00,8.475876492,6.1209893
2024-10-19 13:45:00,8.731735315,6.1209893
2024-10-19 14:00:00,1.809939709,6.1209893
2024-10-19 14:15:00,1.8173126630000003,6.1209893
2024-10-19 14:30:00,9.297736112,6.1209893
2024-10-19 14:45:00,9.488343741,6.1209893
2024-10-19 15:00:00,10.69119427,6.1209893
2024-10-19 15:15:00,9.107305412,6.1209893
2024-10-19 15:30:00,3.700530455,6.1209893
2024-10-19 15:45:00,11.24951842,6.1209893
2024-10-19 16:00:00,3.919666611,6.1209893
2024-10-19 16:15:00,8.536509748,6.1209893
2024-10-19 16:30:00,6.612666305,6.1209893
2024-10-19 16:45:00,2.359193403,6.1209893
2024-10-19 17:00:00,10.73640887,6.1209893
2024-10-19 17:15:00,7.249020834,6.1209893
2024-10-19 17:30:00,1.9905093989999998,6.1209893
2024-10-19 17:45:00,5.092106946,6.1209893
2024-10-19 18:00:00,8.835922972,6.1209893
2024-10-19 18:15:00,7.632497357,6.1209893
2024-10-19 18:30:00,3.511145676,6.1209893
2024-10-19 18:45:00,6.978220692,6.1209893
2024-10-19 19:00:00,4.39860948,6.1209893
2024-10-19 19:15:00,6.692138253000001,6.1209893
2024-10-19 19:30:00,4.418791381,6.1209893
2024-10-19 19:45:00,6.4961697019999995,6.1209893
2024-10-19 20:00:00,9.710874964,6.1209893
2024-10-19 20:15:00,3.451347966,6.1209893
2024-10-19 20:30:00,1.162795209,6.1209893
2024-10-19 20:45:00,2.703722972,6.1209893
2024-10-19 21:00:00,9.78783674,6.1209893
2024-10-19 21:15:00,5.315687971,6.1209893
2024-10-19 21:30:00,8.956710369,6.1209893
2024-10-19 21:45:00,1.417219294,6.1209893
2024-10-19 22:00:00,2.7451972320000007,6.1209893
2024-10-19 22:15:00,6.89543171,6.1209893
2024-10-19 22:30:00,8.761654981,6.1209893
2024-10-19 22:45:00,9.309518392,6.1209893
2024-10-19 23:00:00,7.851162244999999,6.1209893
2024-10-19 23:15:00,8.866460542,6.1209893
2024-10-19 23:30:00,2.887513512,6.1209893
2024-10-19 23:45:00,7.985463542,6.1209893
2024-10-20 00:00:00,5.375820232,6.1209893
2024-10-20 00:15:00,10.3967424,6.1209893
2024-10-20 00:30:00,7.429790447,6.1209893
2024-10-20 00:45:00,6.645378853,6.1209893
2024-10-20 01:00:00,7.329327221,6.1209893
2024-10-20 01:15:00,9.755638031,6.1209893
2024-10-20 01:30:00,1.245242337,6.1209893
2024-10-20 01:45:00,9.946512054,6.1209893
2024-10-20 02:00:00,1.436161395,6.1209893
2024-10-20 02:15:00,7.135581663,6.1209893
2024-10-20 02:30:00,6.203351833,6.1209893
2024-10-20 02:45:00,4.894976599,6.1209893
2024-10-20 03:00:00,2.523618356,6.1209893
2024-10-20 03:15:00,2.443947476,6.1209893
2024-10-20 03:30:00,8.802095189,6.1209893
2024-10-20 03:45:00,2.324816433,6.1209893
2024-10-20 04:00:00,8.254894828,6.1209893
2024-10-20 04:15:00,11.34784313,6.1209893
2024-10-20 04:30:00,8.299803309,6.1209893
2024-10-20 04:45:00,1.947027786,6.1209893
2024-10-20 05:00:00,6.529319787999999,6.1209893
2024-10-20 05:15:00,9.758450032,6.1209893
2024-10-20 05:30:00,10.66914238,6.1209893
2024-10-20 05:45:00,8.801185944,6.1209893
2024-10-20 06:00:00,4.427730747,6.1209893
2024-10-20 06:15:00,3.699706283,6.1209893
2024-10-20 06:30:00,9.239029348,6.1209893
2024-10-20 06:45:00,8.605270402,6.1209893
2024-10-20 07:00:00,6.314854898000001,6.1209893
2024-10-20 07:15:00,2.080109734,6.1209893
2024-10-20 07:30:00,8.308242473,6.1209893
2024-10-20 07:45:00,7.495782801,6.1209893
2024-10-20 08:00:00,1.238853675,6.1209893
2024-10-20 08:15:00,7.949652763,6.1209893
2024-10-20 08:30:00,2.601158135,6.1209893
2024-10-20 08:45:00,9.382271425,6.1209893
2024-10-20 09:00:00,8.091293888,6.1209893
2024-10-20 09:15:00,1.671704715,6.1209893
2024-10-20 09:30:00,6.778149535,6.1209893
2024-10-20 09:45:00,8.99211995,6.1209893
2024-10-20 10:00:00,10.12488866,6.1209893
2024-10-20 10:15:00,2.02873034,6.1209893
2024-10-20 10:30:00,2.005813567,6.1209893
2024-10-20 10:45:00,9.159213568,6.1209893
2024-10-20 11:00:00,3.596036037,6.1209893
2024-10-20 11:15:00,6.929881248999999,6.1209893
2024-10-20 11:30:00,7.389191005,6.1209893
2024-10-20 11:45:00,7.809877804,6.1209893
2024-10-20 12:00:00,4.676174666,6.1209893
2024-10-20 12:15:00,1.5073559189999999,6.1209893
2024-10-20 12:30:00,6.72190068,6.1209893
2024-10-20 12:45:00,6.364996966999999,6.1209893
2024-10-20 13:00:00,5.522133488,6.1209893
2024-10-20 13:15:00,3.909546797,6.1209893
2024-10-20 13:30:00,10.00832705,6.1209893
2024-10-20 13:45:00,5.101004846,6.1209893
2024-10-20 14:00:00,2.5758627060000006,6.1209893
2024-10-20 14:15:00,8.70825226,6.1209893
2024-10-20 14:30:00,7.864531602,6.1209893
2024-10-20 14:45:00,4.428520405,6.1209893
2024-10-20 15:00:00,2.68005371,6.1209893
2024-10-20 15:15:00,5.586835903,6.1209893
2024-10-20 15:30:00,1.789176111,6.1209893
2024-10-20 15:45:00,3.415939151,6.1209893
2024-10-20 16:00:00,11.176050450000002,6.1209893
2024-10-20 16:15:00,2.7876832200000004,6.1209893
2024-10-20 16:30:00,4.092064896,6.1209893
2024-10-20 16:45:00,2.497445778,6.1209893
2024-10-20 17:00:00,10.40762609,6.1209893
2024-10-20 17:15:00,11.02498394,6.1209893
2024-10-20 17:30:00,1.737457759,6.1209893
2024-10-20 17:45:00,10.43367423,6.1209893
2024-10-20 18:00:00,2.525802517,6.1209893
2024-10-20 18:15:00,5.393869574,6.1209893
2024-10-20 18:30:00,6.918007605,6.1209893
2024-10-20 18:45:00,5.723972239,6.1209893
2024-10-20 19:00:00,2.615178976,6.1209893
2024-10-20 19:15:00,9.732828196,6.1209893
2024-10-20 19:30:00,8.212541621,6.1209893
2024-10-20 19:45:00,10.88034733,6.1209893
2024-10-20 20:00:00,4.897842493,6.1209893
2024-10-20 20:15:00,5.639844402999999,6.1209893
2024-10-20 20:30:00,4.731227373,6.1209893
2024-10-20 20:45:00,1.7829179950000003,6.1209893
2024-10-20 21:00:00,1.6603874559999998,6.1209893
2024-10-20 21:15:00,9.075459581,6.1209893
2024-10-20 21:30:00,4.090097116,6.1209893
2024-10-20 21:45:00,6.132859806,6.1209893
2024-10-20 22:00:00,11.0366279,6.1209893
2024-10-20 22:15:00,1.306664731,6.1209893
2024-10-20 22:30:00,6.595208101,6.1209893
2024-10-20 22:45:00,6.638451157,6.1209893
2024-10-20 23:00:00,11.40331518,6.1209893
2024-10-20 23:15:00,9.693323253,6.1209893
2024-10-20 23:30:00,1.807226513,6.1209893
2024-10-20 23:45:00,2.832606561,6.1209893
2024-10-21 00:00:00,1.501970197,6.1209893
2024-10-21 00:15:00,3.21272793,6.1209893
2024-10-21 00:30:00,3.373721388,6.1209893
2024-10-21 00:45:00,2.066416675,6.1209893
2024-10-21 01:00:00,6.439382827,6.1209893
2024-10-21 01:15:00,10.99793657,6.1209893
2024-10-21 01:30:00,9.701768859,6.1209893
2024-10-21 01:45:00,3.203565683,6.1209893
2024-10-21 02:00:00,9.171471365,6.1209893
2024-10-21 02:15:00,11.037165310000002,6.1209893
2024-10-21 02:30:00,9.535708508,6.1209893
2024-10-21 02:45:00,5.900465158,6.1209893
2024-10-21 03:00:00,4.082153183,6.1209893
2024-10-21 03:15:00,9.017854129,6.1209893
2024-10-21 03:30:00,9.183378052,6.1209893
2024-10-21 03:45:00,4.321672059,6.1209893
2024-10-21 04:00:00,3.45880137,6.1209893
2024-10-21 04:15:00,8.344966803,6.1209893
2024-10-21 04:30:00,10.84266087,6.1209893
2024-10-21 04:45:00,1.394869201,6.1209893
2024-10-21 05:00:00,11.38975319,6.1209893
2024-10-21 05:15:00,3.18332773,6.1209893
2024-10-21 05:30:00,4.7680438,6.1209893
2024-10-21 05:45:00,1.630052704,6.1209893
2024-10-21 06:00:00,1.700289709,6.1209893
2024-10-21 06:15:00,3.890796353,6.1209893
2024-10-21 06:30:00,6.894985172,6.1209893
2024-10-21 06:45:00,10.88470412,6.1209893
2024-10-21 07:00:00,1.9185967369999999,6.1209893
2024-10-21 07:15:00,6.865238203,6.1209893
2024-10-21 07:30:00,5.553355777,6.1209893
2024-10-21 07:45:00,10.92043217,6.1209893
2024-10-21 08:00:00,3.135412234,6.1209893
2024-10-21 08:15:00,5.076093778,6.1209893
2024-10-21 08:30:00,1.423440304,6.1209893
2024-10-21 08:45:00,10.78892137,6.1209893
2024-10-21 09:00:00,7.357018181,6.1209893
2024-10-21 09:15:00,6.924299506,6.1209893
2024-10-21 09:30:00,1.7020610339999998,6.1209893
2024-10-21 09:45:00,2.12703785,6.1209893
2024-10-21 10:00:00,9.184137518,6.1209893
2024-10-21 10:15:00,6.984122553,6.1209893
2024-10-21 10:30:00,3.1884496739999997,6.1209893
2024-10-21 10:45:00,6.813802640999999,6.1209893
2024-10-21 11:00:00,11.12092511,6.1209893
2024-10-21 11:15:00,2.24009133,6.1209893
2024-10-21 11:30:00,11.13656887,6.1209893
2024-10-21 11:45:00,9.19491974,6.1209893
2024-10-21 12:00:00,2.6138610680000003,6.1209893
2024-10-21 12:15:00,9.655220698,6.1209893
2024-10-21 12:30:00,8.911002754,6.1209893
2024-10-21 12:45:00,7.382623288,6.1209893
2024-10-21 13:00:00,9.088670034,6.1209893
2024-10-21 13:15:00,2.6014521860000004,6.1209893
2024-10-21 13:30:00,8.663542942,6.1209893
2024-10-21 13:45:00,7.946810722,6.1209893
2024-10-21 14:00:00,3.99925956,6.1209893
2024-10-21 14:15:00,8.314029638,6.1209893
2024-10-21 14:30:00,7.73036247,6.1209893
2024-10-21 14:45:00,3.6026528860000004,6.1209893
2024-10-21 15:00:00,2.741017115,6.1209893
2024-10-21 15:15:00,4.822144623,6.1209893
2024-10-21 15:30:00,5.301625845,6.1209893
2024-10-21 15:45:00,9.568693789,6.1209893
2024-10-21 16:00:00,5.557612130999999,6.1209893
2024-10-21 16:15:00,8.959058052,6.1209893
2024-10-21 16:30:00,5.803985133000001,6.1209893
2024-10-21 16:45:00,1.8565268950000002,6.1209893
2024-10-21 17:00:00,7.958891486000001,6.1209893
2024-10-21 17:15:00,10.22434668,6.1209893
2024-10-21 17:30:00,6.536649876000001,6.1209893
2024-10-21 17:45:00,8.245228579,6.1209893
2024-10-21 18:00:00,9.315470493,6.1209893
2024-10-21 18:15:00,5.816270238,6.1209893
2024-10-21 18:30:00,3.7078443699999997,6.1209893
2024-10-21 18:45:00,9.996508468,6.1209893
2024-10-21 19:00:00,9.962270346,6.1209893
2024-10-21 19:15:00,10.07630234,6.1209893
2024-10-21 19:30:00,9.898167756,6.1209893
2024-10-21 19:45:00,2.5581902310000006,6.1209893
2024-10-21 20:00:00,5.507145148000001,6.1209893
2024-10-21 20:15:00,3.109804345,6.1209893
2024-10-21 20:30:00,2.817401872,6.1209893
2024-10-21 20:45:00,9.166982278,6.1209893
2024-10-21 21:00:00,5.901289476999999,6.1209893
2024-10-21 21:15:00,2.079002233,6.1209893
2024-10-21 21:30:00,5.405777235,6.1209893
2024-10-21 21:45:00,11.031419320000001,6.1209893
2024-10-21 22:00:00,3.2838051589999995,6.1209893
2024-10-21 22:15:00,5.119909384,6.1209893
2024-10-21 22:30:00,7.42808665,6.1209893
2024-10-21 22:45:00,3.33268587,6.1209893
2024-10-21 23:00:00,11.11541172,6.1209893
2024-10-21 23:15:00,7.810461074,6.1209893
2024-10-21 23:30:00,3.5631131730000005,6.1209893
2024-10-21 23:45:00,5.967323169,6.1209893
2024-10-22 00:00:00,4.816000199,6.1209893
2024-10-22 00:15:00,2.404368315,6.1209893
2024-10-22 00:30:00,4.065307601,6.1209893
2024-10-22 00:45:00,6.892254966,6.1209893
2024-10-22 01:00:00,2.174185584,6.1209893
2024-10-22 01:15:00,1.6510139,6.1209893
2024-10-22 01:30:00,6.627324703000001,6.1209893
2024-10-22 01:45:00,5.500994007,6.1209893
2024-10-22 02:00:00,3.182817583,6.1209893
2024-10-22 02:15:00,8.367678773,6.1209893
2024-10-22 02:30:00,2.089234143,6.1209893
2024-10-22 02:45:00,3.890276022,6.1209893
2024-10-22 03:00:00,2.137854854,6.1209893
2024-10-22 03:15:00,8.79494475,6.1209893
2024-10-22 03:30:00,7.593097628999999,6.1209893
2024-10-22 03:45:00,3.1291777110000005,6.1209893
2024-10-22 04:00:00,6.99385714,6.1209893
2024-10-22 04:15:00,8.457748164,6.1209893
2024-10-22 04:30:00,1.494888194,6.1209893
2024-10-22 04:45:00,8.133891696,6.1209893
2024-10-22 05:00:00,4.286533244,6.1209893
2024-10-22 05:15:00,2.413760579,6.1209893
2024-10-22 05:30:00,9.797224544,6.1209893
2024-10-22 05:45:00,7.450178219,6.1209893
2024-10-22 06:00:00,6.71634282,6.1209893
2024-10-22 06:15:00,9.493735054,6.1209893
2024-10-22 06:30:00,3.721511133,6.1209893
2024-10-22 06:45:00,1.297672852,6.1209893
2024-10-22 07:00:00,11.36250222,6.1209893
2024-10-22 07:15:00,3.857983833,6.1209893
2024-10-22 07:30:00,7.644628788000001,6.1209893
2024-10-22 07:45:00,11.25631776,6.1209893
2024-10-22 08:00:00,3.737019478,6.1209893
2024-10-22 08:15:00,11.611428490000002,6.1209893
2024-10-22 08:30:00,6.588607573000001,6.1209893
2024-10-22 08:45:00,11.08209262,6.1209893
2024-10-22 09:00:00,2.055255272,6.1209893
2024-10-22 09:15:00,6.493475397,6.1209893
2024-10-22 09:30:00,11.10446534,6.1209893
2024-10-22 09:45:00,2.7106603480000007,6.1209893
2024-10-22 10:00:00,3.867057872,6.1209893
2024-10-22 10:15:00,3.354650064,6.1209893
2024-10-22 10:30:00,11.122465569999997,6.1209893
2024-10-22 10:45:00,3.877478252,6.1209893
2024-10-22 11:00:00,2.361964735,6.1209893
2024-10-22 11:15:00,9.269243879,6.1209893
2024-10-22 11:30:00,6.623360986,6.1209893
2024-10-22 11:45:00,7.324999311,6.1209893
2024-10-22 12:00:00,7.275981343,6.1209893
2024-10-22 12:15:00,7.176788734,6.1209893
2024-10-22 12:30:00,5.735339912,6.1209893
2024-10-22 12:45:00,11.28555166,6.1209893
2024-10-22 13:00:00,2.911471933,6.1209893
2024-10-22 13:15:00,10.8931687,6.1209893
2024-10-22 13:30:00,4.122892344,6.1209893
2024-10-22 13:45:00,3.11073039,6.1209893
2024-10-22 14:00:00,7.756415532,6.1209893
2024-10-22 14:15:00,10.38054891,6.1209893
2024-10-22 14:30:00,4.91284898,6.1209893
2024-10-22 14:45:00,1.921209742,6.1209893
2024-10-22 15:00:00,6.630360384,6.1209893
2024-10-22 15:15:00,11.56705146,6.1209893
2024-10-22 15:30:00,5.265592345,6.1209893
2024-10-22 15:45:00,1.4167973860000003,6.1209893
2024-10-22 16:00:00,6.418142638,6.1209893
2024-10-22 16:15:00,5.06624539,6.1209893
2024-10-22 16:30:00,1.804011658,6.1209893
2024-10-22 16:45:00,10.41585702,6.1209893
2024-10-22 17:00:00,7.420373779999999,6.1209893
2024-10-22 17:15:00,2.79440382,6.1209893
2024-10-22 17:30:00,10.55627889,6.1209893
2024-10-22 17:45:00,7.168120354999999,6.1209893
2024-10-22 18:00:00,8.092349116,6.1209893
2024-10-22 18:15:00,7.310225172999999,6.1209893
2024-10-22 18:30:00,10.97354416,6.1209893
2024-10-22 18:45:00,10.42960622,6.1209893
2024-10-22 19:00:00,1.315294806,6.1209893
2024-10-22 19:15:00,1.303904702,6.1209893
2024-10-22 19:30:00,6.149301003,6.1209893
2024-10-22 19:45:00,4.360432018,6.1209893
2024-10-22 20:00:00,6.749974021000001,6.1209893
2024-10-22 20:15:00,4.55060383,6.1209893
2024-10-22 20:30:00,10.0150362,6.1209893
2024-10-22 20:45:00,2.884738495,6.1209893
2024-10-22 21:00:00,1.7277651079999998,6.1209893
2024-10-22 21:15:00,4.596495437,6.1209893
2024-10-22 21:30:00,2.642141339,6.1209893
2024-10-22 21:45:00,7.219343636,6.1209893
2024-10-22 22:00:00,6.010533163,6.1209893
2024-10-22 22:15:00,8.232775365,6.1209893
2024-10-22 22:30:00,1.989135943,6.1209893
2024-10-22 22:45:00,9.430557625,6.1209893
2024-10-22 23:00:00,3.9443830949999996,6.1209893
2024-10-22 23:15:00,8.315215415,6.1209893
2024-10-22 23:30:00,4.153586791,6.1209893
2024-10-22 23:45:00,10.12070122,6.1209893
2024-10-23 00:00:00,9.854332593,6.1209893
2024-10-23 00:15:00,4.329674502,6.1209893
2024-10-23 00:30:00,9.989937227,6.1209893
2024-10-23 00:45:00,4.387311032,6.1209893
2024-10-23 01:00:00,10.42507556,6.1209893
2024-10-23 01:15:00,3.162599587,6.1209893
2024-10-23 01:30:00,4.020852695,6.1209893
2024-10-23 01:45:00,10.13814383,6.1209893
2024-10-23 02:00:00,2.010416249,6.1209893
2024-10-23 02:15:00,8.160486789,6.1209893
2024-10-23 02:30:00,8.232476765,6.1209893
2024-10-23 02:45:00,11.51358958,6.1209893
2024-10-23 03:00:00,11.307029469999998,6.1209893
2024-10-23 03:15:00,6.167754331,6.1209893
2024-10-23 03:30:00,7.61471119,6.1209893
2024-10-23 03:45:00,2.7130603710000005,6.1209893
2024-10-23 04:00:00,3.6457456700000006,6.1209893
2024-10-23 04:15:00,6.839577832,6.1209893
2024-10-23 04:30:00,3.708284829,6.1209893
2024-10-23 04:45:00,3.349561053,6.1209893
2024-10-23 05:00:00,1.378034037,6.1209893
2024-10-23 05:15:00,1.9305003460000003,6.1209893
2024-10-23 05:30:00,8.531930955,6.1209893
2024-10-23 05:45:00,1.309094638,6.1209893
2024-10-23 06:00:00,10.23593142,6.1209893
2024-10-23 06:15:00,1.915622957,6.1209893
2024-10-23 06:30:00,2.717190027,6.1209893
2024-10-23 06:45:00,4.618482993,6.1209893
2024-10-23 07:00:00,8.62766994,6.1209893
2024-10-23 07:15:00,8.591876122,6.1209893
2024-10-23 07:30:00,3.708923615,6.1209893
2024-10-23 07:45:00,4.58214392,6.1209893
2024-10-23 08:00:00,9.679453478,6.1209893
2024-10-23 08:15:00,6.1390962,6.1209893
2024-10-23 08:30:00,5.894606056,6.1209893
2024-10-23 08:45:00,7.728394075,6.1209893
2024-10-23 09:00:00,5.97547819,6.1209893
2024-10-23 09:15:00,5.510855221,6.1209893
2024-10-23 09:30:00,8.997904323,6.1209893
2024-10-23 09:45:00,10.83158193,6.1209893
2024-10-23 10:00:00,6.887466832000001,6.1209893
2024-10-23 10:15:00,4.128482123,6.1209893
2024-10-23 10:30:00,10.98614454,6.1209893
2024-10-23 10:45:00,8.575808509,6.1209893
2024-10-23 11:00:00,7.843233983000001,6.1209893
2024-10-23 11:15:00,7.384026816,6.1209893
2024-10-23 11:30:00,8.828048558,6.1209893
2024-10-23 11:45:00,8.93420818,6.1209893
2024-10-23 12:00:00,9.307903875,6.1209893
2024-10-23 12:15:00,11.23396003,6.1209893
2024-10-23 12:30:00,5.598323794,6.1209893
2024-10-23 12:45:00,3.6375559240000004,6.1209893
2024-10-23 13:00:00,5.25170128,6.1209893
2024-10-23 13:15:00,9.267818498,6.1209893
2024-10-23 13:30:00,6.623419862000001,6.1209893
2024-10-23 13:45:00,10.40160494,6.1209893
2024-10-23 14:00:00,3.7318826449999998,6.1209893
2024-10-23 14:15:00,8.77272143,6.1209893
2024-10-23 14:30:00,3.687056207,6.1209893
2024-10-23 14:45:00,9.754071344,6.1209893
2024-10-23 15:00:00,5.784027819,6.1209893
2024-10-23 15:15:00,11.410721799999997,6.1209893
2024-10-23 15:30:00,8.321756164,6.1209893
2024-10-23 15:45:00,9.080392338,6.1209893
2024-10-23 16:00:00,1.5805546179999999,6.1209893
2024-10-23 16:15:00,8.472314054,6.1209893
2024-10-23 16:30:00,5.553594737,6.1209893
2024-10-23 16:45:00,4.497213321,6.1209893
2024-10-23 17:00:00,9.096653338,6.1209893
2024-10-23 17:15:00,3.444664037,6.1209893
2024-10-23 17:30:00,2.942344398,6.1209893
2024-10-23 17:45:00,4.879263271,6.1209893
2024-10-23 18:00:00,7.466451647,6.1209893
2024-10-23 18:15:00,3.829176888,6.1209893
2024-10-23 18:30:00,7.207512306000001,6.1209893
2024-10-23 18:45:00,5.292496112,6.1209893
2024-10-23 19:00:00,5.046051726,6.1209893
2024-10-23 19:15:00,3.161868628,6.1209893
2024-10-23 19:30:00,4.408095461,6.1209893
2024-10-23 19:45:00,3.883048845,6.1209893
2024-10-23 20:00:00,3.53766454,6.1209893
2024-10-23 20:15:00,1.985600579,6.1209893
2024-10-23 20:30:00,5.71860612,6.1209893
2024-10-23 20:45:00,3.758860348,6.1209893
2024-10-23 21:00:00,10.98208768,6.1209893
2024-10-23 21:15:00,7.334027505,6.1209893
2024-10-23 21:30:00,5.977741659,6.1209893
2024-10-23 21:45:00,4.637224381,6.1209893
2024-10-23 22:00:00,6.023224772,6.1209893
2024-10-23 22:15:00,4.727990266,6.1209893
2024-10-23 22:30:00,9.936499373,6.1209893
2024-10-23 22:45:00,3.644627095,6.1209893
2024-10-23 23:00:00,4.179535302,6.1209893
2024-10-23 23:15:00,8.367876968,6.1209893
2024-10-23 23:30:00,10.55601865,6.1209893
2024-10-23 23:45:00,7.847996228,6.1209893
2024-10-24 00:00:00,2.02644292,6.1209893
2024-10-24 00:15:00,10.47725715,6.1209893
2024-10-24 00:30:00,9.141942167,6.1209893
2024-10-24 00:45:00,3.8689949199999996,6.1209893
2024-10-24 01:00:00,1.773319223,6.1209893
2024-10-24 01:15:00,8.728909704,6.1209893
2024-10-24 01:30:00,3.618591663,6.1209893
2024-10-24 01:45:00,6.474498186999999,6.1209893
2024-10-24 02:00:00,2.113336493,6.1209893
2024-10-24 02:15:00,7.005364681,6.1209893
2024-10-24 02:30:00,1.39836289,6.1209893
2024-10-24 02:45:00,6.961458794,6.1209893
2024-10-24 03:00:00,9.810804095,6.1209893
2024-10-24 03:15:00,7.116928398,6.1209893
2024-10-24 03:30:00,10.54171093,6.1209893
2024-10-24 03:45:00,7.038326413,6.1209893
2024-10-24 04:00:00,8.10621028,6.1209893
2024-10-24 04:15:00,4.892236434,6.1209893
2024-10-24 04:30:00,4.283874713,6.1209893
2024-10-24 04:45:00,4.612484355,6.1209893
2024-10-24 05:00:00,2.168024284,6.1209893
2024-10-24 05:15:00,3.8274168849999994,6.1209893
2024-10-24 05:30:00,5.231087356,6.1209893
2024-10-24 05:45:00,4.650976096,6.1209893
2024-10-24 06:00:00,6.287722574,6.1209893
2024-10-24 06:15:00,6.125808557,6.1209893
2024-10-24 06:30:00,8.552804691,6.1209893
2024-10-24 06:45:00,5.189249575,6.1209893
2024-10-24 07:00:00,8.172380487,6.1209893
2024-10-24 07:15:00,10.03551342,6.1209893
2024-10-24 07:30:00,5.813159139999999,6.1209893
2024-10-24 07:45:00,6.891116383999999,6.1209893
2024-10-24 08:00:00,8.370679793,6.1209893
2024-10-24 08:15:00,6.221440463,6.1209893
2024-10-24 08:30:00,2.762207586,6.1209893
2024-10-24 08:45:00,4.169417491,6.1209893
2024-10-24 09:00:00,1.423974199,6.1209893
2024-10-24 09:15:00,8.323909768,6.1209893
2024-10-24 09:30:00,4.013907417,6.1209893
2024-10-24 09:45:00,9.104318278,6.1209893
2024-10-24 10:00:00,8.575792984,6.1209893
2024-10-24 10:15:00,8.796088644,6.1209893
2024-10-24 10:30:00,10.30343795,6.1209893
2024-10-24 10:45:00,5.369827911,6.1209893
2024-10-24 11:00:00,3.003360289,6.1209893
2024-10-24 11:15:00,10.81090065,6.1209893
2024-10-24 11:30:00,11.54054406,6.1209893
2024-10-24 11:45:00,3.457948863,6.1209893
2024-10-24 12:00:00,8.864776925,6.1209893
2024-10-24 12:15:00,1.8490790450000003,6.1209893
2024-10-24 12:30:00,1.356226485,6.1209893
2024-10-24 12:45:00,8.11985338,6.1209893
2024-10-24 13:00:00,3.746893618,6.1209893
2024-10-24 13:15:00,9.854150238,6.1209893
2024-10-24 13:30:00,6.576564554,6.1209893
2024-10-24 13:45:00,8.927542107,6.1209893
2024-10-24 14:00:00,2.250679296,6.1209893
2024-10-24 14:15:00,9.887977315,6.1209893
2024-10-24 14:30:00,3.124935793,6.1209893
2024-10-24 14:45:00,7.173872772,6.1209893
2024-10-24 15:00:00,7.40548961,6.1209893
2024-10-24 15:15:00,1.899891523,6.1209893
2024-10-24 15:30:00,11.737565,6.1209893
2024-10-24 15:45:00,4.300252819,6.1209893
2024-10-24 16:00:00,8.641604845,6.1209893
2024-10-24 16:15:00,7.864816539,6.1209893
2024-10-24 16:30:00,1.510077129,6.1209893
2024-10-24 16:45:00,10.17119153,6.1209893
2024-10-24 17:00:00,4.251875732,6.1209893
2024-10-24 17:15:00,3.5909928489999996,6.1209893
2024-10-24 17:30:00,1.7029368880000002,6.1209893
2024-10-24 17:45:00,3.934675807,6.1209893
2024-10-24 18:00:00,7.6206645779999995,6.1209893
2024-10-24 18:15:00,3.21174462,6.1209893
2024-10-24 18:30:00,6.142473478,6.1209893
2024-10-24 18:45:00,9.273319757,6.1209893
2024-10-24 19:00:00,11.1760829,6.1209893
2024-10-24 19:15:00,8.414187824,6.1209893
2024-10-24 19:30:00,3.2075980769999997,6.1209893
2024-10-24 19:45:00,5.078084514,6.1209893
2024-10-24 20:00:00,6.740038798,6.1209893
2024-10-24 20:15:00,9.987161952,6.1209893
2024-10-24 20:30:00,6.7027345700000005,6.1209893
2024-10-24 20:45:00,6.234496037,6.1209893
2024-10-24 21:00:00,3.708151064,6.1209893
2024-10-24 21:15:00,6.149471356,6.1209893
2024-10-24 21:30:00,4.461813888,6.1209893
2024-10-24 21:45:00,6.9727584369999995,6.1209893
2024-10-24 22:00:00,9.559563987,6.1209893
2024-10-24 22:15:00,10.9275313,6.1209893
2024-10-24 22:30:00,10.05116106,6.1209893
2024-10-24 22:45:00,9.749693834,6.1209893
2024-10-24 23:00:00,4.815208534,6.1209893
2024-10-24 23:15:00,8.36681275,6.1209893
2024-10-24 23:30:00,5.281310824,6.1209893
2024-10-24 23:45:00,1.399287972,6.1209893
2024-10-25 00:00:00,10.45841531,6.1209893
2024-10-25 00:15:00,1.705774486,6.1209893
2024-10-25 00:30:00,2.330892227,6.1209893
2024-10-25 00:45:00,1.343576103,6.1209893
2024-10-25 01:00:00,1.910279279,6.1209893
2024-10-25 01:15:00,1.770095348,6.1209893
2024-10-25 01:30:00,7.985210342,6.1209893
2024-10-25 01:45:00,9.91436646,6.1209893
2024-10-25 02:00:00,8.963876833,6.1209893
2024-10-25 02:15:00,7.6548479050000005,6.1209893
2024-10-25 02:30:00,9.549893665,6.1209893
2024-10-25 02:45:00,5.704111645,6.1209893
2024-10-25 03:00:00,10.56558113,6.1209893
2024-10-25 03:15:00,6.036663165,6.1209893
2024-10-25 03:30:00,1.47619654,6.1209893
2024-10-25 03:45:00,8.654891671,6.1209893
2024-10-25 04:00:00,9.352194236,6.1209893
2024-10-25 04:15:00,3.5125361469999996,6.1209893
2024-10-25 04:30:00,4.294383841,6.1209893
2024-10-25 04:45:00,8.161795354,6.1209893
2024-10-25 05:00:00,7.215550638000001,6.1209893
2024-10-25 05:15:00,10.39678421,6.1209893
2024-10-25 05:30:00,6.190148891,6.1209893
2024-10-25 05:45:00,7.9460811620000005,6.1209893
2024-10-25 06:00:00,4.088350523,6.1209893
2024-10-25 06:15:00,10.93078819,6.1209893
2024-10-25 06:30:00,5.073631324,6.1209893
2024-10-25 06:45:00,6.576012809,6.1209893
2024-10-25 07:00:00,7.722360819,6.1209893
2024-10-25 07:15:00,3.755735849,6.1209893
2024-10-25 07:30:00,4.369460799,6.1209893
2024-10-25 07:45:00,6.436450068,6.1209893
2024-10-25 08:00:00,4.003556668,6.1209893
2024-10-25 08:15:00,2.451113607,6.1209893
2024-10-25 08:30:00,10.24716579,6.1209893
2024-10-25 08:45:00,4.688834667,6.1209893
2024-10-25 09:00:00,5.527205000000001,6.1209893
2024-10-25 09:15:00,6.876920180000001,6.1209893
2024-10-25 09:30:00,9.93980268,6.1209893
2024-10-25 09:45:00,2.514626363,6.1209893
2024-10-25 10:00:00,7.647331064000001,6.1209893
2024-10-25 10:15:00,4.794005819,6.1209893
2024-10-25 10:30:00,10.02269275,6.1209893
2024-10-25 10:45:00,7.939570712000001,6.1209893
2024-10-25 11:00:00,2.515405584,6.1209893
2024-10-25 11:15:00,4.122558728,6.1209893
2024-10-25 11:30:00,1.5548051240000003,6.1209893
2024-10-25 11:45:00,9.468740153,6.1209893
2024-10-25 12:00:00,5.311163408,6.1209893
2024-10-25 12:15:00,1.660345343,6.1209893
2024-10-25 12:30:00,1.3200592,6.1209893
2024-10-25 12:45:00,10.91505901,6.1209893
2024-10-25 13:00:00,10.11827509,6.1209893
2024-10-25 13:15:00,4.608093115,6.1209893
2024-10-25 13:30:00,6.664791159,6.1209893
2024-10-25 13:45:00,6.912386962999999,6.1209893
2024-10-25 14:00:00,6.3275746139999995,6.1209893
2024-10-25 14:15:00,4.364161614,6.1209893
2024-10-25 14:30:00,5.203277218,6.1209893
2024-10-25 14:45:00,3.021392211,6.1209893
2024-10-25 15:00:00,1.5124718100000003,6.1209893
2024-10-25 15:15:00,2.6957195090000003,6.1209893
2024-10-25 15:30:00,1.246897511,6.1209893
2024-10-25 15:45:00,5.571020861,6.1209893
2024-10-25 16:00:00,7.922796723000001,6.1209893
2024-10-25 16:15:00,3.0040497610000005,6.1209893
2024-10-25 16:30:00,6.860207319,6.1209893
2024-10-25 16:45:00,4.589020757,6.1209893
2024-10-25 17:00:00,2.419659329,6.1209893
2024-10-25 17:15:00,2.482463843,6.1209893
2024-10-25 17:30:00,7.476251496,6.1209893
2024-10-25 17:45:00,2.324311381,6.1209893
2024-10-25 18:00:00,6.697288678,6.1209893
2024-10-25 18:15:00,3.075790671,6.1209893
2024-10-25 18:30:00,10.10502957,6.1209893
2024-10-25 18:45:00,1.625429494,6.1209893
2024-10-25 19:00:00,5.175349411,6.1209893
2024-10-25 19:15:00,8.993451973,6.1209893
2024-10-25 19:30:00,8.826835002,6.1209893
2024-10-25 19:45:00,2.7153324830000005,6.1209893
2024-10-25 20:00:00,3.015673913,6.1209893
2024-10-25 20:15:00,6.7477256,6.1209893
2024-10-25 20:30:00,7.811042960999999,6.1209893
2024-10-25 20:45:00,8.982480966,6.1209893
2024-10-25 21:00:00,7.698148940000001,6.1209893
2024-10-25 21:15:00,8.983416674,6.1209893
2024-10-25 21:30:00,5.551126064,6.1209893
2024-10-25 21:45:00,6.695623089,6.1209893
2024-10-25 22:00:00,5.641748085,6.1209893
2024-10-25 22:15:00,8.958922162,6.1209893
2024-10-25 22:30:00,2.941371909,6.1209893
2024-10-25 22:45:00,3.732328474,6.1209893
2024-10-25 23:00:00,9.603567772,6.1209893
2024-10-25 23:15:00,8.754195233,6.1209893
2024-10-25 23:30:00,8.810872007,6.1209893
2024-10-25 23:45:00,2.119920282,6.1209893
2024-10-26 00:00:00,6.069733782,6.1209893
2024-10-26 00:15:00,6.858380623,6.1209893
2024-10-26 00:30:00,9.504039791,6.1209893
2024-10-26 00:45:00,5.605445914999999,6.1209893
2024-10-26 01:00:00,6.72779378,6.1209893
2024-10-26 01:15:00,3.75098554,6.1209893
2024-10-26 01:30:00,10.07063243,6.1209893
2024-10-26 01:45:00,10.5555614,6.1209893
2024-10-26 02:00:00,5.90093125,6.1209893
2024-10-26 02:15:00,5.630827448,6.1209893
2024-10-26 02:30:00,4.453350628,6.1209893
2024-10-26 02:45:00,4.059092519,6.1209893
2024-10-26 03:00:00,6.726984029,6.1209893
2024-10-26 03:15:00,2.951441844,6.1209893
2024-10-26 03:30:00,7.358267216,6.1209893
2024-10-26 03:45:00,6.913516461,6.1209893
2024-10-26 04:00:00,8.661497894,6.1209893
2024-10-26 04:15:00,3.3682862600000005,6.1209893
2024-10-26 04:30:00,8.400697553,6.1209893
2024-10-26 04:45:00,1.311072518,6.1209893
2024-10-26 05:00:00,6.820848903,6.1209893
2024-10-26 05:15:00,9.962131624,6.1209893
2024-10-26 05:30:00,8.35674037,6.1209893
2024-10-26 05:45:00,10.22438404,6.1209893
2024-10-26 06:00:00,2.713724196,6.1209893
2024-10-26 06:15:00,8.397167588,6.1209893
2024-10-26 06:30:00,5.959289954,6.1209893
2024-10-26 06:45:00,4.367758141,6.1209893
2024-10-26 07:00:00,4.814201159,6.1209893
2024-10-26 07:15:00,2.212293479,6.1209893
2024-10-26 07:30:00,8.302615756,6.1209893
2024-10-26 07:45:00,7.614819963,6.1209893
2024-10-26 08:00:00,2.633929762,6.1209893
2024-10-26 08:15:00,6.832435326,6.1209893
2024-10-26 08:30:00,2.387827203,6.1209893
2024-10-26 08:45:00,4.396104046,6.1209893
2024-10-26 09:00:00,1.543827716,6.1209893
2024-10-26 09:15:00,7.586406220000001,6.1209893
2024-10-26 09:30:00,1.278549056,6.1209893
2024-10-26 09:45:00,3.882351424,6.1209893
2024-10-26 10:00:00,3.983607593,6.1209893
2024-10-26 10:15:00,9.098064143,6.1209893
2024-10-26 10:30:00,5.610515347000001,6.1209893
2024-10-26 10:45:00,7.073805037,6.1209893
2024-10-26 11:00:00,3.891089732,6.1209893
2024-10-26 11:15:00,6.835600140999999,6.1209893
2024-10-26 11:30:00,2.645559486,6.1209893
2024-10-26 11:45:00,11.4011607,6.1209893
2024-10-26 12:00:00,6.446456373,6.1209893
2024-10-26 12:15:00,9.989397097,6.1209893
2024-10-26 12:30:00,2.286306729,6.1209893
2024-10-26 12:45:00,7.353089123000001,6.1209893
2024-10-26 13:00:00,7.860509702999999,6.1209893
2024-10-26 13:15:00,9.296780033,6.1209893
2024-10-26 13:30:00,6.10314994,6.1209893
2024-10-26 13:45:00,1.470398168,6.1209893
2024-10-26 14:00:00,3.734787694,6.1209893
2024-10-26 14:15:00,3.942759209,6.1209893
2024-10-26 14:30:00,4.440166133,6.1209893
2024-10-26 14:45:00,2.083340334,6.1209893
2024-10-26 15:00:00,1.132444347,6.1209893
2024-10-26 15:15:00,6.473161404,6.1209893
2024-10-26 15:30:00,8.918309162,6.1209893
2024-10-26 15:45:00,3.558964354,6.1209893
2024-10-26 16:00:00,8.51232921,6.1209893
2024-10-26 16:15:00,8.673839111,6.1209893
2024-10-26 16:30:00,5.594684345,6.1209893
2024-10-26 16:45:00,6.634065215,6.1209893
2024-10-26 17:00:00,4.353111814,6.1209893
2024-10-26 17:15:00,5.043737582,6.1209893
2024-10-26 17:30:00,7.050608187,6.1209893
2024-10-26 17:45:00,4.863275485,6.1209893
2024-10-26 18:00:00,6.395494085000001,6.1209893
2024-10-26 18:15:00,8.965629678,6.1209893
2024-10-26 18:30:00,11.03436693,6.1209893
2024-10-26 18:45:00,10.98890972,6.1209893
2024-10-26 19:00:00,10.5753198,6.1209893
2024-10-26 19:15:00,10.19503002,6.1209893
2024-10-26 19:30:00,3.7461192270000003,6.1209893
2024-10-26 19:45:00,11.089810339999998,6.1209893
2024-10-26 20:00:00,3.46885645,6.1209893
2024-10-26 20:15:00,9.992602053,6.1209893
2024-10-26 20:30:00,7.225482746000001,6.1209893
2024-10-26 20:45:00,10.17647269,6.1209893
2024-10-26 21:00:00,11.365640899999999,6.1209893
