timestamp,y_true,y_pred
2024-08-28 03:45:00,7.490515837,6.452595
2024-08-28 04:00:00,9.554213568,6.4285965
2024-08-28 04:15:00,9.929656217,6.3881297
2024-08-28 04:30:00,2.642682679,6.3883376
2024-08-28 04:45:00,7.526703496,6.52814
2024-08-28 05:00:00,3.498468215,6.431067
2024-08-28 05:15:00,7.472517347,6.4521008
2024-08-28 05:30:00,2.810685209,6.374104
2024-08-28 05:45:00,9.294248964,6.4102254
2024-08-28 06:00:00,8.2751571,6.3177986
2024-08-28 06:15:00,10.16730016,6.328899
2024-08-28 06:30:00,10.97536742,6.322477
2024-08-28 06:45:00,10.74969569,6.3377657
2024-08-28 07:00:00,2.6494648590000005,6.380264
2024-08-28 07:15:00,5.002902933,6.565023
2024-08-28 07:30:00,6.220484251,6.4948525
2024-08-28 07:45:00,9.336032631,6.427875
2024-08-28 08:00:00,1.270144965,6.359328
2024-08-28 08:15:00,10.78753616,6.4672565
2024-08-28 08:30:00,5.078082458,6.329355
2024-08-28 08:45:00,7.751063561,6.399001
2024-08-28 09:00:00,10.95316235,6.3652434
2024-08-28 09:15:00,10.26402865,6.3195596
2024-08-28 09:30:00,4.771352858,6.3540792
2024-08-28 09:45:00,6.16507463,6.48655
2024-08-28 10:00:00,9.233559357,6.457686
2024-08-28 10:15:00,9.134795776,6.389607
2024-08-28 10:30:00,8.161715966,6.3877974
2024-08-28 10:45:00,1.287403341,6.418756
2024-08-28 11:00:00,3.218968901,6.528119
2024-08-28 11:15:00,3.4106219539999993,6.4471846
2024-08-28 11:30:00,3.805720062,6.382508
2024-08-28 11:45:00,2.134511647,6.334638
2024-08-28 12:00:00,9.646525906,6.3140535
2024-08-28 12:15:00,4.581414955,6.2369933
2024-08-28 12:30:00,9.051047776,6.300359
2024-08-28 12:45:00,11.01264171,6.267248
2024-08-28 13:00:00,4.531553149,6.261795
2024-08-28 13:15:00,5.842084766,6.4080944
2024-08-28 13:30:00,1.9311904,6.398672
2024-08-28 13:45:00,4.183421555,6.425287
2024-08-28 14:00:00,6.808406857,6.3601303
2024-08-28 14:15:00,2.999690019,6.3057942
2024-08-28 14:30:00,6.757023384,6.3367186
2024-08-28 14:45:00,4.342824877,6.2908516
2024-08-28 15:00:00,11.604837280000002,6.314174
2024-08-28 15:15:00,4.910824251,6.2400274
2024-08-28 15:30:00,1.596022164,6.3604546
2024-08-28 15:45:00,6.248780903,6.407771
2024-08-28 16:00:00,4.51568076,6.329294
2024-08-28 16:15:00,4.88089169,6.327871
2024-08-28 16:30:00,5.029529584,6.3150015
2024-08-28 16:45:00,10.00504831,6.306391
2024-08-28 17:00:00,6.239497736000001,6.2552567
2024-08-28 17:15:00,3.857189605,6.328235
2024-08-28 17:30:00,9.50237715,6.377542
2024-08-28 17:45:00,5.986750872,6.305809
2024-08-28 18:00:00,2.664285076,6.3620114
2024-08-28 18:15:00,11.33195452,6.408457
2024-08-28 18:30:00,1.434749712,6.2920055
2024-08-28 18:45:00,8.462775506,6.4295716
2024-08-28 19:00:00,9.892754204,6.333644
2024-08-28 19:15:00,4.809477695,6.3057647
2024-08-28 19:30:00,2.7222232710000003,6.405096
2024-08-28 19:45:00,5.703151623,6.4273815
2024-08-28 20:00:00,5.955501323,6.3609123
2024-08-28 20:15:00,11.31777256,6.336096
2024-08-28 20:30:00,1.347977073,6.2692275
2024-08-28 20:45:00,7.54845892,6.432852
2024-08-28 21:00:00,9.6344568,6.3468156
2024-08-28 21:15:00,7.208531826,6.307944
2024-08-28 21:30:00,7.781433726,6.363007
2024-08-28 21:45:00,9.922534937,6.3747525
2024-08-28 22:00:00,6.937900312,6.353536
2024-08-28 22:15:00,10.3903597,6.422775
2024-08-28 22:30:00,3.4843312479999997,6.3784676
2024-08-28 22:45:00,6.508303896999999,6.504758
2024-08-28 23:00:00,1.433166448,6.4400125
2024-08-28 23:15:00,9.662309117,6.4665804
2024-08-28 23:30:00,9.148537218,6.335868
2024-08-28 23:45:00,6.739289229,6.326246
2024-08-29 00:00:00,5.310399312,6.384105
2024-08-29 00:15:00,4.739706909,6.4155746
2024-08-29 00:30:00,3.231939084,6.409923
2024-08-29 00:45:00,5.528968569000001,6.3995547
2024-08-29 01:00:00,4.409555329,6.3439918
2024-08-29 01:15:00,7.241586487,6.335055
2024-08-29 01:30:00,8.961515007,6.296907
2024-08-29 01:45:00,8.563077965,6.2826514
2024-08-29 02:00:00,6.532658109999999,6.3138247
2024-08-29 02:15:00,10.59913041,6.3749533
2024-08-29 02:30:00,3.19617176,6.330468
2024-08-29 02:45:00,7.948600651,6.467214
2024-08-29 03:00:00,2.006835287,6.3908353
2024-08-29 03:15:00,8.358728743,6.4490833
2024-08-29 03:30:00,8.372548252,6.3467894
2024-08-29 03:45:00,9.090978491,6.3329
2024-08-29 04:00:00,7.855528601,6.3375287
2024-08-29 04:15:00,2.4915488090000006,6.381001
2024-08-29 04:30:00,1.5912584119999997,6.473061
2024-08-29 04:45:00,8.326662237,6.438581
2024-08-29 05:00:00,9.502798862,6.3242354
2024-08-29 05:15:00,1.509220567,6.2931643
2024-08-29 05:30:00,2.7410073180000003,6.417354
2024-08-29 05:45:00,9.274433827,6.373597
2024-08-29 06:00:00,11.228813219999997,6.281342
2024-08-29 06:15:00,6.445142052,6.254936
2024-08-29 06:30:00,2.836419657,6.36928
2024-08-29 06:45:00,4.586388838,6.4401608
2024-08-29 07:00:00,9.455209435,6.390108
2024-08-29 07:15:00,6.889299101,6.309743
2024-08-29 07:30:00,1.767932078,6.3484063
2024-08-29 07:45:00,4.224678871,6.422707
2024-08-29 08:00:00,9.064487603,6.3631573
2024-08-29 08:15:00,4.533067841,6.288778
2024-08-29 08:30:00,5.779069021,6.347871
2024-08-29 08:45:00,10.70186514,6.336353
2024-08-29 09:00:00,11.47674825,6.2770877
2024-08-29 09:15:00,8.657997906,6.2851877
2024-08-29 09:30:00,3.628268321,6.383745
2024-08-29 09:45:00,3.622093855,6.50158
2024-08-29 10:00:00,4.322738602,6.4716353
2024-08-29 10:15:00,2.786346226,6.412212
2024-08-29 10:30:00,2.982914719,6.3831735
2024-08-29 10:45:00,3.8374076809999997,6.338647
2024-08-29 11:00:00,7.904858086000001,6.297485
2024-08-29 11:15:00,7.508852646,6.2498207
2024-08-29 11:30:00,4.523804421,6.2650685
2024-08-29 11:45:00,3.127864931,6.325633
2024-08-29 12:00:00,7.717139508,6.341853
2024-08-29 12:15:00,2.437561349,6.284936
2024-08-29 12:30:00,2.735784034,6.3412175
2024-08-29 12:45:00,5.226255391,6.31859
2024-08-29 13:00:00,6.981333427,6.275324
2024-08-29 13:15:00,9.25414475,6.2551703
2024-08-29 13:30:00,8.483470919,6.2460346
2024-08-29 13:45:00,4.962412043,6.2904353
2024-08-29 14:00:00,8.054215124,6.3773923
2024-08-29 14:15:00,3.342218368,6.3454747
2024-08-29 14:30:00,6.1545557639999995,6.4108706
2024-08-29 14:45:00,7.343263447,6.3615866
2024-08-29 15:00:00,9.046108989,6.334363
2024-08-29 15:15:00,1.948091491,6.3170123
2024-08-29 15:30:00,2.191946877,6.430833
2024-08-29 15:45:00,1.8760432269999998,6.3943043
2024-08-29 16:00:00,6.6952603250000005,6.3418574
2024-08-29 16:15:00,7.030612552999999,6.2700124
2024-08-29 16:30:00,1.274675926,6.2603893
2024-08-29 16:45:00,7.499695214,6.3283706
2024-08-29 17:00:00,9.05373764,6.2637033
2024-08-29 17:15:00,2.318684051,6.250179
2024-08-29 17:30:00,4.782832099,6.3604007
2024-08-29 17:45:00,10.58356334,6.326578
2024-08-29 18:00:00,8.197987054,6.2562733
2024-08-29 18:15:00,4.141957067,6.308862
2024-08-29 18:30:00,8.854654603,6.399749
2024-08-29 18:45:00,10.28707234,6.339347
2024-08-29 19:00:00,4.537946466,6.3220882
2024-08-29 19:15:00,8.53059548,6.4412103
2024-08-29 19:30:00,2.156715189,6.384873
2024-08-29 19:45:00,1.734954142,6.4658923
2024-08-29 20:00:00,7.324110196,6.423165
2024-08-29 20:15:00,6.282575419,6.322683
2024-08-29 20:30:00,9.584432752,6.3155766
2024-08-29 20:45:00,8.91340735,6.2831197
2024-08-29 21:00:00,4.212337207,6.316184
2024-08-29 21:15:00,6.467037003000001,6.418048
2024-08-29 21:30:00,8.952618272,6.3847632
2024-08-29 21:45:00,3.902768746,6.3419375
2024-08-29 22:00:00,4.8118263,6.4200654
2024-08-29 22:15:00,1.7817917329999997,6.3946204
2024-08-29 22:30:00,2.405472584,6.3946204
2024-08-29 22:45:00,7.593915969000001,6.340833
2024-08-29 23:00:00,6.147206077,6.268214
2024-08-29 23:15:00,2.765354569,6.280203
2024-08-29 23:30:00,1.273892588,6.3247004
2024-08-29 23:45:00,2.845405663,6.315848
2024-08-30 00:00:00,8.768913695,6.2685814
2024-08-30 00:15:00,2.171889734,6.2132764
2024-08-30 00:30:00,5.529632508,6.2874203
2024-08-30 00:45:00,3.50077702,6.2590303
2024-08-30 01:00:00,6.694155211,6.2761154
2024-08-30 01:15:00,6.320904002000001,6.2497616
2024-08-30 01:30:00,11.553684149999999,6.2656865
2024-08-30 01:45:00,9.4753289,6.225979
2024-08-30 02:00:00,10.60663728,6.2972918
2024-08-30 02:15:00,7.351211077,6.3289747
2024-08-30 02:30:00,8.650611038,6.4304347
2024-08-30 02:45:00,10.49013816,6.4276423
2024-08-30 03:00:00,1.531549042,6.3999305
2024-08-30 03:15:00,10.5967463,6.56511
2024-08-30 03:30:00,3.333750491,6.401675
2024-08-30 03:45:00,8.389044602,6.484861
2024-08-30 04:00:00,9.230688148,6.393701
2024-08-30 04:15:00,2.231577033,6.3655987
2024-08-30 04:30:00,10.80297874,6.477065
2024-08-30 04:45:00,10.84211993,6.345815
2024-08-30 05:00:00,8.155819576,6.33457
2024-08-30 05:15:00,2.7562889709999996,6.413355
2024-08-30 05:30:00,7.085363274,6.5192094
2024-08-30 05:45:00,4.789551221,6.4266963
2024-08-30 06:00:00,10.97809954,6.424612
2024-08-30 06:15:00,5.247803658,6.325993
2024-08-30 06:30:00,8.189594222,6.4186616
2024-08-30 06:45:00,7.6269471630000005,6.381664
2024-08-30 07:00:00,4.120829014,6.3897786
2024-08-30 07:15:00,6.766327672,6.4435573
2024-08-30 07:30:00,5.447616383,6.390908
2024-08-30 07:45:00,5.067423828,6.3905573
2024-08-30 08:00:00,9.802672784,6.381518
2024-08-30 08:15:00,2.705901355,6.312777
2024-08-30 08:30:00,5.453804573,6.4163523
2024-08-30 08:45:00,1.239065593,6.3684797
2024-08-30 09:00:00,3.712392907,6.3823266
2024-08-30 09:15:00,7.713637048,6.3191676
2024-08-30 09:30:00,2.039935498,6.2621913
2024-08-30 09:45:00,3.8429451520000004,6.3179626
2024-08-30 10:00:00,10.0476299,6.287744
2024-08-30 10:15:00,8.081976328,6.226413
2024-08-30 10:30:00,1.825172608,6.271033
2024-08-30 10:45:00,11.436164189999998,6.38391
2024-08-30 11:00:00,10.84029866,6.27183
2024-08-30 11:15:00,2.6354920030000004,6.286761
2024-08-30 11:30:00,11.08086934,6.4641266
2024-08-30 11:45:00,6.822655812999999,6.34315
2024-08-30 12:00:00,10.24354104,6.4096355
2024-08-30 12:15:00,11.110575239999998,6.3683643
2024-08-30 12:30:00,8.544449153,6.366188
2024-08-30 12:45:00,4.157150454,6.4459095
2024-08-30 13:00:00,11.0766122,6.5402126
2024-08-30 13:15:00,7.155269638,6.407125
2024-08-30 13:30:00,4.497732451,6.4614034
2024-08-30 13:45:00,5.925475002,6.501684
2024-08-30 14:00:00,5.388760502,6.4498844
2024-08-30 14:15:00,11.08461088,6.423818
2024-08-30 14:30:00,10.01641763,6.32833
2024-08-30 14:45:00,1.503830693,6.3508954
2024-08-30 15:00:00,1.263994865,6.5180507
2024-08-30 15:15:00,1.895487249,6.469232
2024-08-30 15:30:00,7.44023048,6.38298
2024-08-30 15:45:00,9.275209643,6.2901225
2024-08-30 16:00:00,6.485562206,6.2587366
2024-08-30 16:15:00,6.737445747,6.318688
2024-08-30 16:30:00,3.543169405,6.3385572
2024-08-30 16:45:00,6.073934801,6.3861747
2024-08-30 17:00:00,3.891595024,6.3437104
2024-08-30 17:15:00,3.8671661679999993,6.354082
2024-08-30 17:30:00,5.352859016,6.3363824
2024-08-30 17:45:00,1.6310848620000002,6.3043427
2024-08-30 18:00:00,10.84708566,6.3237166
2024-08-30 18:15:00,10.86161737,6.232828
2024-08-30 18:30:00,9.380921984,6.2408066
2024-08-30 18:45:00,7.324503782,6.3143
2024-08-30 19:00:00,9.387472167,6.396662
2024-08-30 19:15:00,10.80948721,6.384553
2024-08-30 19:30:00,4.060188774,6.373547
2024-08-30 19:45:00,5.004664468,6.518444
2024-08-30 20:00:00,8.520361926,6.4841514
2024-08-30 20:15:00,7.578012583,6.3986573
2024-08-30 20:30:00,9.735083507,6.3981247
2024-08-30 20:45:00,4.590385075,6.368481
2024-08-30 21:00:00,4.3933167,6.4634376
2024-08-30 21:15:00,7.155685092,6.451051
2024-08-30 21:30:00,2.6882174850000005,6.3847303
2024-08-30 21:45:00,1.512682114,6.418242
2024-08-30 22:00:00,3.780567761,6.3875003
2024-08-30 22:15:00,2.777562335,6.3188815
2024-08-30 22:30:00,1.239323344,6.291199
2024-08-30 22:45:00,9.39441587,6.2698526
2024-08-30 23:00:00,6.601837151000001,6.203883
2024-08-30 23:15:00,8.228513133,6.24355
2024-08-30 23:30:00,2.7496661780000005,6.2574377
2024-08-30 23:45:00,3.693375093,6.353974
2024-08-31 00:00:00,1.84782665,6.334639
2024-08-31 00:15:00,11.751185100000002,6.322511
2024-08-31 00:30:00,2.316890166,6.222656
2024-08-31 00:45:00,2.068495247,6.348697
2024-08-31 01:00:00,7.523358757,6.3397207
2024-08-31 01:15:00,4.637550405,6.2696433
2024-08-31 01:30:00,10.33370505,6.2972565
2024-08-31 01:45:00,9.597967375,6.246312
2024-08-31 02:00:00,9.937941556,6.2820024
2024-08-31 02:15:00,8.799318923,6.3210726
2024-08-31 02:30:00,2.455716892,6.3825197
2024-08-31 02:45:00,1.7653393780000002,6.509881
2024-08-31 03:00:00,1.834478446,6.4719067
2024-08-31 03:15:00,9.428873091,6.395999
2024-08-31 03:30:00,8.113164381,6.285166
2024-08-31 03:45:00,11.19877832,6.2916193
2024-08-31 04:00:00,7.711619466,6.273191
2024-08-31 04:15:00,3.764219923,6.370511
2024-08-31 04:30:00,2.039817521,6.459516
2024-08-31 04:45:00,4.86336517,6.451109
2024-08-31 05:00:00,3.1736070310000004,6.369853
2024-08-31 05:15:00,7.618999875,6.3478007
2024-08-31 05:30:00,2.225795885,6.2856474
2024-08-31 05:45:00,8.871758315,6.336727
2024-08-31 06:00:00,8.594724189,6.2665477
2024-08-31 06:15:00,8.911985768,6.2777376
2024-08-31 06:30:00,11.52225954,6.305102
2024-08-31 06:45:00,8.420849226,6.297575
2024-08-31 07:00:00,9.601278346,6.395588
2024-08-31 07:15:00,2.073810478,6.4078298
2024-08-31 07:30:00,10.59966986,6.5488324
2024-08-31 07:45:00,3.324236791,6.395033
2024-08-31 08:00:00,6.302038894,6.4829564
2024-08-31 08:15:00,10.64780062,6.417707
2024-08-31 08:30:00,3.0466357840000002,6.33531
2024-08-31 08:45:00,1.4470682680000002,6.456159
2024-08-31 09:00:00,4.330434862,6.4450583
2024-08-31 09:15:00,2.7491256150000005,6.3606343
2024-08-31 09:30:00,8.086307978,6.331877
2024-08-31 09:45:00,3.965594223,6.2651696
2024-08-31 10:00:00,1.726080789,6.308653
2024-08-31 10:15:00,10.67174856,6.3220625
2024-08-31 10:30:00,1.7103261,6.2328806
2024-08-31 10:45:00,3.9274164669999996,6.344577
2024-08-31 11:00:00,3.689383531,6.3114977
2024-08-31 11:15:00,1.381455205,6.2929664
2024-08-31 11:30:00,2.8780960589999998,6.288892
2024-08-31 11:45:00,9.741846371,6.250262
2024-08-31 12:00:00,1.556979853,6.1953564
2024-08-31 12:15:00,1.430934659,6.294061
2024-08-31 12:30:00,7.799112400000001,6.280781
2024-08-31 12:45:00,2.071604496,6.2209063
2024-08-31 13:00:00,4.913148325,6.2750335
2024-08-31 13:15:00,1.159971882,6.249278
2024-08-31 13:30:00,4.986931085,6.269975
2024-08-31 13:45:00,4.296716995,6.229849
2024-08-31 14:00:00,7.671538912,6.232607
2024-08-31 14:15:00,6.27704078,6.215699
2024-08-31 14:30:00,8.027294879,6.2550864
2024-08-31 14:45:00,10.57728287,6.2641273
2024-08-31 15:00:00,9.517557236,6.260077
2024-08-31 15:15:00,10.80880857,6.3192906
2024-08-31 15:30:00,1.7703398279999998,6.34124
2024-08-31 15:45:00,11.08698526,6.5342884
2024-08-31 16:00:00,4.426965286,6.3790236
2024-08-31 16:15:00,4.005983667,6.4668245
2024-08-31 16:30:00,5.239389176,6.4530816
2024-08-31 16:45:00,9.258403718,6.3998656
2024-08-31 17:00:00,11.103436009999998,6.3275423
2024-08-31 17:15:00,6.958868001,6.30271
2024-08-31 17:30:00,2.837883431,6.405623
2024-08-31 17:45:00,3.270097083,6.482773
2024-08-31 18:00:00,5.384846092,6.4361706
2024-08-31 18:15:00,4.866173055,6.3666577
2024-08-31 18:30:00,3.649898178,6.3442783
2024-08-31 18:45:00,10.0431598,6.3386884
2024-08-31 19:00:00,3.962289976,6.2641516
2024-08-31 19:15:00,7.142280102999999,6.351964
2024-08-31 19:30:00,6.178751787,6.3212647
2024-08-31 19:45:00,10.71326121,6.3363614
2024-08-31 20:00:00,7.622757542,6.2869945
2024-08-31 20:15:00,4.652782444,6.3601613
2024-08-31 20:30:00,7.88390514,6.4297266
2024-08-31 20:45:00,4.39943876,6.3784695
2024-08-31 21:00:00,2.05177825,6.4179907
2024-08-31 21:15:00,6.002567102,6.4205475
2024-08-31 21:30:00,10.06036239,6.3412585
2024-08-31 21:45:00,10.23331403,6.278496
2024-08-31 22:00:00,6.792380125,6.2910037
2024-08-31 22:15:00,8.612014482,6.3869557
2024-08-31 22:30:00,7.413251544,6.3814087
2024-08-31 22:45:00,9.430809147,6.4113226
2024-08-31 23:00:00,2.314722487,6.3866167
2024-08-31 23:15:00,5.478282431,6.5052195
2024-08-31 23:30:00,3.706731991,6.429291
2024-08-31 23:45:00,1.22174153,6.4084406
2024-09-01 00:00:00,9.809262661,6.388485
2024-09-01 00:15:00,2.5500619920000003,6.278276
2024-09-01 00:30:00,4.674337122,6.350879
2024-09-01 00:45:00,10.14136869,6.318055
2024-09-01 01:00:00,8.660069744,6.254172
2024-09-01 01:15:00,7.131015495,6.2924876
2024-09-01 01:30:00,4.474085524,6.3523393
2024-09-01 01:45:00,6.615638102,6.4088535
2024-09-01 02:00:00,1.752322464,6.372459
2024-09-01 02:15:00,8.38349245,6.4135313
2024-09-01 02:30:00,3.567949026,6.3171816
2024-09-01 02:45:00,6.218558105,6.36114
2024-09-01 03:00:00,2.139344088,6.3238897
2024-09-01 03:15:00,8.659429204,6.3549633
2024-09-01 03:30:00,10.84941449,6.2777524
2024-09-01 03:45:00,5.718777517,6.252881
2024-09-01 04:00:00,2.061139645,6.367596
2024-09-01 04:15:00,10.85301664,6.4282103
2024-09-01 04:30:00,5.894427468000001,6.304986
2024-09-01 04:45:00,1.979737722,6.3730173
2024-09-01 05:00:00,3.243572437,6.425863
2024-09-01 05:15:00,2.397152422,6.372516
2024-09-01 05:30:00,3.149907873,6.334859
2024-09-01 05:45:00,2.787602043,6.291548
2024-09-01 06:00:00,10.77714782,6.2662945
2024-09-01 06:15:00,3.395909603,6.1996713
2024-09-01 06:30:00,5.7801117799999995,6.3025866
2024-09-01 06:45:00,9.172585201,6.290322
2024-09-01 07:00:00,8.136917825,6.2603817
2024-09-01 07:15:00,11.02549586,6.299645
2024-09-01 07:30:00,11.00205017,6.2901144
2024-09-01 07:45:00,7.069830067999999,6.3288064
2024-09-01 08:00:00,8.981233246,6.449209
2024-09-01 08:15:00,5.177024821,6.4342356
2024-09-01 08:30:00,5.600907186,6.498894
2024-09-01 08:45:00,2.20067801,6.4707584
2024-09-01 09:00:00,7.96426119,6.474692
2024-09-01 09:15:00,3.918577473,6.3647428
2024-09-01 09:30:00,2.025615083,6.388824
2024-09-01 09:45:00,2.230597678,6.382111
2024-09-01 10:00:00,8.612167868,6.334225
2024-09-01 10:15:00,3.4473569720000006,6.2558827
2024-09-01 10:30:00,9.103255485,6.3074985
2024-09-01 10:45:00,11.004912000000001,6.2566714
2024-09-01 11:00:00,4.779370942,6.248239
2024-09-01 11:15:00,9.478760756,6.388637
2024-09-01 11:30:00,5.7044914669999995,6.340488
2024-09-01 11:45:00,9.448628649,6.408337
2024-09-01 12:00:00,4.216199738,6.3595448
2024-09-01 12:15:00,10.69892416,6.4452534
2024-09-01 12:30:00,11.23692962,6.3478427
2024-09-01 12:45:00,5.212371739,6.339591
2024-09-01 13:00:00,3.220065681,6.4814816
2024-09-01 13:15:00,8.378705018,6.504589
2024-09-01 13:30:00,7.110969917,6.3962274
2024-09-01 13:45:00,11.7520466,6.392107
2024-09-01 14:00:00,9.535605449,6.3234673
2024-09-01 14:15:00,9.941200724,6.3827095
2024-09-01 14:30:00,8.894356272,6.409089
2024-09-01 14:45:00,4.896558502,6.452254
2024-09-01 15:00:00,10.92096774,6.5340247
2024-09-01 15:15:00,6.076017416,6.4156632
2024-09-01 15:30:00,5.484311211,6.48859
2024-09-01 15:45:00,3.195616499,6.4873543
2024-09-01 16:00:00,4.227813366,6.4826627
2024-09-01 16:15:00,1.188207927,6.4197025
2024-09-01 16:30:00,7.97354519,6.397206
2024-09-01 16:45:00,7.038010967,6.2981687
2024-09-01 17:00:00,5.374838499,6.2952685
2024-09-01 17:15:00,11.18785928,6.327694
2024-09-01 17:30:00,8.532901752,6.2667212
2024-09-01 17:45:00,3.602396936,6.3332877
2024-09-01 18:00:00,4.903621961,6.4423127
2024-09-01 18:15:00,6.512320756,6.410011
2024-09-01 18:30:00,6.850558157000001,6.364516
2024-09-01 18:45:00,4.010991128,6.3494344
2024-09-01 19:00:00,3.733386861,6.3828855
2024-09-01 19:15:00,4.150314016,6.3680186
2024-09-01 19:30:00,11.08711929,6.3370285
2024-09-01 19:45:00,4.834190821,6.2532535
2024-09-01 20:00:00,5.13949448,6.353226
2024-09-01 20:15:00,8.675482305,6.360985
2024-09-01 20:30:00,2.817425514,6.314496
2024-09-01 20:45:00,8.099302304,6.3964405
2024-09-01 21:00:00,7.997418501,6.325967
2024-09-01 21:15:00,1.8397709310000003,6.3251143
2024-09-01 21:30:00,3.1046259399999996,6.4165
2024-09-01 21:45:00,6.190167224,6.370774
2024-09-01 22:00:00,9.815068861,6.308637
2024-09-01 22:15:00,8.751845568,6.2619452
2024-09-01 22:30:00,10.15923386,6.2985506
2024-09-01 22:45:00,10.0004563,6.313596
2024-09-01 23:00:00,6.612086653,6.3535986
2024-09-01 23:15:00,7.73021302,6.450043
2024-09-01 23:30:00,10.68678935,6.4401164
2024-09-01 23:45:00,9.146317197,6.385997
2024-09-02 00:00:00,4.946142978,6.4242396
2024-09-02 00:15:00,4.730740168,6.514821
2024-09-02 00:30:00,4.796165371,6.4947605
2024-09-02 00:45:00,6.218736480999999,6.4497027
2024-09-02 01:00:00,4.945797232,6.3947525
2024-09-02 01:15:00,3.130843985,6.387134
2024-09-02 01:30:00,7.523320718999999,6.384828
2024-09-02 01:45:00,9.904899808,6.315874
2024-09-02 02:00:00,6.188229017,6.282491
2024-09-02 02:15:00,3.330681022,6.3606873
2024-09-02 02:30:00,9.286686251,6.410925
2024-09-02 02:45:00,8.849501319,6.3251524
2024-09-02 03:00:00,8.464172913,6.331142
2024-09-02 03:15:00,8.269790217,6.361107
2024-09-02 03:30:00,9.055907823,6.3871984
2024-09-02 03:45:00,9.571809428,6.3906865
2024-09-02 04:00:00,10.04221078,6.3968983
2024-09-02 04:15:00,7.497563218,6.4063444
2024-09-02 04:30:00,5.140545005,6.4734974
2024-09-02 04:45:00,2.155639613,6.5147753
2024-09-02 05:00:00,8.7038669,6.518903
2024-09-02 05:15:00,2.601765248,6.3863215
2024-09-02 05:30:00,9.997868168,6.433049
2024-09-02 05:45:00,5.176939765,6.324676
2024-09-02 06:00:00,9.914167238,6.385037
2024-09-02 06:15:00,6.428081927999999,6.3267965
2024-09-02 06:30:00,5.754765974,6.3914094
2024-09-02 06:45:00,4.806234725,6.4104776
2024-09-02 07:00:00,1.799574506,6.411642
2024-09-02 07:15:00,1.283504868,6.4163427
2024-09-02 07:30:00,6.350975395000001,6.3646016
2024-09-02 07:45:00,10.91719379,6.28286
2024-09-02 08:00:00,6.942221882,6.226624
2024-09-02 08:15:00,10.08835097,6.307431
2024-09-02 08:30:00,11.44282324,6.298014
2024-09-02 08:45:00,2.962783761,6.3067865
2024-09-02 09:00:00,7.855639176,6.4984794
2024-09-02 09:15:00,5.464168609,6.417162
2024-09-02 09:30:00,3.294899442,6.4297514
2024-09-02 09:45:00,3.612315478,6.4362307
2024-09-02 10:00:00,3.578206255,6.3925858
2024-09-02 10:15:00,8.39579396,6.3524985
2024-09-02 10:30:00,4.794012293,6.2839866
2024-09-02 10:45:00,3.763660855,6.326546
2024-09-02 11:00:00,10.27548926,6.338423
2024-09-02 11:15:00,1.5019118910000002,6.2642846
2024-09-02 11:30:00,8.664099168,6.386373
2024-09-02 11:45:00,11.04054539,6.301286
2024-09-02 12:00:00,7.483918759,6.268905
2024-09-02 12:15:00,7.049543635,6.360308
2024-09-02 12:30:00,1.754921857,6.3977504
2024-09-02 12:45:00,6.304366872,6.472032
2024-09-02 13:00:00,4.813582663,6.3808236
2024-09-02 13:15:00,9.055171066,6.3680434
2024-09-02 13:30:00,9.557000921,6.307884
2024-09-02 13:45:00,2.878274172,6.308972
2024-09-02 14:00:00,6.489750715999999,6.434686
2024-09-02 14:15:00,9.988420197,6.3774967
2024-09-02 14:30:00,7.494708204999999,6.3179855
2024-09-02 14:45:00,6.18156785,6.3690963
2024-09-02 15:00:00,10.91159725,6.4076424
2024-09-02 15:15:00,10.94103594,6.340281
2024-09-02 15:30:00,3.6157911610000006,6.352579
2024-09-02 15:45:00,3.0449124499999995,6.518016
2024-09-02 16:00:00,10.24781031,6.500698
2024-09-02 16:15:00,3.72003635,6.3631473
2024-09-02 16:30:00,9.969449997,6.4380937
2024-09-02 16:45:00,4.263591853,6.345239
2024-09-02 17:00:00,1.335845011,6.425886
2024-09-02 17:15:00,5.42532377,6.440126
2024-09-02 17:30:00,1.5644989519999999,6.351845
2024-09-02 17:45:00,3.210477737,6.34958
2024-09-02 18:00:00,6.032496686000001,6.2984877
2024-09-02 18:15:00,1.585684772,6.254903
2024-09-02 18:30:00,1.49697161,6.2843223
2024-09-02 18:45:00,2.809254335,6.259722
2024-09-02 19:00:00,6.129258734,6.224674
2024-09-02 19:15:00,11.18785299,6.197065
2024-09-02 19:30:00,2.126379114,6.1682873
2024-09-02 19:45:00,7.53750225,6.321437
2024-09-02 20:00:00,6.183509733999999,6.277132
2024-09-02 20:15:00,1.7358844579999997,6.3017473
2024-09-02 20:30:00,1.53092425,6.358791
2024-09-02 20:45:00,3.4616325650000004,6.326919
2024-09-02 21:00:00,8.567839768,6.2740974
2024-09-02 21:15:00,11.34550589,6.2223444
2024-09-02 21:30:00,6.795636721,6.205022
2024-09-02 21:45:00,1.6534061640000002,6.3205814
2024-09-02 22:00:00,3.79471154,6.419946
2024-09-02 22:15:00,11.191458749999999,6.3650956
2024-09-02 22:30:00,1.266059159,6.264093
2024-09-02 22:45:00,7.214383214,6.4002914
2024-09-02 23:00:00,2.949872182,6.3233166
2024-09-02 23:15:00,1.805574639,6.3560863
2024-09-02 23:30:00,3.714305892,6.3399315
2024-09-02 23:45:00,10.71279572,6.2893734
2024-09-03 00:00:00,9.202457687,6.2183948
2024-09-03 00:15:00,3.036220179,6.2555037
2024-09-03 00:30:00,1.777106595,6.3843365
2024-09-03 00:45:00,6.425846605,6.3847504
2024-09-03 01:00:00,1.677439222,6.307393
2024-09-03 01:15:00,5.372341792,6.331817
2024-09-03 01:30:00,9.093407216,6.2796316
2024-09-03 01:45:00,6.404000218,6.239803
2024-09-03 02:00:00,9.977518226,6.2944145
2024-09-03 02:15:00,9.40325264,6.276012
2024-09-03 02:30:00,6.935601743,6.316662
2024-09-03 02:45:00,9.369427017,6.395836
2024-09-03 03:00:00,2.097810028,6.375984
2024-09-03 03:15:00,3.272728821,6.4979243
2024-09-03 03:30:00,8.470761284,6.4413533
2024-09-03 03:45:00,1.203682683,6.340189
2024-09-03 04:00:00,1.215933899,6.40636
2024-09-03 04:15:00,5.075962269,6.358879
2024-09-03 04:30:00,10.24062223,6.2850013
2024-09-03 04:45:00,11.27086881,6.2257996
2024-09-03 05:00:00,7.912897822,6.2310095
2024-09-03 05:15:00,11.122603450000002,6.3378744
2024-09-03 05:30:00,9.837579836,6.3273463
2024-09-03 05:45:00,3.148559467,6.3849454
2024-09-03 06:00:00,5.362937891,6.534981
2024-09-03 06:15:00,7.802700296,6.4726577
2024-09-03 06:30:00,2.733747478,6.399807
2024-09-03 06:45:00,4.420993203,6.4467163
2024-09-03 07:00:00,8.9703865,6.3920145
2024-09-03 07:15:00,4.792996556,6.3142176
2024-09-03 07:30:00,10.69002421,6.366579
2024-09-03 07:45:00,5.307249816,6.2967396
2024-09-03 08:00:00,3.5068003920000006,6.393144
2024-09-03 08:15:00,3.2863830790000006,6.420155
2024-09-03 08:30:00,8.422442798,6.390163
2024-09-03 08:45:00,5.079629036,6.308588
2024-09-03 09:00:00,3.64998569,6.3441143
2024-09-03 09:15:00,8.105255889,6.35813
2024-09-03 09:30:00,5.514717939,6.299679
2024-09-03 09:45:00,9.86252341,6.3338737
2024-09-03 10:00:00,6.758258318,6.2904735
2024-09-03 10:15:00,11.2468211,6.35671
2024-09-03 10:30:00,5.109639976,6.311893
2024-09-03 10:45:00,4.029210669,6.441129
2024-09-03 11:00:00,7.791985041000001,6.456293
2024-09-03 11:15:00,8.437126167,6.3796577
2024-09-03 11:30:00,1.359164025,6.3577228
2024-09-03 11:45:00,8.032965812,6.4577117
2024-09-03 12:00:00,2.9424312790000005,6.352691
2024-09-03 12:15:00,10.69543666,6.3915195
2024-09-03 12:30:00,7.167748576,6.29112
2024-09-03 12:45:00,2.420031097,6.3464403
2024-09-03 13:00:00,1.720285187,6.426855
2024-09-03 13:15:00,9.95715272,6.3969865
2024-09-03 13:30:00,9.83734303,6.2839117
2024-09-03 13:45:00,5.47966049,6.279343
2024-09-03 14:00:00,2.075046492,6.3776503
2024-09-03 14:15:00,5.259473019,6.426344
2024-09-03 14:30:00,9.087891574,6.3579645
2024-09-03 14:45:00,7.807688698,6.295078
2024-09-03 15:00:00,9.940644143,6.3211126
2024-09-03 15:15:00,8.970299725,6.314714
2024-09-03 15:30:00,4.399336035,6.3603873
2024-09-03 15:45:00,4.656191965,6.4623427
2024-09-03 16:00:00,8.113271243,6.4436646
2024-09-03 16:15:00,4.343229556,6.370838
2024-09-03 16:30:00,9.802469464,6.409187
2024-09-03 16:45:00,4.481742579,6.3304296
2024-09-03 17:00:00,6.125306952,6.409407
2024-09-03 17:15:00,1.671730322,6.3835497
2024-09-03 17:30:00,2.458135695,6.4154534
2024-09-03 17:45:00,2.5550878840000006,6.3608904
2024-09-03 18:00:00,4.676609676,6.3119965
2024-09-03 18:15:00,2.41860234,6.266005
2024-09-03 18:30:00,5.736156574,6.2663574
2024-09-03 18:45:00,4.02786544,6.2334046
2024-09-03 19:00:00,4.050009154,6.249889
2024-09-03 19:15:00,5.741984866,6.253427
2024-09-03 19:30:00,10.23457359,6.2429333
2024-09-03 19:45:00,8.946078894,6.2130065
2024-09-03 20:00:00,10.01338673,6.266007
2024-09-03 20:15:00,11.64064656,6.297597
2024-09-03 20:30:00,1.26256238,6.312399
2024-09-03 20:45:00,8.42626918,6.540345
2024-09-03 21:00:00,2.484852105,6.414629
2024-09-03 21:15:00,10.67583044,6.4623632
2024-09-03 21:30:00,3.4869512830000002,6.3339524
2024-09-03 21:45:00,4.934873853,6.4266915
2024-09-03 22:00:00,11.44723142,6.3937235
2024-09-03 22:15:00,9.971406408,6.2952614
2024-09-03 22:30:00,1.604584733,6.327942
2024-09-03 22:45:00,1.616298183,6.4964695
2024-09-03 23:00:00,9.470499381,6.4518986
2024-09-03 23:15:00,1.8880422529999998,6.321371
2024-09-03 23:30:00,9.982444078,6.390141
2024-09-03 23:45:00,10.78489841,6.290476
2024-09-04 00:00:00,1.371184307,6.279316
2024-09-04 00:15:00,3.421793298,6.4572077
2024-09-04 00:30:00,1.327897201,6.404214
2024-09-04 00:45:00,1.909825254,6.370312
2024-09-04 01:00:00,6.848286754,6.310361
2024-09-04 01:15:00,8.43751169,6.2458825
2024-09-04 01:30:00,6.176791624,6.2304754
2024-09-04 01:45:00,5.076194027,6.284096
2024-09-04 02:00:00,3.346938876,6.3206325
2024-09-04 02:15:00,3.6109735609999998,6.3410187
2024-09-04 02:30:00,7.240951696999999,6.320388
2024-09-04 02:45:00,10.02126272,6.2734084
2024-09-04 03:00:00,5.491425442,6.248612
2024-09-04 03:15:00,10.95727936,6.3437834
2024-09-04 03:30:00,1.6635224279999998,6.2920003
2024-09-04 03:45:00,9.753215305,6.454872
2024-09-04 04:00:00,4.61801254,6.340801
2024-09-04 04:15:00,10.17754766,6.4034452
2024-09-04 04:30:00,10.56863068,6.328328
2024-09-04 04:45:00,8.275647128,6.3299
2024-09-04 05:00:00,4.845701958,6.40417
2024-09-04 05:15:00,5.886401438,6.4834456
2024-09-04 05:30:00,7.019572266,6.4504485
2024-09-04 05:45:00,5.879011074,6.408174
2024-09-04 06:00:00,8.936319103,6.408691
2024-09-04 06:15:00,9.063055274,6.3581305
2024-09-04 06:30:00,1.235691646,6.3604236
2024-09-04 06:45:00,2.7442766020000002,6.4907737
2024-09-04 07:00:00,4.733960615,6.4253445
2024-09-04 07:15:00,7.935352939,6.3520055
2024-09-04 07:30:00,3.499589151,6.2945976
2024-09-04 07:45:00,4.641602204,6.3442593
2024-09-04 08:00:00,5.794159601,6.324127
2024-09-04 08:15:00,7.253854442,6.301882
2024-09-04 08:30:00,10.61577237,6.287493
2024-09-04 08:45:00,9.783727016,6.26047
2024-09-04 09:00:00,4.95021024,6.307321
2024-09-04 09:15:00,9.315003799,6.429653
2024-09-04 09:30:00,9.951544121,6.372454
2024-09-04 09:45:00,6.383860803000001,6.3652477
2024-09-04 10:00:00,4.246989119,6.447821
2024-09-04 10:15:00,11.112090659999998,6.480186
2024-09-04 10:30:00,10.87831267,6.3591776
2024-09-04 10:45:00,3.43072791,6.357034
2024-09-04 11:00:00,9.113478645,6.5172462
2024-09-04 11:15:00,1.6087349279999998,6.418175
2024-09-04 11:30:00,1.172932534,6.5056963
2024-09-04 11:45:00,4.755382042,6.4485974
2024-09-04 12:00:00,5.771846308,6.3501687
2024-09-04 12:15:00,6.794613954,6.305102
2024-09-04 12:30:00,5.002540844,6.2876472
2024-09-04 12:45:00,2.4961936790000006,6.315119
2024-09-04 13:00:00,4.601348936,6.3387256
2024-09-04 13:15:00,9.693241405,6.299684
2024-09-04 13:30:00,4.580468238,6.243746
2024-09-04 13:45:00,7.082618292,6.324728
2024-09-04 14:00:00,7.960555164,6.3098855
2024-09-04 14:15:00,8.507325398,6.3094583
2024-09-04 14:30:00,6.172844031,6.3220973
2024-09-04 14:45:00,2.457568309,6.380455
2024-09-04 15:00:00,10.5316759,6.431816
2024-09-04 15:15:00,3.869898684,6.314912
2024-09-04 15:30:00,4.581381541,6.4031935
2024-09-04 15:45:00,9.369333631,6.385187
2024-09-04 16:00:00,8.965444669,6.31249
2024-09-04 16:15:00,10.52963702,6.3238773
2024-09-04 16:30:00,1.4939431709999997,6.32619
2024-09-04 16:45:00,10.28448482,6.503294
2024-09-04 17:00:00,9.305971323,6.3655415
2024-09-04 17:15:00,6.641078428,6.365128
2024-09-04 17:30:00,2.800228692,6.428132
2024-09-04 17:45:00,6.9108269170000005,6.483287
2024-09-04 18:00:00,3.101121531,6.3965154
2024-09-04 18:15:00,10.7087879,6.412661
2024-09-04 18:30:00,8.306640773,6.3045163
2024-09-04 18:45:00,7.4911654080000005,6.3402042
2024-09-04 19:00:00,9.536164148,6.3792324
2024-09-04 19:15:00,6.674159342,6.3634057
2024-09-04 19:30:00,1.733062649,6.427051
2024-09-04 19:45:00,3.83641554,6.4957013
2024-09-04 20:00:00,11.0589773,6.419047
2024-09-04 20:15:00,9.766366505,6.300556
2024-09-04 20:30:00,10.65500355,6.317186
2024-09-04 20:45:00,2.18347587,6.336499
2024-09-04 21:00:00,3.761372207,6.515895
2024-09-04 21:15:00,1.827254022,6.46129
2024-09-04 21:30:00,9.325924175,6.421222
2024-09-04 21:45:00,2.949441401,6.306202
2024-09-04 22:00:00,5.370970811,6.3659987
2024-09-04 22:15:00,3.8081327980000004,6.328192
2024-09-04 22:30:00,10.78294525,6.3286614
2024-09-04 22:45:00,7.406194519,6.251586
2024-09-04 23:00:00,9.529675201,6.314889
2024-09-04 23:15:00,7.395199262999999,6.316709
2024-09-04 23:30:00,7.400457598,6.3797846
2024-09-04 23:45:00,5.216054935,6.3996296
2024-09-05 00:00:00,3.448675392,6.4358387
2024-09-05 00:15:00,4.749160922,6.4397535
2024-09-05 00:30:00,4.040740606,6.3876314
2024-09-05 00:45:00,8.13951717,6.3625126
2024-09-05 01:00:00,5.586557679,6.3014197
2024-09-05 01:15:00,6.6546117659999995,6.333571
2024-09-05 01:30:00,8.846690797,6.328562
2024-09-05 01:45:00,4.11125079,6.308588
2024-09-05 02:00:00,5.371222377,6.391048
2024-09-05 02:15:00,6.760876079,6.3708687
2024-09-05 02:30:00,1.70051439,6.3416905
2024-09-05 02:45:00,2.694039956,6.3907456
2024-09-05 03:00:00,1.82960389,6.3440566
2024-09-05 03:15:00,9.195501073,6.3067107
2024-09-05 03:30:00,4.148065179,6.2314806
2024-09-05 03:45:00,5.46256982,6.2884927
2024-09-05 04:00:00,8.257838296,6.2854505
2024-09-05 04:15:00,11.222785539999999,6.264043
2024-09-05 04:30:00,9.772953728,6.2467523
2024-09-05 04:45:00,1.767802594,6.313096
2024-09-05 05:00:00,4.483939688,6.4865885
2024-09-05 05:15:00,1.664385802,6.4223924
2024-09-05 05:30:00,1.7968900650000001,6.402039
2024-09-05 05:45:00,2.4864392110000004,6.343606
2024-09-05 06:00:00,4.459340629,6.2887006
2024-09-05 06:15:00,3.611393252,6.2466455
2024-09-05 06:30:00,4.819717134,6.241628
2024-09-05 06:45:00,9.823283699,6.2312813
2024-09-05 07:00:00,9.599164611,6.1992917
2024-09-05 07:15:00,4.824670885,6.23432
2024-09-05 07:30:00,8.066177481,6.3526187
2024-09-05 07:45:00,4.897095351,6.329582
2024-09-05 08:00:00,5.083103478,6.381903
2024-09-05 08:15:00,8.293037544,6.375547
2024-09-05 08:30:00,5.286425001,6.3267074
2024-09-05 08:45:00,6.546522764,6.370239
2024-09-05 09:00:00,2.313669917,6.356134
2024-09-05 09:15:00,6.73017083,6.398964
2024-09-05 09:30:00,8.660917775,6.328954
2024-09-05 09:45:00,10.15967453,6.2966003
2024-09-05 10:00:00,2.701736644,6.2919416
2024-09-05 10:15:00,5.586526786,6.4362493
2024-09-05 10:30:00,5.908949989000001,6.387729
2024-09-05 10:45:00,10.47583638,6.361298
2024-09-05 11:00:00,3.852590784,6.297581
2024-09-05 11:15:00,2.9131992400000004,6.4096217
2024-09-05 11:30:00,2.632567377,6.410528
2024-09-05 11:45:00,2.8584199689999994,6.3708954
2024-09-05 12:00:00,10.15595275,6.324651
2024-09-05 12:15:00,7.780770699,6.242069
2024-09-05 12:30:00,5.427184891,6.280147
2024-09-05 12:45:00,10.13349449,6.3430033
2024-09-05 13:00:00,4.122959095,6.296632
2024-09-05 13:15:00,10.96394752,6.4046974
2024-09-05 13:30:00,8.980592982,6.317292
2024-09-05 13:45:00,1.373599079,6.360026
2024-09-05 14:00:00,5.897800034000001,6.5021424
2024-09-05 14:15:00,9.995354091,6.409323
2024-09-05 14:30:00,5.295454366,6.3265924
2024-09-05 14:45:00,11.12115187,6.398508
2024-09-05 15:00:00,9.710303435,6.322921
2024-09-05 15:15:00,8.938679664,6.360731
2024-09-05 15:30:00,2.5891031870000005,6.4077578
2024-09-05 15:45:00,2.358202341,6.531143
2024-09-05 16:00:00,7.837597870999999,6.48584
2024-09-05 16:15:00,8.17088163,6.3682265
2024-09-05 16:30:00,2.582956987,6.339417
2024-09-05 16:45:00,10.4256381,6.415632
2024-09-05 17:00:00,10.32732659,6.3103065
2024-09-05 17:15:00,5.455834666,6.3113546
2024-09-05 17:30:00,7.413374948,6.424989
2024-09-05 17:45:00,6.281200612,6.404456
2024-09-05 18:00:00,1.491985674,6.415043
2024-09-05 18:15:00,2.172405247,6.4609666
2024-09-05 18:30:00,9.022440176,6.3970413
2024-09-05 18:45:00,6.068063973,6.292948
2024-09-05 19:00:00,7.358753416,6.3185654
2024-09-05 19:15:00,7.297995661,6.3155694
2024-09-05 19:30:00,5.080754317,6.3301973
2024-09-05 19:45:00,1.4888496149999997,6.3732758
2024-09-05 20:00:00,9.171162426,6.403454
2024-09-05 20:15:00,5.819274432,6.2988286
2024-09-05 20:30:00,2.6041048290000006,6.3330636
2024-09-05 20:45:00,1.36646999,6.373414
2024-09-05 21:00:00,1.360363217,6.3515224
2024-09-05 21:15:00,1.4803703489999998,6.300086
2024-09-05 21:30:00,2.7389159970000003,6.2521253
2024-09-05 21:45:00,3.534147806,6.2136507
2024-09-05 22:00:00,3.715108907,6.1950455
2024-09-05 22:15:00,7.626880613,6.1927576
2024-09-05 22:30:00,3.606177261,6.178803
2024-09-05 22:45:00,7.7986056260000005,6.2411776
2024-09-05 23:00:00,9.552772192,6.223532
2024-09-05 23:15:00,5.212376096,6.229583
2024-09-05 23:30:00,8.743637185,6.3309417
2024-09-05 23:45:00,2.204911452,6.308819
2024-09-06 00:00:00,4.672384246,6.410886
2024-09-06 00:15:00,8.210173205,6.362137
2024-09-06 00:30:00,10.48004733,6.303767
2024-09-06 00:45:00,7.250808029,6.2788386
2024-09-06 01:00:00,5.045896277,6.3613577
2024-09-06 01:15:00,4.361041895,6.418668
2024-09-06 01:30:00,5.065229913,6.416811
2024-09-06 01:45:00,7.519133799,6.3816824
2024-09-06 02:00:00,4.495347896,6.3342285
2024-09-06 02:15:00,6.067399799,6.368117
2024-09-06 02:30:00,8.869066681,6.343635
2024-09-06 02:45:00,3.528328896,6.30671
2024-09-06 03:00:00,8.463577074,6.3894024
2024-09-06 03:15:00,9.275174248,6.3270216
2024-09-06 03:30:00,9.783514852,6.318344
2024-09-06 03:45:00,1.377565656,6.334765
2024-09-06 04:00:00,2.388690174,6.4935436
2024-09-06 04:15:00,11.151091140000002,6.437095
2024-09-06 04:30:00,2.46138507,6.300441
2024-09-06 04:45:00,6.112058914,6.4055414
2024-09-06 05:00:00,2.879836051,6.350672
2024-09-06 05:15:00,9.441346625,6.365702
2024-09-06 05:30:00,2.108664108,6.2834888
2024-09-06 05:45:00,1.988326696,6.372457
2024-09-06 06:00:00,6.482321450999999,6.348295
2024-09-06 06:15:00,3.610408806,6.280599
2024-09-06 06:30:00,8.051784323,6.296463
2024-09-06 06:45:00,8.264816458,6.255131
2024-09-06 07:00:00,7.284765859,6.267439
2024-09-06 07:15:00,9.734263956,6.311861
2024-09-06 07:30:00,8.279970022,6.3051066
2024-09-06 07:45:00,3.036019559,6.3582363
2024-09-06 08:00:00,1.901222835,6.461187
2024-09-06 08:15:00,8.672514511,6.4404697
2024-09-06 08:30:00,8.739243567,6.326699
2024-09-06 08:45:00,9.604067924,6.3115416
2024-09-06 09:00:00,3.146788761,6.3189635
2024-09-06 09:15:00,3.5379589339999997,6.4454184
2024-09-06 09:30:00,7.153239318,6.4205685
2024-09-06 09:45:00,2.7335432650000007,6.3464217
2024-09-06 10:00:00,4.425345144,6.3787665
2024-09-06 10:15:00,9.216156413,6.3371778
2024-09-06 10:30:00,4.706850526,6.273664
2024-09-06 10:45:00,1.264181479,6.339026
2024-09-06 11:00:00,8.020637725,6.3727956
2024-09-06 11:15:00,3.026217806,6.2862134
2024-09-06 11:30:00,3.047563789,6.3299265
2024-09-06 11:45:00,1.323823181,6.3150315
2024-09-06 12:00:00,7.18466195,6.298189
2024-09-06 12:15:00,6.6337788689999995,6.236198
2024-09-06 12:30:00,2.23889525,6.243831
2024-09-06 12:45:00,1.683268541,6.304038
2024-09-06 13:00:00,6.321166121,6.291486
2024-09-06 13:15:00,9.002328775,6.239217
2024-09-06 13:30:00,11.1866979,6.2185416
2024-09-06 13:45:00,1.9735047199999998,6.2208304
2024-09-06 14:00:00,8.526323194,6.407434
2024-09-06 14:15:00,3.1308380499999995,6.3287663
2024-09-06 14:30:00,1.4724789499999997,6.392043
2024-09-06 14:45:00,4.593193161,6.3817306
2024-09-06 15:00:00,7.010756039,6.3127074
2024-09-06 15:15:00,7.465686657,6.2711644
2024-09-06 15:30:00,1.628584528,6.2727523
2024-09-06 15:45:00,10.88468978,6.3537316
2024-09-06 16:00:00,1.683711189,6.255344
2024-09-06 16:15:00,3.378556366,6.377886
2024-09-06 16:30:00,5.701773835,6.341756
2024-09-06 16:45:00,10.77015874,6.2953367
2024-09-06 17:00:00,11.57060684,6.239203
2024-09-06 17:15:00,1.167509425,6.251308
2024-09-06 17:30:00,3.453276687,6.4702244
2024-09-06 17:45:00,6.499076273,6.415342
2024-09-06 18:00:00,8.351092062,6.3417487
2024-09-06 18:15:00,8.137761886,6.3063107
2024-09-06 18:30:00,3.899466034,6.321543
2024-09-06 18:45:00,3.177509779,6.4000363
2024-09-06 19:00:00,1.315930105,6.394051
2024-09-06 19:15:00,9.736750036,6.3689933
2024-09-06 19:30:00,4.956702759,6.2656937
2024-09-06 19:45:00,10.05302836,6.31686
2024-09-06 20:00:00,4.367048141,6.270954
2024-09-06 20:15:00,8.792025441,6.3721395
2024-09-06 20:30:00,1.895047749,6.3254414
2024-09-06 20:45:00,9.441791516,6.421063
2024-09-06 21:00:00,10.53218296,6.318463
2024-09-06 21:15:00,3.9168412020000005,6.298364
2024-09-06 21:30:00,2.723669226,6.4322004
2024-09-06 21:45:00,3.216348004,6.436428
2024-09-06 22:00:00,10.37697915,6.384408
2024-09-06 22:15:00,4.148156422,6.282019
2024-09-06 22:30:00,3.568513412,6.362804
2024-09-06 22:45:00,11.56708894,6.3662047
2024-09-06 23:00:00,8.202157855,6.2657065
2024-09-06 23:15:00,9.80811533,6.327247
2024-09-06 23:30:00,8.921724501,6.337391
2024-09-06 23:45:00,5.079790796,6.382798
2024-09-07 00:00:00,9.932315101,6.4710603
2024-09-07 00:15:00,7.125242044,6.3904276
2024-09-07 00:30:00,8.200527756,6.4338827
2024-09-07 00:45:00,4.708305793,6.420921
2024-09-07 01:00:00,11.07676229,6.4725895
2024-09-07 01:15:00,9.849766673,6.364062
2024-09-07 01:30:00,2.749622886,6.3830404
2024-09-07 01:45:00,3.297940213,6.525758
2024-09-07 02:00:00,9.028683716,6.480088
2024-09-07 02:15:00,1.4441408470000001,6.3633804
2024-09-07 02:30:00,4.597724024,6.437013
2024-09-07 02:45:00,6.70935195,6.366694
2024-09-07 03:00:00,3.2887619590000003,6.315893
2024-09-07 03:15:00,9.996993474,6.3428593
2024-09-07 03:30:00,10.42484774,6.267925
2024-09-07 03:45:00,11.3507676,6.273104
2024-09-07 04:00:00,2.6451702330000004,6.298375
2024-09-07 04:15:00,1.9771620630000002,6.497951
2024-09-07 04:30:00,6.936609566,6.478495
2024-09-07 04:45:00,9.293809272,6.369075
2024-09-07 05:00:00,4.22370498,6.314746
2024-09-07 05:15:00,3.590181875,6.3930364
2024-09-07 05:30:00,6.696962209,6.391498
2024-09-07 05:45:00,6.222854083,6.334239
2024-09-07 06:00:00,5.988847298,6.3304906
2024-09-07 06:15:00,5.541904126,6.3359704
2024-09-07 06:30:00,8.706747494,6.343288
2024-09-07 06:45:00,7.3939878310000005,6.306964
2024-09-07 07:00:00,6.347736241999999,6.339107
2024-09-07 07:15:00,8.70183166,6.372588
2024-09-07 07:30:00,3.709919691,6.347836
2024-09-07 07:45:00,10.2618884,6.42823
2024-09-07 08:00:00,5.15723734,6.334382
2024-09-07 08:15:00,4.327416899,6.411726
2024-09-07 08:30:00,6.775052079,6.419016
2024-09-07 08:45:00,3.962298636,6.367222
2024-09-07 09:00:00,3.8303118490000005,6.386001
2024-09-07 09:15:00,1.967510825,6.36562
2024-09-07 09:30:00,7.898850629000001,6.3499618
2024-09-07 09:45:00,10.3223276,6.2735295
2024-09-07 10:00:00,8.407248596,6.2447395
2024-09-07 10:15:00,7.154057143,6.305524
2024-09-07 10:30:00,8.463366713,6.363833
2024-09-07 10:45:00,11.10461991,6.364736
2024-09-07 11:00:00,4.705853066,6.3369465
2024-09-07 11:15:00,5.583185357,6.475284
2024-09-07 11:30:00,3.939739124,6.4565783
2024-09-07 11:45:00,1.337068332,6.44641
2024-09-07 12:00:00,4.66196002,6.427552
2024-09-07 12:15:00,1.8751931789999998,6.3435793
2024-09-07 12:30:00,10.35244669,6.3269157
2024-09-07 12:45:00,8.531633543,6.2386594
2024-09-07 13:00:00,4.296887141,6.2674456
2024-09-07 13:15:00,4.594576013,6.3593855
2024-09-07 13:30:00,7.122791204,6.3587313
2024-09-07 13:45:00,9.221601841,6.319978
2024-09-07 14:00:00,8.577362229,6.2966266
2024-09-07 14:15:00,1.4494058530000002,6.328931
2024-09-07 14:30:00,9.332679579,6.4540973
2024-09-07 14:45:00,10.33638823,6.3390393
2024-09-07 15:00:00,2.197377079,6.313592
2024-09-07 15:15:00,8.886988197,6.4619513
2024-09-07 15:30:00,3.8354097740000004,6.3621407
2024-09-07 15:45:00,3.023717793,6.416765
2024-09-07 16:00:00,6.851744793,6.402655
2024-09-07 16:15:00,6.7730285530000005,6.3313775
2024-09-07 16:30:00,6.241559246999999,6.32058
2024-09-07 16:45:00,9.984097429,6.3332763
2024-09-07 17:00:00,3.5964949030000004,6.2949
2024-09-07 17:15:00,7.574467655000001,6.4076633
2024-09-07 17:30:00,5.348741125,6.3555975
2024-09-07 17:45:00,10.5473896,6.37867
2024-09-07 18:00:00,2.441663705,6.31
2024-09-07 18:15:00,1.95962327,6.440941
2024-09-07 18:30:00,11.29302453,6.4172597
2024-09-07 18:45:00,7.188700348,6.286105
2024-09-07 19:00:00,10.53749117,6.338267
2024-09-07 19:15:00,5.31774469,6.313716
2024-09-07 19:30:00,7.633092348,6.4261074
2024-09-07 19:45:00,8.608021062,6.399233
2024-09-07 20:00:00,11.25396909,6.381114
2024-09-07 20:15:00,2.230729104,6.3458867
2024-09-07 20:30:00,2.326971445,6.5233293
2024-09-07 20:45:00,6.599307756,6.482455
2024-09-07 21:00:00,1.752166393,6.3773932
2024-09-07 21:15:00,8.691302398,6.3915844
2024-09-07 21:30:00,11.38673995,6.2974486
2024-09-07 21:45:00,9.381358939,6.2570453
2024-09-07 22:00:00,3.956668295,6.32305
2024-09-07 22:15:00,9.769322257,6.452821
2024-09-07 22:30:00,7.279914599,6.367152
2024-09-07 22:45:00,2.38197462,6.404237
2024-09-07 23:00:00,6.859498946,6.4771914
2024-09-07 23:15:00,10.0936378,6.38878
2024-09-07 23:30:00,4.048741664,6.3241744
2024-09-07 23:45:00,8.037559792,6.4228687
2024-09-08 00:00:00,1.5941062619999997,6.366815
2024-09-08 00:15:00,10.09472932,6.4395194
2024-09-08 00:30:00,3.282078079,6.3189187
2024-09-08 00:45:00,7.164543593,6.3983703
2024-09-08 01:00:00,6.54135733,6.3437467
2024-09-08 01:15:00,6.617508073,6.344922
2024-09-08 01:30:00,3.677108942,6.348448
2024-09-08 01:45:00,7.024357675,6.3858094
2024-09-08 02:00:00,7.419665699,6.3348904
2024-09-08 02:15:00,5.624412300999999,6.325707
2024-09-08 02:30:00,7.644295439,6.358588
2024-09-08 02:45:00,3.186627407,6.3378606
2024-09-08 03:00:00,6.397346483,6.398068
2024-09-08 03:15:00,8.776912367,6.3465242
2024-09-08 03:30:00,4.995909556,6.3089685
2024-09-08 03:45:00,5.381040893,6.3720727
2024-09-08 04:00:00,2.862649467,6.36892
2024-09-08 04:15:00,7.527324518,6.382155
2024-09-08 04:30:00,2.512685147,6.3125215
2024-09-08 04:45:00,6.367157171000001,6.3575954
2024-09-08 05:00:00,3.327740818,6.305187
2024-09-08 05:15:00,3.142850189,6.3259435
2024-09-08 05:30:00,2.181096041,6.311178
2024-09-08 05:45:00,4.923692376,6.292804
2024-09-08 06:00:00,10.06740899,6.251723
2024-09-08 06:15:00,7.224669494,6.207668
2024-09-08 06:30:00,9.033117845,6.270701
2024-09-08 06:45:00,2.326456016,6.2853837
2024-09-08 07:00:00,4.521619635,6.408811
2024-09-08 07:15:00,5.14402649,6.366908
2024-09-08 07:30:00,9.921276966,6.3350477
2024-09-08 07:45:00,7.719295042000001,6.2744484
2024-09-08 08:00:00,6.431321569999999,6.321946
2024-09-08 08:15:00,4.312686686,6.3685026
2024-09-08 08:30:00,9.171487478,6.4043565
2024-09-08 08:45:00,10.56040725,6.3332014
2024-09-08 09:00:00,6.681994721,6.3153796
2024-09-08 09:15:00,1.6024059460000002,6.4099545
2024-09-08 09:30:00,4.091932199,6.4912033
2024-09-08 09:45:00,8.9037249,6.4130316
2024-09-08 10:00:00,5.227609407,6.321973
2024-09-08 10:15:00,7.772610233,6.3625255
2024-09-08 10:30:00,6.670750497,6.3343353
2024-09-08 10:45:00,10.51549023,6.355278
2024-09-08 11:00:00,4.32427997,6.3122783
2024-09-08 11:15:00,5.864192056,6.430165
2024-09-08 11:30:00,1.8511811889999998,6.4064927
2024-09-08 11:45:00,9.722151246,6.429129
2024-09-08 12:00:00,4.576435974,6.313762
2024-09-08 12:15:00,8.733841256,6.3701143
2024-09-08 12:30:00,1.169916645,6.3212857
2024-09-08 12:45:00,9.99998126,6.4201927
2024-09-08 13:00:00,11.400018830000002,6.3050613
2024-09-08 13:15:00,5.939024183,6.2786565
2024-09-08 13:30:00,6.142189462,6.406652
2024-09-08 13:45:00,7.755105457999999,6.420721
2024-09-08 14:00:00,11.540711650000002,6.389982
2024-09-08 14:15:00,6.976771839,6.330095
2024-09-08 14:30:00,1.90207949,6.431774
2024-09-08 14:45:00,6.980727546,6.5178113
2024-09-08 15:00:00,5.590643989,6.410237
2024-09-08 15:15:00,9.017732917,6.3941526
2024-09-08 15:30:00,4.237493619,6.338294
2024-09-08 15:45:00,11.00149356,6.4081006
2024-09-08 16:00:00,9.468017307,6.3166995
2024-09-08 16:15:00,4.473121432,6.349709
2024-09-08 16:30:00,4.843004571,6.4617887
2024-09-08 16:45:00,6.646841519,6.4448876
2024-09-08 17:00:00,2.133017019,6.392306
2024-09-08 17:15:00,8.256587089,6.4232607
2024-09-08 17:30:00,7.414687567,6.3287125
2024-09-08 17:45:00,4.492345128,6.328632
2024-09-08 18:00:00,7.860308290999999,6.376358
2024-09-08 18:15:00,2.140845982,6.3331513
2024-09-08 18:30:00,10.64664813,6.40097
2024-09-08 18:45:00,1.884499874,6.292467
2024-09-08 19:00:00,4.442623719,6.4067535
2024-09-08 19:15:00,11.26101798,6.3579435
2024-09-08 19:30:00,5.257843031,6.265388
2024-09-08 19:45:00,10.35240391,6.3631587
2024-09-08 20:00:00,2.809152383,6.311646
2024-09-08 20:15:00,1.9623075,6.4412856
2024-09-08 20:30:00,2.188991243,6.4247937
2024-09-08 20:45:00,11.45053298,6.3647647
2024-09-08 21:00:00,2.061813629,6.251061
2024-09-08 21:15:00,8.075330176,6.3662477
2024-09-08 21:30:00,5.829035038000001,6.299291
2024-09-08 21:45:00,10.36753451,6.327237
2024-09-08 22:00:00,4.222130339,6.2822027
2024-09-08 22:15:00,1.421215823,6.3954163
2024-09-08 22:30:00,9.077451335,6.42052
2024-09-08 22:45:00,7.262230519,6.3092966
2024-09-08 23:00:00,5.618399518,6.32252
2024-09-08 23:15:00,4.446698696,6.359255
2024-09-08 23:30:00,10.68798505,6.3745904
2024-09-08 23:45:00,2.494650547,6.292513
2024-09-09 00:00:00,2.545119029,6.4179044
2024-09-09 00:15:00,1.321103637,6.3945174
2024-09-09 00:30:00,1.885643711,6.3536005
2024-09-09 00:45:00,9.703167509,6.2957354
2024-09-09 01:00:00,9.394343804,6.2192826
2024-09-09 01:15:00,2.170036282,6.2295914
2024-09-09 01:30:00,8.904814749,6.3607306
2024-09-09 01:45:00,7.652562507,6.289384
2024-09-09 02:00:00,5.045170794,6.312747
2024-09-09 02:15:00,1.993098474,6.369596
2024-09-09 02:30:00,7.171497253,6.399095
2024-09-09 02:45:00,9.756113157,6.3188086
2024-09-09 03:00:00,5.418996145,6.279197
2024-09-09 03:15:00,5.587668526,6.361816
2024-09-09 03:30:00,9.831409116,6.3710628
2024-09-09 03:45:00,3.348471017,6.3146615
2024-09-09 04:00:00,2.920027356,6.4189444
2024-09-09 04:15:00,8.301622389,6.405574
2024-09-09 04:30:00,7.799845534,6.3185496
2024-09-09 04:45:00,10.40333342,6.318615
2024-09-09 05:00:00,4.68002749,6.2997637
2024-09-09 05:15:00,3.116738652,6.419425
2024-09-09 05:30:00,5.578579526000001,6.436568
2024-09-09 05:45:00,5.086203761,6.373987
2024-09-09 06:00:00,11.00072011,6.354198
2024-09-09 06:15:00,10.31739061,6.2771077
2024-09-09 06:30:00,5.582862952,6.3030906
2024-09-09 06:45:00,5.459732322,6.424247
2024-09-09 07:00:00,5.517348953,6.4340343
2024-09-09 07:15:00,8.511235476,6.414102
2024-09-09 07:30:00,6.829466964,6.357514
2024-09-09 07:45:00,4.176178952,6.3808875
2024-09-09 08:00:00,9.142479871,6.4196596
2024-09-09 08:15:00,10.63261648,6.3435216
2024-09-09 08:30:00,8.377494127,6.3207226
2024-09-09 08:45:00,3.0553504129999998,6.3872538
2024-09-09 09:00:00,9.362024024,6.4944067
2024-09-09 09:15:00,11.0813622,6.3854876
2024-09-09 09:30:00,8.08632457,6.3438625
2024-09-09 09:45:00,3.7486874110000006,6.4193163
2024-09-09 10:00:00,1.212381274,6.5077286
2024-09-09 10:15:00,5.075482551,6.498211
2024-09-09 10:30:00,5.925781565,6.390908
2024-09-09 10:45:00,10.70753218,6.3402514
2024-09-09 11:00:00,7.598539257,6.2748737
2024-09-09 11:15:00,3.957440416,6.3394065
2024-09-09 11:30:00,7.957555741,6.416829
2024-09-09 11:45:00,2.190236775,6.3577766
2024-09-09 12:00:00,3.2697430419999995,6.421466
2024-09-09 12:15:00,8.957065149,6.374726
2024-09-09 12:30:00,4.365126343,6.2900963
2024-09-09 12:45:00,1.4770385039999998,6.343075
2024-09-09 13:00:00,6.209425759000001,6.3639574
2024-09-09 13:15:00,7.714024021000001,6.2943325
2024-09-09 13:30:00,9.024715264,6.270236
2024-09-09 13:45:00,4.352785743,6.2711473
2024-09-09 14:00:00,5.719237191000001,6.3648014
2024-09-09 14:15:00,6.851001514000001,6.353354
2024-09-09 14:30:00,1.8996181590000003,6.334608
2024-09-09 14:45:00,3.244065943,6.388643
2024-09-09 15:00:00,4.897641448,6.3431683
2024-09-09 15:15:00,3.938646372,6.2983356
2024-09-09 15:30:00,5.976752379,6.2915306
2024-09-09 15:45:00,7.814899387,6.2677374
2024-09-09 16:00:00,6.73347387,6.2564383
2024-09-09 16:15:00,9.514269488,6.291871
2024-09-09 16:30:00,7.733043086,6.281406
2024-09-09 16:45:00,4.270357707,6.338627
2024-09-09 17:00:00,2.343914334,6.414007
2024-09-09 17:15:00,7.955937785,6.419925
2024-09-09 17:30:00,3.390158399,6.327437
2024-09-09 17:45:00,4.303175306,6.3653708
2024-09-09 18:00:00,9.490418056,6.339462
2024-09-09 18:15:00,3.387880436,6.273829
2024-09-09 18:30:00,6.4908881,6.3594556
2024-09-09 18:45:00,2.137446438,6.3241777
2024-09-09 19:00:00,5.525179603,6.3624606
2024-09-09 19:15:00,11.33309708,6.3088794
2024-09-09 19:30:00,11.00169773,6.2396913
2024-09-09 19:45:00,10.86857709,6.266676
2024-09-09 20:00:00,7.701890677,6.3211455
2024-09-09 20:15:00,4.092100942,6.43183
2024-09-09 20:30:00,4.91528774,6.511527
2024-09-09 20:45:00,3.2836604409999994,6.4675183
2024-09-09 21:00:00,2.120013533,6.441249
2024-09-09 21:15:00,2.8945673549999995,6.4004264
2024-09-09 21:30:00,5.804887651,6.3401237
2024-09-09 21:45:00,1.411255205,6.28313
2024-09-09 22:00:00,10.85958942,6.3023973
2024-09-09 22:15:00,6.728013139999999,6.2181864
2024-09-09 22:30:00,2.978364533,6.280696
2024-09-09 22:45:00,5.344749677,6.3528376
2024-09-09 23:00:00,4.885366215,6.3200893
2024-09-09 23:15:00,9.565791237,6.3146486
2024-09-09 23:30:00,2.5105136590000003,6.2647905
2024-09-09 23:45:00,5.358389421,6.3702617
2024-09-10 00:00:00,8.592761597,6.331832
2024-09-10 00:15:00,4.930601496,6.2876983
2024-09-10 00:30:00,4.814160314,6.345796
2024-09-10 00:45:00,4.73489511,6.351241
2024-09-10 01:00:00,9.145801803,6.342035
2024-09-10 01:15:00,2.349504344,6.287028
2024-09-10 01:30:00,9.721211821,6.381093
2024-09-10 01:45:00,1.909135053,6.2938323
2024-09-10 02:00:00,4.505149421,6.3936577
2024-09-10 02:15:00,5.144558347,6.345805
2024-09-10 02:30:00,5.273828903,6.316295
2024-09-10 02:45:00,3.0624580140000006,6.3054843
2024-09-10 03:00:00,7.259780214,6.3207474
2024-09-10 03:15:00,5.844975106,6.2731876
2024-09-10 03:30:00,7.103640975,6.293187
2024-09-10 03:45:00,7.564886043999999,6.2930264
2024-09-10 04:00:00,3.164978147,6.3043833
2024-09-10 04:15:00,10.49851098,6.3764706
2024-09-10 04:30:00,10.07647403,6.2882113
2024-09-10 04:45:00,9.651609863,6.303637
2024-09-10 05:00:00,6.63541887,6.349363
2024-09-10 05:15:00,9.361283,6.4378343
2024-09-10 05:30:00,7.612253912,6.403881
2024-09-10 05:45:00,5.880504836,6.438208
2024-09-10 06:00:00,9.08612568,6.468696
2024-09-10 06:15:00,7.609302733,6.4065065
2024-09-10 06:30:00,1.184082726,6.42496
2024-09-10 06:45:00,11.53802049,6.513789
2024-09-10 07:00:00,5.544636522999999,6.347081
2024-09-10 07:15:00,6.965715542,6.418859
2024-09-10 07:30:00,5.464310902,6.3999743
2024-09-10 07:45:00,2.233370296,6.4119406
2024-09-10 08:00:00,9.552974539,6.43103
2024-09-10 08:15:00,8.343574619,6.3205295
2024-09-10 08:30:00,9.862640544,6.328788
2024-09-10 08:45:00,6.009717042,6.3277135
2024-09-10 09:00:00,9.453954317,6.418164
2024-09-10 09:15:00,9.19177693,6.376164
2024-09-10 09:30:00,4.386117556,6.388033
2024-09-10 09:45:00,1.18800809,6.4833736
2024-09-10 10:00:00,10.1051201,6.4961343
2024-09-10 10:15:00,3.053296969,6.3457727
2024-09-10 10:30:00,10.77326568,6.4137926
2024-09-10 10:45:00,7.611569493000001,6.3094563
2024-09-10 11:00:00,7.744277954999999,6.3596044
2024-09-10 11:15:00,3.743345548,6.379914
2024-09-10 11:30:00,5.265983145,6.4462724
2024-09-10 11:45:00,4.468656999,6.4046173
2024-09-10 12:00:00,3.1445930059999996,6.3852525
2024-09-10 12:15:00,8.707896886,6.370787
2024-09-10 12:30:00,2.11291687,6.293274
2024-09-10 12:45:00,6.229550197999999,6.365081
2024-09-10 13:00:00,6.624684384999999,6.310192
2024-09-10 13:15:00,11.10607137,6.298685
2024-09-10 13:30:00,10.05010159,6.254794
2024-09-10 13:45:00,6.278545494,6.302558
2024-09-10 14:00:00,9.837344503,6.4130607
2024-09-10 14:15:00,9.419835154,6.3745294
2024-09-10 14:30:00,1.408176331,6.3929157
2024-09-10 14:45:00,10.738962,6.5394835
2024-09-10 15:00:00,8.154584497,6.3795733
2024-09-10 15:15:00,7.833677865,6.398337
2024-09-10 15:30:00,8.503891785,6.415077
2024-09-10 15:45:00,3.592387098,6.4104424
2024-09-10 16:00:00,1.405896141,6.4894214
2024-09-10 16:15:00,3.558791971,6.4758
2024-09-10 16:30:00,9.536411988,6.387732
2024-09-10 16:45:00,7.698827462999999,6.2911935
2024-09-10 17:00:00,4.83684083,6.3120675
2024-09-10 17:15:00,3.5995803010000005,6.3707256
2024-09-10 17:30:00,9.189128994,6.3811164
2024-09-10 17:45:00,6.034956042,6.3035483
2024-09-10 18:00:00,7.340474153,6.3482223
2024-09-10 18:15:00,1.269795655,6.3432183
2024-09-10 18:30:00,5.374716408,6.419881
2024-09-10 18:45:00,1.334915829,6.3452473
2024-09-10 19:00:00,9.534049965,6.3495307
2024-09-10 19:15:00,3.7983297560000002,6.2574935
2024-09-10 19:30:00,2.779219241,6.3212852
2024-09-10 19:45:00,10.87991166,6.3277817
2024-09-10 20:00:00,1.287785256,6.2413497
2024-09-10 20:15:00,3.2014816879999994,6.370146
2024-09-10 20:30:00,3.655237948,6.3314204
2024-09-10 20:45:00,9.731199859,6.297284
2024-09-10 21:00:00,8.5981523,6.2339993
2024-09-10 21:15:00,11.160728190000002,6.264697
2024-09-10 21:30:00,7.985899672,6.266437
2024-09-10 21:45:00,3.637732267,6.3670716
2024-09-10 22:00:00,2.882857579,6.4671097
2024-09-10 22:15:00,8.7924687,6.4486823
2024-09-10 22:30:00,10.11699294,6.3421316
2024-09-10 22:45:00,10.94021362,6.3117676
2024-09-10 23:00:00,9.375259596,6.321359
2024-09-10 23:15:00,9.515515475,6.389357
2024-09-10 23:30:00,7.887821702999999,6.4205036
2024-09-10 23:45:00,8.28616906,6.470067
2024-09-11 00:00:00,2.390194539,6.466772
2024-09-11 00:15:00,4.593627513,6.551318
2024-09-11 00:30:00,5.843338921,6.4688587
2024-09-11 00:45:00,8.221991751,6.402054
2024-09-11 01:00:00,5.573898906,6.347433
2024-09-11 01:15:00,5.050489883,6.38075
2024-09-11 01:30:00,6.988550922,6.384228
2024-09-11 01:45:00,5.238136193,6.3494735
2024-09-11 02:00:00,1.928894756,6.3664837
2024-09-11 02:15:00,10.97499563,6.3901577
2024-09-11 02:30:00,10.83519598,6.2764792
2024-09-11 02:45:00,1.5226459879999998,6.2777333
2024-09-11 03:00:00,6.819636371,6.46148
2024-09-11 03:15:00,8.625853455,6.37858
2024-09-11 03:30:00,7.350436521,6.3356924
2024-09-11 03:45:00,4.815974933,6.361627
2024-09-11 04:00:00,9.288243488,6.408682
2024-09-11 04:15:00,7.758282030000001,6.3443265
2024-09-11 04:30:00,3.7507452629999998,6.3714404
2024-09-11 04:45:00,7.589414024,6.441179
2024-09-11 05:00:00,4.127967167,6.3758106
2024-09-11 05:15:00,7.341191538,6.406433
2024-09-11 05:30:00,9.211085886,6.352921
2024-09-11 05:45:00,4.395318973,6.3231773
2024-09-11 06:00:00,4.073591511,6.407276
2024-09-11 06:15:00,8.684774164,6.403049
2024-09-11 06:30:00,6.541766103,6.328636
2024-09-11 06:45:00,2.622938672,6.3558264
2024-09-11 07:00:00,6.686304522,6.4083204
2024-09-11 07:15:00,7.633219853,6.3416576
2024-09-11 07:30:00,6.21132565,6.31888
2024-09-11 07:45:00,7.263163227,6.3458796
2024-09-11 08:00:00,4.820112259,6.3415666
2024-09-11 08:15:00,10.04083841,6.3799005
2024-09-11 08:30:00,3.588713769,6.312489
2024-09-11 08:45:00,4.134370537,6.414607
2024-09-11 09:00:00,9.363953743,6.395535
2024-09-11 09:15:00,1.768175997,6.314066
2024-09-11 09:30:00,11.52571579,6.408856
2024-09-11 09:45:00,7.769570235,6.2865057
2024-09-11 10:00:00,8.991021781,6.344169
2024-09-11 10:15:00,7.1954137,6.3539357
2024-09-11 10:30:00,8.925766535,6.4046655
2024-09-11 10:45:00,5.70643481,6.3893986
2024-09-11 11:00:00,6.795340504000001,6.449046
2024-09-11 11:15:00,7.969533923,6.4262705
2024-09-11 11:30:00,10.60981541,6.396405
2024-09-11 11:45:00,1.473207062,6.3540144
2024-09-11 12:00:00,2.324829063,6.515145
2024-09-11 12:15:00,8.38957964,6.457247
2024-09-11 12:30:00,4.753178679,6.341123
2024-09-11 12:45:00,8.288403628,6.36377
2024-09-11 13:00:00,3.479697127,6.31874
2024-09-11 13:15:00,7.677754032,6.383028
2024-09-11 13:30:00,6.09982473,6.3276367
2024-09-11 13:45:00,2.421545589,6.3456182
2024-09-11 14:00:00,10.61223398,6.3876715
2024-09-11 14:15:00,9.096711761,6.284238
2024-09-11 14:30:00,9.166503906,6.30917
2024-09-11 14:45:00,8.291915156,6.342371
2024-09-11 15:00:00,1.348997337,6.3884015
2024-09-11 15:15:00,6.490884331000001,6.508126
2024-09-11 15:30:00,8.695074177,6.4041734
2024-09-11 15:45:00,3.380700346,6.344985
2024-09-11 16:00:00,7.708590151,6.415114
2024-09-11 16:15:00,10.98300545,6.350298
2024-09-11 16:30:00,9.179303497,6.299812
2024-09-11 16:45:00,6.730499801,6.3534417
2024-09-11 17:00:00,4.432014494,6.4291334
2024-09-11 17:15:00,7.559358577,6.468931
2024-09-11 17:30:00,8.492838061,6.402813
2024-09-11 17:45:00,7.7202951230000005,6.3744717
2024-09-11 18:00:00,8.856312556,6.391519
2024-09-11 18:15:00,4.008430332,6.383605
2024-09-11 18:30:00,6.337138812,6.467908
2024-09-11 18:45:00,6.682913538999999,6.417616
2024-09-11 19:00:00,2.119040346,6.390587
2024-09-11 19:15:00,2.965426279,6.4310446
2024-09-11 19:30:00,4.342477283,6.37909
2024-09-11 19:45:00,1.650130219,6.3248405
2024-09-11 20:00:00,3.572041022,6.315295
2024-09-11 20:15:00,6.567544794000001,6.2702727
2024-09-11 20:30:00,6.712196491,6.234728
2024-09-11 20:45:00,3.846633126,6.242574
2024-09-11 21:00:00,11.12717978,6.291971
2024-09-11 21:15:00,5.98756557,6.2283006
2024-09-11 21:30:00,7.670531268,6.326772
2024-09-11 21:45:00,1.46046846,6.332417
2024-09-11 22:00:00,5.329484806,6.4215627
2024-09-11 22:15:00,6.981274311000001,6.3507185
2024-09-11 22:30:00,4.251039395,6.3112397
2024-09-11 22:45:00,2.96563452,6.3408613
2024-09-11 23:00:00,3.3110275940000005,6.34333
2024-09-11 23:15:00,5.785559098,6.314387
2024-09-11 23:30:00,1.8775925150000001,6.2744336
2024-09-11 23:45:00,3.4939008350000003,6.2995105
2024-09-12 00:00:00,8.677691857,6.267729
2024-09-12 00:15:00,3.3462874989999998,6.2204475
2024-09-12 00:30:00,2.353598888,6.290771
2024-09-12 00:45:00,1.99890465,6.298665
2024-09-12 01:00:00,11.561551760000002,6.2764487
2024-09-12 01:15:00,2.059231809,6.1955857
2024-09-12 01:30:00,5.665006305000001,6.321399
2024-09-12 01:45:00,6.462082716,6.288954
2024-09-12 02:00:00,11.271920709999998,6.2804074
2024-09-12 02:15:00,10.31380322,6.2376146
2024-09-12 02:30:00,3.7434481910000006,6.2869153
2024-09-12 02:45:00,1.972254975,6.4452314
2024-09-12 03:00:00,5.469336464,6.4546466
2024-09-12 03:15:00,2.108180566,6.368895
2024-09-12 03:30:00,9.70635557,6.3648686
2024-09-12 03:45:00,8.557495784,6.2715373
2024-09-12 04:00:00,11.04905804,6.2877784
2024-09-12 04:15:00,7.228771502999999,6.282299
2024-09-12 04:30:00,4.808742525,6.3882866
2024-09-12 04:45:00,6.434312161,6.4500365
2024-09-12 05:00:00,2.8175191650000007,6.4132323
2024-09-12 05:15:00,5.964226089,6.435856
2024-09-12 05:30:00,11.64284875,6.366928
2024-09-12 05:45:00,8.160332803,6.279888
2024-09-12 06:00:00,1.896371256,6.350991
2024-09-12 06:15:00,8.911417572,6.470533
2024-09-12 06:30:00,2.166503421,6.359892
2024-09-12 06:45:00,5.070032452,6.428303
2024-09-12 07:00:00,9.269941709,6.3664756
2024-09-12 07:15:00,2.4855394930000005,6.298479
2024-09-12 07:30:00,4.276723604,6.3880196
2024-09-12 07:45:00,3.09039945,6.3513227
2024-09-12 08:00:00,10.21851903,6.3346357
2024-09-12 08:15:00,2.591823186,6.2530084
2024-09-12 08:30:00,6.758889728,6.353496
2024-09-12 08:45:00,3.9901620700000002,6.3076906
2024-09-12 09:00:00,6.669573459000001,6.333747
2024-09-12 09:15:00,2.785350479,6.3017654
2024-09-12 09:30:00,9.258808234,6.3411827
2024-09-12 09:45:00,7.517063079,6.2700577
2024-09-12 10:00:00,1.553313302,6.3017664
2024-09-12 10:15:00,10.55781221,6.395839
2024-09-12 10:30:00,10.448836,6.285888
2024-09-12 10:45:00,4.124018996,6.288223
2024-09-12 11:00:00,4.048704892,6.4263463
2024-09-12 11:15:00,6.344333034,6.4234734
2024-09-12 11:30:00,7.632110193,6.3682165
2024-09-12 11:45:00,4.165827619,6.338133
2024-09-12 12:00:00,9.348815847,6.384135
2024-09-12 12:15:00,2.04045024,6.316724
2024-09-12 12:30:00,5.284303014,6.4158473
2024-09-12 12:45:00,7.023524163,6.3580875
2024-09-12 13:00:00,9.455997313,6.318999
2024-09-12 13:15:00,9.930503889,6.2911167
2024-09-12 13:30:00,3.7235991389999996,6.307092
2024-09-12 13:45:00,3.5930497890000006,6.439607
2024-09-12 14:00:00,4.951723351,6.42875
2024-09-12 14:15:00,5.612215016,6.376412
2024-09-12 14:30:00,9.511839189,6.3432302
2024-09-12 14:45:00,1.185382021,6.290769
2024-09-12 15:00:00,8.402235415,6.4077597
2024-09-12 15:15:00,3.378150601,6.3145623
2024-09-12 15:30:00,10.14508797,6.363271
2024-09-12 15:45:00,4.45059257,6.2834516
2024-09-12 16:00:00,6.657416178,6.3698277
2024-09-12 16:15:00,4.596871844,6.3479047
2024-09-12 16:30:00,5.545491899999999,6.3693624
2024-09-12 16:45:00,6.583391491,6.3487687
2024-09-12 17:00:00,8.751415589,6.328838
2024-09-12 17:15:00,2.409930478,6.305507
2024-09-12 17:30:00,4.910755781,6.403029
2024-09-12 17:45:00,7.674340494,6.357271
2024-09-12 18:00:00,7.388224769,6.30917
2024-09-12 18:15:00,9.22124779,6.3164663
2024-09-12 18:30:00,10.51720839,6.309411
2024-09-12 18:45:00,2.129606132,6.3148556
2024-09-12 19:00:00,8.532059571,6.4841175
2024-09-12 19:15:00,4.120555088,6.3824487
2024-09-12 19:30:00,6.294141108,6.4237385
2024-09-12 19:45:00,7.686709378,6.3790894
2024-09-12 20:00:00,2.736995166,6.3480062
2024-09-12 20:15:00,4.699254947,6.409303
2024-09-12 20:30:00,11.636720519999999,6.363477
2024-09-12 20:45:00,2.596320055,6.267955
2024-09-12 21:00:00,2.015894057,6.4083896
2024-09-12 21:15:00,9.784702788,6.3959517
2024-09-12 21:30:00,5.726274892999999,6.288427
2024-09-12 21:45:00,8.026899,6.3354306
2024-09-12 22:00:00,4.14713499,6.3199224
2024-09-12 22:15:00,3.208821409,6.3823485
2024-09-12 22:30:00,3.43576045,6.381006
2024-09-12 22:45:00,3.284158479,6.34666
2024-09-12 23:00:00,3.69751359,6.3162646
2024-09-12 23:15:00,3.442890464,6.2877283
2024-09-12 23:30:00,9.67987627,6.271807
2024-09-12 23:45:00,6.63126154,6.2175584
2024-09-13 00:00:00,4.266159086,6.2738376
2024-09-13 00:15:00,4.71256469,6.3302493
2024-09-13 00:30:00,11.30644963,6.3266125
2024-09-13 00:45:00,3.1010373579999997,6.251632
2024-09-13 01:00:00,10.50981753,6.3879404
2024-09-13 01:15:00,8.7367499,6.302024
2024-09-13 01:30:00,7.813210832,6.33919
2024-09-13 01:45:00,7.689406586,6.3842945
2024-09-13 02:00:00,5.557143265,6.4042535
2024-09-13 02:15:00,5.597944332999999,6.4425654
2024-09-13 02:30:00,9.369628649,6.4288225
2024-09-13 02:45:00,9.566158736,6.3598475
2024-09-13 03:00:00,6.940565121,6.3579974
2024-09-13 03:15:00,9.047074825,6.423268
2024-09-13 03:30:00,9.499697485,6.399909
2024-09-13 03:45:00,4.59292607,6.3986115
2024-09-13 04:00:00,7.310465032,6.4948707
2024-09-13 04:15:00,5.643825329,6.438723
2024-09-13 04:30:00,2.147655067,6.4405007
2024-09-13 04:45:00,7.858050294000001,6.4582214
2024-09-13 05:00:00,7.393188557000001,6.3554
2024-09-13 05:15:00,2.310574637,6.342494
2024-09-13 05:30:00,1.910681046,6.4068375
2024-09-13 05:45:00,3.6335201789999996,6.37482
2024-09-13 06:00:00,9.702444376,6.314768
2024-09-13 06:15:00,1.832492559,6.242979
2024-09-13 06:30:00,5.976954991,6.338191
2024-09-13 06:45:00,3.067483892,6.291793
2024-09-13 07:00:00,3.766286739,6.310681
2024-09-13 07:15:00,9.046654649,6.2905736
2024-09-13 07:30:00,10.33295659,6.2381644
2024-09-13 07:45:00,7.165112901,6.239229
2024-09-13 08:00:00,9.861687707,6.3312087
2024-09-13 08:15:00,10.33991644,6.3257604
2024-09-13 08:30:00,3.330751813,6.345639
2024-09-13 08:45:00,7.231323454999999,6.49826
2024-09-13 09:00:00,9.359672313,6.4264984
2024-09-13 09:15:00,7.094643445,6.3738017
2024-09-13 09:30:00,9.575218426,6.413565
2024-09-13 09:45:00,7.441564669,6.382199
2024-09-13 10:00:00,4.088890281,6.427963
2024-09-13 10:15:00,8.196057358,6.483734
2024-09-13 10:30:00,7.151283358,6.402804
2024-09-13 10:45:00,7.852096448,6.4020214
2024-09-13 11:00:00,2.087949892,6.390931
2024-09-13 11:15:00,2.468207607,6.4685073
2024-09-13 11:30:00,9.830378597,6.417897
2024-09-13 11:45:00,5.660202321,6.30364
2024-09-13 12:00:00,3.46926431,6.3482237
2024-09-13 12:15:00,2.135042074,6.377612
2024-09-13 12:30:00,3.90718533,6.364232
2024-09-13 12:45:00,4.238819241,6.3117065
2024-09-13 13:00:00,11.47468846,6.2842026
2024-09-13 13:15:00,9.705098388,6.214276
2024-09-13 13:30:00,1.906501961,6.2619333
2024-09-13 13:45:00,9.080969076,6.4235435
2024-09-13 14:00:00,7.163128034,6.3298426
2024-09-13 14:15:00,3.533975131,6.352534
2024-09-13 14:30:00,8.771248104,6.41028
2024-09-13 14:45:00,1.412829245,6.334673
2024-09-13 15:00:00,8.737611239,6.421262
2024-09-13 15:15:00,10.11077445,6.320078
2024-09-13 15:30:00,9.952120291,6.2936044
2024-09-13 15:45:00,9.13960499,6.32317
2024-09-13 16:00:00,10.64473737,6.375928
2024-09-13 16:15:00,8.534428734,6.379633
2024-09-13 16:30:00,8.229039634,6.446461
2024-09-13 16:45:00,1.4023644930000003,6.468865
2024-09-13 17:00:00,2.843403004,6.572924
2024-09-13 17:15:00,9.06650872,6.4852266
2024-09-13 17:30:00,11.270577760000002,6.356024
2024-09-13 17:45:00,8.372184178,6.3034806
2024-09-13 18:00:00,7.100083189999999,6.37619
2024-09-13 18:15:00,2.9723618380000003,6.4269476
2024-09-13 18:30:00,10.92187619,6.488906
2024-09-13 18:45:00,7.915890637,6.3549113
2024-09-13 19:00:00,6.099985819,6.3923616
2024-09-13 19:15:00,10.15844036,6.4350295
2024-09-13 19:30:00,10.69043983,6.371381
2024-09-13 19:45:00,4.871073057,6.367861
2024-09-13 20:00:00,6.472407371,6.4980946
2024-09-13 20:15:00,2.376274303,6.464481
2024-09-13 20:30:00,11.2935144,6.487763
2024-09-13 20:45:00,2.483084964,6.339882
2024-09-13 21:00:00,10.6773055,6.452612
2024-09-13 21:15:00,3.118551997,6.33457
2024-09-13 21:30:00,10.31884894,6.4377337
2024-09-13 21:45:00,5.672431022,6.33553
2024-09-13 22:00:00,7.31404224,6.4034343
2024-09-13 22:15:00,1.493053409,6.3848834
2024-09-13 22:30:00,5.372069872,6.451729
2024-09-13 22:45:00,6.057717438,6.370319
2024-09-13 23:00:00,1.260776736,6.3336163
2024-09-13 23:15:00,7.815176475,6.3664756
2024-09-13 23:30:00,9.657195085,6.284314
2024-09-13 23:45:00,1.422956704,6.2592525
2024-09-14 00:00:00,6.155945079,6.389805
2024-09-14 00:15:00,1.482310433,6.3263335
2024-09-14 00:30:00,10.00870619,6.3519707
2024-09-14 00:45:00,2.923656659,6.2573376
2024-09-14 01:00:00,1.732162871,6.3420696
2024-09-14 01:15:00,10.03841072,6.339785
2024-09-14 01:30:00,5.7254126890000006,6.2481356
2024-09-14 01:45:00,2.147771808,6.3053336
2024-09-14 02:00:00,7.750975335,6.3575664
2024-09-14 02:15:00,8.4160537,6.2892265
2024-09-14 02:30:00,7.092489391,6.2825603
2024-09-14 02:45:00,4.501464318,6.324857
2024-09-14 03:00:00,5.674702947,6.378978
2024-09-14 03:15:00,11.31692721,6.3598623
2024-09-14 03:30:00,6.768725081,6.283564
2024-09-14 03:45:00,5.267552225,6.37382
2024-09-14 04:00:00,7.928489624,6.41656
2024-09-14 04:15:00,1.9561060920000002,6.374143
2024-09-14 04:30:00,4.11852071,6.445527
2024-09-14 04:45:00,3.475286377,6.3840294
2024-09-14 05:00:00,7.851294314,6.3503547
2024-09-14 05:15:00,7.479905933,6.287064
2024-09-14 05:30:00,8.72642898,6.293051
2024-09-14 05:45:00,5.581426577,6.29799
2024-09-14 06:00:00,3.008337406,6.368956
2024-09-14 06:15:00,3.011226567,6.405008
2024-09-14 06:30:00,10.65937302,6.3728123
2024-09-14 06:45:00,1.8938924610000003,6.271528
2024-09-14 07:00:00,7.394415565,6.3838816
2024-09-14 07:15:00,3.447183734,6.3158073
2024-09-14 07:30:00,3.4432667080000003,6.3514037
2024-09-14 07:45:00,2.209813875,6.3351045
2024-09-14 08:00:00,11.4004664,6.3172917
2024-09-14 08:15:00,1.765965332,6.224634
2024-09-14 08:30:00,2.597569655,6.3504
2024-09-14 08:45:00,4.88762599,6.327625
2024-09-14 09:00:00,6.009128731000001,6.282158
2024-09-14 09:15:00,11.02182441,6.2635527
2024-09-14 09:30:00,3.5291923460000003,6.221078
2024-09-14 09:45:00,8.401551894,6.3568377
2024-09-14 10:00:00,8.160025903,6.311278
2024-09-14 10:15:00,6.5750796309999995,6.3243876
2024-09-14 10:30:00,3.7990061500000003,6.369213
2024-09-14 10:45:00,2.6648112230000005,6.4138885
2024-09-14 11:00:00,2.936538093,6.4001603
2024-09-14 11:15:00,4.54063374,6.353536
2024-09-14 11:30:00,2.560516142,6.3044405
2024-09-14 11:45:00,12.097432829999999,6.2976723
2024-09-14 12:00:00,5.564084965,6.2088995
2024-09-14 12:15:00,6.701338206,6.3127832
2024-09-14 12:30:00,7.745097877000001,6.3263245
2024-09-14 12:45:00,3.228090513,6.3255687
2024-09-14 13:00:00,6.116309782000001,6.3962584
2024-09-14 13:15:00,1.795186103,6.3499084
2024-09-14 13:30:00,10.89992063,6.3770194
2024-09-14 13:45:00,6.008580075,6.2679873
2024-09-14 14:00:00,1.464714368,6.3360276
2024-09-14 14:15:00,7.527004677999999,6.4006376
2024-09-14 14:30:00,2.156708843,6.3147135
2024-09-14 14:45:00,9.287810326,6.3565593
2024-09-14 15:00:00,10.78988924,6.274463
2024-09-14 15:15:00,10.68849745,6.259161
2024-09-14 15:30:00,5.672595122,6.2992043
2024-09-14 15:45:00,8.641936084,6.435855
2024-09-14 16:00:00,2.6922967240000006,6.402861
2024-09-14 16:15:00,1.939627457,6.4888644
2024-09-14 16:30:00,9.505819202,6.451604
2024-09-14 16:45:00,8.528406594,6.32538
2024-09-14 17:00:00,10.50112568,6.3232
2024-09-14 17:15:00,10.26530974,6.3142304
2024-09-14 17:30:00,4.721681631,6.3502045
2024-09-14 17:45:00,4.492340944,6.4842453
2024-09-14 18:00:00,5.754035257,6.476581
2024-09-14 18:15:00,7.950359786,6.4222436
2024-09-14 18:30:00,1.186350372,6.36764
2024-09-14 18:45:00,6.539755865,6.44156
2024-09-14 19:00:00,1.342593595,6.3505664
2024-09-14 19:15:00,5.706317348,6.372539
2024-09-14 19:30:00,2.043795442,6.3030972
2024-09-14 19:45:00,6.832423254,6.312586
2024-09-14 20:00:00,4.41444451,6.258528
2024-09-14 20:15:00,6.113971947,6.280858
2024-09-14 20:30:00,11.28954977,6.2708545
2024-09-14 20:45:00,4.78983645,6.226044
2024-09-14 21:00:00,8.724619121,6.354337
2024-09-14 21:15:00,8.285182633,6.324003
2024-09-14 21:30:00,9.912162492,6.344858
2024-09-14 21:45:00,4.504011495,6.342028
2024-09-14 22:00:00,1.698586167,6.4553747
2024-09-14 22:15:00,11.379038950000002,6.475042
2024-09-14 22:30:00,4.908210048,6.322812
2024-09-14 22:45:00,3.214793628,6.402909
2024-09-14 23:00:00,10.84226875,6.418619
2024-09-14 23:15:00,3.073537087,6.30717
2024-09-14 23:30:00,6.627241609,6.4151397
2024-09-14 23:45:00,8.966902352,6.3627467
2024-09-15 00:00:00,8.653895808,6.322898
2024-09-15 00:15:00,1.438046955,6.340067
2024-09-15 00:30:00,3.328807719,6.4613895
2024-09-15 00:45:00,10.3575945,6.4007535
2024-09-15 01:00:00,6.87738719,6.292696
2024-09-15 01:15:00,8.118537665,6.33901
2024-09-15 01:30:00,5.391715338,6.342049
2024-09-15 01:45:00,8.669196828,6.3958855
2024-09-15 02:00:00,4.183098483,6.3532586
2024-09-15 02:15:00,3.588749627,6.420089
2024-09-15 02:30:00,11.36724925,6.4099336
2024-09-15 02:45:00,2.8009045990000003,6.2960405
2024-09-15 03:00:00,11.35271514,6.420245
2024-09-15 03:15:00,10.73018919,6.308722
2024-09-15 03:30:00,8.549298967,6.3220525
2024-09-15 03:45:00,7.183056137000001,6.4004264
2024-09-15 04:00:00,1.200260427,6.4520283
2024-09-15 04:15:00,7.735325894,6.535763
2024-09-15 04:30:00,8.925016951,6.4039936
2024-09-15 04:45:00,8.706358413,6.355218
2024-09-15 05:00:00,2.947747901,6.363573
2024-09-15 05:15:00,6.800276494999999,6.4640365
2024-09-15 05:30:00,6.986462029,6.393247
2024-09-15 05:45:00,8.013924984,6.370351
2024-09-15 06:00:00,9.565786617,6.3543634
2024-09-15 06:15:00,8.346346154,6.3406606
2024-09-15 06:30:00,2.5948321,6.3818564
2024-09-15 06:45:00,1.346843187,6.4863834
2024-09-15 07:00:00,2.5634919310000006,6.455799
2024-09-15 07:15:00,1.5877487580000003,6.3742294
2024-09-15 07:30:00,5.692464057,6.3218174
2024-09-15 07:45:00,4.196172722,6.2583456
2024-09-15 08:00:00,1.23207729,6.2582355
2024-09-15 08:15:00,1.94511174,6.272138
2024-09-15 08:30:00,5.211087606,6.2408414
2024-09-15 08:45:00,11.0192982,6.206318
2024-09-15 09:00:00,11.04451428,6.168933
2024-09-15 09:15:00,1.619921461,6.203837
2024-09-15 09:30:00,9.748770537,6.4054174
2024-09-15 09:45:00,6.247195756,6.30946
2024-09-15 10:00:00,7.793097390000001,6.360695
2024-09-15 10:15:00,6.356637621999999,6.3527093
2024-09-15 10:30:00,10.96583452,6.382257
2024-09-15 10:45:00,6.111905258000001,6.3222675
2024-09-15 11:00:00,2.792356763,6.4210753
2024-09-15 11:15:00,9.219861883,6.472732
2024-09-15 11:30:00,6.380548393,6.36191
2024-09-15 11:45:00,2.408805899,6.388412
2024-09-15 12:00:00,5.924171538000001,6.435453
2024-09-15 12:15:00,8.034941705,6.3646283
2024-09-15 12:30:00,4.07460338,6.3201737
2024-09-15 12:45:00,10.58409491,6.3720727
2024-09-15 13:00:00,9.423717956,6.2929635
2024-09-15 13:15:00,6.94854914,6.3227663
2024-09-15 13:30:00,1.721353077,6.3979425
2024-09-15 13:45:00,7.021644214,6.480958
2024-09-15 14:00:00,5.569308088,6.380632
2024-09-15 14:15:00,8.867919286,6.3714075
2024-09-15 14:30:00,3.8272685620000004,6.3238397
2024-09-15 14:45:00,7.371578898,6.3983774
2024-09-15 15:00:00,7.037378359,6.3491063
2024-09-15 15:15:00,6.602715628,6.3492994
2024-09-15 15:30:00,2.27845275,6.361888
2024-09-15 15:45:00,6.200934014,6.414174
2024-09-15 16:00:00,6.721948827,6.3453474
2024-09-15 16:15:00,11.010268710000002,6.323068
2024-09-15 16:30:00,5.997922478999999,6.273626
2024-09-15 16:45:00,7.719586489,6.377958
2024-09-15 17:00:00,7.06345406,6.3731623
2024-09-15 17:15:00,3.080619459,6.389114
2024-09-15 17:30:00,3.008515621,6.443202
2024-09-15 17:45:00,9.100013245,6.408374
2024-09-15 18:00:00,6.571347737,6.311208
2024-09-15 18:15:00,10.63470522,6.3379045
2024-09-15 18:30:00,10.60261537,6.297208
2024-09-15 18:45:00,4.345440615,6.3225794
2024-09-15 19:00:00,2.105171777,6.470649
2024-09-15 19:15:00,4.691957033,6.4869447
2024-09-15 19:30:00,1.909780038,6.402596
2024-09-15 19:45:00,9.427969428,6.381114
2024-09-15 20:00:00,2.7397068130000006,6.281658
2024-09-15 20:15:00,10.11533304,6.351136
2024-09-15 20:30:00,5.385017042,6.2713184
2024-09-15 20:45:00,3.943481382,6.344533
2024-09-15 21:00:00,6.189516702,6.371367
2024-09-15 21:15:00,7.546738276,6.334044
2024-09-15 21:30:00,8.504813634,6.3131948
2024-09-15 21:45:00,4.643456585,6.311936
2024-09-15 22:00:00,11.44884828,6.3859544
2024-09-15 22:15:00,5.537769647000001,6.300446
2024-09-15 22:30:00,9.991463393,6.410058
2024-09-15 22:45:00,1.542171598,6.357117
2024-09-15 23:00:00,8.988699131,6.492478
2024-09-15 23:15:00,6.897137055,6.371277
2024-09-15 23:30:00,7.488227154,6.3816996
2024-09-15 23:45:00,5.023780961,6.3771024
2024-09-16 00:00:00,6.878289009,6.413905
2024-09-16 00:15:00,10.49008659,6.380068
2024-09-16 00:30:00,5.09889577,6.3238635
2024-09-16 00:45:00,2.245143346,6.42408
2024-09-16 01:00:00,8.651074986,6.455327
2024-09-16 01:15:00,6.3398157269999995,6.3471894
2024-09-16 01:30:00,5.406751078,6.3623347
2024-09-16 01:45:00,9.189617269,6.3764358
2024-09-16 02:00:00,6.718232146,6.325324
2024-09-16 02:15:00,7.645924969000001,6.3706245
2024-09-16 02:30:00,10.63188442,6.3703327
2024-09-16 02:45:00,1.750464661,6.3339286
2024-09-16 03:00:00,3.818651509,6.4942055
2024-09-16 03:15:00,10.10419804,6.433288
2024-09-16 03:30:00,9.280233364,6.3224263
2024-09-16 03:45:00,3.1647645110000004,6.3292246
2024-09-16 04:00:00,2.9799105899999994,6.4449625
2024-09-16 04:15:00,10.20402439,6.4238696
2024-09-16 04:30:00,7.124863847,6.311203
2024-09-16 04:45:00,9.792894033,6.3497458
2024-09-16 05:00:00,10.55348605,6.3298616
2024-09-16 05:15:00,1.8688468159999998,6.339515
2024-09-16 05:30:00,11.16639717,6.5159235
2024-09-16 05:45:00,8.578449206,6.366567
2024-09-16 06:00:00,10.29894615,6.3947196
2024-09-16 06:15:00,7.493444615,6.383118
2024-09-16 06:30:00,4.241593857,6.453761
2024-09-16 06:45:00,7.616910503,6.512171
2024-09-16 07:00:00,6.402361572999999,6.4341288
2024-09-16 07:15:00,10.88935341,6.42728
2024-09-16 07:30:00,7.049640642,6.3512497
2024-09-16 07:45:00,1.453925601,6.4248376
2024-09-16 08:00:00,8.285482592,6.5108695
2024-09-16 08:15:00,1.70723343,6.385396
2024-09-16 08:30:00,10.70839352,6.4340158
2024-09-16 08:45:00,6.119481397,6.3082666
2024-09-16 09:00:00,11.298933429999998,6.365264
2024-09-16 09:15:00,1.353920221,6.306204
2024-09-16 09:30:00,6.870247209,6.481261
2024-09-16 09:45:00,3.514259549,6.3887253
2024-09-16 10:00:00,7.807561099,6.399279
2024-09-16 10:15:00,6.082937816,6.330468
2024-09-16 10:30:00,6.813340714999999,6.346094
2024-09-16 10:45:00,4.830062517,6.342062
2024-09-16 11:00:00,1.713034947,6.3701377
2024-09-16 11:15:00,2.146612069,6.3890233
2024-09-16 11:30:00,10.20810419,6.3400626
2024-09-16 11:45:00,8.357762994,6.2464914
2024-09-16 12:00:00,9.069002495,6.2728734
2024-09-16 12:15:00,2.432967431,6.298299
2024-09-16 12:30:00,1.669362976,6.4250994
2024-09-16 12:45:00,1.30823018,6.4050817
2024-09-16 13:00:00,6.639770661999999,6.347623
2024-09-16 13:15:00,6.014899934,6.268483
2024-09-16 13:30:00,2.272733225,6.263911
2024-09-16 13:45:00,4.753366488,6.304783
2024-09-16 14:00:00,6.587948178000001,6.2730484
2024-09-16 14:15:00,7.821213879,6.2533674
2024-09-16 14:30:00,9.690585717,6.2544727
2024-09-16 14:45:00,7.577006316000001,6.2585826
2024-09-16 15:00:00,1.458423253,6.3291802
2024-09-16 15:15:00,7.240050208999999,6.4379964
2024-09-16 15:30:00,2.060874019,6.34756
2024-09-16 15:45:00,7.174631916999999,6.38274
2024-09-16 16:00:00,5.035632191,6.3094296
2024-09-16 16:15:00,4.151819366,6.323551
2024-09-16 16:30:00,6.128304841,6.330308
2024-09-16 16:45:00,5.166235033,6.3025913
2024-09-16 17:00:00,10.03845719,6.3119516
2024-09-16 17:15:00,3.504644556,6.263502
2024-09-16 17:30:00,2.608533449,6.3722515
2024-09-16 17:45:00,10.1231859,6.3746533
2024-09-16 18:00:00,3.777540898,6.2777205
2024-09-16 18:15:00,1.471216983,6.360691
2024-09-16 18:30:00,5.271431017,6.3739805
2024-09-16 18:45:00,9.679178817,6.3063717
2024-09-16 19:00:00,5.756348808,6.250378
2024-09-16 19:15:00,6.089743865,6.3180604
2024-09-16 19:30:00,1.648311207,6.333442
2024-09-16 19:45:00,8.589647915,6.3827157
2024-09-16 20:00:00,4.733493707,6.2935624
2024-09-16 20:15:00,8.746809966,6.3342066
2024-09-16 20:30:00,5.384890003,6.294182
2024-09-16 20:45:00,6.567205812,6.3521886
2024-09-16 21:00:00,7.529114445,6.346341
2024-09-16 21:15:00,3.2209113140000003,6.337586
2024-09-16 21:30:00,4.140790441,6.398898
2024-09-16 21:45:00,7.167151401,6.368366
2024-09-16 22:00:00,9.889419921,6.315
2024-09-16 22:15:00,10.92327879,6.281158
2024-09-16 22:30:00,6.363320850000001,6.289643
2024-09-16 22:45:00,1.856360229,6.4107914
2024-09-16 23:00:00,10.62960654,6.487016
2024-09-16 23:15:00,5.34952551,6.345014
2024-09-16 23:30:00,2.153916025,6.4081435
2024-09-16 23:45:00,11.549936020000002,6.4397326
2024-09-17 00:00:00,4.049248733,6.304032
2024-09-17 00:15:00,7.885505334,6.4066534
2024-09-17 00:30:00,2.5587443780000005,6.3574457
2024-09-17 00:45:00,8.570725915,6.4192023
2024-09-17 01:00:00,10.82977495,6.331125
2024-09-17 01:15:00,11.2542245,6.2940702
2024-09-17 01:30:00,2.5665031340000004,6.3138595
2024-09-17 01:45:00,9.237520924,6.50916
2024-09-17 02:00:00,7.988800611,6.400192
2024-09-17 02:15:00,9.588568242,6.40306
2024-09-17 02:30:00,4.546570613,6.383504
2024-09-17 02:45:00,5.215685636,6.4779654
2024-09-17 03:00:00,4.86142051,6.4516435
2024-09-17 03:15:00,8.857886887,6.4227386
2024-09-17 03:30:00,9.450914242,6.3483686
2024-09-17 03:45:00,3.75508524,6.3373656
2024-09-17 04:00:00,6.934296358,6.4431524
2024-09-17 04:15:00,2.488467038,6.39098
2024-09-17 04:30:00,1.277664542,6.4259367
2024-09-17 04:45:00,7.57199598,6.3914795
2024-09-17 05:00:00,9.971524497,6.2958627
2024-09-17 05:15:00,10.47718193,6.257415
2024-09-17 05:30:00,7.852282129,6.2752967
2024-09-17 05:45:00,9.382261191,6.364245
2024-09-17 06:00:00,5.490275792,6.3720026
2024-09-17 06:15:00,10.47051819,6.45655
2024-09-17 06:30:00,9.521284079,6.3781147
2024-09-17 06:45:00,4.359697971,6.3974686
2024-09-17 07:00:00,7.205512811,6.505109
2024-09-17 07:15:00,1.756399225,6.445019
2024-09-17 07:30:00,2.647770098,6.4882026
2024-09-17 07:45:00,10.75423501,6.4195414
2024-09-17 08:00:00,1.245794913,6.295649
2024-09-17 08:15:00,3.184044877,6.404096
2024-09-17 08:30:00,2.616254418,6.3538084
2024-09-17 08:45:00,8.271888963,6.317774
2024-09-17 09:00:00,2.229912857,6.2513375
2024-09-17 09:15:00,1.3869127009999997,6.3121843
2024-09-17 09:30:00,10.92673291,6.2992997
2024-09-17 09:45:00,10.18650989,6.2125077
2024-09-17 10:00:00,4.877997757,6.2313633
2024-09-17 10:15:00,2.191005891,6.3584194
2024-09-17 10:30:00,8.092821157,6.4011774
2024-09-17 10:45:00,10.28968593,6.3150015
2024-09-17 11:00:00,11.35755765,6.281562
2024-09-17 11:15:00,2.489934889,6.291321
2024-09-17 11:30:00,7.429363281,6.486551
2024-09-17 11:45:00,5.504234981,6.406631
2024-09-17 12:00:00,2.735970192,6.4105563
2024-09-17 12:15:00,9.359881222,6.424104
2024-09-17 12:30:00,9.132088057,6.322582
2024-09-17 12:45:00,11.44566813,6.319848
2024-09-17 13:00:00,2.067398714,6.3074384
2024-09-17 13:15:00,3.5375522,6.5020523
2024-09-17 13:30:00,9.807808499,6.4534583
2024-09-17 13:45:00,5.198149802,6.3378487
2024-09-17 14:00:00,5.985788885,6.3913064
2024-09-17 14:15:00,7.237714947,6.3796573
2024-09-17 14:30:00,5.491122682,6.3559713
2024-09-17 14:45:00,1.471401523,6.3783064
2024-09-17 15:00:00,7.392883244,6.411803
2024-09-17 15:15:00,3.446440608,6.3207808
2024-09-17 15:30:00,11.36634229,6.3455863
2024-09-17 15:45:00,8.234579017,6.256158
2024-09-17 16:00:00,9.821975768,6.316572
2024-09-17 16:15:00,11.00390464,6.3289514
2024-09-17 16:30:00,1.81730214,6.3403516
2024-09-17 16:45:00,2.689727666,6.535009
2024-09-17 17:00:00,9.504092369,6.480902
2024-09-17 17:15:00,10.19143216,6.349632
2024-09-17 17:30:00,1.159398092,6.3217816
2024-09-17 17:45:00,10.66722357,6.476408
2024-09-17 18:00:00,5.944231702,6.338337
2024-09-17 18:15:00,5.898707732,6.3958497
2024-09-17 18:30:00,10.09709961,6.4001923
2024-09-17 18:45:00,4.019945218,6.336537
2024-09-17 19:00:00,6.920376963,6.437144
2024-09-17 19:15:00,4.538404039,6.390725
2024-09-17 19:30:00,2.370180214,6.4059753
2024-09-17 19:45:00,4.802417006,6.4046645
2024-09-17 20:00:00,2.966490147,6.342526
2024-09-17 20:15:00,6.456369957,6.3295245
2024-09-17 20:30:00,6.725496725,6.2801857
2024-09-17 20:45:00,5.632726131,6.276492
2024-09-17 21:00:00,2.8699947450000005,6.3026667
2024-09-17 21:15:00,2.364969355,6.337827
2024-09-17 21:30:00,2.321816896,6.320725
2024-09-17 21:45:00,2.400823741,6.2876
2024-09-17 22:00:00,4.246433621,6.2562356
2024-09-17 22:15:00,1.165812705,6.2260942
2024-09-17 22:30:00,1.8062073340000002,6.2338047
2024-09-17 22:45:00,6.060559531,6.2089586
2024-09-17 23:00:00,3.038211756,6.179789
2024-09-17 23:15:00,3.9131261550000005,6.209797
2024-09-17 23:30:00,4.828647688,6.2112284
2024-09-17 23:45:00,1.5496738649999997,6.212449
2024-09-18 00:00:00,3.3381721619999998,6.242207
2024-09-18 00:15:00,9.096816892,6.220891
2024-09-18 00:30:00,4.759596065,6.1842036
2024-09-18 00:45:00,3.074647421,6.254813
2024-09-18 01:00:00,3.217523347,6.290453
2024-09-18 01:15:00,11.272203980000002,6.2813506
2024-09-18 01:30:00,2.6246294540000004,6.2084136
2024-09-18 01:45:00,10.46649939,6.3373656
2024-09-18 02:00:00,1.939547911,6.2619877
2024-09-18 02:15:00,9.959473852,6.388763
2024-09-18 02:30:00,6.564234935,6.294278
2024-09-18 02:45:00,7.382064014,6.3453903
2024-09-18 03:00:00,3.6358261,6.352097
2024-09-18 03:15:00,10.81817911,6.409396
2024-09-18 03:30:00,7.354995697,6.310477
2024-09-18 03:45:00,8.077726371,6.3692617
2024-09-18 04:00:00,6.9767378650000005,6.379561
2024-09-18 04:15:00,2.433639997,6.408065
2024-09-18 04:30:00,9.657280408,6.4690623
2024-09-18 04:45:00,3.081581386,6.351202
2024-09-18 05:00:00,4.142251689,6.4258504
2024-09-18 05:15:00,8.092778377,6.3895965
2024-09-18 05:30:00,2.162939932,6.320977
2024-09-18 05:45:00,11.02488324,6.3829117
2024-09-18 06:00:00,2.405604779,6.2766747
2024-09-18 06:15:00,8.140173072,6.3944964
2024-09-18 06:30:00,7.534143666000001,6.323146
2024-09-18 06:45:00,8.456616207,6.3290896
2024-09-18 07:00:00,5.653330555000001,6.332417
2024-09-18 07:15:00,5.148724011,6.3923306
2024-09-18 07:30:00,11.1958942,6.4004283
2024-09-18 07:45:00,10.04287081,6.3114724
2024-09-18 08:00:00,6.053364908999999,6.3409877
2024-09-18 08:15:00,3.1006018670000004,6.445648
2024-09-18 08:30:00,10.13471106,6.4894094
2024-09-18 08:45:00,7.950783696,6.364834
2024-09-18 09:00:00,2.5872392500000005,6.38575
2024-09-18 09:15:00,3.0487696760000005,6.4718423
2024-09-18 09:30:00,6.674829152,6.427028
2024-09-18 09:45:00,6.382648671,6.3460717
2024-09-18 10:00:00,5.417334476,6.3311057
2024-09-18 10:15:00,5.784811665,6.342173
2024-09-18 10:30:00,2.876686799,6.336697
2024-09-18 10:45:00,3.748220814,6.36144
2024-09-18 11:00:00,6.288216238,6.329045
2024-09-18 11:15:00,1.799271525,6.2868595
2024-09-18 11:30:00,4.789822106,6.3211346
2024-09-18 11:45:00,3.404792166,6.278126
2024-09-18 12:00:00,2.776277401,6.2760925
2024-09-18 12:15:00,2.6325665780000005,6.2680345
2024-09-18 12:30:00,2.5024425020000005,6.251392
2024-09-18 12:45:00,2.7374800640000005,6.2341404
2024-09-18 13:00:00,5.28481256,6.217467
2024-09-18 13:15:00,2.228668694,6.1982155
2024-09-18 13:30:00,10.65022643,6.224612
2024-09-18 13:45:00,6.292396829,6.173777
2024-09-18 14:00:00,6.479564668,6.2533727
2024-09-18 14:15:00,3.206736724,6.289477
2024-09-18 14:30:00,10.35359615,6.345567
2024-09-18 14:45:00,9.547899347,6.267004
2024-09-18 15:00:00,1.487069743,6.2927656
2024-09-18 15:15:00,8.826258127,6.44645
2024-09-18 15:30:00,3.078216968,6.3425317
2024-09-18 15:45:00,6.913328514,6.4026976
2024-09-18 16:00:00,9.85880166,6.3432894
2024-09-18 16:15:00,10.84091879,6.299085
2024-09-18 16:30:00,3.1229607290000003,6.3027673
2024-09-18 16:45:00,10.74872945,6.468177
2024-09-18 17:00:00,1.923641532,6.3563757
2024-09-18 17:15:00,10.361161,6.485075
2024-09-18 17:30:00,9.144875636,6.3540306
2024-09-18 17:45:00,10.96214951,6.3605337
2024-09-18 18:00:00,4.866442743,6.351057
2024-09-18 18:15:00,11.13651804,6.4888115
2024-09-18 18:30:00,10.03467959,6.3880005
2024-09-18 18:45:00,4.565049658,6.4064074
2024-09-18 19:00:00,4.604602778,6.52617
2024-09-18 19:15:00,4.765753881,6.502311
2024-09-18 19:30:00,7.449387715,6.4525943
2024-09-18 19:45:00,3.1168264650000004,6.38186
2024-09-18 20:00:00,5.814318491000001,6.416418
2024-09-18 20:15:00,1.8489655460000003,6.3608747
2024-09-18 20:30:00,4.968179371,6.375591
2024-09-18 20:45:00,8.042139423,6.315185
2024-09-18 21:00:00,7.111810906,6.270507
2024-09-18 21:15:00,4.534313605,6.2922587
2024-09-18 21:30:00,3.947462193,6.3434577
2024-09-18 21:45:00,4.434820901,6.347836
2024-09-18 22:00:00,1.827566092,6.3263493
2024-09-18 22:15:00,3.819243537,6.328193
2024-09-18 22:30:00,8.654553433,6.2833853
2024-09-18 22:45:00,2.926102952,6.2328167
2024-09-18 23:00:00,2.59342217,6.30497
2024-09-18 23:15:00,9.779535954,6.30188
2024-09-18 23:30:00,3.65314003,6.2315145
2024-09-18 23:45:00,3.683901975,6.3147125
2024-09-19 00:00:00,6.04215523,6.3175344
2024-09-19 00:15:00,6.01353444,6.2858324
2024-09-19 00:30:00,3.014503955,6.287557
2024-09-19 00:45:00,6.915606306000001,6.3240137
2024-09-19 01:00:00,7.999099360999999,6.2809696
2024-09-19 01:15:00,6.089573792,6.2743635
2024-09-19 01:30:00,10.49416241,6.320875
2024-09-19 01:45:00,10.97339289,6.2827473
2024-09-19 02:00:00,6.251036032,6.3018904
2024-09-19 02:15:00,10.64692884,6.4303017
2024-09-19 02:30:00,8.067380636,6.3767548
2024-09-19 02:45:00,6.6120891649999995,6.4345284
2024-09-19 03:00:00,10.03720819,6.472112
2024-09-19 03:15:00,11.3823876,6.4090314
2024-09-19 03:30:00,11.3887262,6.384285
2024-09-19 03:45:00,9.060043452,6.406126
2024-09-19 04:00:00,6.176315001,6.4866853
2024-09-19 04:15:00,4.170830061,6.5576544
2024-09-19 04:30:00,6.969382439000001,6.5636973
2024-09-19 04:45:00,9.35203892,6.470692
2024-09-19 05:00:00,1.4218957,6.399364
2024-09-19 05:15:00,3.880936026,6.5061417
2024-09-19 05:30:00,4.784255752,6.4282823
2024-09-19 05:45:00,8.76175475,6.3686576
2024-09-19 06:00:00,7.546416743999999,6.3026366
2024-09-19 06:15:00,5.410021567,6.3223443
2024-09-19 06:30:00,10.81040162,6.3692217
2024-09-19 06:45:00,6.706604211,6.30402
2024-09-19 07:00:00,8.662240684,6.386568
2024-09-19 07:15:00,8.054931628,6.376046
2024-09-19 07:30:00,9.833425705,6.396739
2024-09-19 07:45:00,9.63484309,6.379736
2024-09-19 08:00:00,11.45271959,6.3994293
2024-09-19 08:15:00,5.054244232,6.3866916
2024-09-19 08:30:00,2.79878976,6.5357504
2024-09-19 08:45:00,9.130754428,6.5516553
2024-09-19 09:00:00,10.35932404,6.4127746
2024-09-19 09:15:00,1.716979724,6.365052
2024-09-19 09:30:00,4.488353131,6.511616
2024-09-19 09:45:00,9.395477728,6.4378996
2024-09-19 10:00:00,8.212780968,6.3400974
2024-09-19 10:15:00,9.101586773,6.3505607
2024-09-19 10:30:00,6.5389952870000005,6.355044
2024-09-19 10:45:00,5.039501092,6.4164047
2024-09-19 11:00:00,9.464318579,6.4420176
2024-09-19 11:15:00,6.877025571,6.3660545
2024-09-19 11:30:00,6.297089124999999,6.404153
2024-09-19 11:45:00,8.714232806,6.417687
2024-09-19 12:00:00,3.104378464,6.3775964
2024-09-19 12:15:00,7.052396877,6.4583282
2024-09-19 12:30:00,4.289663734,6.3860645
2024-09-19 12:45:00,1.355860543,6.399096
2024-09-19 13:00:00,8.996676185,6.4007187
2024-09-19 13:15:00,5.946305161999999,6.295568
2024-09-19 13:30:00,10.51911379,6.322401
2024-09-19 13:45:00,6.215537017,6.2782207
2024-09-19 14:00:00,1.239089787,6.3685875
2024-09-19 14:15:00,5.415308166,6.4436574
2024-09-19 14:30:00,2.93551571,6.360602
2024-09-19 14:45:00,10.5863156,6.3513007
2024-09-19 15:00:00,5.730261403,6.2603073
2024-09-19 15:15:00,6.232313602,6.332258
2024-09-19 15:30:00,5.083316707,6.3438067
2024-09-19 15:45:00,6.652983761,6.361168
2024-09-19 16:00:00,2.035320457,6.3384457
2024-09-19 16:15:00,5.693380655,6.3847113
2024-09-19 16:30:00,7.912859493,6.323841
2024-09-19 16:45:00,4.966448923,6.2879605
2024-09-19 17:00:00,4.995221633,6.3328576
2024-09-19 17:15:00,10.00722538,6.336568
2024-09-19 17:30:00,6.91597203,6.278556
2024-09-19 17:45:00,7.556339340000001,6.3403687
2024-09-19 18:00:00,4.126056999,6.3550334
2024-09-19 18:15:00,6.164523516,6.4129977
2024-09-19 18:30:00,1.7576238,6.3750267
2024-09-19 18:45:00,5.57267827,6.4042535
2024-09-19 19:00:00,9.341323426,6.3329277
2024-09-19 19:15:00,2.706645204,6.2765265
2024-09-19 19:30:00,9.285479145,6.369695
2024-09-19 19:45:00,5.021028537,6.294816
2024-09-19 20:00:00,1.407414294,6.3556304
2024-09-19 20:15:00,11.08367704,6.3923388
2024-09-19 20:30:00,3.037120932,6.2729316
2024-09-19 20:45:00,4.631733566,6.37582
2024-09-19 21:00:00,6.096623321,6.3506613
2024-09-19 21:15:00,11.363872099999998,6.3192587
2024-09-19 21:30:00,7.14426609,6.2566996
2024-09-19 21:45:00,10.89062025,6.347527
2024-09-19 22:00:00,7.077963239,6.3216467
2024-09-19 22:15:00,3.300854983,6.4165454
2024-09-19 22:30:00,6.974030951,6.4875493
2024-09-19 22:45:00,2.235959984,6.408916
2024-09-19 23:00:00,2.367360358,6.437395
2024-09-19 23:15:00,2.299572847,6.3879385
2024-09-19 23:30:00,1.250016835,6.3348556
2024-09-19 23:45:00,2.740760845,6.2931905
2024-09-20 00:00:00,4.708582697,6.2449603
2024-09-20 00:15:00,1.893838034,6.2147055
2024-09-20 00:30:00,1.241681286,6.226931
2024-09-20 00:45:00,2.327291238,6.213995
2024-09-20 01:00:00,10.66805622,6.1890454
2024-09-20 01:15:00,6.792357126,6.1472034
2024-09-20 01:30:00,5.719817250000001,6.217436
2024-09-20 01:45:00,6.329083403,6.2743464
2024-09-20 02:00:00,6.55251594,6.292323
2024-09-20 02:15:00,2.282351041,6.306371
2024-09-20 02:30:00,7.334086764,6.3637743
2024-09-20 02:45:00,10.14586377,6.2996407
2024-09-20 03:00:00,6.731429834000001,6.26565
2024-09-20 03:15:00,10.55933385,6.344011
2024-09-20 03:30:00,2.6729353710000003,6.3147683
2024-09-20 03:45:00,9.272629814,6.463716
2024-09-20 04:00:00,8.091375132,6.3648863
2024-09-20 04:15:00,7.497335110999999,6.373996
2024-09-20 04:30:00,7.192308722999999,6.395893
2024-09-20 04:45:00,2.355723168,6.4083486
2024-09-20 05:00:00,7.907263470999999,6.471206
2024-09-20 05:15:00,5.206820822,6.371891
2024-09-20 05:30:00,1.7961835339999999,6.385917
2024-09-20 05:45:00,3.3322319229999997,6.4067955
2024-09-20 06:00:00,5.949200745000001,6.3491545
2024-09-20 06:15:00,11.56096948,6.2946386
2024-09-20 06:30:00,5.623665598,6.2306404
2024-09-20 06:45:00,2.6698934870000004,6.3428717
2024-09-20 07:00:00,10.25239365,6.397726
2024-09-20 07:15:00,1.551246106,6.297387
2024-09-20 07:30:00,2.453411174,6.4104686
2024-09-20 07:45:00,6.204470883,6.36915
2024-09-20 08:00:00,2.095141098,6.3000774
2024-09-20 08:15:00,6.966176643,6.3198156
2024-09-20 08:30:00,2.808346719,6.264793
2024-09-20 08:45:00,7.873253082,6.3012247
2024-09-20 09:00:00,2.305770993,6.2542157
2024-09-20 09:15:00,9.911271489,6.3183784
2024-09-20 09:30:00,8.625943696,6.246095
2024-09-20 09:45:00,10.94425163,6.277624
2024-09-20 10:00:00,1.89213111,6.2808805
2024-09-20 10:15:00,6.708477526000001,6.466373
2024-09-20 10:30:00,8.30170207,6.389008
2024-09-20 10:45:00,10.42380335,6.347779
2024-09-20 11:00:00,6.023727248,6.3217635
2024-09-20 11:15:00,11.40882009,6.4193106
2024-09-20 11:30:00,2.407139948,6.3479247
2024-09-20 11:45:00,5.742895856999999,6.512302
2024-09-20 12:00:00,3.8124299449999994,6.4401393
2024-09-20 12:15:00,2.774098694,6.4233637
2024-09-20 12:30:00,4.121804133,6.393382
2024-09-20 12:45:00,8.2457876,6.3393335
2024-09-20 13:00:00,6.0408137,6.2790537
2024-09-20 13:15:00,3.142706545,6.3091836
2024-09-20 13:30:00,1.4369319210000002,6.350968
2024-09-20 13:45:00,10.89014864,6.343083
2024-09-20 14:00:00,4.266861148,6.2411294
2024-09-20 14:15:00,2.453550334,6.3256683
2024-09-20 14:30:00,2.668029155,6.347894
2024-09-20 14:45:00,3.733039094,6.3173075
2024-09-20 15:00:00,3.524928838,6.279951
2024-09-20 15:15:00,3.9214310400000003,6.2632794
2024-09-20 15:30:00,3.409239084,6.2498355
2024-09-20 15:45:00,5.667929624,6.247402
2024-09-20 16:00:00,9.079851024,6.229607
2024-09-20 16:15:00,1.409816116,6.2117915
2024-09-20 16:30:00,3.2111468579999998,6.3256
2024-09-20 16:45:00,8.293127722,6.2969804
2024-09-20 17:00:00,2.669758834,6.2419367
2024-09-20 17:15:00,8.725775347,6.3085456
2024-09-20 17:30:00,6.564896081,6.25422
2024-09-20 17:45:00,10.28547225,6.2945504
2024-09-20 18:00:00,1.252204397,6.271769
2024-09-20 18:15:00,8.896517054,6.428988
2024-09-20 18:30:00,7.205379641,6.3275285
2024-09-20 18:45:00,5.974467826,6.342778
2024-09-20 19:00:00,2.664882255,6.3719797
2024-09-20 19:15:00,3.514417761,6.4093843
2024-09-20 19:30:00,9.102562416,6.3670573
2024-09-20 19:45:00,2.779990544,6.2865577
2024-09-20 20:00:00,6.353310142000001,6.360701
2024-09-20 20:15:00,3.223363637,6.315636
2024-09-20 20:30:00,6.413957389,6.339118
2024-09-20 20:45:00,3.839306869,6.296984
2024-09-20 21:00:00,4.750156912,6.3189564
2024-09-20 21:15:00,9.711535329,6.303195
2024-09-20 21:30:00,1.5490677600000002,6.2516603
2024-09-20 21:45:00,10.77068704,6.367524
2024-09-20 22:00:00,4.477450698,6.2672486
2024-09-20 22:15:00,7.393057657,6.358927
2024-09-20 22:30:00,3.483031955,6.3326416
2024-09-20 22:45:00,5.095056926,6.3827076
2024-09-20 23:00:00,5.882507192,6.3499117
2024-09-20 23:15:00,8.249004545,6.3263435
2024-09-20 23:30:00,9.912579164,6.297787
2024-09-20 23:45:00,10.10302849,6.2904143
2024-09-21 00:00:00,4.825872507,6.319676
2024-09-21 00:15:00,2.112432193,6.44654
2024-09-21 00:30:00,10.59719811,6.4744263
2024-09-21 00:45:00,1.4686651090000002,6.3357153
2024-09-21 01:00:00,9.979602567,6.4437137
2024-09-21 01:15:00,1.387405008,6.3248553
2024-09-21 01:30:00,11.294597580000001,6.423603
2024-09-21 01:45:00,1.251773104,6.295445
2024-09-21 02:00:00,1.295831419,6.4259543
2024-09-21 02:15:00,6.48347522,6.3859067
2024-09-21 02:30:00,8.036672189,6.2978873
2024-09-21 02:45:00,4.637671502,6.268154
2024-09-21 03:00:00,7.086255142,6.322036
2024-09-21 03:15:00,9.781887004,6.3036866
2024-09-21 03:30:00,9.06028133,6.2807283
2024-09-21 03:45:00,9.881733123,6.320028
2024-09-21 04:00:00,2.865985912,6.3428006
2024-09-21 04:15:00,3.467606503,6.4879193
2024-09-21 04:30:00,7.191095143,6.4513917
2024-09-21 04:45:00,8.604590777,6.365689
2024-09-21 05:00:00,2.205273861,6.3306446
2024-09-21 05:15:00,2.994314269,6.420921
2024-09-21 05:30:00,10.67192629,6.3816257
2024-09-21 05:45:00,1.3940876619999998,6.276509
2024-09-21 06:00:00,5.238436243,6.391988
2024-09-21 06:15:00,3.243437438,6.333459
2024-09-21 06:30:00,9.083303667,6.3292747
2024-09-21 06:45:00,10.03555934,6.2626963
2024-09-21 07:00:00,3.6715193079999997,6.260613
2024-09-21 07:15:00,7.263988323999999,6.389222
2024-09-21 07:30:00,9.860357948,6.349028
2024-09-21 07:45:00,7.381378949000001,6.3132834
2024-09-21 08:00:00,7.518324173999999,6.372495
2024-09-21 08:15:00,5.493055281,6.3909593
2024-09-21 08:30:00,8.072909922,6.4272976
2024-09-21 08:45:00,10.88509335,6.3834705
2024-09-21 09:00:00,4.204144271,6.338227
2024-09-21 09:15:00,3.2720296940000004,6.468991
2024-09-21 09:30:00,11.22827604,6.466573
2024-09-21 09:45:00,1.74666299,6.33265
2024-09-21 10:00:00,9.973930383,6.4603095
2024-09-21 10:15:00,10.349654,6.3409176
2024-09-21 10:30:00,3.456864722,6.3252754
2024-09-21 10:45:00,5.552914636,6.461545
2024-09-21 11:00:00,2.35041066,6.4201646
2024-09-21 11:15:00,4.901415235,6.4242024
2024-09-21 11:30:00,6.162395254,6.3570824
2024-09-21 11:45:00,6.452351055,6.318049
2024-09-21 12:00:00,2.5383516050000003,6.309984
2024-09-21 12:15:00,5.160234713,6.3535914
2024-09-21 12:30:00,7.744613954999999,6.3114076
2024-09-21 12:45:00,5.977924159999999,6.2767997
2024-09-21 13:00:00,9.858641475,6.3088255
2024-09-21 13:15:00,11.14444025,6.277957
2024-09-21 13:30:00,9.779383228,6.284058
2024-09-21 13:45:00,1.611898995,6.353189
2024-09-21 14:00:00,3.448029681,6.529132
2024-09-21 14:15:00,2.032872496,6.4614363
2024-09-21 14:30:00,5.620043143999999,6.4105697
2024-09-21 14:45:00,8.559932518,6.328504
2024-09-21 15:00:00,1.448196667,6.2789273
2024-09-21 15:15:00,4.047521454,6.3652864
2024-09-21 15:30:00,2.124071927,6.318743
2024-09-21 15:45:00,5.52213232,6.3055606
2024-09-21 16:00:00,10.97081222,6.258572
2024-09-21 16:15:00,5.308723449,6.2079353
2024-09-21 16:30:00,7.923587222,6.3125076
2024-09-21 16:45:00,5.212133474,6.307298
2024-09-21 17:00:00,8.523240562,6.360118
2024-09-21 17:15:00,8.926592814,6.3250356
2024-09-21 17:30:00,2.5214497,6.3308997
2024-09-21 17:45:00,8.186936781,6.4443684
2024-09-21 18:00:00,5.239840536,6.358328
2024-09-21 18:15:00,10.0328392,6.384861
2024-09-21 18:30:00,2.859933767,6.3204675
2024-09-21 18:45:00,10.07944233,6.43288
2024-09-21 19:00:00,6.339277706,6.332858
2024-09-21 19:15:00,3.7738085460000006,6.3865366
2024-09-21 19:30:00,4.837990606,6.4256825
2024-09-21 19:45:00,1.173894,6.388515
2024-09-21 20:00:00,10.57397707,6.390755
2024-09-21 20:15:00,3.369265712,6.2740173
2024-09-21 20:30:00,10.77392436,6.3562555
2024-09-21 20:45:00,9.849284636,6.2751966
2024-09-21 21:00:00,4.746484019,6.303092
2024-09-21 21:15:00,3.388208805,6.4237533
2024-09-21 21:30:00,5.546274841,6.4387407
2024-09-21 21:45:00,10.86039689,6.3799734
2024-09-21 22:00:00,10.11684493,6.296004
2024-09-21 22:15:00,6.149083669999999,6.318583
2024-09-21 22:30:00,6.771854071,6.4230676
2024-09-21 22:45:00,5.407785048,6.424755
2024-09-21 23:00:00,11.13447768,6.4347177
2024-09-21 23:15:00,11.18918521,6.340353
2024-09-21 23:30:00,3.8707058630000004,6.344105
2024-09-21 23:45:00,11.14181868,6.5107193
2024-09-22 00:00:00,11.20845082,6.3907156
2024-09-22 00:15:00,6.076456238,6.3808794
2024-09-22 00:30:00,5.4759878,6.5048876
2024-09-22 00:45:00,10.02282073,6.511482
2024-09-22 01:00:00,11.02929029,6.412219
2024-09-22 01:15:00,5.413198579,6.383098
2024-09-22 01:30:00,6.251958989,6.505282
2024-09-22 01:45:00,4.858935515,6.4841723
2024-09-22 02:00:00,3.199965074,6.473489
2024-09-22 02:15:00,11.50141382,6.4540963
2024-09-22 02:30:00,3.025135022,6.3199406
2024-09-22 02:45:00,9.759920111,6.435584
2024-09-22 03:00:00,5.313847578,6.341708
2024-09-22 03:15:00,1.957465471,6.4027667
2024-09-22 03:30:00,4.450908853,6.435292
2024-09-22 03:45:00,2.022041721,6.3671603
2024-09-22 04:00:00,11.1667301,6.349062
2024-09-22 04:15:00,3.845254652,6.2463627
2024-09-22 04:30:00,8.836588801,6.3423963
2024-09-22 04:45:00,5.525895661999999,6.2952237
2024-09-22 05:00:00,8.446624954,6.351185
2024-09-22 05:15:00,3.846522415,6.3249955
2024-09-22 05:30:00,2.109347107,6.3975844
2024-09-22 05:45:00,9.952391747,6.398706
2024-09-22 06:00:00,8.659587243,6.291125
2024-09-22 06:15:00,2.234269614,6.3057127
2024-09-22 06:30:00,8.763908151,6.4180355
2024-09-22 06:45:00,7.420978452,6.329633
2024-09-22 07:00:00,2.881184106,6.34316
2024-09-22 07:15:00,9.473194453,6.412322
2024-09-22 07:30:00,8.399369694,6.3211513
2024-09-22 07:45:00,6.345495376,6.3357663
2024-09-22 08:00:00,3.0952989920000005,6.388024
2024-09-22 08:15:00,6.849309275999999,6.4342494
2024-09-22 08:30:00,2.794569725,6.3646617
2024-09-22 08:45:00,3.082183392,6.3905907
2024-09-22 09:00:00,3.748387999,6.355532
2024-09-22 09:15:00,7.684093312999999,6.3151546
2024-09-22 09:30:00,8.002457096,6.2641096
2024-09-22 09:45:00,1.902619729,6.2681584
2024-09-22 10:00:00,7.892881676,6.3614526
2024-09-22 10:15:00,1.5063651619999998,6.29283
2024-09-22 10:30:00,10.44556292,6.3563585
2024-09-22 10:45:00,9.143904928,6.2591457
2024-09-22 11:00:00,8.71968733,6.2827797
2024-09-22 11:15:00,3.715193562,6.3275456
2024-09-22 11:30:00,11.252333319999998,6.4341273
2024-09-22 11:45:00,11.28475595,6.3273506
2024-09-22 12:00:00,6.485862488,6.3299575
2024-09-22 12:15:00,1.5526288230000003,6.456608
2024-09-22 12:30:00,6.53008071,6.5360446
2024-09-22 12:45:00,2.863434176,6.421157
2024-09-22 13:00:00,7.23847755,6.4196253
2024-09-22 13:15:00,11.155525349999998,6.340639
2024-09-22 13:30:00,8.881434895,6.279754
2024-09-22 13:45:00,4.387582615,6.3385534
2024-09-22 14:00:00,5.243396146,6.4439197
2024-09-22 14:15:00,10.99757118,6.422894
2024-09-22 14:30:00,2.300206946,6.326645
2024-09-22 14:45:00,10.36038677,6.4615726
2024-09-22 15:00:00,1.926981623,6.344044
2024-09-22 15:15:00,5.647050205999999,6.4537673
2024-09-22 15:30:00,8.984916515,6.382363
2024-09-22 15:45:00,5.34400691,6.319292
2024-09-22 16:00:00,7.090380144,6.3726563
2024-09-22 16:15:00,6.010778822,6.3546877
2024-09-22 16:30:00,7.115947243999999,6.369704
2024-09-22 16:45:00,3.051383838,6.3559117
2024-09-22 17:00:00,7.050777324999999,6.405324
2024-09-22 17:15:00,11.215765749999997,6.3417645
2024-09-22 17:30:00,3.173631016,6.28095
2024-09-22 17:45:00,1.864973504,6.424733
2024-09-22 18:00:00,5.281620492,6.4233704
2024-09-22 18:15:00,5.21847113,6.344931
2024-09-22 18:30:00,2.5313554770000004,6.318932
2024-09-22 18:45:00,6.940227555,6.3303423
2024-09-22 19:00:00,5.7986781039999995,6.2761016
2024-09-22 19:15:00,9.729847357,6.287827
2024-09-22 19:30:00,5.5110840240000005,6.2573624
2024-09-22 19:45:00,11.08164497,6.3423843
2024-09-22 20:00:00,8.882032019,6.2880583
2024-09-22 20:15:00,6.190862642,6.34959
2024-09-22 20:30:00,6.722542054999999,6.4286113
2024-09-22 20:45:00,10.32500533,6.425253
2024-09-22 21:00:00,9.106507825,6.363561
2024-09-22 21:15:00,8.010946829,6.3933463
2024-09-22 21:30:00,4.027766508,6.4340444
2024-09-22 21:45:00,5.222824487,6.5043893
2024-09-22 22:00:00,9.150905307,6.4562383
2024-09-22 22:15:00,7.674324812000001,6.3711214
2024-09-22 22:30:00,11.12484036,6.386142
2024-09-22 22:45:00,10.42866531,6.3420715
2024-09-22 23:00:00,5.67542591,6.3757668
2024-09-22 23:15:00,4.199841833,6.496744
2024-09-22 23:30:00,2.450165158,6.511455
2024-09-22 23:45:00,5.407591509,6.4834175
2024-09-23 00:00:00,3.3844588989999997,6.393137
2024-09-23 00:15:00,1.318408945,6.3734446
2024-09-23 00:30:00,2.5944559510000005,6.351926
2024-09-23 00:45:00,5.896871902,6.295929
2024-09-23 01:00:00,10.17779603,6.246504
2024-09-23 01:15:00,4.348583188,6.2090497
2024-09-23 01:30:00,5.686452514,6.3105807
2024-09-23 01:45:00,5.3443505,6.312744
2024-09-23 02:00:00,4.880394863,6.319407
2024-09-23 02:15:00,8.849533742,6.324346
2024-09-23 02:30:00,6.60747603,6.2813926
2024-09-23 02:45:00,5.382698413,6.326615
2024-09-23 03:00:00,10.75209515,6.3602853
2024-09-23 03:15:00,4.054275162,6.295839
2024-09-23 03:30:00,9.811409926,6.414615
2024-09-23 03:45:00,6.359283,6.3405905
2024-09-23 04:00:00,5.639537628,6.3979664
2024-09-23 04:15:00,1.819461454,6.4142265
2024-09-23 04:30:00,10.23903619,6.4424644
2024-09-23 04:45:00,3.9236292969999997,6.317235
2024-09-23 05:00:00,8.169039068,6.3901978
2024-09-23 05:15:00,10.3491256,6.3355494
2024-09-23 05:30:00,6.673899171,6.3070335
2024-09-23 05:45:00,7.730279621,6.3920135
2024-09-23 06:00:00,4.59418648,6.393918
2024-09-23 06:15:00,8.524050305,6.4421706
2024-09-23 06:30:00,8.406857583,6.3752937
2024-09-23 06:45:00,5.728995644000001,6.3718004
2024-09-23 07:00:00,7.947169287,6.4229407
2024-09-23 07:15:00,4.010148334,6.3892283
2024-09-23 07:30:00,7.92667993,6.4396296
2024-09-23 07:45:00,8.177853376,6.372118
2024-09-23 08:00:00,5.76740795,6.3598475
2024-09-23 08:15:00,3.6002528509999996,6.4032807
2024-09-23 08:30:00,9.142507653,6.42539
2024-09-23 08:45:00,8.964726047,6.3372297
2024-09-23 09:00:00,1.724819553,6.336157
2024-09-23 09:15:00,6.523328878,6.456397
2024-09-23 09:30:00,2.092531119,6.373869
2024-09-23 09:45:00,4.64652273,6.393196
2024-09-23 10:00:00,5.463006406,6.3345485
2024-09-23 10:15:00,3.104681849,6.303784
2024-09-23 10:30:00,6.069229678,6.3158445
2024-09-23 10:45:00,8.562978645,6.278596
2024-09-23 11:00:00,5.609483498,6.25572
2024-09-23 11:15:00,3.618162604,6.314597
2024-09-23 11:30:00,5.643674765000001,6.3504057
2024-09-23 11:45:00,7.258485396,6.3195257
2024-09-23 12:00:00,10.76166863,6.29755
2024-09-23 12:15:00,6.285354575000001,6.2648935
2024-09-23 12:30:00,10.70353316,6.366244
2024-09-23 12:45:00,11.55101983,6.325418
2024-09-23 13:00:00,7.154120704,6.332337
2024-09-23 13:15:00,2.690381682,6.4569855
2024-09-23 13:30:00,10.21821571,6.541084
2024-09-23 13:45:00,10.16824428,6.3972206
2024-09-23 14:00:00,10.37549288,6.37604
2024-09-23 14:15:00,10.92915287,6.38981
2024-09-23 14:30:00,4.13045286,6.4050975
2024-09-23 14:45:00,4.637597309,6.561299
2024-09-23 15:00:00,7.829293951,6.5257998
2024-09-23 15:15:00,7.120583087,6.432207
2024-09-23 15:30:00,9.857225766,6.4159713
2024-09-23 15:45:00,3.854819065,6.3687143
2024-09-23 16:00:00,8.120628331,6.470408
2024-09-23 16:15:00,10.96129201,6.397726
2024-09-23 16:30:00,3.4242728530000006,6.3423038
2024-09-23 16:45:00,4.429550765,6.4819174
2024-09-23 17:00:00,5.308949595,6.4484386
2024-09-23 17:15:00,2.086812949,6.3986917
2024-09-23 17:30:00,3.055960386,6.399251
2024-09-23 17:45:00,5.299987311,6.3458905
2024-09-23 18:00:00,1.8738178539999997,6.293847
2024-09-23 18:15:00,4.946917992,6.3032303
2024-09-23 18:30:00,3.600013836,6.260785
2024-09-23 18:45:00,9.877308993,6.26167
2024-09-23 19:00:00,7.506038718,6.212068
2024-09-23 19:15:00,10.46696669,6.2655005
2024-09-23 19:30:00,3.3307740779999997,6.264187
2024-09-23 19:45:00,1.980140865,6.4120545
2024-09-23 20:00:00,4.800358608,6.4158874
2024-09-23 20:15:00,1.7419736850000003,6.344901
2024-09-23 20:30:00,10.10150122,6.337151
2024-09-23 20:45:00,3.048686183,6.246701
2024-09-23 21:00:00,2.673429291,6.330824
2024-09-23 21:15:00,9.192516342,6.326861
2024-09-23 21:30:00,8.742517105,6.2541494
2024-09-23 21:45:00,1.7624604799999999,6.269067
2024-09-23 22:00:00,6.207884197,6.3894424
2024-09-23 22:15:00,5.862419415,6.3288927
2024-09-23 22:30:00,5.21251616,6.320539
2024-09-23 22:45:00,2.483976504,6.3278375
2024-09-23 23:00:00,9.270412437,6.3490043
2024-09-23 23:15:00,3.559286498,6.27026
2024-09-23 23:30:00,6.065189268000001,6.3417196
2024-09-23 23:45:00,10.24633899,6.3150964
2024-09-24 00:00:00,4.358468343,6.2678223
2024-09-24 00:15:00,1.534943011,6.373622
2024-09-24 00:30:00,10.18535458,6.402713
2024-09-24 00:45:00,6.132573557,6.2884703
2024-09-24 01:00:00,6.243221812,6.337839
2024-09-24 01:15:00,6.757963163,6.35096
2024-09-24 01:30:00,2.952578427,6.349022
2024-09-24 01:45:00,8.698942484,6.3954883
2024-09-24 02:00:00,3.536025174,6.316129
2024-09-24 02:15:00,4.383042997,6.376485
2024-09-24 02:30:00,7.540087901,6.354406
2024-09-24 02:45:00,8.575356488,6.3057494
2024-09-24 03:00:00,8.740060137,6.296838
2024-09-24 03:15:00,2.091718049,6.3176293
2024-09-24 03:30:00,9.063298519,6.4361286
2024-09-24 03:45:00,8.569047419,6.3372827
2024-09-24 04:00:00,7.466253550999999,6.337527
2024-09-24 04:15:00,11.21428093,6.373511
2024-09-24 04:30:00,4.517566242,6.331311
2024-09-24 04:45:00,8.296414158,6.469864
2024-09-24 05:00:00,7.108942044,6.4118805
2024-09-24 05:15:00,5.119635568,6.4197354
2024-09-24 05:30:00,9.280602259,6.4440956
2024-09-24 05:45:00,5.31469923,6.3715153
2024-09-24 06:00:00,6.903940668,6.4274616
2024-09-24 06:15:00,7.268333648,6.399702
2024-09-24 06:30:00,6.390302346,6.385345
2024-09-24 06:45:00,5.905770817999999,6.3957624
2024-09-24 07:00:00,2.861168904,6.398239
2024-09-24 07:15:00,3.7047937939999995,6.4208045
2024-09-24 07:30:00,2.437586393,6.375144
2024-09-24 07:45:00,8.585570488,6.346369
2024-09-24 08:00:00,8.482765687,6.268548
2024-09-24 08:15:00,7.799813424,6.2713776
2024-09-24 08:30:00,10.57594898,6.3097053
2024-09-24 08:45:00,3.887239071,6.2985983
2024-09-24 09:00:00,9.399600066,6.438443
2024-09-24 09:15:00,3.169139839,6.3626623
2024-09-24 09:30:00,1.886457081,6.45003
2024-09-24 09:45:00,1.187142456,6.4317875
2024-09-24 10:00:00,7.338074053,6.373997
2024-09-24 10:15:00,9.328553897,6.282101
2024-09-24 10:30:00,9.427833293,6.2503643
2024-09-24 10:45:00,6.262568642999999,6.2740264
2024-09-24 11:00:00,1.722310409,6.361641
2024-09-24 11:15:00,1.5112704859999997,6.4330263
2024-09-24 11:30:00,10.80816892,6.3873506
2024-09-24 11:45:00,2.146666722,6.2671456
2024-09-24 12:00:00,9.386614486,6.3642993
2024-09-24 12:15:00,1.853746567,6.2840877
2024-09-24 12:30:00,3.007444043,6.377346
2024-09-24 12:45:00,2.99191138,6.341936
2024-09-24 13:00:00,4.014625608,6.3071995
2024-09-24 13:15:00,5.32946135,6.273941
2024-09-24 13:30:00,2.403050286,6.2530026
2024-09-24 13:45:00,11.281883639999998,6.2751184
2024-09-24 14:00:00,1.17577413,6.2024446
2024-09-24 14:15:00,9.138201544,6.341399
2024-09-24 14:30:00,6.654122551,6.263932
2024-09-24 14:45:00,2.113761654,6.302846
2024-09-24 15:00:00,2.361382884,6.37241
2024-09-24 15:15:00,7.263288412,6.3420486
2024-09-24 15:30:00,4.350723191,6.2737293
2024-09-24 15:45:00,5.846678552,6.298843
2024-09-24 16:00:00,6.749651175000001,6.2871847
2024-09-24 16:15:00,7.0032332109999995,6.2840157
2024-09-24 16:30:00,6.95220718,6.296024
2024-09-24 16:45:00,1.879010372,6.3155084
2024-09-24 17:00:00,8.896299983,6.3868675
2024-09-24 17:15:00,4.357142948,6.298247
2024-09-24 17:30:00,2.358185473,6.35082
2024-09-24 17:45:00,2.186196573,6.3640027
2024-09-24 18:00:00,3.496610114,6.3295636
2024-09-24 18:15:00,7.453550244,6.2836647
2024-09-24 18:30:00,5.864438607,6.2386594
2024-09-24 18:45:00,2.350413263,6.2640834
2024-09-24 19:00:00,1.494140536,6.312005
2024-09-24 19:15:00,1.387480371,6.2980185
2024-09-24 19:30:00,5.393361281,6.2606845
2024-09-24 19:45:00,9.134020531,6.2150793
2024-09-24 20:00:00,6.9931931259999995,6.1900353
2024-09-24 20:15:00,9.802869754,6.2457814
2024-09-24 20:30:00,4.452771488,6.2501025
2024-09-24 20:45:00,2.5206370720000004,6.36657
2024-09-24 21:00:00,9.936271178,6.3926964
2024-09-24 21:15:00,8.46794004,6.292729
2024-09-24 21:30:00,7.154174413,6.3145876
2024-09-24 21:45:00,10.63276533,6.362308
2024-09-24 22:00:00,7.746828823999999,6.328887
2024-09-24 22:15:00,6.524846519,6.4023075
2024-09-24 22:30:00,6.178956061,6.442326
2024-09-24 22:45:00,7.381382076999999,6.442718
2024-09-24 23:00:00,6.369038027,6.410497
2024-09-24 23:15:00,3.9730661889999994,6.415178
2024-09-24 23:30:00,11.06836297,6.435472
2024-09-24 23:45:00,11.03017653,6.325226
2024-09-25 00:00:00,2.874404045,6.3254023
2024-09-25 00:15:00,6.489948937,6.4995513
2024-09-25 00:30:00,9.38193235,6.432074
2024-09-25 00:45:00,1.764724094,6.365825
2024-09-25 01:00:00,2.420278485,6.4719396
2024-09-25 01:15:00,6.762736807,6.419947
2024-09-25 01:30:00,1.445917097,6.331189
2024-09-25 01:45:00,10.00899736,6.357453
2024-09-25 02:00:00,9.989119255,6.261628
2024-09-25 02:15:00,9.047447043,6.2636585
2024-09-25 02:30:00,9.7499025,6.317369
2024-09-25 02:45:00,8.107278921,6.3460894
2024-09-25 03:00:00,2.6873776910000005,6.407971
2024-09-25 03:15:00,1.421502561,6.508423
2024-09-25 03:30:00,10.04034126,6.473746
2024-09-25 03:45:00,8.548339264,6.329741
2024-09-25 04:00:00,5.166822863,6.330487
2024-09-25 04:15:00,9.491366747,6.397908
2024-09-25 04:30:00,1.711926845,6.342585
2024-09-25 04:45:00,4.435236838,6.457122
2024-09-25 05:00:00,4.776080081,6.39255
2024-09-25 05:15:00,2.207672075,6.352034
2024-09-25 05:30:00,8.878429229,6.3490124
2024-09-25 05:45:00,9.171076001,6.2689447
2024-09-25 06:00:00,7.089790624,6.268049
2024-09-25 06:15:00,5.534679977,6.3299594
2024-09-25 06:30:00,7.399425526,6.3761463
2024-09-25 06:45:00,10.11368566,6.355152
2024-09-25 07:00:00,4.662731295,6.321209
2024-09-25 07:15:00,4.68852631,6.4265375
2024-09-25 07:30:00,7.39370232,6.421858
2024-09-25 07:45:00,8.275614374,6.3660817
2024-09-25 08:00:00,5.894733248999999,6.3466797
2024-09-25 08:15:00,9.966002915,6.390039
2024-09-25 08:30:00,5.000196039,6.337872
2024-09-25 08:45:00,7.813895707,6.4263206
2024-09-25 09:00:00,8.194115067,6.3869147
2024-09-25 09:15:00,4.227396356,6.3775983
2024-09-25 09:30:00,1.338341464,6.4408183
2024-09-25 09:45:00,9.701409362,6.447469
2024-09-25 10:00:00,6.3378076089999995,6.3196115
2024-09-25 10:15:00,2.18853245,6.3484807
2024-09-25 10:30:00,11.5300998,6.401244
2024-09-25 10:45:00,4.238343263,6.281854
2024-09-25 11:00:00,5.94519521,6.3873763
2024-09-25 11:15:00,6.101100938,6.368845
2024-09-25 11:30:00,4.858988926,6.3577633
2024-09-25 11:45:00,2.764217663,6.36657
2024-09-25 12:00:00,8.331921712,6.373185
2024-09-25 12:15:00,2.96251283,6.2968636
2024-09-25 12:30:00,8.651911888,6.3533983
2024-09-25 12:45:00,9.334573699,6.2887597
2024-09-25 13:00:00,1.37200146,6.2867894
2024-09-25 13:15:00,9.040994782,6.4217463
2024-09-25 13:30:00,7.549983489,6.3207874
2024-09-25 13:45:00,3.2547344950000006,6.3346877
2024-09-25 14:00:00,7.472339154,6.4040456
2024-09-25 14:15:00,5.346563086,6.3423114
2024-09-25 14:30:00,2.100635029,6.361185
2024-09-25 14:45:00,6.702018837,6.387373
2024-09-25 15:00:00,11.44797466,6.3157887
2024-09-25 15:15:00,7.928048277,6.25215
2024-09-25 15:30:00,4.630671911,6.332248
2024-09-25 15:45:00,6.795215371000001,6.415487
2024-09-25 16:00:00,8.807561372,6.383107
2024-09-25 16:15:00,2.7112352920000005,6.348395
2024-09-25 16:30:00,6.423388041999999,6.4397583
2024-09-25 16:45:00,6.453192566,6.3742843
2024-09-25 17:00:00,5.174456627,6.3551826
2024-09-25 17:15:00,8.808104324,6.3659506
2024-09-25 17:30:00,6.965608281,6.3182526
2024-09-25 17:45:00,8.176143996,6.3531156
2024-09-25 18:00:00,7.319347217,6.3516665
2024-09-25 18:15:00,9.385282412,6.378267
2024-09-25 18:30:00,7.843874371999999,6.3590717
2024-09-25 18:45:00,8.261388039,6.4000735
2024-09-25 19:00:00,3.437067717,6.4079723
2024-09-25 19:15:00,9.764754366,6.4863343
2024-09-25 19:30:00,2.805808028,6.3769603
2024-09-25 19:45:00,4.749483182,6.464072
2024-09-25 20:00:00,10.31663198,6.410397
2024-09-25 20:15:00,2.252792923,6.3160524
2024-09-25 20:30:00,10.376924,6.4268084
2024-09-25 20:45:00,6.022532891,6.3181415
2024-09-25 21:00:00,3.099582615,6.3790283
2024-09-25 21:15:00,8.753834015,6.420708
2024-09-25 21:30:00,3.99507913,6.3342047
2024-09-25 21:45:00,8.452593257,6.3881245
2024-09-25 22:00:00,9.360136341,6.3288054
2024-09-25 22:15:00,6.933739042,6.319149
2024-09-25 22:30:00,9.004352259,6.3805294
2024-09-25 22:45:00,10.52408146,6.3664365
2024-09-25 23:00:00,6.791153867,6.355284
2024-09-25 23:15:00,2.8411417900000004,6.4470363
2024-09-25 23:30:00,8.386413499,6.5109997
2024-09-25 23:45:00,5.563999638,6.4007072
2024-09-26 00:00:00,6.630082949,6.415843
2024-09-26 00:15:00,7.441428508,6.390355
2024-09-26 00:30:00,8.487825501,6.370684
2024-09-26 00:45:00,7.555426547999999,6.3576407
2024-09-26 01:00:00,3.4939587949999997,6.383559
2024-09-26 01:15:00,8.722269042,6.449266
2024-09-26 01:30:00,9.112565844,6.3635254
2024-09-26 01:45:00,1.590562946,6.3498116
2024-09-26 02:00:00,4.359189107,6.4712358
2024-09-26 02:15:00,11.102071550000002,6.4026356
2024-09-26 02:30:00,3.003888447,6.2946963
2024-09-26 02:45:00,2.986935301,6.4101467
2024-09-26 03:00:00,6.848052505,6.3933177
2024-09-26 03:15:00,4.948856111,6.323318
2024-09-26 03:30:00,7.983976377,6.331799
2024-09-26 03:45:00,3.818843767,6.29798
2024-09-26 04:00:00,5.325393902,6.3566575
2024-09-26 04:15:00,11.11076594,6.335008
2024-09-26 04:30:00,5.195491341,6.264048
2024-09-26 04:45:00,2.108483359,6.371116
2024-09-26 05:00:00,8.978867792,6.415775
2024-09-26 05:15:00,7.066218353000001,6.316265
2024-09-26 05:30:00,5.940187485,6.335011
2024-09-26 05:45:00,10.65846981,6.363503
2024-09-26 06:00:00,2.705572631,6.3066154
2024-09-26 06:15:00,6.279052818,6.4439206
2024-09-26 06:30:00,3.032278365,6.385441
2024-09-26 06:45:00,1.9617061630000001,6.39863
2024-09-26 07:00:00,5.664823762,6.370832
2024-09-26 07:15:00,11.10832606,6.301903
2024-09-26 07:30:00,8.364610361,6.235698
2024-09-26 07:45:00,3.563549024,6.2974534
2024-09-26 08:00:00,5.915349145,6.4034233
2024-09-26 08:15:00,9.565682755,6.368455
2024-09-26 08:30:00,3.2190613,6.312528
2024-09-26 08:45:00,3.186703317,6.4107046
2024-09-26 09:00:00,3.1187579839999997,6.392906
2024-09-26 09:15:00,7.248969412,6.3543797
2024-09-26 09:30:00,1.484062989,6.289992
2024-09-26 09:45:00,7.145389755999999,6.3373785
2024-09-26 10:00:00,9.727117476,6.2729416
2024-09-26 10:15:00,9.295895175,6.2454805
2024-09-26 10:30:00,8.086310027,6.281419
2024-09-26 10:45:00,3.471919007,6.342977
2024-09-26 11:00:00,9.681613411,6.4387527
2024-09-26 11:15:00,11.24817908,6.346854
2024-09-26 11:30:00,3.0829751170000006,6.319879
2024-09-26 11:45:00,10.28129546,6.487353
2024-09-26 12:00:00,10.03696047,6.375893
2024-09-26 12:15:00,11.14721052,6.371697
2024-09-26 12:30:00,4.347086125,6.373384
2024-09-26 12:45:00,10.74947997,6.5298157
2024-09-26 13:00:00,3.019993022,6.4166017
2024-09-26 13:15:00,2.9791638029999996,6.5336843
2024-09-26 13:30:00,2.309153657,6.4911556
2024-09-26 13:45:00,5.735950747,6.4298697
2024-09-26 14:00:00,1.285416377,6.343955
2024-09-26 14:15:00,5.154206585,6.3494167
2024-09-26 14:30:00,7.644141017,6.2867413
2024-09-26 14:45:00,1.9926964619999998,6.252755
2024-09-26 15:00:00,9.723072372,6.318154
2024-09-26 15:15:00,4.174702666,6.245198
2024-09-26 15:30:00,1.7071080070000002,6.322974
2024-09-26 15:45:00,4.967541441,6.347585
2024-09-26 16:00:00,2.6644851920000003,6.293306
2024-09-26 16:15:00,9.104959615,6.293624
2024-09-26 16:30:00,4.688460592,6.2330446
2024-09-26 16:45:00,2.434844885,6.295216
2024-09-26 17:00:00,5.603022639999999,6.3255577
2024-09-26 17:15:00,5.845562680999999,6.2832575
2024-09-26 17:30:00,4.064808059,6.2768893
2024-09-26 17:45:00,4.559250166,6.300355
2024-09-26 18:00:00,9.182352917,6.29363
2024-09-26 18:15:00,7.783781459,6.2493725
2024-09-26 18:30:00,3.291499051,6.288084
2024-09-26 18:45:00,11.5281115,6.375088
2024-09-26 19:00:00,4.256782902,6.2773666
2024-09-26 19:15:00,6.734061258,6.398729
2024-09-26 19:30:00,6.961806899,6.3715878
2024-09-26 19:45:00,3.1951369679999995,6.3630824
2024-09-26 20:00:00,4.080490509,6.408664
2024-09-26 20:15:00,5.932422646,6.373111
2024-09-26 20:30:00,3.8931706810000004,6.327934
2024-09-26 20:45:00,4.256350394,6.335941
2024-09-26 21:00:00,7.412325166,6.3182883
2024-09-26 21:15:00,8.542035145,6.2787423
2024-09-26 21:30:00,9.459446872,6.274723
2024-09-26 21:45:00,2.3722669,6.289503
2024-09-26 22:00:00,8.967289532,6.4245405
2024-09-26 22:15:00,10.9125702,6.335759
2024-09-26 22:30:00,7.071580226,6.303727
2024-09-26 22:45:00,7.545372997,6.397475
2024-09-26 23:00:00,11.039503929999999,6.411683
2024-09-26 23:15:00,10.15336663,6.3598995
2024-09-26 23:30:00,6.701785326000001,6.3925114
2024-09-26 23:45:00,9.062516284,6.4856815
2024-09-27 00:00:00,3.043430933,6.44779
2024-09-27 00:15:00,5.583023495,6.5375705
2024-09-27 00:30:00,8.414658371,6.4612894
2024-09-27 00:45:00,4.341703777,6.3847456
2024-09-27 01:00:00,5.91863348,6.4277134
2024-09-27 01:15:00,2.840698813,6.3907776
2024-09-27 01:30:00,10.25039794,6.40298
2024-09-27 01:45:00,10.74205996,6.300064
2024-09-27 02:00:00,6.265908761999999,6.29188
2024-09-27 02:15:00,3.138486511,6.4021187
2024-09-27 02:30:00,8.206495107,6.45895
2024-09-27 02:45:00,3.275017415,6.369341
2024-09-27 03:00:00,3.616956994,6.4159627
2024-09-27 03:15:00,10.96995231,6.384356
2024-09-27 03:30:00,2.220290948,6.2817097
2024-09-27 03:45:00,5.224322627,6.401897
2024-09-27 04:00:00,6.900168947000001,6.354413
2024-09-27 04:15:00,2.313284086,6.318636
2024-09-27 04:30:00,1.615441448,6.364345
2024-09-27 04:45:00,6.8025964740000004,6.338879
2024-09-27 05:00:00,2.326787215,6.268243
2024-09-27 05:15:00,3.7441512700000006,6.296758
2024-09-27 05:30:00,6.195070795,6.271043
2024-09-27 05:45:00,4.667604496,6.2437778
2024-09-27 06:00:00,8.58604264,6.2648315
2024-09-27 06:15:00,11.071797739999997,6.239871
2024-09-27 06:30:00,9.009239909,6.2329974
2024-09-27 06:45:00,11.127436269999999,6.3130593
2024-09-27 07:00:00,5.164826327,6.324519
2024-09-27 07:15:00,4.405720162,6.472203
2024-09-27 07:30:00,3.26876463,6.481465
2024-09-27 07:45:00,10.31219073,6.4540825
2024-09-27 08:00:00,4.976754384,6.3328996
2024-09-27 08:15:00,8.266788768,6.3992066
2024-09-27 08:30:00,8.276757042,6.3567834
2024-09-27 08:45:00,1.729018862,6.359414
2024-09-27 09:00:00,10.66051551,6.4599953
2024-09-27 09:15:00,6.243789135,6.329341
2024-09-27 09:30:00,3.50367693,6.3848467
2024-09-27 09:45:00,11.01949436,6.4254704
2024-09-27 10:00:00,8.870280294,6.315474
2024-09-27 10:15:00,7.413215071,6.350823
2024-09-27 10:30:00,11.116119420000002,6.402984
2024-09-27 10:45:00,9.110285961,6.35711
2024-09-27 11:00:00,2.44901946,6.4130645
2024-09-27 11:15:00,11.5073124,6.546878
2024-09-27 11:30:00,7.203126675999999,6.3853645
2024-09-27 11:45:00,4.279706988,6.4395614
2024-09-27 12:00:00,9.211699365,6.4872694
2024-09-27 12:15:00,1.693309643,6.3938327
2024-09-27 12:30:00,7.699109197000001,6.484322
2024-09-27 12:45:00,2.730312147,6.378138
2024-09-27 13:00:00,2.061220371,6.4097033
2024-09-27 13:15:00,4.835099359,6.3776097
2024-09-27 13:30:00,4.830709969,6.3124766
2024-09-27 13:45:00,7.18769859,6.290462
2024-09-27 14:00:00,7.174769947,6.265298
2024-09-27 14:15:00,7.96714713,6.278629
2024-09-27 14:30:00,2.856827749,6.2921505
2024-09-27 14:45:00,10.13979898,6.3789845
2024-09-27 15:00:00,9.761415903,6.2920756
2024-09-27 15:15:00,3.478480731,6.305121
2024-09-27 15:30:00,5.89649283,6.4350705
2024-09-27 15:45:00,6.410850813,6.395385
2024-09-27 16:00:00,10.92524757,6.3699446
2024-09-27 16:15:00,10.80569207,6.304935
2024-09-27 16:30:00,1.9241130389999999,6.3242517
2024-09-27 16:45:00,11.085150310000001,6.512608
2024-09-27 17:00:00,1.818666683,6.367303
2024-09-27 17:15:00,6.822755171999999,6.492677
2024-09-27 17:30:00,4.321094399,6.398758
2024-09-27 17:45:00,5.111265756,6.398593
2024-09-27 18:00:00,7.661563415000001,6.366857
2024-09-27 18:15:00,7.1437542810000005,6.3225846
2024-09-27 18:30:00,2.8363561970000006,6.3317657
2024-09-27 18:45:00,11.127559389999998,6.393294
2024-09-27 19:00:00,1.464254377,6.2880354
2024-09-27 19:15:00,4.801767545,6.424282
2024-09-27 19:30:00,9.115176717,6.364317
2024-09-27 19:45:00,9.891560364,6.295464
2024-09-27 20:00:00,9.373064946,6.2918186
2024-09-27 20:15:00,4.876690424,6.3333488
2024-09-27 20:30:00,8.098559217,6.440982
2024-09-27 20:45:00,9.089652046,6.3945136
2024-09-27 21:00:00,7.212260928,6.3746114
2024-09-27 21:15:00,8.191551199,6.4160886
2024-09-27 21:30:00,6.748259005,6.4083023
2024-09-27 21:45:00,1.793905543,6.4335947
2024-09-27 22:00:00,4.050217269,6.491742
2024-09-27 22:15:00,8.523639423,6.414146
2024-09-27 22:30:00,3.72960433,6.326503
2024-09-27 22:45:00,5.895251794,6.3749747
2024-09-27 23:00:00,6.870126727999999,6.3407044
2024-09-27 23:15:00,8.104555798,6.321604
2024-09-27 23:30:00,3.8322882159999994,6.31222
2024-09-27 23:45:00,7.411429166,6.382303
2024-09-28 00:00:00,7.574852068,6.3359175
2024-09-28 00:15:00,10.22128536,6.3331866
2024-09-28 00:30:00,6.95215318,6.3094735
2024-09-28 00:45:00,4.251258536,6.388732
2024-09-28 01:00:00,6.659238555,6.44376
2024-09-28 01:15:00,2.308743818,6.39441
2024-09-28 01:30:00,7.650261054,6.425234
2024-09-28 01:45:00,10.57727337,6.33774
2024-09-28 02:00:00,6.823610867,6.2888637
2024-09-28 02:15:00,4.205063994,6.3694124
2024-09-28 02:30:00,5.42286165,6.424916
2024-09-28 02:45:00,10.79920064,6.3929243
2024-09-28 03:00:00,9.720586255,6.3088584
2024-09-28 03:15:00,9.65129914,6.3360143
2024-09-28 03:30:00,6.929066687,6.3716908
2024-09-28 03:45:00,5.423970946,6.4495335
2024-09-28 04:00:00,2.558813156,6.4779735
2024-09-28 04:15:00,11.27842976,6.487423
2024-09-28 04:30:00,3.075615974,6.3399305
2024-09-28 04:45:00,3.9709215369999997,6.445629
2024-09-28 05:00:00,8.829876648,6.4121785
2024-09-28 05:15:00,4.696755957,6.327898
2024-09-28 05:30:00,7.612941507,6.3757567
2024-09-28 05:45:00,9.116778537,6.3389874
2024-09-28 06:00:00,6.934511375,6.3219495
2024-09-28 06:15:00,6.213321401,6.3744993
2024-09-28 06:30:00,1.718765974,6.398968
2024-09-28 06:45:00,6.549046699000001,6.446712
2024-09-28 07:00:00,5.774793202,6.3570056
2024-09-28 07:15:00,10.2416842,6.342372
2024-09-28 07:30:00,5.73644212,6.2870345
2024-09-28 07:45:00,7.792104035999999,6.370951
2024-09-28 08:00:00,9.401507666,6.3577304
2024-09-28 08:15:00,6.201953421,6.3423457
2024-09-28 08:30:00,3.9140222430000002,6.411693
2024-09-28 08:45:00,10.97213798,6.446019
2024-09-28 09:00:00,10.28843447,6.333798
2024-09-28 09:15:00,10.27347,6.343729
2024-09-28 09:30:00,4.100140704,6.3758855
2024-09-28 09:45:00,4.426793301,6.5174346
2024-09-28 10:00:00,10.34069888,6.4906964
2024-09-28 10:15:00,2.435010916,6.3715487
2024-09-28 10:30:00,7.982490323000001,6.4754963
2024-09-28 10:45:00,4.116829613,6.3811646
2024-09-28 11:00:00,8.425483434,6.4102883
2024-09-28 11:15:00,9.734293124,6.3433013
2024-09-28 11:30:00,5.249627668,6.323188
2024-09-28 11:45:00,2.751961687,6.413978
2024-09-28 12:00:00,8.359800223,6.4427967
2024-09-28 12:15:00,1.7301763620000001,6.3475795
2024-09-28 12:30:00,1.319913698,6.4102383
2024-09-28 12:45:00,10.20878226,6.3701024
2024-09-28 13:00:00,9.832202371,6.2614927
2024-09-28 13:15:00,6.959509664,6.261919
2024-09-28 13:30:00,7.914144058000001,6.3422136
2024-09-28 13:45:00,10.93045961,6.3564425
2024-09-28 14:00:00,1.827515087,6.3260865
2024-09-28 14:15:00,3.4078538470000006,6.4988747
2024-09-28 14:30:00,9.102493647,6.4437757
2024-09-28 14:45:00,3.814754983,6.3367376
2024-09-28 15:00:00,3.1952393070000005,6.391709
2024-09-28 15:15:00,5.949536871,6.380679
2024-09-28 15:30:00,8.37151253,6.325535
2024-09-28 15:45:00,3.3783356950000005,6.289392
2024-09-28 16:00:00,5.476739153,6.360682
2024-09-28 16:15:00,6.226463914000001,6.3318048
2024-09-28 16:30:00,2.9086352429999995,6.3153763
2024-09-28 16:45:00,6.203739214,6.348251
2024-09-28 17:00:00,9.843246438,6.3028064
2024-09-28 17:15:00,8.98288427,6.2610145
2024-09-28 17:30:00,6.46616798,6.297318
2024-09-28 17:45:00,2.379030303,6.373278
2024-09-28 18:00:00,1.384853458,6.4387736
2024-09-28 18:15:00,1.909247373,6.404668
2024-09-28 18:30:00,9.040824004,6.337841
2024-09-28 18:45:00,8.392277377,6.2507834
2024-09-28 19:00:00,8.951858935,6.2576766
2024-09-28 19:15:00,4.265131754,6.2821326
2024-09-28 19:30:00,2.131107079,6.383554
2024-09-28 19:45:00,8.750096261,6.402346
2024-09-28 20:00:00,10.72564146,6.3065343
2024-09-28 20:15:00,5.859423475,6.2754917
2024-09-28 20:30:00,8.863921416,6.382574
2024-09-28 20:45:00,8.430272609,6.3584604
2024-09-28 21:00:00,9.903953757,6.376945
2024-09-28 21:15:00,1.440987062,6.3702126
2024-09-28 21:30:00,11.29237741,6.5234795
2024-09-28 21:45:00,10.30910538,6.363017
2024-09-28 22:00:00,10.26264236,6.3605704
2024-09-28 22:15:00,11.758909609999998,6.3874617
2024-09-28 22:30:00,7.609242096000001,6.3871646
2024-09-28 22:45:00,2.042052795,6.503409
2024-09-28 23:00:00,9.499850751,6.6031156
2024-09-28 23:15:00,2.614570407,6.441619
2024-09-28 23:30:00,8.784650797,6.5022926
2024-09-28 23:45:00,5.298048643,6.3877873
2024-09-29 00:00:00,1.237787766,6.4140544
2024-09-29 00:15:00,5.75992505,6.4417286
2024-09-29 00:30:00,9.302218097,6.351593
2024-09-29 00:45:00,2.037996427,6.289356
2024-09-29 01:00:00,1.168825724,6.3852315
2024-09-29 01:15:00,5.591841292,6.3630247
2024-09-29 01:30:00,1.105577431,6.2880893
2024-09-29 01:45:00,11.130844359999998,6.2986336
2024-09-29 02:00:00,9.513778956,6.2113957
2024-09-29 02:15:00,7.981128176,6.241857
2024-09-29 02:30:00,1.368841075,6.312818
2024-09-29 02:45:00,7.287772514,6.4354515
2024-09-29 03:00:00,7.981296592,6.3452916
2024-09-29 03:15:00,6.977265872,6.3220882
2024-09-29 03:30:00,10.69159109,6.3470507
2024-09-29 03:45:00,9.659737232,6.30918
2024-09-29 04:00:00,4.674425896,6.3519344
2024-09-29 04:15:00,8.254957265,6.4702487
2024-09-29 04:30:00,5.896895947,6.4119983
2024-09-29 04:45:00,10.45566464,6.4359784
2024-09-29 05:00:00,7.376886565,6.361185
2024-09-29 05:15:00,7.140017697,6.4181347
2024-09-29 05:30:00,6.381261719000001,6.4332695
2024-09-29 05:45:00,4.961615623,6.4407907
2024-09-29 06:00:00,2.699449681,6.4463673
2024-09-29 06:15:00,3.9970471579999995,6.44274
2024-09-29 06:30:00,4.596064412,6.382276
2024-09-29 06:45:00,2.705187625,6.33894
2024-09-29 07:00:00,9.284425313,6.329701
2024-09-29 07:15:00,1.216217739,6.256106
2024-09-29 07:30:00,10.77386682,6.34685
2024-09-29 07:45:00,2.5318993070000007,6.249807
2024-09-29 08:00:00,1.674478873,6.3589015
2024-09-29 08:15:00,11.40935881,6.351001
2024-09-29 08:30:00,11.62053169,6.2420073
2024-09-29 08:45:00,3.009665198,6.241782
2024-09-29 09:00:00,2.473375364,6.430688
2024-09-29 09:15:00,3.14152263,6.4273634
2024-09-29 09:30:00,6.378536859,6.371594
2024-09-29 09:45:00,4.388688753,6.3064923
2024-09-29 10:00:00,4.664899734,6.3140993
2024-09-29 10:15:00,9.545921366,6.305484
2024-09-29 10:30:00,10.67731742,6.2553253
2024-09-29 10:45:00,11.789397310000002,6.2590823
2024-09-29 11:00:00,6.299712776000001,6.2837486
2024-09-29 11:15:00,3.709351721,6.439731
2024-09-29 11:30:00,6.915208491999999,6.4953547
2024-09-29 11:45:00,10.16224122,6.4193687
2024-09-29 12:00:00,1.4352702719999997,6.3504195
2024-09-29 12:15:00,10.3703808,6.4838843
2024-09-29 12:30:00,3.5130300360000004,6.3484488
2024-09-29 12:45:00,4.274039496,6.4302597
2024-09-29 13:00:00,4.934984511,6.4012933
2024-09-29 13:15:00,10.55071504,6.36321
2024-09-29 13:30:00,2.980719326,6.2844214
2024-09-29 13:45:00,3.386500967,6.398409
2024-09-29 14:00:00,8.746752403,6.3799353
2024-09-29 14:15:00,10.61672804,6.300707
2024-09-29 14:30:00,2.241809163,6.276538
2024-09-29 14:45:00,6.746146307,6.431121
2024-09-29 15:00:00,10.67489138,6.3658104
2024-09-29 15:15:00,10.39324573,6.301962
2024-09-29 15:30:00,11.161364789999999,6.323566
2024-09-29 15:45:00,10.16681174,6.348222
2024-09-29 16:00:00,4.57186338,6.4083185
2024-09-29 16:15:00,3.227122019,6.545724
2024-09-29 16:30:00,10.68067748,6.538303
2024-09-29 16:45:00,8.657050523,6.3860745
2024-09-29 17:00:00,4.968316687,6.397231
2024-09-29 17:15:00,8.71593964,6.4675913
2024-09-29 17:30:00,4.37628557,6.4018445
2024-09-29 17:45:00,7.461376165999999,6.455976
2024-09-29 18:00:00,3.5799901599999995,6.396707
2024-09-29 18:15:00,6.947593151,6.430352
2024-09-29 18:30:00,10.58492746,6.3669543
2024-09-29 18:45:00,8.788212604,6.307406
2024-09-29 19:00:00,7.885344999,6.3532567
2024-09-29 19:15:00,3.674069447,6.398348
2024-09-29 19:30:00,1.816149201,6.4749565
2024-09-29 19:45:00,8.241296386,6.4613237
2024-09-29 20:00:00,7.075654478000001,6.3452277
2024-09-29 20:15:00,3.392428609,6.3396
2024-09-29 20:30:00,10.98373381,6.388155
2024-09-29 20:45:00,6.585906446,6.2909975
2024-09-29 21:00:00,7.177289868999999,6.363985
2024-09-29 21:15:00,4.219432005,6.374866
2024-09-29 21:30:00,10.21040076,6.418701
2024-09-29 21:45:00,9.842548717,6.3302755
2024-09-29 22:00:00,8.829436772,6.3394094
2024-09-29 22:15:00,2.18586371,6.3866005
2024-09-29 22:30:00,1.956027795,6.513446
2024-09-29 22:45:00,6.057088615999999,6.4673495
2024-09-29 23:00:00,2.6404549940000006,6.3655925
2024-09-29 23:15:00,4.707235468,6.3630347
2024-09-29 23:30:00,2.903724657,6.315352
2024-09-29 23:45:00,4.360830889,6.3085093
2024-09-30 00:00:00,10.75670299,6.2777033
2024-09-30 00:15:00,9.06362587,6.217177
2024-09-30 00:30:00,2.5374951,6.263362
2024-09-30 00:45:00,7.916549870999999,6.3972926
2024-09-30 01:00:00,1.463583361,6.3301954
2024-09-30 01:15:00,11.028568759999999,6.397647
2024-09-30 01:30:00,6.884762194,6.2795367
2024-09-30 01:45:00,6.648374287,6.338088
2024-09-30 02:00:00,3.6016006390000004,6.363816
2024-09-30 02:15:00,5.711075135000001,6.4076858
2024-09-30 02:30:00,6.644859924,6.364083
2024-09-30 02:45:00,7.878898055,6.337815
2024-09-30 03:00:00,1.666689137,6.322744
2024-09-30 03:15:00,4.611231095,6.4068108
2024-09-30 03:30:00,5.216446105,6.3486333
2024-09-30 03:45:00,2.7003793480000002,6.316984
2024-09-30 04:00:00,3.578391053,6.325804
2024-09-30 04:15:00,3.61834544,6.296203
2024-09-30 04:30:00,9.719538288,6.2760906
2024-09-30 04:45:00,8.278353036,6.2210445
2024-09-30 05:00:00,10.72307883,6.258918
2024-09-30 05:15:00,4.27473354,6.2646422
2024-09-30 05:30:00,10.53078271,6.4107814
2024-09-30 05:45:00,10.3194752,6.333934
2024-09-30 06:00:00,5.734727892,6.346926
2024-09-30 06:15:00,7.646969175,6.4591455
2024-09-30 06:30:00,7.564439535,6.432704
2024-09-30 06:45:00,4.229169837,6.4244285
2024-09-30 07:00:00,3.913178697,6.4666305
2024-09-30 07:15:00,2.863528369,6.4399667
2024-09-30 07:30:00,10.19941,6.405854
2024-09-30 07:45:00,6.681229647,6.297807
2024-09-30 08:00:00,4.779549506,6.3416443
2024-09-30 08:15:00,6.322028633,6.3808656
2024-09-30 08:30:00,1.930258092,6.356547
2024-09-30 08:45:00,2.235483151,6.39368
2024-09-30 09:00:00,9.060744354,6.3503394
2024-09-30 09:15:00,10.36154151,6.2637277
2024-09-30 09:30:00,4.538380673,6.248489
2024-09-30 09:45:00,5.360365552,6.368908
2024-09-30 10:00:00,4.79100248,6.3690944
2024-09-30 10:15:00,6.181499423999999,6.3648815
2024-09-30 10:30:00,5.330445594,6.336806
2024-09-30 10:45:00,5.107097955,6.3408504
2024-09-30 11:00:00,8.24989968,6.33909
2024-09-30 11:15:00,4.119227185,6.3008814
2024-09-30 11:30:00,10.76981757,6.361267
2024-09-30 11:45:00,4.397278734,6.2844725
2024-09-30 12:00:00,3.3304305200000006,6.3916144
2024-09-30 12:15:00,11.139326059999998,6.402708
2024-09-30 12:30:00,3.4718047339999996,6.2931867
2024-09-30 12:45:00,6.453277741,6.4053926
2024-09-30 13:00:00,4.56372003,6.3645806
2024-09-30 13:15:00,1.9640940130000002,6.3744717
2024-09-30 13:30:00,10.85200394,6.380372
2024-09-30 13:45:00,5.142418396,6.270255
2024-09-30 14:00:00,7.749709836000001,6.3463182
2024-09-30 14:15:00,9.934762393,6.327387
2024-09-30 14:30:00,6.952059388000001,6.3081684
2024-09-30 14:45:00,8.242040107,6.381739
2024-09-30 15:00:00,9.453403203,6.381677
2024-09-30 15:15:00,5.054405262,6.3728924
2024-09-30 15:30:00,7.822527076,6.460447
2024-09-30 15:45:00,3.373564975,6.4131866
2024-09-30 16:00:00,1.746706609,6.461705
2024-09-30 16:15:00,11.162042900000001,6.438681
2024-09-30 16:30:00,2.051125147,6.300667
2024-09-30 16:45:00,5.413090613,6.407256
2024-09-30 17:00:00,1.891944587,6.3521266
2024-09-30 17:15:00,10.66858472,6.3595653
2024-09-30 17:30:00,2.25042654,6.2584095
2024-09-30 17:45:00,9.263674212,6.362721
2024-09-30 18:00:00,8.759035627,6.2861075
2024-09-30 18:15:00,1.643544886,6.299756
2024-09-30 18:30:00,8.697256553,6.421382
2024-09-30 18:45:00,11.33742693,6.325973
2024-09-30 19:00:00,6.568046825000001,6.282871
2024-09-30 19:15:00,4.173578487,6.3922744
2024-09-30 19:30:00,6.823095049,6.445877
2024-09-30 19:45:00,2.402436059,6.3921943
2024-09-30 20:00:00,11.225087409999999,6.425048
2024-09-30 20:15:00,4.969909083,6.301164
2024-09-30 20:30:00,5.767400554,6.388433
2024-09-30 20:45:00,5.365421361,6.38234
2024-09-30 21:00:00,1.446008897,6.3764315
2024-09-30 21:15:00,1.5255691880000002,6.3991194
2024-09-30 21:30:00,6.954754791,6.3473873
2024-09-30 21:45:00,6.461097455,6.2693315
2024-09-30 22:00:00,11.345063300000001,6.2660103
2024-09-30 22:15:00,3.935454709,6.226855
2024-09-30 22:30:00,4.914487075,6.3704
2024-09-30 22:45:00,11.27861835,6.3674335
2024-09-30 23:00:00,1.667123276,6.282184
2024-09-30 23:15:00,7.745006553,6.4347506
2024-09-30 23:30:00,2.307624195,6.349048
2024-09-30 23:45:00,11.08000675,6.3963885
2024-10-01 00:00:00,4.133950328,6.284312
2024-10-01 00:15:00,9.746590957,6.3827577
2024-10-01 00:30:00,10.47093293,6.3176427
2024-10-01 00:45:00,10.11559691,6.3164506
2024-10-01 01:00:00,7.048492614,6.3566537
2024-10-01 01:15:00,11.53074734,6.4488354
2024-10-01 01:30:00,8.074739526,6.3838816
2024-10-01 01:45:00,9.039763577,6.462264
2024-10-01 02:00:00,3.6278850379999996,6.458585
2024-10-01 02:15:00,5.446610678,6.549763
2024-10-01 02:30:00,7.607307847,6.483879
2024-10-01 02:45:00,2.786043574,6.4120235
2024-10-01 03:00:00,11.228798310000002,6.4522614
2024-10-01 03:15:00,2.285940168,6.324204
2024-10-01 03:30:00,8.668659141,6.445519
2024-10-01 03:45:00,1.7818680250000003,6.3522763
2024-10-01 04:00:00,2.317584693,6.4243307
2024-10-01 04:15:00,7.896613486,6.3778
2024-10-01 04:30:00,5.977501641,6.292016
2024-10-01 04:45:00,1.216718097,6.3053803
2024-10-01 05:00:00,5.318971727,6.3560987
2024-10-01 05:15:00,3.734589712,6.295505
2024-10-01 05:30:00,10.00804307,6.292496
2024-10-01 05:45:00,8.474876164,6.233211
2024-10-01 06:00:00,8.863763417,6.2730975
2024-10-01 06:15:00,10.64495827,6.3076468
2024-10-01 06:30:00,8.468794258,6.314868
2024-10-01 06:45:00,2.761427258,6.3914204
2024-10-01 07:00:00,11.09033959,6.5082846
2024-10-01 07:15:00,2.29293219,6.3676476
2024-10-01 07:30:00,3.165923322,6.4894214
2024-10-01 07:45:00,4.038836065,6.440438
2024-10-01 08:00:00,3.065179553,6.378722
2024-10-01 08:15:00,1.290095809,6.347138
2024-10-01 08:30:00,5.963320142,6.321064
2024-10-01 08:45:00,8.040830156,6.2575974
2024-10-01 09:00:00,5.448695993,6.234205
2024-10-01 09:15:00,3.595968859,6.2835555
2024-10-01 09:30:00,10.34516561,6.3181057
2024-10-01 09:45:00,5.194675427,6.250216
2024-10-01 10:00:00,9.864865939,6.3372846
2024-10-01 10:15:00,2.955636378,6.2967343
2024-10-01 10:30:00,4.584092047,6.4142385
2024-10-01 10:45:00,9.472836878,6.3813095
2024-10-01 11:00:00,1.4713433550000001,6.305894
2024-10-01 11:15:00,10.66182498,6.4097695
2024-10-01 11:30:00,5.33769344,6.2946467
2024-10-01 11:45:00,11.29499671,6.3670645
2024-10-01 12:00:00,8.445878648,6.2985787
2024-10-01 12:15:00,10.88490765,6.366359
2024-10-01 12:30:00,1.793286387,6.35638
2024-10-01 12:45:00,8.651720522,6.538539
2024-10-01 13:00:00,10.47906685,6.414739
2024-10-01 13:15:00,11.48101823,6.3605566
2024-10-01 13:30:00,1.469149934,6.35424
2024-10-01 13:45:00,2.04613899,6.564824
2024-10-01 14:00:00,8.659384232,6.5055795
2024-10-01 14:15:00,1.577008238,6.3679137
2024-10-01 14:30:00,1.257503721,6.419424
2024-10-01 14:45:00,6.843653969000001,6.372886
2024-10-01 15:00:00,6.555220554000001,6.286218
2024-10-01 15:15:00,7.419346460999999,6.2757444
2024-10-01 15:30:00,1.2516411,6.278776
2024-10-01 15:45:00,6.42991082,6.3619533
2024-10-01 16:00:00,4.150309775,6.2962894
2024-10-01 16:15:00,9.058424299,6.308272
2024-10-01 16:30:00,4.78238394,6.259847
2024-10-01 16:45:00,4.760548602,6.328567
2024-10-01 17:00:00,8.08764943,6.3372426
2024-10-01 17:15:00,8.160283528,6.298128
2024-10-01 17:30:00,1.72337034,6.308301
2024-10-01 17:45:00,7.717399537,6.410365
2024-10-01 18:00:00,8.110159137,6.32728
2024-10-01 18:15:00,5.825224023,6.314251
2024-10-01 18:30:00,9.655861652,6.3602295
2024-10-01 18:45:00,1.2586324,6.319351
2024-10-01 19:00:00,10.80584313,6.449933
2024-10-01 19:15:00,4.922550534,6.3183594
2024-10-01 19:30:00,7.15807199,6.3948374
2024-10-01 19:45:00,1.4464863679999997,6.367906
2024-10-01 20:00:00,8.687292506,6.429205
2024-10-01 20:15:00,6.484385306,6.323636
2024-10-01 20:30:00,11.172496940000002,6.339824
2024-10-01 20:45:00,5.620651094,6.2878866
2024-10-01 21:00:00,8.566360962,6.4023232
2024-10-01 21:15:00,1.890385806,6.374515
2024-10-01 21:30:00,1.82709834,6.470636
2024-10-01 21:45:00,10.97266679,6.423419
2024-10-01 22:00:00,3.8539833959999994,6.29086
2024-10-01 22:15:00,9.987968919,6.373505
2024-10-01 22:30:00,2.015821168,6.3023677
2024-10-01 22:45:00,7.845221752,6.4185157
2024-10-01 23:00:00,6.866414149,6.3375044
2024-10-01 23:15:00,11.33223294,6.340942
2024-10-01 23:30:00,5.361903431,6.2894444
2024-10-01 23:45:00,1.6461729710000002,6.4131346
2024-10-02 00:00:00,6.016912309,6.464678
2024-10-02 00:15:00,10.16960835,6.373282
2024-10-02 00:30:00,1.7495100740000002,6.2992377
2024-10-02 00:45:00,1.541039675,6.4203744
2024-10-02 01:00:00,9.671594805,6.388213
2024-10-02 01:15:00,9.791363152,6.279015
2024-10-02 01:30:00,3.2776566180000004,6.271614
2024-10-02 01:45:00,8.027307187,6.395427
2024-10-02 02:00:00,1.785564766,6.3379846
2024-10-02 02:15:00,9.426085578,6.4088287
2024-10-02 02:30:00,4.331847754,6.3069534
2024-10-02 02:45:00,3.690599916,6.366375
2024-10-02 03:00:00,8.196824905,6.36704
2024-10-02 03:15:00,10.5281066,6.3035593
2024-10-02 03:30:00,1.627105689,6.276318
2024-10-02 03:45:00,2.65494465,6.433855
2024-10-02 04:00:00,3.8078099240000003,6.3943458
2024-10-02 04:15:00,10.47210948,6.3378015
2024-10-02 04:30:00,10.37540385,6.25369
2024-10-02 04:45:00,10.42621054,6.264766
2024-10-02 05:00:00,5.016836595,6.307758
2024-10-02 05:15:00,3.509548364,6.447127
2024-10-02 05:30:00,3.163600502,6.466689
2024-10-02 05:45:00,9.935150916,6.4264445
2024-10-02 06:00:00,3.5269127310000004,6.3157153
2024-10-02 06:15:00,6.785774441,6.3920035
2024-10-02 06:30:00,4.459381466,6.346369
2024-10-02 06:45:00,6.337711235,6.3646216
2024-10-02 07:00:00,4.663782308,6.3344455
2024-10-02 07:15:00,4.145318073,6.3474884
2024-10-02 07:30:00,5.773310912,6.343015
2024-10-02 07:45:00,4.430881826,6.3131433
2024-10-02 08:00:00,10.00459672,6.320287
2024-10-02 08:15:00,7.085407463000001,6.261179
2024-10-02 08:30:00,2.939221811,6.3196573
2024-10-02 08:45:00,3.505238553,6.3960347
2024-10-02 09:00:00,1.732210333,6.3686194
2024-10-02 09:15:00,4.234085839,6.3462415
2024-10-02 09:30:00,8.023716974,6.2896266
2024-10-02 09:45:00,3.050886559,6.2440276
2024-10-02 10:00:00,2.168686317,6.304095
2024-10-02 10:15:00,4.27798544,6.3030596
2024-10-02 10:30:00,7.409690349,6.265423
2024-10-02 10:45:00,6.160912478,6.2343674
2024-10-02 11:00:00,4.437895048,6.26295
2024-10-02 11:15:00,10.04477067,6.3014717
2024-10-02 11:30:00,5.943907696,6.251528
2024-10-02 11:45:00,5.767299137,6.3311477
2024-10-02 12:00:00,1.476751684,6.3542037
2024-10-02 12:15:00,7.582629961,6.397709
2024-10-02 12:30:00,5.854437418000001,6.309998
2024-10-02 12:45:00,2.648781869,6.3190446
2024-10-02 13:00:00,3.724512791,6.3539486
2024-10-02 13:15:00,3.332261909,6.3217773
2024-10-02 13:30:00,2.399992658,6.300541
2024-10-02 13:45:00,5.890078531,6.2841797
2024-10-02 14:00:00,4.890391119,6.2430434
2024-10-02 14:15:00,4.96515723,6.252433
2024-10-02 14:30:00,3.9109156669999994,6.260676
2024-10-02 14:45:00,5.684176857,6.276143
2024-10-02 15:00:00,6.613316508,6.262115
2024-10-02 15:15:00,7.493823203999999,6.2616186
2024-10-02 15:30:00,3.379652288,6.2705874
2024-10-02 15:45:00,8.631376047,6.3403893
2024-10-02 16:00:00,1.491447028,6.2860403
2024-10-02 16:15:00,8.680024884,6.375936
2024-10-02 16:30:00,4.105356373,6.290776
2024-10-02 16:45:00,4.884495427,6.3423285
2024-10-02 17:00:00,7.112472218000001,6.331362
2024-10-02 17:15:00,7.589098242999999,6.3015513
2024-10-02 17:30:00,5.547053953999999,6.3031764
2024-10-02 17:45:00,10.80414035,6.3467493
2024-10-02 18:00:00,9.891931594,6.289365
2024-10-02 18:15:00,3.503034397,6.325933
2024-10-02 18:30:00,7.514189352000001,6.467934
2024-10-02 18:45:00,8.44344225,6.402526
2024-10-02 19:00:00,3.536470398,6.374403
2024-10-02 19:15:00,1.3759288619999999,6.4470654
2024-10-02 19:30:00,11.582328979999998,6.4387054
2024-10-02 19:45:00,11.14312369,6.2943463
2024-10-02 20:00:00,4.579289817,6.288161
2024-10-02 20:15:00,3.545341716,6.4372997
2024-10-02 20:30:00,2.710320806,6.4503613
2024-10-02 20:45:00,8.399504646,6.4166727
2024-10-02 21:00:00,9.024941023,6.3204994
2024-10-02 21:15:00,5.483419161,6.3033385
2024-10-02 21:30:00,3.46378938,6.374202
2024-10-02 21:45:00,5.7394375989999995,6.4026804
2024-10-02 22:00:00,6.328565379,6.3547773
2024-10-02 22:15:00,6.846910842,6.3328214
2024-10-02 22:30:00,5.715003408,6.3258758
2024-10-02 22:45:00,1.172408951,6.346338
2024-10-02 23:00:00,6.37951778,6.390514
2024-10-02 23:15:00,4.851337398,6.3114195
2024-10-02 23:30:00,7.069036597,6.310291
2024-10-02 23:45:00,1.957500713,6.287059
2024-10-03 00:00:00,10.42835128,6.345475
2024-10-03 00:15:00,10.03968258,6.255736
2024-10-03 00:30:00,6.853700213,6.269886
2024-10-03 00:45:00,8.963342145,6.362178
2024-10-03 01:00:00,5.427915096,6.357324
2024-10-03 01:15:00,7.247328404,6.428675
2024-10-03 01:30:00,7.186913981,6.4008527
2024-10-03 01:45:00,4.823088341,6.394421
2024-10-03 02:00:00,11.30102553,6.4239154
2024-10-03 02:15:00,7.431818432,6.3256083
2024-10-03 02:30:00,11.63452998,6.3961325
2024-10-03 02:45:00,5.865303214000001,6.347184
2024-10-03 03:00:00,1.479887647,6.475016
2024-10-03 03:15:00,4.541469966,6.534736
2024-10-03 03:30:00,7.922110452,6.4357586
2024-10-03 03:45:00,10.79019923,6.3510084
2024-10-03 04:00:00,7.417094975,6.3011837
2024-10-03 04:15:00,6.245121823,6.377535
2024-10-03 04:30:00,2.030658149,6.418247
2024-10-03 04:45:00,2.7329403810000006,6.465988
2024-10-03 05:00:00,1.705426411,6.406898
2024-10-03 05:15:00,8.278465408,6.3567157
2024-10-03 05:30:00,9.849398198,6.269437
2024-10-03 05:45:00,2.746730016,6.2473197
2024-10-03 06:00:00,4.483148965,6.369786
2024-10-03 06:15:00,6.134139582,6.345186
2024-10-03 06:30:00,2.763644303,6.312219
2024-10-03 06:45:00,5.495373537,6.3392825
2024-10-03 07:00:00,11.19055535,6.298555
2024-10-03 07:15:00,8.581408658,6.2357645
2024-10-03 07:30:00,2.793783292,6.299512
2024-10-03 07:45:00,2.17678461,6.4217143
2024-10-03 08:00:00,5.770188362,6.4051614
2024-10-03 08:15:00,11.13576794,6.3296275
2024-10-03 08:30:00,9.118985446,6.255624
2024-10-03 08:45:00,4.140027129,6.3048778
2024-10-03 09:00:00,1.424012616,6.420092
2024-10-03 09:15:00,5.353059407,6.43929
2024-10-03 09:30:00,2.747330698,6.3527603
2024-10-03 09:45:00,3.034872527,6.3429384
2024-10-03 10:00:00,2.862935471,6.309601
2024-10-03 10:15:00,8.62061124,6.282056
2024-10-03 10:30:00,1.5023439769999998,6.22687
2024-10-03 10:45:00,7.085439611,6.3046536
2024-10-03 11:00:00,8.901566475,6.253594
2024-10-03 11:15:00,2.69726108,6.241824
2024-10-03 11:30:00,10.62593339,6.344947
2024-10-03 11:45:00,1.973743808,6.2635493
2024-10-03 12:00:00,8.194700866,6.3906565
2024-10-03 12:15:00,2.829768708,6.3148694
2024-10-03 12:30:00,9.338721776,6.3728223
2024-10-03 12:45:00,7.3739473040000005,6.2936134
2024-10-03 13:00:00,7.010609022,6.3252335
2024-10-03 13:15:00,4.70548051,6.3519154
2024-10-03 13:30:00,4.080319743,6.3937316
2024-10-03 13:45:00,5.986793811,6.38905
2024-10-03 14:00:00,8.699662187,6.345976
2024-10-03 14:15:00,2.902021891,6.305335
2024-10-03 14:30:00,9.246565179,6.3884954
2024-10-03 14:45:00,6.129276728,6.3094645
2024-10-03 15:00:00,5.74772433,6.354153
2024-10-03 15:15:00,1.296912135,6.3688517
2024-10-03 15:30:00,2.4796193970000004,6.408967
2024-10-03 15:45:00,5.592127485999999,6.350857
2024-10-03 16:00:00,11.4228733,6.2881927
2024-10-03 16:15:00,3.780246171,6.2228107
2024-10-03 16:30:00,1.290823218,6.3508162
2024-10-03 16:45:00,5.512301477000001,6.3772798
2024-10-03 17:00:00,1.34139811,6.306109
2024-10-03 17:15:00,4.631549573,6.316632
2024-10-03 17:30:00,4.774900919,6.2664313
2024-10-03 17:45:00,1.145015014,6.2534294
2024-10-03 18:00:00,9.340090856,6.274781
2024-10-03 18:15:00,10.38554093,6.2095547
2024-10-03 18:30:00,11.61647793,6.2108974
2024-10-03 18:45:00,6.684775371,6.2388763
2024-10-03 19:00:00,4.41561519,6.385587
2024-10-03 19:15:00,8.835271148,6.4486666
2024-10-03 19:30:00,8.6352733,6.3740096
2024-10-03 19:45:00,5.158741871,6.372148
2024-10-03 20:00:00,6.829593331,6.437989
2024-10-03 20:15:00,9.606317428,6.4074526
2024-10-03 20:30:00,3.225603419,6.3574824
2024-10-03 20:45:00,1.343898555,6.4595947
2024-10-03 21:00:00,6.898596672,6.4486833
2024-10-03 21:15:00,8.203678015,6.343336
2024-10-03 21:30:00,7.266877192,6.30596
2024-10-03 21:45:00,7.119478817,6.328239
2024-10-03 22:00:00,5.278093054,6.3480463
2024-10-03 22:15:00,7.866100259000001,6.383821
2024-10-03 22:30:00,1.630792926,6.3491044
2024-10-03 22:45:00,2.617088642,6.4253674
2024-10-03 23:00:00,5.799770075,6.3746314
2024-10-03 23:15:00,10.96361671,6.30753
2024-10-03 23:30:00,7.482150588,6.243098
2024-10-03 23:45:00,4.734218612,6.315229
2024-10-04 00:00:00,5.65554374,6.3854723
2024-10-04 00:15:00,9.745955428,6.3724585
2024-10-04 00:30:00,6.845326585,6.3137097
2024-10-04 00:45:00,1.652410197,6.36896
2024-10-04 01:00:00,5.484684649,6.446863
2024-10-04 01:15:00,5.049337968,6.3693757
2024-10-04 01:30:00,10.71873396,6.3448772
2024-10-04 01:45:00,4.309249269,6.2726817
2024-10-04 02:00:00,1.820907846,6.3787313
2024-10-04 02:15:00,4.920986654,6.4035063
2024-10-04 02:30:00,1.569765093,6.336453
2024-10-04 02:45:00,9.812728059,6.333645
2024-10-04 03:00:00,7.325462309,6.246022
2024-10-04 03:15:00,5.936787275000001,6.2804565
2024-10-04 03:30:00,4.943524994,6.3264017
2024-10-04 03:45:00,5.529512072000001,6.350827
2024-10-04 04:00:00,9.283690169,6.3407598
2024-10-04 04:15:00,3.00449634,6.294706
2024-10-04 04:30:00,1.910895245,6.3909574
2024-10-04 04:45:00,7.083218696,6.3823996
2024-10-04 05:00:00,10.05340747,6.301887
2024-10-04 05:15:00,7.138863177,6.2604427
2024-10-04 05:30:00,9.524632712,6.326945
2024-10-04 05:45:00,9.986094804,6.32202
2024-10-04 06:00:00,1.88636245,6.3410873
2024-10-04 06:15:00,7.434294233,6.5015664
2024-10-04 06:30:00,9.716628794,6.4027176
2024-10-04 06:45:00,7.838513529,6.347056
2024-10-04 07:00:00,7.452542495,6.3857865
2024-10-04 07:15:00,9.305286182,6.4081836
2024-10-04 07:30:00,8.477044752,6.3854756
2024-10-04 07:45:00,6.22202861,6.40974
2024-10-04 08:00:00,1.6186611799999997,6.458972
2024-10-04 08:15:00,7.593640945,6.5083528
2024-10-04 08:30:00,3.314198745,6.389114
2024-10-04 08:45:00,3.704031993,6.4071565
2024-10-04 09:00:00,8.650489888,6.3716955
2024-10-04 09:15:00,5.827738842,6.2974925
2024-10-04 09:30:00,8.441317169,6.332435
2024-10-04 09:45:00,5.29305798,6.3117566
2024-10-04 10:00:00,10.14361464,6.3692794
2024-10-04 10:15:00,5.438681155,6.3130774
2024-10-04 10:30:00,6.326820785,6.3994675
2024-10-04 10:45:00,2.411329971,6.393378
2024-10-04 11:00:00,6.579925876,6.4287586
2024-10-04 11:15:00,3.6709765730000004,6.3518763
2024-10-04 11:30:00,8.992397253,6.3621464
2024-10-04 11:45:00,8.560662725,6.293709
2024-10-04 12:00:00,1.339778882,6.3058467
2024-10-04 12:15:00,6.286266252,6.4236584
2024-10-04 12:30:00,1.6945551350000003,6.3465276
2024-10-04 12:45:00,7.215948025,6.3672094
2024-10-04 13:00:00,10.59307338,6.2921596
2024-10-04 13:15:00,9.918955082,6.249213
2024-10-04 13:30:00,3.661755936,6.287764
2024-10-04 13:45:00,2.627246687,6.4300275
2024-10-04 14:00:00,9.170485089,6.43089
2024-10-04 14:15:00,6.994277833,6.3250465
2024-10-04 14:30:00,5.419381186,6.3457117
2024-10-04 14:45:00,9.406514499,6.3778768
2024-10-04 15:00:00,3.7174895390000002,6.3269854
2024-10-04 15:15:00,3.5308825179999994,6.4169154
2024-10-04 15:30:00,7.352544258,6.4031816
2024-10-04 15:45:00,3.815861785,6.3337207
2024-10-04 16:00:00,5.698961491999999,6.36287
2024-10-04 16:15:00,5.800745491,6.330945
2024-10-04 16:30:00,3.1959927889999995,6.3215065
2024-10-04 16:45:00,1.759088838,6.344556
2024-10-04 17:00:00,9.424182473,6.332769
2024-10-04 17:15:00,9.127861931,6.248621
2024-10-04 17:30:00,7.323431482000001,6.256767
2024-10-04 17:45:00,2.66199229,6.3188643
2024-10-04 18:00:00,5.915913075,6.405588
2024-10-04 18:15:00,2.9429613979999996,6.351833
2024-10-04 18:30:00,9.980660302,6.362951
2024-10-04 18:45:00,8.540802426,6.276245
2024-10-04 19:00:00,1.477981705,6.3024864
2024-10-04 19:15:00,1.230239686,6.42419
2024-10-04 19:30:00,11.157288039999997,6.3872237
2024-10-04 19:45:00,1.533243754,6.262714
2024-10-04 20:00:00,10.44879689,6.371647
2024-10-04 20:15:00,11.29666814,6.272807
2024-10-04 20:30:00,4.37516569,6.265224
2024-10-04 20:45:00,6.577223373000001,6.4219375
2024-10-04 21:00:00,8.148487516,6.399026
2024-10-04 21:15:00,6.526172008,6.367912
2024-10-04 21:30:00,3.328312261,6.394306
2024-10-04 21:45:00,7.343825255,6.4345407
2024-10-04 22:00:00,3.8253882530000003,6.3626895
2024-10-04 22:15:00,2.785557951,6.389238
2024-10-04 22:30:00,6.387765723,6.3756924
2024-10-04 22:45:00,4.915255437,6.3125944
2024-10-04 23:00:00,1.339898046,6.3159075
2024-10-04 23:15:00,10.76872057,6.3383517
2024-10-04 23:30:00,1.5415206179999998,6.2410803
2024-10-04 23:45:00,10.23191495,6.35258
2024-10-05 00:00:00,3.1527096529999996,6.262658
2024-10-05 00:15:00,2.574023476,6.3589635
2024-10-05 00:30:00,1.885252791,6.354638
2024-10-05 00:45:00,5.407079224,6.3231335
2024-10-05 01:00:00,7.36681405,6.266583
2024-10-05 01:15:00,10.21218056,6.243482
2024-10-05 01:30:00,8.790345564,6.2297893
2024-10-05 01:45:00,2.877472848,6.2898593
2024-10-05 02:00:00,2.832265424,6.416539
2024-10-05 02:15:00,1.281608893,6.398105
2024-10-05 02:30:00,8.370443782,6.362931
2024-10-05 02:45:00,1.353774971,6.270482
2024-10-05 03:00:00,2.64270409,6.3275213
2024-10-05 03:15:00,7.736484915999999,6.291503
2024-10-05 03:30:00,2.7125723810000006,6.2362666
2024-10-05 03:45:00,2.81199937,6.287634
2024-10-05 04:00:00,3.580579555,6.2788234
2024-10-05 04:15:00,5.056123935,6.256641
2024-10-05 04:30:00,1.247094792,6.2381687
2024-10-05 04:45:00,8.464100074,6.263442
2024-10-05 05:00:00,9.421813558,6.2085853
2024-10-05 05:15:00,5.089923378,6.2132435
2024-10-05 05:30:00,9.655699833,6.3114996
2024-10-05 05:45:00,4.200691456,6.2805767
2024-10-05 06:00:00,11.33115438,6.38152
2024-10-05 06:15:00,5.254314645,6.296236
2024-10-05 06:30:00,7.856469289,6.407435
2024-10-05 06:45:00,4.657838148,6.3807845
2024-10-05 07:00:00,5.75477507,6.4245157
2024-10-05 07:15:00,7.884452494,6.395749
2024-10-05 07:30:00,4.773099785,6.3532734
2024-10-05 07:45:00,7.71419554,6.39299
2024-10-05 08:00:00,2.5603178740000003,6.3506174
2024-10-05 08:15:00,6.157586643,6.4103045
2024-10-05 08:30:00,3.9348905169999995,6.348425
2024-10-05 08:45:00,10.65154395,6.353126
2024-10-05 09:00:00,9.910015324,6.27168
2024-10-05 09:15:00,6.225085564999999,6.2947435
2024-10-05 09:30:00,5.942716647000001,6.3940153
2024-10-05 09:45:00,9.876486209,6.4133697
2024-10-05 10:00:00,8.239107496,6.352338
2024-10-05 10:15:00,8.043298789,6.3866897
2024-10-05 10:30:00,6.863707121,6.407969
2024-10-05 10:45:00,10.09379615,6.435867
2024-10-05 11:00:00,3.173219611,6.3839335
2024-10-05 11:15:00,10.03748561,6.501549
2024-10-05 11:30:00,6.497398754,6.385109
2024-10-05 11:45:00,7.542918354000001,6.4276
2024-10-05 12:00:00,10.88914733,6.4122467
2024-10-05 12:15:00,5.717980645,6.3571086
2024-10-05 12:30:00,8.263916929,6.4605417
2024-10-05 12:45:00,6.381214247000001,6.4230876
2024-10-05 13:00:00,10.9807356,6.4449973
2024-10-05 13:15:00,5.948571849,6.36721
2024-10-05 13:30:00,3.8823798339999995,6.4605207
2024-10-05 13:45:00,6.053244403000001,6.487059
2024-10-05 14:00:00,10.72167423,6.4225283
2024-10-05 14:15:00,6.066778127,6.334548
2024-10-05 14:30:00,2.593178264,6.4130282
2024-10-05 14:45:00,6.824472693,6.4614024
2024-10-05 15:00:00,5.083003766,6.377469
2024-10-05 15:15:00,7.731360252,6.374401
2024-10-05 15:30:00,3.758691098,6.33308
2024-10-05 15:45:00,4.701338938,6.3816447
2024-10-05 16:00:00,6.628886847,6.357127
2024-10-05 16:15:00,2.317856923,6.3205924
2024-10-05 16:30:00,3.456346365,6.3594365
2024-10-05 16:45:00,9.123317794,6.3232574
2024-10-05 17:00:00,10.79896279,6.2556114
2024-10-05 17:15:00,11.19800868,6.244043
2024-10-05 17:30:00,11.304507660000002,6.2784634
2024-10-05 17:45:00,11.116158170000002,6.3300714
2024-10-05 18:00:00,9.551035305,6.3850474
2024-10-05 18:15:00,8.583584129,6.4594426
2024-10-05 18:30:00,3.62686359,6.5017653
2024-10-05 18:45:00,5.655563477000001,6.587973
2024-10-05 19:00:00,5.293770902,6.5085797
2024-10-05 19:15:00,8.449719181,6.4608073
2024-10-05 19:30:00,6.145369168000001,6.385208
2024-10-05 19:45:00,4.92961776,6.406538
2024-10-05 20:00:00,9.317211672,6.4162436
2024-10-05 20:15:00,9.111386368,6.345373
2024-10-05 20:30:00,5.02716173,6.3502574
2024-10-05 20:45:00,5.578289536,6.434274
2024-10-05 21:00:00,10.3089287,6.420872
2024-10-05 21:15:00,8.767198085,6.3408103
2024-10-05 21:30:00,8.302743535,6.3710346
2024-10-05 21:45:00,8.488701425,6.402067
2024-10-05 22:00:00,2.217020979,6.4139533
2024-10-05 22:15:00,7.172953431,6.5157866
2024-10-05 22:30:00,4.259117685,6.4142256
2024-10-05 22:45:00,1.975914911,6.4182734
2024-10-05 23:00:00,8.903268015,6.4093995
2024-10-05 23:15:00,4.411213783,6.307025
2024-10-05 23:30:00,4.34477807,6.349531
2024-10-05 23:45:00,7.8584147810000005,6.345112
2024-10-06 00:00:00,8.132229329,6.2983346
2024-10-06 00:15:00,5.9446588,6.3017855
2024-10-06 00:30:00,6.852067656999999,6.3531566
2024-10-06 00:45:00,10.09815792,6.352729
2024-10-06 01:00:00,2.233939342,6.3148427
2024-10-06 01:15:00,1.8651086270000001,6.449437
2024-10-06 01:30:00,8.167444463,6.4207397
2024-10-06 01:45:00,7.583410316,6.3165445
2024-10-06 02:00:00,3.2066232770000003,6.310359
2024-10-06 02:15:00,6.538729837,6.375221
2024-10-06 02:30:00,8.901822303,6.329251
2024-10-06 02:45:00,8.78396444,6.2972064
2024-10-06 03:00:00,7.306128085,6.3168583
2024-10-06 03:15:00,2.5295981710000004,6.368462
2024-10-06 03:30:00,4.136644663,6.448295
2024-10-06 03:45:00,5.37367633,6.3967566
2024-10-06 04:00:00,9.029683923,6.348587
2024-10-06 04:15:00,6.636578359,6.2942505
2024-10-06 04:30:00,8.877846536,6.336893
2024-10-06 04:45:00,10.66197161,6.324915
2024-10-06 05:00:00,7.722978329,6.317319
2024-10-06 05:15:00,3.587172645,6.4014435
2024-10-06 05:30:00,2.65706948,6.485877
2024-10-06 05:45:00,1.149610757,6.4618444
2024-10-06 06:00:00,2.8416288710000006,6.411422
2024-10-06 06:15:00,3.955626277,6.333129
2024-10-06 06:30:00,3.756345094,6.2828703
2024-10-06 06:45:00,7.799936126,6.2630725
2024-10-06 07:00:00,2.653055872,6.227784
2024-10-06 07:15:00,5.533053066999999,6.290362
2024-10-06 07:30:00,1.186569917,6.265671
2024-10-06 07:45:00,3.765737185,6.297012
2024-10-06 08:00:00,1.5267785280000001,6.2567296
2024-10-06 08:15:00,8.778644445,6.251065
2024-10-06 08:30:00,4.746056772,6.197535
2024-10-06 08:45:00,5.822257298,6.2511783
2024-10-06 09:00:00,8.960182052,6.2615356
2024-10-06 09:15:00,9.834760029,6.245924
2024-10-06 09:30:00,6.37256771,6.264567
2024-10-06 09:45:00,7.996745636,6.3610125
2024-10-06 10:00:00,8.682003726,6.361754
2024-10-06 10:15:00,4.000192256,6.363865
2024-10-06 10:30:00,8.552323181,6.4488397
2024-10-06 10:45:00,8.11346125,6.375741
2024-10-06 11:00:00,5.802658913999999,6.375404
2024-10-06 11:15:00,4.427403581,6.4189253
2024-10-06 11:30:00,10.95523545,6.430315
2024-10-06 11:45:00,11.370113710000002,6.327193
2024-10-06 12:00:00,8.300035418,6.3218255
2024-10-06 12:15:00,5.089602641,6.416117
2024-10-06 12:30:00,8.737644728,6.4963174
2024-10-06 12:45:00,7.930174607,6.4256115
2024-10-06 13:00:00,7.086993206,6.425734
2024-10-06 13:15:00,2.515993681,6.439189
2024-10-06 13:30:00,11.100155009999998,6.494344
2024-10-06 13:45:00,3.5596168930000003,6.3511057
2024-10-06 14:00:00,5.225486897,6.4497046
2024-10-06 14:15:00,4.687674011,6.4108377
2024-10-06 14:30:00,2.6745941830000004,6.388105
2024-10-06 14:45:00,1.357463006,6.380199
2024-10-06 15:00:00,10.86390486,6.34756
2024-10-06 15:15:00,8.839488079,6.243304
2024-10-06 15:30:00,1.39221878,6.269197
2024-10-06 15:45:00,8.40056746,6.4001136
2024-10-06 16:00:00,2.448635861,6.312094
2024-10-06 16:15:00,8.856120215,6.3728557
2024-10-06 16:30:00,6.484690842,6.2944775
2024-10-06 16:45:00,11.44007368,6.3267784
2024-10-06 17:00:00,5.899919218,6.2771673
2024-10-06 17:15:00,9.297130878,6.396949
2024-10-06 17:30:00,1.601220453,6.365879
2024-10-06 17:45:00,10.96610274,6.4872427
2024-10-06 18:00:00,7.135388262,6.3429923
2024-10-06 18:15:00,4.346273526,6.389326
2024-10-06 18:30:00,2.432826781,6.4391575
2024-10-06 18:45:00,7.896410213000001,6.435982
2024-10-06 19:00:00,8.708908643,6.339709
2024-10-06 19:15:00,2.05940871,6.3157625
2024-10-06 19:30:00,2.8639651270000006,6.4149556
2024-10-06 19:45:00,5.043513307,6.376674
2024-10-06 20:00:00,9.971292772,6.31951
2024-10-06 20:15:00,11.64459484,6.256894
2024-10-06 20:30:00,8.876899257,6.2487035
2024-10-06 20:45:00,1.210015644,6.3438234
2024-10-06 21:00:00,10.57588569,6.5034266
2024-10-06 21:15:00,1.439057231,6.355736
2024-10-06 21:30:00,10.36020859,6.465082
2024-10-06 21:45:00,5.437874181,6.333783
2024-10-06 22:00:00,8.626402339,6.392238
2024-10-06 22:15:00,2.015519769,6.3531675
2024-10-06 22:30:00,2.815309784,6.445205
2024-10-06 22:45:00,5.874836197999999,6.398407
2024-10-06 23:00:00,1.5539280100000001,6.327834
2024-10-06 23:15:00,5.168840554,6.342416
2024-10-06 23:30:00,9.066990958,6.285848
2024-10-06 23:45:00,7.991559934,6.2416306
2024-10-07 00:00:00,4.760694688,6.274637
2024-10-07 00:15:00,1.213597785,6.349168
2024-10-07 00:30:00,3.8709239900000005,6.385609
2024-10-07 00:45:00,8.891119046,6.3230357
2024-10-07 01:00:00,4.688764843,6.257103
2024-10-07 01:15:00,4.962311827,6.3131833
2024-10-07 01:30:00,1.897300326,6.318513
2024-10-07 01:45:00,7.357034609000001,6.3392982
2024-10-07 02:00:00,7.758852155,6.2733426
2024-10-07 02:15:00,5.722545428,6.269629
2024-10-07 02:30:00,9.011178739,6.3164105
2024-10-07 02:45:00,10.50687719,6.2931237
2024-10-07 03:00:00,8.527939646,6.2932897
2024-10-07 03:15:00,7.060409516,6.364877
2024-10-07 03:30:00,10.99750185,6.4218364
2024-10-07 03:45:00,5.117225627,6.3671937
2024-10-07 04:00:00,7.772804527,6.4846907
2024-10-07 04:15:00,7.036085299,6.438618
2024-10-07 04:30:00,9.990843397,6.4348674
2024-10-07 04:45:00,6.407643401,6.3820643
2024-10-07 05:00:00,6.9785314849999995,6.4481044
2024-10-07 05:15:00,5.754371257,6.4397445
2024-10-07 05:30:00,2.551716681,6.445069
2024-10-07 05:45:00,10.36832772,6.46173
2024-10-07 06:00:00,10.23841172,6.3353014
2024-10-07 06:15:00,8.421029765,6.3260117
2024-10-07 06:30:00,4.902605622,6.385451
2024-10-07 06:45:00,4.828688921,6.465842
2024-10-07 07:00:00,1.522582878,6.451129
2024-10-07 07:15:00,1.982137347,6.448781
2024-10-07 07:30:00,6.63923516,6.3804526
2024-10-07 07:45:00,1.61673885,6.2969055
2024-10-07 08:00:00,2.124019618,6.3195653
2024-10-07 08:15:00,3.72443792,6.284781
2024-10-07 08:30:00,5.362290801,6.24654
2024-10-07 08:45:00,6.179412444,6.225651
2024-10-07 09:00:00,4.496856928,6.2273436
2024-10-07 09:15:00,11.03242298,6.261065
2024-10-07 09:30:00,11.225202879999998,6.21226
2024-10-07 09:45:00,1.7364215079999998,6.2406397
2024-10-07 10:00:00,11.63631329,6.4473233
2024-10-07 10:15:00,2.863263755,6.315516
2024-10-07 10:30:00,4.503458799,6.4482474
2024-10-07 10:45:00,10.06110218,6.4088774
2024-10-07 11:00:00,8.269853726,6.316738
2024-10-07 11:15:00,1.7047038040000002,6.3458323
2024-10-07 11:30:00,8.903579298,6.4569507
2024-10-07 11:45:00,7.873272634000001,6.3479433
2024-10-07 12:00:00,10.98814647,6.3494415
2024-10-07 12:15:00,10.67597374,6.3166513
2024-10-07 12:30:00,11.16317408,6.3492603
2024-10-07 12:45:00,5.907097833,6.379179
2024-10-07 13:00:00,8.381945465,6.5186677
2024-10-07 13:15:00,11.40121614,6.4749565
2024-10-07 13:30:00,1.23694947,6.405854
2024-10-07 13:45:00,9.235936993,6.5917315
2024-10-07 14:00:00,1.7262602499999997,6.436325
2024-10-07 14:15:00,11.58828876,6.5020437
2024-10-07 14:30:00,1.297575017,6.343282
2024-10-07 14:45:00,6.989040768000001,6.473836
2024-10-07 15:00:00,6.6095807,6.3773727
2024-10-07 15:15:00,4.259926098,6.357386
2024-10-07 15:30:00,8.979649429,6.3801374
2024-10-07 15:45:00,3.8266296190000006,6.3158617
2024-10-07 16:00:00,4.124833518,6.386335
2024-10-07 16:15:00,3.1769460690000004,6.3715644
2024-10-07 16:30:00,8.519016217,6.3538423
2024-10-07 16:45:00,2.925999325,6.2826715
2024-10-07 17:00:00,10.48073353,6.345249
2024-10-07 17:15:00,4.11743441,6.264488
2024-10-07 17:30:00,6.581312394,6.361505
2024-10-07 17:45:00,5.955467608999999,6.338356
2024-10-07 18:00:00,8.528534338,6.3448825
2024-10-07 18:15:00,3.435737116,6.3165503
2024-10-07 18:30:00,9.552527573,6.3951535
2024-10-07 18:45:00,9.135977309,6.316503
2024-10-07 19:00:00,4.567814898,6.32735
2024-10-07 19:15:00,2.292936951,6.422534
2024-10-07 19:30:00,6.203677661,6.439173
2024-10-07 19:45:00,11.725828400000001,6.3579917
2024-10-07 20:00:00,1.346457972,6.272662
2024-10-07 20:15:00,9.688724024,6.4395022
2024-10-07 20:30:00,8.126507809,6.3287034
2024-10-07 20:45:00,3.027768121,6.344598
2024-10-07 21:00:00,6.023310566,6.4317284
2024-10-07 21:15:00,7.566568343,6.376773
2024-10-07 21:30:00,8.698041777,6.340514
2024-10-07 21:45:00,10.4075738,6.3281884
2024-10-07 22:00:00,10.16371508,6.320482
2024-10-07 22:15:00,4.58270794,6.3557124
2024-10-07 22:30:00,2.341383086,6.4882207
2024-10-07 22:45:00,2.252737779,6.5014734
2024-10-07 23:00:00,11.07935397,6.4370604
2024-10-07 23:15:00,11.132577140000002,6.300605
2024-10-07 23:30:00,9.609346639,6.2873955
2024-10-07 23:45:00,10.7941679,6.3516264
2024-10-08 00:00:00,4.100862805,6.370686
2024-10-08 00:15:00,10.13092748,6.5252123
2024-10-08 00:30:00,6.323684384,6.418256
2024-10-08 00:45:00,9.238015576,6.4686227
2024-10-08 01:00:00,7.716717308,6.416422
2024-10-08 01:15:00,10.3151854,6.438695
2024-10-08 01:30:00,5.243217751,6.3981605
2024-10-08 01:45:00,11.33346085,6.4955826
2024-10-08 02:00:00,3.413100355,6.390552
2024-10-08 02:15:00,7.816223717,6.5239186
2024-10-08 02:30:00,9.396839607,6.437322
2024-10-08 02:45:00,7.481440147,6.389181
2024-10-08 03:00:00,4.139321334,6.42341
2024-10-08 03:15:00,6.802096514,6.4768443
2024-10-08 03:30:00,6.442542433,6.4158225
2024-10-08 03:45:00,3.072536626,6.398404
2024-10-08 04:00:00,9.036081774,6.425582
2024-10-08 04:15:00,3.807395056,6.3330355
2024-10-08 04:30:00,9.542361016,6.3923707
2024-10-08 04:45:00,3.422222052,6.31753
2024-10-08 05:00:00,6.364970155,6.4032984
2024-10-08 05:15:00,8.204716888,6.3586802
2024-10-08 05:30:00,11.48661995,6.326497
2024-10-08 05:45:00,3.902546891,6.288937
2024-10-08 06:00:00,7.596883483000001,6.445222
2024-10-08 06:15:00,2.806513972,6.3946986
2024-10-08 06:30:00,9.797224627,6.4440875
2024-10-08 06:45:00,10.06130591,6.335981
2024-10-08 07:00:00,10.37279971,6.3253937
2024-10-08 07:15:00,10.9342825,6.3473644
2024-10-08 07:30:00,4.882454828,6.3718247
2024-10-08 07:45:00,7.907837164,6.5201755
2024-10-08 08:00:00,4.50078209,6.4630566
2024-10-08 08:15:00,9.542152965,6.4916224
2024-10-08 08:30:00,5.420214178,6.393095
2024-10-08 08:45:00,6.820213346,6.4438114
2024-10-08 09:00:00,2.5726536560000004,6.414619
2024-10-08 09:15:00,9.920050312,6.45119
2024-10-08 09:30:00,6.055060818,6.3358693
2024-10-08 09:45:00,7.7139002,6.380642
2024-10-08 10:00:00,8.212129304,6.3645496
2024-10-08 10:15:00,3.8488512270000004,6.3626328
2024-10-08 10:30:00,9.305614071,6.4346056
2024-10-08 10:45:00,9.999285884,6.3519983
2024-10-08 11:00:00,6.464327776,6.339141
2024-10-08 11:15:00,10.55216243,6.4215274
2024-10-08 11:30:00,2.881817695,6.3685203
2024-10-08 11:45:00,5.544880760999999,6.5050106
2024-10-08 12:00:00,1.5933215899999997,6.4417844
2024-10-08 12:15:00,5.260171528,6.443191
2024-10-08 12:30:00,11.69493052,6.3574557
2024-10-08 12:45:00,6.065314519000001,6.2627873
2024-10-08 13:00:00,5.478323687,6.3583293
2024-10-08 13:15:00,8.259328305,6.385932
2024-10-08 13:30:00,1.662697371,6.3473573
2024-10-08 13:45:00,4.954467401,6.432888
2024-10-08 14:00:00,6.822022925,6.365157
2024-10-08 14:15:00,6.252937993,6.319444
2024-10-08 14:30:00,7.616738582,6.3228664
2024-10-08 14:45:00,2.572538434,6.3141565
2024-10-08 15:00:00,5.29136364,6.385272
2024-10-08 15:15:00,7.945405808,6.3391037
2024-10-08 15:30:00,4.249897098,6.297472
2024-10-08 15:45:00,7.697494173000001,6.3479905
2024-10-08 16:00:00,10.93120676,6.3105984
2024-10-08 16:15:00,10.66445717,6.2755737
2024-10-08 16:30:00,8.749694151,6.31092
2024-10-08 16:45:00,3.0903379999999996,6.39217
2024-10-08 17:00:00,9.22425713,6.5145555
2024-10-08 17:15:00,5.45174257,6.403083
2024-10-08 17:30:00,10.62637774,6.4407415
2024-10-08 17:45:00,7.526642439,6.3574133
2024-10-08 18:00:00,3.29331558,6.4135723
2024-10-08 18:15:00,4.301161393,6.4870677
2024-10-08 18:30:00,4.453448545,6.438725
2024-10-08 18:45:00,3.7960622580000005,6.393586
2024-10-08 19:00:00,9.06291663,6.365798
2024-10-08 19:15:00,4.517941775,6.2915916
2024-10-08 19:30:00,3.0712323439999993,6.349976
2024-10-08 19:45:00,7.191959573,6.362091
2024-10-08 20:00:00,5.821915253000001,6.303237
2024-10-08 20:15:00,1.393514693,6.315606
2024-10-08 20:30:00,4.143917818,6.360705
2024-10-08 20:45:00,1.533049322,6.307378
2024-10-08 21:00:00,8.971087027,6.297994
2024-10-08 21:15:00,10.89411993,6.227669
2024-10-08 21:30:00,6.174342377,6.2136354
2024-10-08 21:45:00,6.732949367,6.327312
2024-10-08 22:00:00,9.542591918,6.351464
2024-10-08 22:15:00,1.307383056,6.3243837
2024-10-08 22:30:00,2.930458881,6.4581275
2024-10-08 22:45:00,7.803690056,6.4007063
2024-10-08 23:00:00,8.262535599,6.3133125
2024-10-08 23:15:00,7.533757639000001,6.2993584
2024-10-08 23:30:00,10.4953219,6.3281655
2024-10-08 23:45:00,5.217745978,6.307639
2024-10-09 00:00:00,6.887855031,6.4219427
2024-10-09 00:15:00,11.06220121,6.4044986
2024-10-09 00:30:00,10.45201246,6.3368435
2024-10-09 00:45:00,1.456907513,6.361844
2024-10-09 01:00:00,4.642897997,6.547138
2024-10-09 01:15:00,8.784317547,6.4621615
2024-10-09 01:30:00,1.184750957,6.3646874
2024-10-09 01:45:00,10.47942651,6.443851
2024-10-09 02:00:00,6.313995908,6.314794
2024-10-09 02:15:00,2.040537247,6.362644
2024-10-09 02:30:00,5.791827115,6.420682
2024-10-09 02:45:00,6.451480564,6.350877
2024-10-09 03:00:00,4.895419483,6.3234944
2024-10-09 03:15:00,5.940247717,6.338566
2024-10-09 03:30:00,10.19035043,6.3241744
2024-10-09 03:45:00,4.536375985,6.2761254
2024-10-09 04:00:00,11.329603760000001,6.3776402
2024-10-09 04:15:00,8.028866979,6.298472
2024-10-09 04:30:00,10.30475567,6.369756
2024-10-09 04:45:00,3.381696112,6.3612723
2024-10-09 05:00:00,6.324188692,6.500644
2024-10-09 05:15:00,7.159795143,6.4389405
2024-10-09 05:30:00,2.070188001,6.3990636
2024-10-09 05:45:00,6.212771273999999,6.4475784
2024-10-09 06:00:00,10.54186709,6.3664503
2024-10-09 06:15:00,1.695236454,6.2940474
2024-10-09 06:30:00,7.279872539,6.427234
2024-10-09 06:45:00,11.313749860000001,6.3472667
2024-10-09 07:00:00,6.541461695,6.283338
2024-10-09 07:15:00,4.364016456,6.382246
2024-10-09 07:30:00,7.133524762,6.431559
2024-10-09 07:45:00,6.915231014999999,6.3805566
2024-10-09 08:00:00,2.265554131,6.3724523
2024-10-09 08:15:00,3.294696199,6.425317
2024-10-09 08:30:00,8.053659367,6.377107
2024-10-09 08:45:00,7.160215625,6.300127
2024-10-09 09:00:00,4.732646118,6.3073983
2024-10-09 09:15:00,11.086171140000001,6.35141
2024-10-09 09:30:00,7.836014931,6.2787046
2024-10-09 09:45:00,3.517915211,6.3482857
2024-10-09 10:00:00,6.006782397,6.438477
2024-10-09 10:15:00,8.894624971,6.390484
2024-10-09 10:30:00,8.0415379,6.3366504
2024-10-09 10:45:00,3.5439268550000005,6.355077
2024-10-09 11:00:00,8.02869156,6.4337387
2024-10-09 11:15:00,4.695952659,6.3633814
2024-10-09 11:30:00,5.631989985,6.397271
2024-10-09 11:45:00,7.952649051999999,6.3745317
2024-10-09 12:00:00,7.231154727,6.3351645
2024-10-09 12:15:00,8.623929342,6.349148
2024-10-09 12:30:00,5.101494506,6.3425703
2024-10-09 12:45:00,8.936667631,6.4095654
2024-10-09 13:00:00,1.285377867,6.3573546
2024-10-09 13:15:00,2.933970433,6.461382
2024-10-09 13:30:00,11.72289702,6.398483
2024-10-09 13:45:00,2.004508581,6.2738056
2024-10-09 14:00:00,8.031396501,6.4017773
2024-10-09 14:15:00,10.60170338,6.325479
2024-10-09 14:30:00,10.24225247,6.2875466
2024-10-09 14:45:00,10.62348736,6.3202357
2024-10-09 15:00:00,11.37126189,6.3548694
2024-10-09 15:15:00,4.570159729,6.378873
2024-10-09 15:30:00,4.484397258,6.5474005
2024-10-09 15:45:00,2.439786667,6.5295796
2024-10-09 16:00:00,3.2814703490000006,6.497365
2024-10-09 16:15:00,7.743703947,6.419933
2024-10-09 16:30:00,4.420354175,6.329518
2024-10-09 16:45:00,4.693757138,6.351202
2024-10-09 17:00:00,7.340192658,6.3389387
2024-10-09 17:15:00,2.177079986,6.3020134
2024-10-09 17:30:00,1.795190213,6.3587937
2024-10-09 17:45:00,9.756551896,6.3331857
2024-10-09 18:00:00,9.423671951,6.2450523
2024-10-09 18:15:00,5.170003786,6.2533426
2024-10-09 18:30:00,6.979265401999999,6.350803
2024-10-09 18:45:00,3.555928898,6.344124
2024-10-09 19:00:00,4.923253997,6.388879
2024-10-09 19:15:00,1.502890575,6.356339
2024-10-09 19:30:00,3.951525717,6.3633533
2024-10-09 19:45:00,1.356794936,6.30605
2024-10-09 20:00:00,5.473939821,6.292738
2024-10-09 20:15:00,6.480743491,6.2417073
2024-10-09 20:30:00,6.377581155999999,6.231047
2024-10-09 20:45:00,4.532055152,6.249596
2024-10-09 21:00:00,3.231764267,6.289877
2024-10-09 21:15:00,5.758598799,6.30655
2024-10-09 21:30:00,10.16603767,6.276096
2024-10-09 21:45:00,11.24149154,6.235062
2024-10-09 22:00:00,4.356831196,6.2474327
2024-10-09 22:15:00,11.07295725,6.4112535
2024-10-09 22:30:00,5.516137938,6.329802
2024-10-09 22:45:00,7.596648991,6.433182
2024-10-09 23:00:00,9.398903806,6.407464
2024-10-09 23:15:00,4.935534874,6.375522
2024-10-09 23:30:00,3.225839556,6.455177
2024-10-09 23:45:00,3.918836126,6.462112
2024-10-10 00:00:00,9.782413194,6.4089336
2024-10-10 00:15:00,10.79173253,6.3120346
2024-10-10 00:30:00,2.5205047260000004,6.295326
2024-10-10 00:45:00,8.260167356,6.4567204
2024-10-10 01:00:00,1.535793157,6.372281
2024-10-10 01:15:00,10.28896116,6.4407682
2024-10-10 01:30:00,9.994886396,6.316492
2024-10-10 01:45:00,8.977559096,6.311945
2024-10-10 02:00:00,9.841656932,6.3595657
2024-10-10 02:15:00,7.255896745,6.3759837
2024-10-10 02:30:00,2.67339767,6.4473233
2024-10-10 02:45:00,10.60322713,6.5211496
2024-10-10 03:00:00,2.59783957,6.3779626
2024-10-10 03:15:00,3.4513493400000006,6.477813
2024-10-10 03:30:00,5.526977086,6.4313526
2024-10-10 03:45:00,6.082332036,6.3647385
2024-10-10 04:00:00,2.212406956,6.3347683
2024-10-10 04:15:00,8.936810315,6.36319
2024-10-10 04:30:00,2.5639584900000005,6.2815933
2024-10-10 04:45:00,7.903634582,6.352355
2024-10-10 05:00:00,5.966808849,6.292097
2024-10-10 05:15:00,9.944247709,6.3174324
2024-10-10 05:30:00,4.224130424,6.281916
2024-10-10 05:45:00,9.774577989,6.3871017
2024-10-10 06:00:00,3.6690385720000003,6.3221636
2024-10-10 06:15:00,6.871805336999999,6.418002
2024-10-10 06:30:00,5.942884587,6.369758
2024-10-10 06:45:00,4.716136468,6.3706217
2024-10-10 07:00:00,1.214088221,6.3789854
2024-10-10 07:15:00,5.391274878,6.3926706
2024-10-10 07:30:00,2.396876452,6.3165407
2024-10-10 07:45:00,3.4613396219999997,6.315339
2024-10-10 08:00:00,8.4734481,6.282182
2024-10-10 08:15:00,6.898371604000001,6.2320447
2024-10-10 08:30:00,6.487531593,6.2637467
2024-10-10 08:45:00,6.693823229000001,6.2966785
2024-10-10 09:00:00,2.432828201,6.314641
2024-10-10 09:15:00,2.803755797,6.3742056
2024-10-10 09:30:00,6.770301628000001,6.3444104
2024-10-10 09:45:00,5.477503459,6.2838535
2024-10-10 10:00:00,6.121283195,6.29297
2024-10-10 10:15:00,10.24273231,6.2940025
2024-10-10 10:30:00,3.0920647350000006,6.258089
2024-10-10 10:45:00,10.36792566,6.3839765
2024-10-10 11:00:00,10.39186094,6.2998157
2024-10-10 11:15:00,10.44563799,6.3087482
2024-10-10 11:30:00,7.801684204,6.345413
2024-10-10 11:45:00,10.00247273,6.4341445
2024-10-10 12:00:00,11.70624526,6.4148393
2024-10-10 12:15:00,6.055305962,6.392945
2024-10-10 12:30:00,10.23629091,6.5293074
2024-10-10 12:45:00,10.58404031,6.4540296
2024-10-10 13:00:00,4.335206343,6.438096
2024-10-10 13:15:00,5.847823673999999,6.566353
2024-10-10 13:30:00,7.140736505999999,6.5134645
2024-10-10 13:45:00,4.664248531,6.451355
2024-10-10 14:00:00,4.387769385,6.457946
2024-10-10 14:15:00,5.106881243,6.429472
2024-10-10 14:30:00,5.646668309,6.3863263
2024-10-10 14:45:00,3.895032251,6.355461
2024-10-10 15:00:00,5.815084039,6.35843
2024-10-10 15:15:00,9.215181888,6.3225393
2024-10-10 15:30:00,7.694480207,6.2803082
2024-10-10 15:45:00,5.113211621,6.3188777
2024-10-10 16:00:00,2.82733333,6.379219
2024-10-10 16:15:00,9.816774055,6.4018826
2024-10-10 16:30:00,6.304269926000001,6.303784
2024-10-10 16:45:00,10.95520562,6.3512
2024-10-10 17:00:00,3.7909514,6.3020463
2024-10-10 17:15:00,3.030437749,6.438239
2024-10-10 17:30:00,1.236719393,6.4357758
2024-10-10 17:45:00,1.936371336,6.401803
2024-10-10 18:00:00,5.021924139,6.333482
2024-10-10 18:15:00,3.249921381,6.2705708
2024-10-10 18:30:00,1.530407428,6.2655907
2024-10-10 18:45:00,3.491486473,6.2604747
2024-10-10 19:00:00,8.893941279,6.227623
2024-10-10 19:15:00,8.535378705,6.1896887
2024-10-10 19:30:00,2.674427423,6.217752
2024-10-10 19:45:00,10.7194189,6.3290267
2024-10-10 20:00:00,2.8176261509999994,6.2518845
2024-10-10 20:15:00,2.109540334,6.3743343
2024-10-10 20:30:00,2.745127946,6.368885
2024-10-10 20:45:00,2.604076421,6.322494
2024-10-10 21:00:00,7.833456034,6.2869363
2024-10-10 21:15:00,2.655685212,6.232481
2024-10-10 21:30:00,7.704494599,6.2856593
2024-10-10 21:45:00,3.906733917,6.244989
2024-10-10 22:00:00,3.6690930719999995,6.2957277
2024-10-10 22:15:00,9.868207805,6.299794
2024-10-10 22:30:00,3.470326403,6.239444
2024-10-10 22:45:00,10.02033455,6.3351045
2024-10-10 23:00:00,4.216201607,6.271673
2024-10-10 23:15:00,11.490632020000001,6.3666544
2024-10-10 23:30:00,11.04651033,6.283749
2024-10-10 23:45:00,9.475582085,6.3081036
2024-10-11 00:00:00,10.46745118,6.3836
2024-10-11 00:15:00,10.0509918,6.402179
2024-10-11 00:30:00,7.568152381,6.4362035
2024-10-11 00:45:00,9.744360531,6.50561
2024-10-11 01:00:00,7.711940192,6.46552
2024-10-11 01:15:00,9.563169182,6.498393
2024-10-11 01:30:00,10.61440326,6.4594812
2024-10-11 01:45:00,9.248554717,6.435357
2024-10-11 02:00:00,10.78914876,6.4722815
2024-10-11 02:15:00,6.076248274,6.4525905
2024-10-11 02:30:00,10.59450924,6.5544915
2024-10-11 02:45:00,3.611480048,6.461109
2024-10-11 03:00:00,1.464844798,6.5718694
2024-10-11 03:15:00,2.518853495,6.5504694
2024-10-11 03:30:00,2.8937340010000003,6.451046
2024-10-11 03:45:00,9.975394996,6.3736577
2024-10-11 04:00:00,5.233110866,6.2742004
2024-10-11 04:15:00,3.496977598,6.328462
2024-10-11 04:30:00,9.540128644,6.3535566
2024-10-11 04:45:00,3.150329376,6.281356
2024-10-11 05:00:00,1.966180484,6.368763
2024-10-11 05:15:00,5.868459687,6.364873
2024-10-11 05:30:00,1.912341046,6.2991734
2024-10-11 05:45:00,3.986970009,6.3150787
2024-10-11 06:00:00,8.080382028,6.2761974
2024-10-11 06:15:00,5.179485975,6.2343764
2024-10-11 06:30:00,2.06357878,6.2795005
2024-10-11 06:45:00,5.324347936,6.3197913
2024-10-11 07:00:00,6.614743244,6.277651
2024-10-11 07:15:00,3.810719113,6.261979
2024-10-11 07:30:00,2.870381841,6.300382
2024-10-11 07:45:00,8.945004279,6.304401
2024-10-11 08:00:00,1.807301873,6.243713
2024-10-11 08:15:00,10.70167268,6.3296766
2024-10-11 08:30:00,1.244101669,6.2434363
2024-10-11 08:45:00,7.957626733,6.3703623
2024-10-11 09:00:00,2.5746873020000005,6.2942276
2024-10-11 09:15:00,7.002261052,6.3480983
2024-10-11 09:30:00,3.1406547850000006,6.294781
2024-10-11 09:45:00,1.533484264,6.331048
2024-10-11 10:00:00,9.594655776,6.32509
2024-10-11 10:15:00,5.500762164,6.240988
2024-10-11 10:30:00,4.082381067,6.292828
2024-10-11 10:45:00,10.67606655,6.3237066
2024-10-11 11:00:00,2.002579749,6.2551064
2024-10-11 11:15:00,4.810816201,6.388217
2024-10-11 11:30:00,3.0144575420000006,6.3456736
2024-10-11 11:45:00,11.50034618,6.338832
2024-10-11 12:00:00,6.889854433,6.2433043
2024-10-11 12:15:00,9.594037577,6.320371
2024-10-11 12:30:00,2.7521747919999995,6.313641
2024-10-11 12:45:00,4.348297507,6.4400578
2024-10-11 13:00:00,7.60972346,6.4007125
2024-10-11 13:15:00,2.898295163,6.336015
2024-10-11 13:30:00,6.515379064,6.381881
2024-10-11 13:45:00,10.91744602,6.327209
2024-10-11 14:00:00,10.45468705,6.268746
2024-10-11 14:15:00,4.737327324,6.2988124
2024-10-11 14:30:00,6.412462229,6.4386864
2024-10-11 14:45:00,3.164194353,6.4182396
2024-10-11 15:00:00,11.34949024,6.440866
2024-10-11 15:15:00,6.392061985999999,6.315952
2024-10-11 15:30:00,3.3659137110000006,6.3897915
2024-10-11 15:45:00,10.11821052,6.4399276
2024-10-11 16:00:00,5.574931976,6.336
2024-10-11 16:15:00,7.741455681,6.398778
2024-10-11 16:30:00,10.08228491,6.3729496
2024-10-11 16:45:00,4.324154605,6.3405056
2024-10-11 17:00:00,7.019000322,6.4495335
2024-10-11 17:15:00,1.775625972,6.4056706
2024-10-11 17:30:00,3.602219637,6.451795
2024-10-11 17:45:00,2.547666674,6.3855286
2024-10-11 18:00:00,7.746381465,6.347344
2024-10-11 18:15:00,3.725066171,6.2755146
2024-10-11 18:30:00,9.412194243,6.311657
2024-10-11 18:45:00,9.028568226,6.257689
2024-10-11 19:00:00,9.298706822,6.280278
2024-10-11 19:15:00,2.56224788,6.3137054
2024-10-11 19:30:00,6.420364253000001,6.448808
2024-10-11 19:45:00,8.373657544,6.3838844
2024-10-11 20:00:00,4.431374608,6.340797
2024-10-11 20:15:00,3.994493283,6.397398
2024-10-11 20:30:00,8.522527946,6.390804
2024-10-11 20:45:00,4.893885917,6.3203034
2024-10-11 21:00:00,3.523667134,6.3650627
2024-10-11 21:15:00,6.797888535,6.375252
2024-10-11 21:30:00,7.522670692999999,6.3223886
2024-10-11 21:45:00,8.784195084,6.3095317
2024-10-11 22:00:00,1.5941797730000002,6.3067694
2024-10-11 22:15:00,2.9760692319999995,6.4226146
2024-10-11 22:30:00,8.996485251,6.3758855
2024-10-11 22:45:00,6.652550251,6.2872005
2024-10-11 23:00:00,9.659303135,6.3149896
2024-10-11 23:15:00,5.527432593,6.294577
2024-10-11 23:30:00,5.74116409,6.3812532
2024-10-11 23:45:00,5.020982135,6.387837
2024-10-12 00:00:00,8.308154002,6.3873067
2024-10-12 00:15:00,7.249393051,6.3355737
2024-10-12 00:30:00,5.315578542,6.3531013
2024-10-12 00:45:00,3.123192005,6.390245
2024-10-12 01:00:00,1.192586035,6.4073067
2024-10-12 01:15:00,2.032162209,6.3851933
2024-10-12 01:30:00,2.273277447,6.3218966
2024-10-12 01:45:00,6.996111887,6.2735724
2024-10-12 02:00:00,9.293999843,6.223054
2024-10-12 02:15:00,5.90099817,6.208967
2024-10-12 02:30:00,5.358500626,6.2852287
2024-10-12 02:45:00,2.564016717,6.3189483
2024-10-12 03:00:00,10.60376237,6.3512
2024-10-12 03:15:00,8.602869138,6.259804
2024-10-12 03:30:00,5.423624696,6.297653
2024-10-12 03:45:00,2.138581291,6.3789835
2024-10-12 04:00:00,10.17133103,6.421166
2024-10-12 04:15:00,2.9185337649999994,6.3074555
2024-10-12 04:30:00,8.247773904,6.3968067
2024-10-12 04:45:00,4.614921926,6.3271627
2024-10-12 05:00:00,10.11951379,6.3695397
2024-10-12 05:15:00,7.429592347999999,6.302172
2024-10-12 05:30:00,3.476000228,6.355334
2024-10-12 05:45:00,1.284281852,6.42937
2024-10-12 06:00:00,3.2486857610000004,6.423358
2024-10-12 06:15:00,4.849160619,6.3492804
2024-10-12 06:30:00,8.420117407,6.2973475
2024-10-12 06:45:00,3.3086536250000003,6.2538652
2024-10-12 07:00:00,3.967404966,6.3222394
2024-10-12 07:15:00,5.550297947,6.3123627
2024-10-12 07:30:00,1.621499771,6.286904
2024-10-12 07:45:00,9.139928387,6.314228
2024-10-12 08:00:00,1.966428364,6.2409773
2024-10-12 08:15:00,9.061747098,6.3216486
2024-10-12 08:30:00,3.730599494,6.254532
2024-10-12 08:45:00,5.885071084,6.325615
2024-10-12 09:00:00,5.270823665,6.3069386
2024-10-12 09:15:00,3.6104518510000005,6.3134093
2024-10-12 09:30:00,3.6980197619999995,6.3287597
2024-10-12 09:45:00,10.97677793,6.313512
2024-10-12 10:00:00,4.24364403,6.236235
2024-10-12 10:15:00,3.1043562769999995,6.341925
2024-10-12 10:30:00,3.7251964310000005,6.3606367
2024-10-12 10:45:00,8.286422187,6.330739
2024-10-12 11:00:00,4.316621107,6.271886
2024-10-12 11:15:00,2.9198540219999995,6.3225393
2024-10-12 11:30:00,5.390430531,6.3347707
2024-10-12 11:45:00,2.32281307,6.295298
2024-10-12 12:00:00,5.389650855,6.3098235
2024-10-12 12:15:00,9.937307747,6.269424
2024-10-12 12:30:00,4.967872757,6.2265058
2024-10-12 12:45:00,6.531737193999999,6.315128
2024-10-12 13:00:00,9.382171072,6.3163047
2024-10-12 13:15:00,6.364281524,6.29161
2024-10-12 13:30:00,1.667399235,6.358974
2024-10-12 13:45:00,3.413340684,6.428518
2024-10-12 14:00:00,10.44588849,6.370592
2024-10-12 14:15:00,9.363984628,6.2725954
2024-10-12 14:30:00,8.943138353,6.2915173
2024-10-12 14:45:00,6.786409031,6.334964
2024-10-12 15:00:00,4.677544912,6.402986
2024-10-12 15:15:00,8.329759216,6.443168
2024-10-12 15:30:00,8.1711252,6.3781815
2024-10-12 15:45:00,7.951233002000001,6.3742685
2024-10-12 16:00:00,6.310349849,6.3875356
2024-10-12 16:15:00,3.923387034,6.422221
2024-10-12 16:30:00,5.891088706999999,6.4486055
2024-10-12 16:45:00,6.406077195,6.395953
2024-10-12 17:00:00,3.436560473,6.3671656
2024-10-12 17:15:00,3.3573777760000003,6.3899174
2024-10-12 17:30:00,9.089968718,6.363711
2024-10-12 17:45:00,4.468488187,6.285151
2024-10-12 18:00:00,10.98182871,6.3427615
2024-10-12 18:15:00,5.917921119,6.2729206
2024-10-12 18:30:00,7.547404242,6.368282
2024-10-12 18:45:00,6.499450538999999,6.364556
2024-10-12 19:00:00,6.249879159,6.385916
2024-10-12 19:15:00,10.13558867,6.3908334
2024-10-12 19:30:00,2.088923419,6.3346515
2024-10-12 19:45:00,4.754504305,6.4646497
2024-10-12 20:00:00,4.053217746,6.404413
2024-10-12 20:15:00,4.590157968,6.3744206
2024-10-12 20:30:00,10.75915249,6.3407526
2024-10-12 20:45:00,1.873557948,6.2632275
2024-10-12 21:00:00,3.921005566,6.3924837
2024-10-12 21:15:00,9.112478784,6.353458
2024-10-12 21:30:00,3.6043343830000003,6.280965
2024-10-12 21:45:00,10.34831102,6.35213
2024-10-12 22:00:00,4.629402452,6.278641
2024-10-12 22:15:00,2.3109507,6.3719783
2024-10-12 22:30:00,6.587386691,6.397953
2024-10-12 22:45:00,6.159513714,6.326361
2024-10-12 23:00:00,1.5896971589999997,6.318283
2024-10-12 23:15:00,9.059194496,6.362731
2024-10-12 23:30:00,2.498184149,6.2755566
2024-10-12 23:45:00,3.338035935,6.347162
2024-10-13 00:00:00,6.955717892,6.3234973
2024-10-13 00:15:00,10.56687887,6.2740817
2024-10-13 00:30:00,1.425903323,6.2384567
2024-10-13 00:45:00,9.745877673,6.3896704
2024-10-13 01:00:00,9.372379172,6.2939496
2024-10-13 01:15:00,2.8339750159999997,6.301784
2024-10-13 01:30:00,5.060197994,6.4262104
2024-10-13 01:45:00,10.6019233,6.3847346
2024-10-13 02:00:00,2.735794289,6.299332
2024-10-13 02:15:00,2.28144408,6.4182944
2024-10-13 02:30:00,8.915275281,6.400722
2024-10-13 02:45:00,5.862792494,6.301883
2024-10-13 03:00:00,4.065356444,6.332496
2024-10-13 03:15:00,2.888262788,6.3593097
2024-10-13 03:30:00,8.641494897,6.3547697
2024-10-13 03:45:00,5.659703102,6.280837
2024-10-13 04:00:00,3.717120826,6.3186755
2024-10-13 04:15:00,10.70555528,6.3484707
2024-10-13 04:30:00,6.695184589,6.268127
2024-10-13 04:45:00,4.66410553,6.339855
2024-10-13 05:00:00,8.784292734,6.3887825
2024-10-13 05:15:00,6.155484623000001,6.3338094
2024-10-13 05:30:00,1.258272892,6.3755965
2024-10-13 05:45:00,9.787398567,6.4341235
2024-10-13 06:00:00,1.869602975,6.313502
2024-10-13 06:15:00,11.33267012,6.398003
2024-10-13 06:30:00,5.056403886,6.2818604
2024-10-13 06:45:00,6.853682704,6.373958
2024-10-13 07:00:00,11.41649608,6.360762
2024-10-13 07:15:00,3.897573153,6.2994013
2024-10-13 07:30:00,6.343016512999999,6.443176
2024-10-13 07:45:00,8.752938537,6.4068837
2024-10-13 08:00:00,5.976140213,6.358993
2024-10-13 08:15:00,4.607305051,6.4025736
2024-10-13 08:30:00,2.39840035,6.418621
2024-10-13 08:45:00,6.215935197,6.416738
2024-10-13 09:00:00,6.934627774,6.340823
2024-10-13 09:15:00,3.4846273269999997,6.315119
2024-10-13 09:30:00,4.749588498,6.354645
2024-10-13 09:45:00,4.10650772,6.329135
2024-10-13 10:00:00,5.580478205000001,6.3197846
2024-10-13 10:15:00,8.958340039,6.294747
2024-10-13 10:30:00,4.377093888,6.260939
2024-10-13 10:45:00,3.8974355859999994,6.3377743
2024-10-13 11:00:00,9.693068793,6.3465295
2024-10-13 11:15:00,9.8488669,6.276846
2024-10-13 11:30:00,9.352354529,6.2866993
2024-10-13 11:45:00,9.085927331,6.332692
2024-10-13 12:00:00,10.26277773,6.375014
2024-10-13 12:15:00,8.644302869,6.382194
2024-10-13 12:30:00,2.85749778,6.4372263
2024-10-13 12:45:00,1.465583895,6.5476923
2024-10-13 13:00:00,2.912262271,6.5110445
2024-10-13 13:15:00,4.959946064,6.41511
2024-10-13 13:30:00,1.7075630329999998,6.339396
2024-10-13 13:45:00,9.136780212,6.3315163
2024-10-13 14:00:00,7.823943761,6.2509046
2024-10-13 14:15:00,8.959266606,6.269369
2024-10-13 14:30:00,2.149611715,6.28471
2024-10-13 14:45:00,4.650933945,6.4073296
2024-10-13 15:00:00,5.863293929,6.3615766
2024-10-13 15:15:00,7.240948239,6.325617
2024-10-13 15:30:00,9.606256853,6.3047867
2024-10-13 15:45:00,11.23947861,6.2857103
2024-10-13 16:00:00,2.036998445,6.2875705
2024-10-13 16:15:00,7.850794121000001,6.4807644
2024-10-13 16:30:00,2.501869463,6.3896294
2024-10-13 16:45:00,4.353001525,6.4351015
2024-10-13 17:00:00,8.967577982,6.3790736
2024-10-13 17:15:00,11.59442139,6.303554
2024-10-13 17:30:00,6.782926023,6.2693276
2024-10-13 17:45:00,4.764600126,6.385773
2024-10-13 18:00:00,3.450478064,6.4397497
2024-10-13 18:15:00,9.329162375,6.4363937
2024-10-13 18:30:00,10.69802794,6.336954
2024-10-13 18:45:00,9.752107955,6.3105063
2024-10-13 19:00:00,6.45524525,6.355049
2024-10-13 19:15:00,7.025983295,6.448138
2024-10-13 19:30:00,10.17394307,6.445312
2024-10-13 19:45:00,10.2923812,6.3866405
2024-10-13 20:00:00,10.78491848,6.3897576
2024-10-13 20:15:00,8.12131425,6.4030333
2024-10-13 20:30:00,3.1798717450000002,6.481789
2024-10-13 20:45:00,4.573009705,6.573279
2024-10-13 21:00:00,3.9610171339999996,6.502326
2024-10-13 21:15:00,3.13509068,6.449736
2024-10-13 21:30:00,3.6331678889999997,6.406535
2024-10-13 21:45:00,9.865978655,6.355627
2024-10-13 22:00:00,8.945856804,6.271759
2024-10-13 22:15:00,1.606900339,6.2891836
2024-10-13 22:30:00,2.618941805,6.417052
2024-10-13 22:45:00,11.15760197,6.376096
2024-10-13 23:00:00,3.535870581,6.264194
2024-10-13 23:15:00,7.508111422,6.365353
2024-10-13 23:30:00,3.196826336,6.322749
2024-10-13 23:45:00,3.5375671339999997,6.372924
2024-10-14 00:00:00,6.267920972999999,6.350112
2024-10-14 00:15:00,6.333389443,6.302287
2024-10-14 00:30:00,7.684431922999999,6.2972198
2024-10-14 00:45:00,2.84563668,6.291884
2024-10-14 01:00:00,3.918014544,6.3644342
2024-10-14 01:15:00,7.742509124,6.338741
2024-10-14 01:30:00,2.225166201,6.285421
2024-10-14 01:45:00,10.66922331,6.344991
2024-10-14 02:00:00,3.0090821469999995,6.2555137
2024-10-14 02:15:00,5.758488174,6.36308
2024-10-14 02:30:00,2.261313604,6.3311615
2024-10-14 02:45:00,8.188833404,6.3533754
2024-10-14 03:00:00,4.358781729,6.280645
2024-10-14 03:15:00,1.9493052339999999,6.3228555
2024-10-14 03:30:00,7.317254733,6.3406453
2024-10-14 03:45:00,11.490799159999998,6.2747602
2024-10-14 04:00:00,9.541538602,6.228081
2024-10-14 04:15:00,8.416325845,6.2925205
2024-10-14 04:30:00,1.257086416,6.361721
2024-10-14 04:45:00,10.37759994,6.496001
2024-10-14 05:00:00,10.57047849,6.3519917
2024-10-14 05:15:00,1.5511312940000002,6.332447
2024-10-14 05:30:00,2.394006647,6.5010633
2024-10-14 05:45:00,5.872918854,6.448513
2024-10-14 06:00:00,5.204204513,6.3581214
2024-10-14 06:15:00,4.188163149,6.3363185
2024-10-14 06:30:00,3.158243404,6.334026
2024-10-14 06:45:00,7.169962441,6.3268056
2024-10-14 07:00:00,9.425045129,6.2758965
2024-10-14 07:15:00,11.0990601,6.255254
2024-10-14 07:30:00,4.128172408,6.2600718
2024-10-14 07:45:00,8.586795905,6.419072
2024-10-14 08:00:00,9.34574279,6.3663177
2024-10-14 08:15:00,6.259040842000001,6.3558464
2024-10-14 08:30:00,10.75820548,6.4235263
2024-10-14 08:45:00,1.3876315980000002,6.3605266
2024-10-14 09:00:00,10.52318652,6.5199738
2024-10-14 09:15:00,9.979661598,6.3711452
2024-10-14 09:30:00,2.5250916940000003,6.360451
2024-10-14 09:45:00,5.744272448,6.499787
2024-10-14 10:00:00,6.649893193,6.429536
2024-10-14 10:15:00,5.246879556,6.384843
2024-10-14 10:30:00,10.40976633,6.3873916
2024-10-14 10:45:00,8.232538515,6.3138437
2024-10-14 11:00:00,2.5052617920000007,6.358393
2024-10-14 11:15:00,10.99938194,6.463261
2024-10-14 11:30:00,1.650956,6.335889
2024-10-14 11:45:00,7.379847308000001,6.463293
2024-10-14 12:00:00,6.781219876000001,6.370088
2024-10-14 12:15:00,1.866164169,6.3577585
2024-10-14 12:30:00,8.186162637,6.410584
2024-10-14 12:45:00,11.36898431,6.3198657
2024-10-14 13:00:00,6.022331477,6.2704353
2024-10-14 13:15:00,6.301031823,6.384642
2024-10-14 13:30:00,5.064000945,6.4000235
2024-10-14 13:45:00,10.58330905,6.4110265
2024-10-14 14:00:00,10.84891333,6.3265743
2024-10-14 14:15:00,5.349854079,6.3288994
2024-10-14 14:30:00,10.10925424,6.460263
2024-10-14 14:45:00,3.311849352,6.3916054
2024-10-14 15:00:00,5.707300858,6.5015926
2024-10-14 15:15:00,3.595637191,6.441319
2024-10-14 15:30:00,3.522173154,6.4289427
2024-10-14 15:45:00,10.33240414,6.389137
2024-10-14 16:00:00,8.495153174,6.2904983
2024-10-14 16:15:00,1.820635249,6.3178983
2024-10-14 16:30:00,9.323554818,6.434035
2024-10-14 16:45:00,7.049819856999999,6.329576
2024-10-14 17:00:00,9.281864136,6.3537774
2024-10-14 17:15:00,7.55948497,6.3359585
2024-10-14 17:30:00,5.017249675,6.3818717
2024-10-14 17:45:00,6.183840357000001,6.434477
2024-10-14 18:00:00,2.662185192,6.4070244
2024-10-14 18:15:00,4.297256373,6.428525
2024-10-14 18:30:00,1.376778657,6.373074
2024-10-14 18:45:00,5.200918932,6.3589053
2024-10-14 19:00:00,2.10275076,6.291461
2024-10-14 19:15:00,7.999227896,6.2924724
2024-10-14 19:30:00,10.81777721,6.2359967
2024-10-14 19:45:00,8.980284208,6.214493
2024-10-14 20:00:00,3.336456622,6.2827425
2024-10-14 20:15:00,6.453134168,6.4123397
2024-10-14 20:30:00,8.505316046,6.368851
2024-10-14 20:45:00,9.614710415,6.332651
2024-10-14 21:00:00,3.980526871,6.3265734
2024-10-14 21:15:00,5.776904119,6.437388
2024-10-14 21:30:00,2.28623589,6.40501
2024-10-14 21:45:00,8.794857363,6.419365
2024-10-14 22:00:00,5.633945723,6.320161
2024-10-14 22:15:00,1.618448073,6.350476
2024-10-14 22:30:00,6.524082470999999,6.391703
2024-10-14 22:45:00,9.197620718,6.3162756
2024-10-14 23:00:00,1.5803670950000002,6.2758713
2024-10-14 23:15:00,5.390131386,6.384627
2024-10-14 23:30:00,5.9261227409999995,6.32852
2024-10-14 23:45:00,11.30367923,6.307166
2024-10-15 00:00:00,3.4351756889999994,6.248467
2024-10-15 00:15:00,9.37622774,6.3887568
2024-10-15 00:30:00,2.622111419,6.3217406
2024-10-15 00:45:00,10.59244658,6.4177227
2024-10-15 01:00:00,4.3813299,6.3112626
2024-10-15 01:15:00,2.616862528,6.40118
2024-10-15 01:30:00,4.979256999,6.413199
2024-10-15 01:45:00,1.270668129,6.3531485
2024-10-15 02:00:00,2.25610006,6.354023
2024-10-15 02:15:00,6.069243157000001,6.302474
2024-10-15 02:30:00,11.345115620000001,6.24834
2024-10-15 02:45:00,5.4566245,6.199447
2024-10-15 03:00:00,7.905142077,6.311844
2024-10-15 03:15:00,8.487915855,6.3108993
2024-10-15 03:30:00,1.502635036,6.3223696
2024-10-15 03:45:00,4.504227431,6.4369063
2024-10-15 04:00:00,11.27005177,6.3728304
2024-10-15 04:15:00,1.263185467,6.273897
2024-10-15 04:30:00,5.869954526,6.416977
2024-10-15 04:45:00,9.315763897,6.347922
2024-10-15 05:00:00,4.018325852,6.292525
2024-10-15 05:15:00,11.56144062,6.373701
2024-10-15 05:30:00,6.1653755310000005,6.284147
2024-10-15 05:45:00,10.7833544,6.3844366
2024-10-15 06:00:00,6.690397894000001,6.3353796
2024-10-15 06:15:00,5.192768915,6.424167
2024-10-15 06:30:00,8.409159803,6.4569964
2024-10-15 06:45:00,10.97540079,6.395109
2024-10-15 07:00:00,5.249124414,6.347716
2024-10-15 07:15:00,10.2538585,6.464654
2024-10-15 07:30:00,8.30500654,6.388994
2024-10-15 07:45:00,5.161194904,6.4232483
2024-10-15 08:00:00,1.7218930080000001,6.484991
2024-10-15 08:15:00,4.276116772,6.504223
2024-10-15 08:30:00,9.796551796,6.4140286
2024-10-15 08:45:00,2.131989158,6.3138003
2024-10-15 09:00:00,7.057633228,6.4045296
2024-10-15 09:15:00,6.418237193,6.334464
2024-10-15 09:30:00,7.641143581999999,6.331177
2024-10-15 09:45:00,11.166574240000001,6.3217697
2024-10-15 10:00:00,8.920944047,6.2862782
2024-10-15 10:15:00,6.237086474,6.3556285
2024-10-15 10:30:00,9.846233801,6.4364104
2024-10-15 10:45:00,8.25575873,6.3858542
2024-10-15 11:00:00,10.5462361,6.418991
2024-10-15 11:15:00,8.812738068,6.392047
2024-10-15 11:30:00,9.141986991,6.440194
2024-10-15 11:45:00,2.01233726,6.450185
2024-10-15 12:00:00,1.178846346,6.573504
2024-10-15 12:15:00,10.89052439,6.5170584
2024-10-15 12:30:00,3.699456316,6.3456
2024-10-15 12:45:00,2.857704275,6.4135847
2024-10-15 13:00:00,2.7800215270000006,6.4016547
2024-10-15 13:15:00,8.629518229,6.359224
2024-10-15 13:30:00,1.5896896730000003,6.278306
2024-10-15 13:45:00,7.972700726999999,6.347586
2024-10-15 14:00:00,6.99791788,6.2770915
2024-10-15 14:15:00,2.6082108920000002,6.2896605
2024-10-15 14:30:00,2.5979545400000004,6.3543797
2024-10-15 14:45:00,2.6202302170000005,6.334105
2024-10-15 15:00:00,3.916286997,6.29994
2024-10-15 15:15:00,7.670518276999999,6.26397
2024-10-15 15:30:00,3.287692294,6.2280655
2024-10-15 15:45:00,8.249066764,6.2832546
2024-10-15 16:00:00,10.9211832,6.2458405
2024-10-15 16:15:00,10.24406919,6.231609
2024-10-15 16:30:00,9.11387798,6.2854934
2024-10-15 16:45:00,11.375292380000001,6.3583827
2024-10-15 17:00:00,7.419025516,6.356064
2024-10-15 17:15:00,9.549076829,6.465728
2024-10-15 17:30:00,9.504260469,6.4428186
2024-10-15 17:45:00,11.21049125,6.4460692
2024-10-15 18:00:00,7.725535744000001,6.4217234
2024-10-15 18:15:00,3.992969411,6.507473
2024-10-15 18:30:00,3.162789399,6.5730305
2024-10-15 18:45:00,4.286536701,6.5321593
2024-10-15 19:00:00,8.708500254,6.44971
2024-10-15 19:15:00,7.856452935,6.353115
2024-10-15 19:30:00,3.336733223,6.352493
2024-10-15 19:45:00,10.16977114,6.421503
2024-10-15 20:00:00,11.550417419999999,6.3252034
2024-10-15 20:15:00,9.131836545,6.3033376
2024-10-15 20:30:00,1.806128995,6.3830647
2024-10-15 20:45:00,7.503325421,6.5361524
2024-10-15 21:00:00,10.90358039,6.4237337
2024-10-15 21:15:00,4.464818491,6.3443604
2024-10-15 21:30:00,7.117334813,6.456657
2024-10-15 21:45:00,3.508344332,6.413309
2024-10-15 22:00:00,10.2326433,6.4430804
2024-10-15 22:15:00,10.52126132,6.3365436
2024-10-15 22:30:00,5.013229964,6.3277397
2024-10-15 22:45:00,4.83249628,6.4494276
2024-10-15 23:00:00,1.108088157,6.449464
2024-10-15 23:15:00,4.45224601,6.454875
2024-10-15 23:30:00,9.206568345,6.364972
2024-10-15 23:45:00,1.440992642,6.2861247
2024-10-16 00:00:00,3.1380052650000003,6.3745427
2024-10-16 00:15:00,8.502354398,6.3315635
2024-10-16 00:30:00,7.845092093,6.2626247
2024-10-16 00:45:00,11.637095069999999,6.2760067
2024-10-16 01:00:00,5.126237424,6.252052
2024-10-16 01:15:00,2.507460106,6.400212
2024-10-16 01:30:00,8.34068195,6.4442444
2024-10-16 01:45:00,1.9552251200000001,6.346594
2024-10-16 02:00:00,2.351806536,6.406751
2024-10-16 02:15:00,7.010354457999999,6.364917
2024-10-16 02:30:00,5.858423645999999,6.2904944
2024-10-16 02:45:00,3.926539479,6.2941084
2024-10-16 03:00:00,6.010439470999999,6.319309
2024-10-16 03:15:00,10.13048475,6.2952914
2024-10-16 03:30:00,8.73730857,6.2540984
2024-10-16 03:45:00,6.104544709000001,6.300967
2024-10-16 04:00:00,4.247122383,6.378814
2024-10-16 04:15:00,7.310547466999999,6.413992
2024-10-16 04:30:00,1.201942074,6.360773
2024-10-16 04:45:00,8.616101569,6.418991
2024-10-16 05:00:00,9.578566123,6.314703
2024-10-16 05:15:00,2.4961832250000002,6.2925735
2024-10-16 05:30:00,5.228729397,6.4132233
2024-10-16 05:45:00,2.665423472,6.3671255
2024-10-16 06:00:00,11.066664929999998,6.3668375
2024-10-16 06:15:00,9.811609215,6.2642198
2024-10-16 06:30:00,1.380458209,6.2876287
2024-10-16 06:45:00,11.23393244,6.4490056
2024-10-16 07:00:00,2.647110285,6.3155107
2024-10-16 07:15:00,1.9794413510000002,6.433439
2024-10-16 07:30:00,1.4927936489999998,6.412878
2024-10-16 07:45:00,9.236680934,6.3584113
2024-10-16 08:00:00,10.43967382,6.2614455
2024-10-16 08:15:00,2.116018026,6.2431064
2024-10-16 08:30:00,11.39363592,6.392648
2024-10-16 08:45:00,4.461013658,6.284104
2024-10-16 09:00:00,7.950587232,6.393803
2024-10-16 09:15:00,11.12632882,6.3546205
2024-10-16 09:30:00,1.25742822,6.310805
2024-10-16 09:45:00,6.884451241,6.4901204
2024-10-16 10:00:00,8.092572021,6.393813
2024-10-16 10:15:00,5.142079349,6.3525457
2024-10-16 10:30:00,2.314977501,6.3934216
2024-10-16 10:45:00,7.510253643,6.4147744
2024-10-16 11:00:00,1.6405478730000003,6.3302827
2024-10-16 11:15:00,11.093967749999997,6.3755665
2024-10-16 11:30:00,6.288897318,6.2657533
2024-10-16 11:45:00,10.67777555,6.334174
2024-10-16 12:00:00,9.922475588,6.2968636
2024-10-16 12:15:00,1.206425969,6.3362756
2024-10-16 12:30:00,5.905964662,6.51149
2024-10-16 12:45:00,10.60033637,6.4170175
2024-10-16 13:00:00,5.111815529,6.3241377
2024-10-16 13:15:00,4.529946316,6.4111357
2024-10-16 13:30:00,8.188801732,6.4175043
2024-10-16 13:45:00,8.168014783,6.3532515
2024-10-16 14:00:00,7.931005538,6.349918
2024-10-16 14:15:00,4.933768995,6.367328
2024-10-16 14:30:00,1.779517661,6.423981
2024-10-16 14:45:00,10.4401864,6.4445395
2024-10-16 15:00:00,4.496920059,6.315246
2024-10-16 15:15:00,9.058161329,6.3844295
2024-10-16 15:30:00,4.821037782,6.328595
2024-10-16 15:45:00,6.385594135,6.3935184
2024-10-16 16:00:00,5.077478752,6.3717465
2024-10-16 16:15:00,1.974784355,6.3790855
2024-10-16 16:30:00,4.435933274,6.394608
2024-10-16 16:45:00,11.18216873,6.334591
2024-10-16 17:00:00,2.351806189,6.249073
2024-10-16 17:15:00,6.817013851,6.37751
2024-10-16 17:30:00,11.29612818,6.3248563
2024-10-16 17:45:00,1.409136114,6.266182
2024-10-16 18:00:00,1.879860684,6.434395
2024-10-16 18:15:00,10.46825303,6.397932
2024-10-16 18:30:00,8.961325459,6.279668
2024-10-16 18:45:00,6.685158862,6.295377
2024-10-16 19:00:00,6.515042095999999,6.361215
2024-10-16 19:15:00,11.43855899,6.3818407
2024-10-16 19:30:00,1.354804253,6.315458
2024-10-16 19:45:00,3.9222551159999997,6.4939127
2024-10-16 20:00:00,4.368781225,6.427325
2024-10-16 20:15:00,2.362212235,6.374361
2024-10-16 20:30:00,4.995119948,6.356333
2024-10-16 20:45:00,5.163877671,6.3019605
2024-10-16 21:00:00,11.50568852,6.284628
2024-10-16 21:15:00,5.860583401999999,6.223062
2024-10-16 21:30:00,10.93462293,6.3314934
2024-10-16 21:45:00,9.237034439,6.290947
2024-10-16 22:00:00,8.740495493,6.3479376
2024-10-16 22:15:00,4.785230006,6.393805
2024-10-16 22:30:00,5.516475450000001,6.4802465
2024-10-16 22:45:00,1.664247941,6.4526024
2024-10-16 23:00:00,5.061590064,6.46196
2024-10-16 23:15:00,9.567256484,6.3746305
2024-10-16 23:30:00,9.365889727,6.2966824
2024-10-16 23:45:00,9.778527376,6.304541
2024-10-17 00:00:00,3.439898356,6.3294864
2024-10-17 00:15:00,3.412977371,6.463883
2024-10-17 00:30:00,7.724967079000001,6.4436693
2024-10-17 00:45:00,7.652942517,6.356378
2024-10-17 01:00:00,3.1855841979999995,6.343391
2024-10-17 01:15:00,8.687526674,6.405799
2024-10-17 01:30:00,5.191888683,6.3287683
2024-10-17 01:45:00,10.47186479,6.371491
2024-10-17 02:00:00,4.79461956,6.3068676
2024-10-17 02:15:00,3.546447659,6.407056
2024-10-17 02:30:00,3.218705169,6.4204445
2024-10-17 02:45:00,10.02073313,6.3888955
2024-10-17 03:00:00,10.04177038,6.291092
2024-10-17 03:15:00,5.517187335,6.2914133
2024-10-17 03:30:00,3.589636108,6.3963227
2024-10-17 03:45:00,4.139419586,6.428766
2024-10-17 04:00:00,5.00593111,6.3922462
2024-10-17 04:15:00,1.623582451,6.3514595
2024-10-17 04:30:00,1.8689380779999998,6.3568516
2024-10-17 04:45:00,11.00247114,6.312143
2024-10-17 05:00:00,8.857580102,6.2214355
2024-10-17 05:15:00,9.261421353,6.2552238
2024-10-17 05:30:00,6.140974222,6.292581
2024-10-17 05:45:00,4.89686953,6.381098
2024-10-17 06:00:00,2.234518677,6.4114413
2024-10-17 06:15:00,6.995217535,6.422062
2024-10-17 06:30:00,8.854944634,6.337121
2024-10-17 06:45:00,3.165740752,6.301067
2024-10-17 07:00:00,5.040707874,6.3875194
2024-10-17 07:15:00,10.87944202,6.355484
2024-10-17 07:30:00,9.865815432,6.2766275
2024-10-17 07:45:00,9.396317948,6.3068256
2024-10-17 08:00:00,1.561347815,6.3555584
2024-10-17 08:15:00,2.877509683,6.5112906
2024-10-17 08:30:00,4.154279026,6.449305
2024-10-17 08:45:00,4.370828574,6.3771
2024-10-17 09:00:00,2.43902168,6.3361053
2024-10-17 09:15:00,4.133341988,6.3257027
2024-10-17 09:30:00,5.737317686,6.285663
2024-10-17 09:45:00,1.724534414,6.259553
2024-10-17 10:00:00,5.126113204,6.290201
2024-10-17 10:15:00,6.293257231,6.2516494
2024-10-17 10:30:00,1.5830094149999998,6.2409024
2024-10-17 10:45:00,7.861582588999999,6.2911987
2024-10-17 11:00:00,2.010221053,6.236422
2024-10-17 11:15:00,7.875871664,6.2978177
2024-10-17 11:30:00,11.487044060000002,6.2462926
2024-10-17 11:45:00,1.742004493,6.2159686
2024-10-17 12:00:00,4.002668332,6.395698
2024-10-17 12:15:00,2.533919856,6.360146
2024-10-17 12:30:00,4.985301852,6.341499
2024-10-17 12:45:00,9.685510683,6.2925205
2024-10-17 13:00:00,10.66768784,6.2407393
2024-10-17 13:15:00,9.888269697,6.247693
2024-10-17 13:30:00,8.311356873,6.3071823
2024-10-17 13:45:00,8.741838599,6.383373
2024-10-17 14:00:00,2.371893401,6.405289
2024-10-17 14:15:00,3.625451073,6.517315
2024-10-17 14:30:00,4.954741699,6.4563475
2024-10-17 14:45:00,1.6516074750000003,6.3887033
2024-10-17 15:00:00,9.818516047,6.3805747
2024-10-17 15:15:00,3.796889967,6.2773623
2024-10-17 15:30:00,1.7152732379999998,6.3437185
2024-10-17 15:45:00,1.864386591,6.354184
2024-10-17 16:00:00,11.219122180000001,6.3120728
2024-10-17 16:15:00,10.42807037,6.2192826
2024-10-17 16:30:00,10.77921333,6.236255
2024-10-17 16:45:00,10.84503029,6.2802343
2024-10-17 17:00:00,9.312592766,6.332903
2024-10-17 17:15:00,4.114679627,6.4111233
2024-10-17 17:30:00,4.455368035,6.5331297
2024-10-17 17:45:00,5.163917959,6.498327
2024-10-17 18:00:00,9.301286922,6.439554
2024-10-17 18:15:00,10.74891886,6.354341
2024-10-17 18:30:00,5.646161748,6.3280196
2024-10-17 18:45:00,4.255318044,6.4398704
2024-10-17 19:00:00,3.7412212,6.4618654
2024-10-17 19:15:00,3.859926327,6.433415
2024-10-17 19:30:00,1.236762498,6.388776
2024-10-17 19:45:00,3.481319063,6.3679748
2024-10-17 20:00:00,4.46610841,6.303856
2024-10-17 20:15:00,9.387069617,6.2676964
2024-10-17 20:30:00,6.90400511,6.2223544
2024-10-17 20:45:00,4.461009033,6.2737155
2024-10-17 21:00:00,7.480757492,6.3324976
2024-10-17 21:15:00,9.207634735,6.305233
2024-10-17 21:30:00,7.432463181,6.293698
2024-10-17 21:45:00,1.8084155409999998,6.3465295
2024-10-17 22:00:00,3.5460400100000005,6.4404097
2024-10-17 22:15:00,4.147866613,6.3850107
2024-10-17 22:30:00,5.013683662,6.3386583
2024-10-17 22:45:00,1.425791343,6.306375
2024-10-17 23:00:00,8.978799995,6.3197336
2024-10-17 23:15:00,6.00979499,6.243528
2024-10-17 23:30:00,10.3374073,6.281551
2024-10-17 23:45:00,6.548886313,6.253
2024-10-18 00:00:00,11.580679199999999,6.341464
2024-10-18 00:15:00,8.403075708,6.295711
2024-10-18 00:30:00,10.60083048,6.3818107
2024-10-18 00:45:00,11.17101063,6.3763137
2024-10-18 01:00:00,5.904125297,6.3896
2024-10-18 01:15:00,7.700994731999999,6.5232778
2024-10-18 01:30:00,10.63473054,6.488663
2024-10-18 01:45:00,7.091703157,6.4184756
2024-10-18 02:00:00,1.743636055,6.4832845
2024-10-18 02:15:00,8.510226402,6.5587234
2024-10-18 02:30:00,10.49781877,6.41845
2024-10-18 02:45:00,9.543122729,6.355857
2024-10-18 03:00:00,8.782959448,6.381964
2024-10-18 03:15:00,2.062415205,6.42093
2024-10-18 03:30:00,8.727103197,6.5427675
2024-10-18 03:45:00,1.4777135140000002,6.414312
2024-10-18 04:00:00,10.76831106,6.4781785
2024-10-18 04:15:00,10.70193223,6.335154
2024-10-18 04:30:00,11.29582789,6.3204594
2024-10-18 04:45:00,4.275641753,6.3396997
2024-10-18 05:00:00,6.93367739,6.5094676
2024-10-18 05:15:00,7.227977993,6.4603186
2024-10-18 05:30:00,6.768035178,6.430508
2024-10-18 05:45:00,5.503138145,6.4237566
2024-10-18 06:00:00,11.49387965,6.4305806
2024-10-18 06:15:00,10.20485828,6.3334494
2024-10-18 06:30:00,7.595725532,6.3624887
2024-10-18 06:45:00,7.827191855,6.4434056
2024-10-18 07:00:00,8.501304692,6.4532156
2024-10-18 07:15:00,7.358225649,6.4391146
2024-10-18 07:30:00,8.025603596,6.4562006
2024-10-18 07:45:00,9.490806265,6.4404893
2024-10-18 08:00:00,11.445774489999998,6.4113493
2024-10-18 08:15:00,9.933000432,6.381638
2024-10-18 08:30:00,2.419270053,6.4332776
2024-10-18 08:45:00,6.947947028,6.593381
2024-10-18 09:00:00,7.640336917,6.4833894
2024-10-18 09:15:00,3.796794244,6.429126
2024-10-18 09:30:00,6.362835759,6.4636183
2024-10-18 09:45:00,10.55602614,6.402044
2024-10-18 10:00:00,3.903711502,6.3265896
2024-10-18 10:15:00,4.359751694,6.435206
2024-10-18 10:30:00,10.58194199,6.4171295
2024-10-18 10:45:00,2.084973949,6.3178043
2024-10-18 11:00:00,9.983309077,6.437284
2024-10-18 11:15:00,4.343292428,6.3284483
2024-10-18 11:30:00,6.364394733,6.4007745
2024-10-18 11:45:00,7.99767344,6.370382
2024-10-18 12:00:00,7.834909030999999,6.341729
2024-10-18 12:15:00,11.83788541,6.351066
2024-10-18 12:30:00,1.518720005,6.3052816
2024-10-18 12:45:00,8.538418029,6.5056887
2024-10-18 13:00:00,9.609725319,6.3919306
2024-10-18 13:15:00,7.142565388,6.355499
2024-10-18 13:30:00,11.37583182,6.4079127
2024-10-18 13:45:00,5.462822773,6.3518157
2024-10-18 14:00:00,8.947430046,6.4748864
2024-10-18 14:15:00,8.107402804,6.4215665
2024-10-18 14:30:00,1.4785160189999997,6.4293985
2024-10-18 14:45:00,6.889094111,6.5264273
2024-10-18 15:00:00,3.751700656,6.4130764
2024-10-18 15:15:00,6.715066033,6.41184
2024-10-18 15:30:00,9.91949663,6.352397
2024-10-18 15:45:00,7.702535109,6.3022957
2024-10-18 16:00:00,7.576815339,6.3521457
2024-10-18 16:15:00,8.229728526,6.378036
2024-10-18 16:30:00,6.715098825,6.381016
2024-10-18 16:45:00,5.6717780200000005,6.4144607
2024-10-18 17:00:00,5.218680085,6.42958
2024-10-18 17:15:00,8.647048193,6.4199347
2024-10-18 17:30:00,9.010505207,6.3575096
2024-10-18 17:45:00,5.473444214,6.3513145
2024-10-18 18:00:00,1.646315966,6.422638
2024-10-18 18:15:00,7.035984036,6.462164
2024-10-18 18:30:00,6.892230126000001,6.361368
2024-10-18 18:45:00,5.974367538,6.3398066
2024-10-18 19:00:00,4.860015402,6.351903
2024-10-18 19:15:00,9.93082163,6.365049
2024-10-18 19:30:00,6.132098933999999,6.300019
2024-10-18 19:45:00,9.662134261,6.366783
2024-10-18 20:00:00,7.508105396,6.332887
2024-10-18 20:15:00,9.321726904,6.3840675
2024-10-18 20:30:00,10.10442255,6.3735948
2024-10-18 20:45:00,3.799361607,6.376088
2024-10-18 21:00:00,9.606290018,6.5061307
2024-10-18 21:15:00,8.897841542,6.4051046
2024-10-18 21:30:00,6.866744552999999,6.4038715
2024-10-18 21:45:00,6.904211213,6.447624
2024-10-18 22:00:00,4.39714666,6.4456964
2024-10-18 22:15:00,6.725302097,6.467713
2024-10-18 22:30:00,5.039890894,6.4089766
2024-10-18 22:45:00,10.42187338,6.4080863
2024-10-18 23:00:00,7.105779440000001,6.3252735
2024-10-18 23:15:00,4.181306129,6.3826814
2024-10-18 23:30:00,2.7289326570000005,6.4373894
2024-10-18 23:45:00,8.431928193,6.4290037
2024-10-19 00:00:00,8.14216196,6.3323774
2024-10-19 00:15:00,4.835040616,6.32576
2024-10-19 00:30:00,2.817054108,6.38498
2024-10-19 00:45:00,8.516185903,6.4004626
2024-10-19 01:00:00,3.977533238,6.3156586
2024-10-19 01:15:00,10.21233327,6.363949
2024-10-19 01:30:00,8.66077662,6.2900796
2024-10-19 01:45:00,10.20730006,6.3252306
2024-10-19 02:00:00,11.5280362,6.3323016
2024-10-19 02:15:00,4.682903218,6.340556
2024-10-19 02:30:00,6.167620961000001,6.5077868
2024-10-19 02:45:00,5.081710353,6.478156
2024-10-19 03:00:00,1.965748848,6.461462
2024-10-19 03:15:00,5.245120889,6.459422
2024-10-19 03:30:00,5.79711971,6.374115
2024-10-19 03:45:00,2.8949912999999996,6.3357534
2024-10-19 04:00:00,10.32208447,6.3497853
2024-10-19 04:15:00,4.142364428,6.264342
2024-10-19 04:30:00,9.344124022,6.351257
2024-10-19 04:45:00,1.979457538,6.2985616
2024-10-19 05:00:00,1.504219974,6.4048753
2024-10-19 05:15:00,11.459263989999998,6.3774424
2024-10-19 05:30:00,2.466560414,6.256239
2024-10-19 05:45:00,9.094724764,6.366755
2024-10-19 06:00:00,7.643376818,6.293667
2024-10-19 06:15:00,5.828852941,6.31949
2024-10-19 06:30:00,1.4855827239999997,6.3663464
2024-10-19 06:45:00,4.353560503,6.4168406
2024-10-19 07:00:00,10.84551266,6.3495445
2024-10-19 07:15:00,10.62774353,6.2610617
2024-10-19 07:30:00,7.44392449,6.274157
2024-10-19 07:45:00,7.327740482,6.37213
2024-10-19 08:00:00,5.355479468,6.403694
2024-10-19 08:15:00,9.105555741,6.4386525
2024-10-19 08:30:00,10.23567808,6.3750544
2024-10-19 08:45:00,8.819762743,6.356434
2024-10-19 09:00:00,6.487530823,6.4031267
2024-10-19 09:15:00,7.516472878,6.464598
2024-10-19 09:30:00,3.334215705,6.4451733
2024-10-19 09:45:00,11.694301599999998,6.491662
2024-10-19 10:00:00,10.66131827,6.3496494
2024-10-19 10:15:00,10.91855534,6.3572106
2024-10-19 10:30:00,2.916543051,6.3834605
2024-10-19 10:45:00,7.78615832,6.5639505
2024-10-19 11:00:00,7.648748168999999,6.463106
2024-10-19 11:15:00,4.659331784,6.4320507
2024-10-19 11:30:00,10.09213592,6.462917
2024-10-19 11:45:00,9.347209675,6.368197
2024-10-19 12:00:00,8.560224674,6.3761797
2024-10-19 12:15:00,1.462570221,6.4099936
2024-10-19 12:30:00,11.00253932,6.531396
2024-10-19 12:45:00,8.296744882,6.3699203
2024-10-19 13:00:00,11.731724370000002,6.391712
2024-10-19 13:15:00,2.103061399,6.3486085
2024-10-19 13:30:00,8.475876492,6.542062
2024-10-19 13:45:00,8.731735315,6.4263167
2024-10-19 14:00:00,1.809939709,6.3956137
2024-10-19 14:15:00,1.8173126630000003,6.4955225
2024-10-19 14:30:00,9.297736112,6.4424605
2024-10-19 14:45:00,9.488343741,6.3188977
2024-10-19 15:00:00,10.69119427,6.300638
2024-10-19 15:15:00,9.107305412,6.3064218
2024-10-19 15:30:00,3.700530455,6.3728395
2024-10-19 15:45:00,11.24951842,6.494417
2024-10-19 16:00:00,3.919666611,6.369449
2024-10-19 16:15:00,8.536509748,6.4825315
2024-10-19 16:30:00,6.612666305,6.403404
2024-10-19 16:45:00,2.359193403,6.418609
2024-10-19 17:00:00,10.73640887,6.465445
2024-10-19 17:15:00,7.249020834,6.334183
2024-10-19 17:30:00,1.9905093989999998,6.3765144
2024-10-19 17:45:00,5.092106946,6.4569807
2024-10-19 18:00:00,8.835922972,6.3861394
2024-10-19 18:15:00,7.632497357,6.316483
2024-10-19 18:30:00,3.511145676,6.335209
2024-10-19 18:45:00,6.978220692,6.4047813
2024-10-19 19:00:00,4.39860948,6.3520436
2024-10-19 19:15:00,6.692138253000001,6.3721247
2024-10-19 19:30:00,4.418791381,6.3360996
2024-10-19 19:45:00,6.4961697019999995,6.356736
2024-10-19 20:00:00,9.710874964,6.326562
2024-10-19 20:15:00,3.451347966,6.2882805
2024-10-19 20:30:00,1.162795209,6.394332
2024-10-19 20:45:00,2.703722972,6.402114
2024-10-19 21:00:00,9.78783674,6.336365
2024-10-19 21:15:00,5.315687971,6.249269
2024-10-19 21:30:00,8.956710369,6.305302
2024-10-19 21:45:00,1.417219294,6.2810817
2024-10-19 22:00:00,2.7451972320000007,6.394155
2024-10-19 22:15:00,6.89543171,6.3520613
2024-10-19 22:30:00,8.761654981,6.2856474
2024-10-19 22:45:00,9.309518392,6.2627983
2024-10-19 23:00:00,7.851162244999999,6.279711
2024-10-19 23:15:00,8.866460542,6.3393064
2024-10-19 23:30:00,2.887513512,6.3539505
2024-10-19 23:45:00,7.985463542,6.4635124
2024-10-20 00:00:00,5.375820232,6.3787646
2024-10-20 00:15:00,10.3967424,6.397948
2024-10-20 00:30:00,7.429790447,6.325811
2024-10-20 00:45:00,6.645378853,6.3830338
2024-10-20 01:00:00,7.329327221,6.412836
2024-10-20 01:15:00,9.755638031,6.40344
2024-10-20 01:30:00,1.245242337,6.365487
2024-10-20 01:45:00,9.946512054,6.502538
2024-10-20 02:00:00,1.436161395,6.3635287
2024-10-20 02:15:00,7.135581663,6.45583
2024-10-20 02:30:00,6.203351833,6.360518
2024-10-20 02:45:00,4.894976599,6.350132
2024-10-20 03:00:00,2.523618356,6.361781
2024-10-20 03:15:00,2.443947476,6.372328
2024-10-20 03:30:00,8.802095189,6.336995
2024-10-20 03:45:00,2.324816433,6.25931
2024-10-20 04:00:00,8.254894828,6.326779
2024-10-20 04:15:00,11.34784313,6.2677903
2024-10-20 04:30:00,8.299803309,6.2379026
2024-10-20 04:45:00,1.947027786,6.32611
2024-10-20 05:00:00,6.529319787999999,6.4568543
2024-10-20 05:15:00,9.758450032,6.3775225
2024-10-20 05:30:00,10.66914238,6.3169394
2024-10-20 05:45:00,8.801185944,6.314159
2024-10-20 06:00:00,4.427730747,6.38209
2024-10-20 06:15:00,3.699706283,6.4835944
2024-10-20 06:30:00,9.239029348,6.4719834
2024-10-20 06:45:00,8.605270402,6.364935
2024-10-20 07:00:00,6.314854898000001,6.3619514
2024-10-20 07:15:00,2.080109734,6.4110274
2024-10-20 07:30:00,8.308242473,6.4635777
2024-10-20 07:45:00,7.495782801,6.357302
2024-10-20 08:00:00,1.238853675,6.3510346
2024-10-20 08:15:00,7.949652763,6.430987
2024-10-20 08:30:00,2.601158135,6.331591
2024-10-20 08:45:00,9.382271425,6.373215
2024-10-20 09:00:00,8.091293888,6.2895284
2024-10-20 09:15:00,1.671704715,6.3101807
2024-10-20 09:30:00,6.778149535,6.4142604
2024-10-20 09:45:00,8.99211995,6.3383455
2024-10-20 10:00:00,10.12488866,6.2998257
2024-10-20 10:15:00,2.02873034,6.299545
2024-10-20 10:30:00,2.005813567,6.453529
2024-10-20 10:45:00,9.159213568,6.421903
2024-10-20 11:00:00,3.596036037,6.309295
2024-10-20 11:15:00,6.929881248999999,6.362889
2024-10-20 11:30:00,7.389191005,6.320503
2024-10-20 11:45:00,7.809877804,6.3146505
2024-10-20 12:00:00,4.676174666,6.3230214
2024-10-20 12:15:00,1.5073559189999999,6.3817844
2024-10-20 12:30:00,6.72190068,6.4054
2024-10-20 12:45:00,6.364996966999999,6.3204103
2024-10-20 13:00:00,5.522133488,6.30878
2024-10-20 13:15:00,3.909546797,6.322838
2024-10-20 13:30:00,10.00832705,6.3410172
2024-10-20 13:45:00,5.101004846,6.2714167
2024-10-20 14:00:00,2.5758627060000006,6.3504333
2024-10-20 14:15:00,8.70825226,6.3846064
2024-10-20 14:30:00,7.864531602,6.3019176
2024-10-20 14:45:00,4.428520405,6.31249
2024-10-20 15:00:00,2.68005371,6.3771353
2024-10-20 15:15:00,5.586835903,6.3876667
2024-10-20 15:30:00,1.789176111,6.3299456
2024-10-20 15:45:00,3.415939151,6.3425293
2024-10-20 16:00:00,11.176050450000002,6.29788
2024-10-20 16:15:00,2.7876832200000004,6.218749
2024-10-20 16:30:00,4.092064896,6.3368754
2024-10-20 16:45:00,2.497445778,6.323231
2024-10-20 17:00:00,10.40762609,6.3175945
2024-10-20 17:15:00,11.02498394,6.2359633
2024-10-20 17:30:00,1.737457759,6.238801
2024-10-20 17:45:00,10.43367423,6.42452
2024-10-20 18:00:00,2.525802517,6.3149896
2024-10-20 18:15:00,5.393869574,6.423547
2024-10-20 18:30:00,6.918007605,6.371752
2024-10-20 18:45:00,5.723972239,6.334149
2024-10-20 19:00:00,2.615178976,6.34602
2024-10-20 19:15:00,9.732828196,6.3761096
2024-10-20 19:30:00,8.212541621,6.2865806
2024-10-20 19:45:00,10.88034733,6.3106556
2024-10-20 20:00:00,4.897842493,6.298935
2024-10-20 20:15:00,5.639844402999999,6.4334564
2024-10-20 20:30:00,4.731227373,6.426546
2024-10-20 20:45:00,1.7829179950000003,6.4168863
2024-10-20 21:00:00,1.6603874559999998,6.4165545
2024-10-20 21:15:00,9.075459581,6.361744
2024-10-20 21:30:00,4.090097116,6.2661986
2024-10-20 21:45:00,6.132859806,6.313547
2024-10-20 22:00:00,11.0366279,6.2965336
2024-10-20 22:15:00,1.306664731,6.2468624
2024-10-20 22:30:00,6.595208101,6.408584
2024-10-20 22:45:00,6.638451157,6.3377595
2024-10-20 23:00:00,11.40331518,6.3242235
2024-10-20 23:15:00,9.693323253,6.2696624
2024-10-20 23:30:00,1.807226513,6.3257465
2024-10-20 23:45:00,2.832606561,6.491837
2024-10-21 00:00:00,1.501970197,6.4416223
2024-10-21 00:15:00,3.21272793,6.390121
2024-10-21 00:30:00,3.373721388,6.3197045
2024-10-21 00:45:00,2.066416675,6.281083
2024-10-21 01:00:00,6.439382827,6.2641516
2024-10-21 01:15:00,10.99793657,6.2221136
2024-10-21 01:30:00,9.701768859,6.1886735
2024-10-21 01:45:00,3.203565683,6.244864
2024-10-21 02:00:00,9.171471365,6.394416
2024-10-21 02:15:00,11.037165310000002,6.3248415
2024-10-21 02:30:00,9.535708508,6.302044
2024-10-21 02:45:00,5.900465158,6.361718
2024-10-21 03:00:00,4.082153183,6.4618373
2024-10-21 03:15:00,9.017854129,6.485421
2024-10-21 03:30:00,9.183378052,6.3876185
2024-10-21 03:45:00,4.321672059,6.372095
2024-10-21 04:00:00,3.45880137,6.459756
2024-10-21 04:15:00,8.344966803,6.4508195
2024-10-21 04:30:00,10.84266087,6.3579593
2024-10-21 04:45:00,1.394869201,6.3108077
2024-10-21 05:00:00,11.38975319,6.4744544
2024-10-21 05:15:00,3.18332773,6.3313136
2024-10-21 05:30:00,4.7680438,6.443499
2024-10-21 05:45:00,1.630052704,6.4056854
2024-10-21 06:00:00,1.700289709,6.400971
2024-10-21 06:15:00,3.890796353,6.345808
2024-10-21 06:30:00,6.894985172,6.284678
2024-10-21 06:45:00,10.88470412,6.2435937
2024-10-21 07:00:00,1.9185967369999999,6.2114553
2024-10-21 07:15:00,6.865238203,6.3640428
2024-10-21 07:30:00,5.553355777,6.310971
2024-10-21 07:45:00,10.92043217,6.322251
2024-10-21 08:00:00,3.135412234,6.2651124
2024-10-21 08:15:00,5.076093778,6.401347
2024-10-21 08:30:00,1.423440304,6.373385
2024-10-21 08:45:00,10.78892137,6.3839164
2024-10-21 09:00:00,7.357018181,6.269219
2024-10-21 09:15:00,6.924299506,6.3137913
2024-10-21 09:30:00,1.7020610339999998,6.346384
2024-10-21 09:45:00,2.12703785,6.420638
2024-10-21 10:00:00,9.184137518,6.374619
2024-10-21 10:15:00,6.984122553,6.277466
2024-10-21 10:30:00,3.1884496739999997,6.300509
2024-10-21 10:45:00,6.813802640999999,6.362128
2024-10-21 11:00:00,11.12092511,6.316042
2024-10-21 11:15:00,2.24009133,6.26311
2024-10-21 11:30:00,11.13656887,6.4181113
2024-10-21 11:45:00,9.19491974,6.3059587
2024-10-21 12:00:00,2.6138610680000003,6.340007
2024-10-21 12:15:00,9.655220698,6.4707637
2024-10-21 12:30:00,8.911002754,6.3619103
2024-10-21 12:45:00,7.382623288,6.3640094
2024-10-21 13:00:00,9.088670034,6.406366
2024-10-21 13:15:00,2.6014521860000004,6.390474
2024-10-21 13:30:00,8.663542942,6.497607
2024-10-21 13:45:00,7.946810722,6.3905272
2024-10-21 14:00:00,3.99925956,6.3822827
2024-10-21 14:15:00,8.314029638,6.441656
2024-10-21 14:30:00,7.73036247,6.370221
2024-10-21 14:45:00,3.6026528860000004,6.3710003
2024-10-21 15:00:00,2.741017115,6.433185
2024-10-21 15:15:00,4.822144623,6.4150248
2024-10-21 15:30:00,5.301625845,6.3524623
2024-10-21 15:45:00,9.568693789,6.3214235
2024-10-21 16:00:00,5.557612130999999,6.270278
2024-10-21 16:15:00,8.959058052,6.3401117
2024-10-21 16:30:00,5.803985133000001,6.3133516
2024-10-21 16:45:00,1.8565268950000002,6.375221
2024-10-21 17:00:00,7.958891486000001,6.424708
2024-10-21 17:15:00,10.22434668,6.3302555
2024-10-21 17:30:00,6.536649876000001,6.29046
2024-10-21 17:45:00,8.245228579,6.369985
2024-10-21 18:00:00,9.315470493,6.365314
2024-10-21 18:15:00,5.816270238,6.360822
2024-10-21 18:30:00,3.7078443699999997,6.4355702
2024-10-21 18:45:00,9.996508468,6.460303
2024-10-21 19:00:00,9.962270346,6.3525944
2024-10-21 19:15:00,10.07630234,6.3462067
2024-10-21 19:30:00,9.898167756,6.3692226
2024-10-21 19:45:00,2.5581902310000006,6.4026356
2024-10-21 20:00:00,5.507145148000001,6.5543838
2024-10-21 20:15:00,3.109804345,6.4743276
2024-10-21 20:30:00,2.817401872,6.452103
2024-10-21 20:45:00,9.166982278,6.4019465
2024-10-21 21:00:00,5.901289476999999,6.3030367
2024-10-21 21:15:00,2.079002233,6.3364005
2024-10-21 21:30:00,5.405777235,6.382023
2024-10-21 21:45:00,11.031419320000001,6.3243804
2024-10-21 22:00:00,3.2838051589999995,6.252383
2024-10-21 22:15:00,5.119909384,6.377107
2024-10-21 22:30:00,7.42808665,6.355243
2024-10-21 22:45:00,3.33268587,6.317919
2024-10-21 23:00:00,11.11541172,6.366737
2024-10-21 23:15:00,7.810461074,6.27419
2024-10-21 23:30:00,3.5631131730000005,6.3351264
2024-10-21 23:45:00,5.967323169,6.4227886
2024-10-22 00:00:00,4.816000199,6.37964
2024-10-22 00:15:00,2.404368315,6.374319
2024-10-22 00:30:00,4.065307601,6.378091
2024-10-22 00:45:00,6.892254966,6.328767
2024-10-22 01:00:00,2.174185584,6.282507
2024-10-22 01:15:00,1.6510139,6.325088
2024-10-22 01:30:00,6.627324703000001,6.3039193
2024-10-22 01:45:00,5.500994007,6.245269
2024-10-22 02:00:00,3.182817583,6.2546983
2024-10-22 02:15:00,8.367678773,6.2853675
2024-10-22 02:30:00,2.089234143,6.2417617
2024-10-22 02:45:00,3.890276022,6.3208404
2024-10-22 03:00:00,2.137854854,6.2942953
2024-10-22 03:15:00,8.79494475,6.2880335
2024-10-22 03:30:00,7.593097628999999,6.2264895
2024-10-22 03:45:00,3.1291777110000005,6.2522354
2024-10-22 04:00:00,6.99385714,6.3337107
2024-10-22 04:15:00,8.457748164,6.295438
2024-10-22 04:30:00,1.494888194,6.284184
2024-10-22 04:45:00,8.133891696,6.3884807
2024-10-22 05:00:00,4.286533244,6.3057528
2024-10-22 05:15:00,2.413760579,6.3445945
2024-10-22 05:30:00,9.797224544,6.3535953
2024-10-22 05:45:00,7.450178219,6.2663994
2024-10-22 06:00:00,6.71634282,6.302445
2024-10-22 06:15:00,9.493735054,6.339194
2024-10-22 06:30:00,3.721511133,6.3182864
2024-10-22 06:45:00,1.297672852,6.4235516
2024-10-22 07:00:00,11.36250222,6.431245
2024-10-22 07:15:00,3.857983833,6.29149
2024-10-22 07:30:00,7.644628788000001,6.383787
2024-10-22 07:45:00,11.25631776,6.3386235
2024-10-22 08:00:00,3.737019478,6.2903056
2024-10-22 08:15:00,11.611428490000002,6.43638
2024-10-22 08:30:00,6.588607573000001,6.3290267
2024-10-22 08:45:00,11.08209262,6.419575
2024-10-22 09:00:00,2.055255272,6.361996
2024-10-22 09:15:00,6.493475397,6.5269475
2024-10-22 09:30:00,11.10446534,6.4357285
2024-10-22 09:45:00,2.7106603480000007,6.3398027
2024-10-22 10:00:00,3.867057872,6.4743743
2024-10-22 10:15:00,3.354650064,6.4331784
2024-10-22 10:30:00,11.122465569999997,6.3920074
2024-10-22 10:45:00,3.877478252,6.282203
2024-10-22 11:00:00,2.361964735,6.3824396
2024-10-22 11:15:00,9.269243879,6.3911214
2024-10-22 11:30:00,6.623360986,6.2958946
2024-10-22 11:45:00,7.324999311,6.3272214
2024-10-22 12:00:00,7.275981343,6.334419
2024-10-22 12:15:00,7.176788734,6.348587
2024-10-22 12:30:00,5.735339912,6.362497
2024-10-22 12:45:00,11.28555166,6.390563
2024-10-22 13:00:00,2.911471933,6.314193
2024-10-22 13:15:00,10.8931687,6.460643
2024-10-22 13:30:00,4.122892344,6.3449764
2024-10-22 13:45:00,3.11073039,6.4460835
2024-10-22 14:00:00,7.756415532,6.441733
2024-10-22 14:15:00,10.38054891,6.353496
2024-10-22 14:30:00,4.91284898,6.305693
2024-10-22 14:45:00,1.921209742,6.408334
2024-10-22 15:00:00,6.630360384,6.4411035
2024-10-22 15:15:00,11.56705146,6.352801
2024-10-22 15:30:00,5.265592345,6.274292
2024-10-22 15:45:00,1.4167973860000003,6.3901606
2024-10-22 16:00:00,6.418142638,6.4427695
2024-10-22 16:15:00,5.06624539,6.3513346
2024-10-22 16:30:00,1.804011658,6.3413763
2024-10-22 16:45:00,10.41585702,6.357302
2024-10-22 17:00:00,7.420373779999999,6.2593465
2024-10-22 17:15:00,2.79440382,6.3023295
2024-10-22 17:30:00,10.55627889,6.3851438
2024-10-22 17:45:00,7.168120354999999,6.290277
2024-10-22 18:00:00,8.092349116,6.346711
2024-10-22 18:15:00,7.310225172999999,6.3566628
2024-10-22 18:30:00,10.97354416,6.3840957
2024-10-22 18:45:00,10.42960622,6.3387165
2024-10-22 19:00:00,1.315294806,6.369059
2024-10-22 19:15:00,1.303904702,6.5578856
2024-10-22 19:30:00,6.149301003,6.4990506
2024-10-22 19:45:00,4.360432018,6.3770313
2024-10-22 20:00:00,6.749974021000001,6.3547916
2024-10-22 20:15:00,4.55060383,6.313299
2024-10-22 20:30:00,10.0150362,6.3335586
2024-10-22 20:45:00,2.884738495,6.27388
2024-10-22 21:00:00,1.7277651079999998,6.3831906
2024-10-22 21:15:00,4.596495437,6.3774076
2024-10-22 21:30:00,2.642141339,6.313093
2024-10-22 21:45:00,7.219343636,6.301646
2024-10-22 22:00:00,6.010533163,6.251059
2024-10-22 22:15:00,8.232775365,6.2685866
2024-10-22 22:30:00,1.989135943,6.263327
2024-10-22 22:45:00,9.430557625,6.3588114
2024-10-22 23:00:00,3.9443830949999996,6.277459
2024-10-22 23:15:00,8.315215415,6.3506875
2024-10-22 23:30:00,4.153586791,6.3050537
2024-10-22 23:45:00,10.12070122,6.3645163
2024-10-23 00:00:00,9.854332593,6.2948914
2024-10-23 00:15:00,4.329674502,6.3120584
2024-10-23 00:30:00,9.989937227,6.434565
2024-10-23 00:45:00,4.387311032,6.3565006
2024-10-23 01:00:00,10.42507556,6.4443493
2024-10-23 01:15:00,3.162599587,6.353838
2024-10-23 01:30:00,4.020852695,6.4652166
2024-10-23 01:45:00,10.13814383,6.429362
2024-10-23 02:00:00,2.010416249,6.3253984
2024-10-23 02:15:00,8.160486789,6.4297147
2024-10-23 02:30:00,8.232476765,6.341225
2024-10-23 02:45:00,11.51358958,6.3306704
2024-10-23 03:00:00,11.307029469999998,6.2972097
2024-10-23 03:15:00,6.167754331,6.3327427
2024-10-23 03:30:00,7.61471119,6.4770403
2024-10-23 03:45:00,2.7130603710000005,6.4624104
2024-10-23 04:00:00,3.6457456700000006,6.519115
2024-10-23 04:15:00,6.839577832,6.455059
2024-10-23 04:30:00,3.708284829,6.3703785
2024-10-23 04:45:00,3.349561053,6.3808594
2024-10-23 05:00:00,1.378034037,6.358605
2024-10-23 05:15:00,1.9305003460000003,6.3378005
2024-10-23 05:30:00,8.531930955,6.2878604
2024-10-23 05:45:00,1.309094638,6.222221
2024-10-23 06:00:00,10.23593142,6.288566
2024-10-23 06:15:00,1.915622957,6.215817
2024-10-23 06:30:00,2.717190027,6.3224187
2024-10-23 06:45:00,4.618482993,6.3041544
2024-10-23 07:00:00,8.62766994,6.2680874
2024-10-23 07:15:00,8.591876122,6.2306776
2024-10-23 07:30:00,3.708923615,6.2528853
2024-10-23 07:45:00,4.58214392,6.352044
2024-10-23 08:00:00,9.679453478,6.343628
2024-10-23 08:15:00,6.1390962,6.280151
2024-10-23 08:30:00,5.894606056,6.3422637
2024-10-23 08:45:00,7.728394075,6.361844
2024-10-23 09:00:00,5.97547819,6.3411746
2024-10-23 09:15:00,5.510855221,6.3716044
2024-10-23 09:30:00,8.997904323,6.379357
2024-10-23 09:45:00,10.83158193,6.3303175
2024-10-23 10:00:00,6.887466832000001,6.311622
2024-10-23 10:15:00,4.128482123,6.410469
2024-10-23 10:30:00,10.98614454,6.4674115
2024-10-23 10:45:00,8.575808509,6.3534927
2024-10-23 11:00:00,7.843233983000001,6.3909445
2024-10-23 11:15:00,7.384026816,6.4236126
2024-10-23 11:30:00,8.828048558,6.4389615
2024-10-23 11:45:00,8.93420818,6.4142036
2024-10-23 12:00:00,9.307903875,6.4147005
2024-10-23 12:15:00,11.23396003,6.4176326
2024-10-23 12:30:00,5.598323794,6.3942347
2024-10-23 12:45:00,3.6375559240000004,6.521887
2024-10-23 13:00:00,5.25170128,6.539477
2024-10-23 13:15:00,9.267818498,6.4648795
2024-10-23 13:30:00,6.623419862000001,6.3718686
2024-10-23 13:45:00,10.40160494,6.4011164
2024-10-23 14:00:00,3.7318826449999998,6.3494673
2024-10-23 14:15:00,8.77272143,6.4681573
2024-10-23 14:30:00,3.687056207,6.387741
2024-10-23 14:45:00,9.754071344,6.4475822
2024-10-23 15:00:00,5.784027819,6.3518195
2024-10-23 15:15:00,11.410721799999997,6.405409
2024-10-23 15:30:00,8.321756164,6.327898
2024-10-23 15:45:00,9.080392338,6.3957386
2024-10-23 16:00:00,1.5805546179999999,6.4082227
2024-10-23 16:15:00,8.472314054,6.538076
2024-10-23 16:30:00,5.553594737,6.40804
2024-10-23 16:45:00,4.497213321,6.4178996
2024-10-23 17:00:00,9.096653338,6.414939
2024-10-23 17:15:00,3.444664037,6.338987
2024-10-23 17:30:00,2.942344398,6.4116807
2024-10-23 17:45:00,4.879263271,6.395158
2024-10-23 18:00:00,7.466451647,6.340128
2024-10-23 18:15:00,3.829176888,6.295414
2024-10-23 18:30:00,7.207512306000001,6.3373
2024-10-23 18:45:00,5.292496112,6.300053
2024-10-23 19:00:00,5.046051726,6.3258333
2024-10-23 19:15:00,3.161868628,6.33182
2024-10-23 19:30:00,4.408095461,6.343311
2024-10-23 19:45:00,3.883048845,6.312172
2024-10-23 20:00:00,3.53766454,6.300044
2024-10-23 20:15:00,1.985600579,6.288743
2024-10-23 20:30:00,5.71860612,6.281861
2024-10-23 20:45:00,3.758860348,6.2395477
2024-10-23 21:00:00,10.98208768,6.253493
2024-10-23 21:15:00,7.334027505,6.1992316
2024-10-23 21:30:00,5.977741659,6.2768207
2024-10-23 21:45:00,4.637224381,6.3354096
2024-10-23 22:00:00,6.023224772,6.3656816
2024-10-23 22:15:00,4.727990266,6.343434
2024-10-23 22:30:00,9.936499373,6.351326
2024-10-23 22:45:00,3.644627095,6.2875915
2024-10-23 23:00:00,4.179535302,6.3861437
2024-10-23 23:15:00,8.367876968,6.373172
2024-10-23 23:30:00,10.55601865,6.310233
2024-10-23 23:45:00,7.847996228,6.284376
2024-10-24 00:00:00,2.02644292,6.3590384
2024-10-24 00:15:00,10.47725715,6.468408
2024-10-24 00:30:00,9.141942167,6.3401365
2024-10-24 00:45:00,3.8689949199999996,6.351318
2024-10-24 01:00:00,1.773319223,6.4548397
2024-10-24 01:15:00,8.728909704,6.456135
2024-10-24 01:30:00,3.618591663,6.3381243
2024-10-24 01:45:00,6.474498186999999,6.380218
2024-10-24 02:00:00,2.113336493,6.336414
2024-10-24 02:15:00,7.005364681,6.370008
2024-10-24 02:30:00,1.39836289,6.302338
2024-10-24 02:45:00,6.961458794,6.3443093
2024-10-24 03:00:00,9.810804095,6.2774854
2024-10-24 03:15:00,7.116928398,6.2452574
2024-10-24 03:30:00,10.54171093,6.3107157
2024-10-24 03:45:00,7.038326413,6.293894
2024-10-24 04:00:00,8.10621028,6.384411
2024-10-24 04:15:00,4.892236434,6.3910956
2024-10-24 04:30:00,4.283874713,6.4470863
2024-10-24 04:45:00,4.612484355,6.437131
2024-10-24 05:00:00,2.168024284,6.399151
2024-10-24 05:15:00,3.8274168849999994,6.388021
2024-10-24 05:30:00,5.231087356,6.3317432
2024-10-24 05:45:00,4.650976096,6.2922907
2024-10-24 06:00:00,6.287722574,6.287836
2024-10-24 06:15:00,6.125808557,6.272423
2024-10-24 06:30:00,8.552804691,6.283181
2024-10-24 06:45:00,5.189249575,6.271515
2024-10-24 07:00:00,8.172380487,6.3391323
2024-10-24 07:15:00,10.03551342,6.3158994
2024-10-24 07:30:00,5.813159139999999,6.30385
2024-10-24 07:45:00,6.891116383999999,6.3999596
2024-10-24 08:00:00,8.370679793,6.396053
2024-10-24 08:15:00,6.221440463,6.372847
2024-10-24 08:30:00,2.762207586,6.4103627
2024-10-24 08:45:00,4.169417491,6.4502306
2024-10-24 09:00:00,1.423974199,6.3955336
2024-10-24 09:15:00,8.323909768,6.3761916
2024-10-24 09:30:00,4.013907417,6.2833643
2024-10-24 09:45:00,9.104318278,6.3191504
2024-10-24 10:00:00,8.575792984,6.269378
2024-10-24 10:15:00,8.796088644,6.292655
2024-10-24 10:30:00,10.30343795,6.3224726
2024-10-24 10:45:00,5.369827911,6.3299384
2024-10-24 11:00:00,3.003360289,6.4463196
2024-10-24 11:15:00,10.81090065,6.4759846
2024-10-24 11:30:00,11.54054406,6.3441396
2024-10-24 11:45:00,3.457948863,6.321537
2024-10-24 12:00:00,8.864776925,6.49536
2024-10-24 12:15:00,1.8490790450000003,6.408464
2024-10-24 12:30:00,1.356226485,6.4906716
2024-10-24 12:45:00,8.11985338,6.4393363
2024-10-24 13:00:00,3.746893618,6.3229203
2024-10-24 13:15:00,9.854150238,6.3474174
2024-10-24 13:30:00,6.576564554,6.277139
2024-10-24 13:45:00,8.927542107,6.3331122
2024-10-24 14:00:00,2.250679296,6.3228917
2024-10-24 14:15:00,9.887977315,6.433046
2024-10-24 14:30:00,3.124935793,6.3268843
2024-10-24 14:45:00,7.173872772,6.4128823
2024-10-24 15:00:00,7.40548961,6.352636
2024-10-24 15:15:00,1.899891523,6.3412347
2024-10-24 15:30:00,11.737565,6.411244
2024-10-24 15:45:00,4.300252819,6.2847867
2024-10-24 16:00:00,8.641604845,6.3925557
2024-10-24 16:15:00,7.864816539,6.3424177
2024-10-24 16:30:00,1.510077129,6.358728
2024-10-24 16:45:00,10.17119153,6.4548264
2024-10-24 17:00:00,4.251875732,6.328636
2024-10-24 17:15:00,3.5909928489999996,6.398648
2024-10-24 17:30:00,1.7029368880000002,6.394847
2024-10-24 17:45:00,3.934675807,6.375928
2024-10-24 18:00:00,7.6206645779999995,6.3139195
2024-10-24 18:15:00,3.21174462,6.2614465
2024-10-24 18:30:00,6.142473478,6.3084564
2024-10-24 18:45:00,9.273319757,6.2799397
2024-10-24 19:00:00,11.1760829,6.2524242
2024-10-24 19:15:00,8.414187824,6.2521353
2024-10-24 19:30:00,3.2075980769999997,6.3457956
2024-10-24 19:45:00,5.078084514,6.464261
2024-10-24 20:00:00,6.740038798,6.4184046
2024-10-24 20:15:00,9.987161952,6.368817
2024-10-24 20:30:00,6.7027345700000005,6.3168654
2024-10-24 20:45:00,6.234496037,6.382279
2024-10-24 21:00:00,3.708151064,6.4032335
2024-10-24 21:15:00,6.149471356,6.429274
2024-10-24 21:30:00,4.461813888,6.374814
2024-10-24 21:45:00,6.9727584369999995,6.3737545
2024-10-24 22:00:00,9.559563987,6.331518
2024-10-24 22:15:00,10.9275313,6.298231
2024-10-24 22:30:00,10.05116106,6.2978683
2024-10-24 22:45:00,9.749693834,6.352776
2024-10-24 23:00:00,4.815208534,6.399405
2024-10-24 23:15:00,8.36681275,6.5154934
2024-10-24 23:30:00,5.281310824,6.445781
2024-10-24 23:45:00,1.399287972,6.473809
2024-10-25 00:00:00,10.45841531,6.4925013
2024-10-25 00:15:00,1.705774486,6.342993
2024-10-25 00:30:00,2.330892227,6.435274
2024-10-25 00:45:00,1.343576103,6.3888564
2024-10-25 01:00:00,1.910279279,6.3397307
2024-10-25 01:15:00,1.770095348,6.283184
2024-10-25 01:30:00,7.985210342,6.2427187
2024-10-25 01:45:00,9.91436646,6.1941047
2024-10-25 02:00:00,8.963876833,6.1885376
2024-10-25 02:15:00,7.6548479050000005,6.245273
2024-10-25 02:30:00,9.549893665,6.316354
2024-10-25 02:45:00,5.704111645,6.3236666
2024-10-25 03:00:00,10.56558113,6.4140577
2024-10-25 03:15:00,6.036663165,6.350421
2024-10-25 03:30:00,1.47619654,6.437355
2024-10-25 03:45:00,8.654891671,6.4964375
2024-10-25 04:00:00,9.352194236,6.368583
2024-10-25 04:15:00,3.5125361469999996,6.3364735
2024-10-25 04:30:00,4.294383841,6.4344687
2024-10-25 04:45:00,8.161795354,6.4072948
2024-10-25 05:00:00,7.215550638000001,6.3367534
2024-10-25 05:15:00,10.39678421,6.3450675
2024-10-25 05:30:00,6.190148891,6.3125596
2024-10-25 05:45:00,7.9460811620000005,6.404298
2024-10-25 06:00:00,4.088350523,6.3918037
2024-10-25 06:15:00,10.93078819,6.4478607
2024-10-25 06:30:00,5.073631324,6.3408217
2024-10-25 06:45:00,6.576012809,6.432766
2024-10-25 07:00:00,7.722360819,6.410229
2024-10-25 07:15:00,3.755735849,6.3827386
2024-10-25 07:30:00,4.369460799,6.432889
2024-10-25 07:45:00,6.436450068,6.4007344
2024-10-25 08:00:00,4.003556668,6.349801
2024-10-25 08:15:00,2.451113607,6.36255
2024-10-25 08:30:00,10.24716579,6.3559775
2024-10-25 08:45:00,4.688834667,6.2630157
2024-10-25 09:00:00,5.527205000000001,6.336866
2024-10-25 09:15:00,6.876920180000001,6.335749
2024-10-25 09:30:00,9.93980268,6.319352
2024-10-25 09:45:00,2.514626363,6.2883554
2024-10-25 10:00:00,7.647331064000001,6.416076
2024-10-25 10:15:00,4.794005819,6.3461246
2024-10-25 10:30:00,10.02269275,6.372091
2024-10-25 10:45:00,7.939570712000001,6.305075
2024-10-25 11:00:00,2.515405584,6.3484874
2024-10-25 11:15:00,4.122558728,6.445392
2024-10-25 11:30:00,1.5548051240000003,6.397523
2024-10-25 11:45:00,9.468740153,6.378274
2024-10-25 12:00:00,5.311163408,6.2764297
2024-10-25 12:15:00,1.660345343,6.3203034
2024-10-25 12:30:00,1.3200592,6.360942
2024-10-25 12:45:00,10.91505901,6.324899
2024-10-25 13:00:00,10.11827509,6.2272778
2024-10-25 13:15:00,4.608093115,6.2407
2024-10-25 13:30:00,6.664791159,6.3667207
2024-10-25 13:45:00,6.912386962999999,6.354822
2024-10-25 14:00:00,6.3275746139999995,6.352208
2024-10-25 14:15:00,4.364161614,6.36456
2024-10-25 14:30:00,5.203277218,6.3890004
2024-10-25 14:45:00,3.021392211,6.364113
2024-10-25 15:00:00,1.5124718100000003,6.366946
2024-10-25 15:15:00,2.6957195090000003,6.3447704
2024-10-25 15:30:00,1.246897511,6.2924533
2024-10-25 15:45:00,5.571020861,6.2631617
2024-10-25 16:00:00,7.922796723000001,6.216503
2024-10-25 16:15:00,3.0040497610000005,6.2013164
2024-10-25 16:30:00,6.860207319,6.27346
2024-10-25 16:45:00,4.589020757,6.24914
2024-10-25 17:00:00,2.419659329,6.2844806
2024-10-25 17:15:00,2.482463843,6.3075557
2024-10-25 17:30:00,7.476251496,6.286012
2024-10-25 17:45:00,2.324311381,6.234793
2024-10-25 18:00:00,6.697288678,6.2860994
2024-10-25 18:15:00,3.075790671,6.2489266
2024-10-25 18:30:00,10.10502957,6.287424
2024-10-25 18:45:00,1.625429494,6.2276716
2024-10-25 19:00:00,5.175349411,6.346235
2024-10-25 19:15:00,8.993451973,6.3038015
2024-10-25 19:30:00,8.826835002,6.2591696
2024-10-25 19:45:00,2.7153324830000005,6.2804213
2024-10-25 20:00:00,3.015673913,6.3958917
2024-10-25 20:15:00,6.7477256,6.3756533
2024-10-25 20:30:00,7.811042960999999,6.3107924
2024-10-25 20:45:00,8.982480966,6.29264
2024-10-25 21:00:00,7.698148940000001,6.293974
2024-10-25 21:15:00,8.983416674,6.3417754
2024-10-25 21:30:00,5.551126064,6.34838
2024-10-25 21:45:00,6.695623089,6.4229164
2024-10-25 22:00:00,5.641748085,6.4067516
2024-10-25 22:15:00,8.958922162,6.4104443
2024-10-25 22:30:00,2.941371909,6.3556247
2024-10-25 22:45:00,3.732328474,6.4401197
2024-10-25 23:00:00,9.603567772,6.403352
2024-10-25 23:15:00,8.754195233,6.3100605
2024-10-25 23:30:00,8.810872007,6.3211575
2024-10-25 23:45:00,2.119920282,6.3465176
2024-10-26 00:00:00,6.069733782,6.4676056
2024-10-26 00:15:00,6.858380623,6.392283
2024-10-26 00:30:00,9.504039791,6.3568115
2024-10-26 00:45:00,5.605445914999999,6.318807
2024-10-26 01:00:00,6.72779378,6.3920665
2024-10-26 01:15:00,3.75098554,6.3832645
2024-10-26 01:30:00,10.07063243,6.4147224
2024-10-26 01:45:00,10.5555614,6.3219075
2024-10-26 02:00:00,5.90093125,6.315833
2024-10-26 02:15:00,5.630827448,6.426644
2024-10-26 02:30:00,4.453350628,6.4391055
2024-10-26 02:45:00,4.059092519,6.4348655
2024-10-26 03:00:00,6.726984029,6.4070473
2024-10-26 03:15:00,2.951441844,6.3480825
2024-10-26 03:30:00,7.358267216,6.3737755
2024-10-26 03:45:00,6.913516461,6.3114276
2024-10-26 04:00:00,8.661497894,6.313161
2024-10-26 04:15:00,3.3682862600000005,6.3044424
2024-10-26 04:30:00,8.400697553,6.3948736
2024-10-26 04:45:00,1.311072518,6.330179
2024-10-26 05:00:00,6.820848903,6.4121137
2024-10-26 05:15:00,9.962131624,6.3293715
2024-10-26 05:30:00,8.35674037,6.2798743
2024-10-26 05:45:00,10.22438404,6.3235087
2024-10-26 06:00:00,2.713724196,6.32669
2024-10-26 06:15:00,8.397167588,6.4774785
2024-10-26 06:30:00,5.959289954,6.3862534
2024-10-26 06:45:00,4.367758141,6.4049997
2024-10-26 07:00:00,4.814201159,6.4167514
2024-10-26 07:15:00,2.212293479,6.3873396
2024-10-26 07:30:00,8.302615756,6.383961
2024-10-26 07:45:00,7.614819963,6.2978296
2024-10-26 08:00:00,2.633929762,6.3011374
2024-10-26 08:15:00,6.832435326,6.376281
2024-10-26 08:30:00,2.387827203,6.3204403
2024-10-26 08:45:00,4.396104046,6.3568134
2024-10-26 09:00:00,1.543827716,6.315802
2024-10-26 09:15:00,7.586406220000001,6.313685
2024-10-26 09:30:00,1.278549056,6.2482615
2024-10-26 09:45:00,3.882351424,6.3008337
2024-10-26 10:00:00,3.983607593,6.2637057
2024-10-26 10:15:00,9.098064143,6.2495227
2024-10-26 10:30:00,5.610515347000001,6.2110143
2024-10-26 10:45:00,7.073805037,6.2745185
2024-10-26 11:00:00,3.891089732,6.284398
2024-10-26 11:15:00,6.835600140999999,6.339209
2024-10-26 11:30:00,2.645559486,6.307757
2024-10-26 11:45:00,11.4011607,6.3525176
2024-10-26 12:00:00,6.446456373,6.254689
2024-10-26 12:15:00,9.989397097,6.337434
2024-10-26 12:30:00,2.286306729,6.314301
2024-10-26 12:45:00,7.353089123000001,6.4521766
2024-10-26 13:00:00,7.860509702999999,6.372549
2024-10-26 13:15:00,9.296780033,6.3505907
2024-10-26 13:30:00,6.10314994,6.3374257
2024-10-26 13:45:00,1.470398168,6.406511
2024-10-26 14:00:00,3.734787694,6.4660945
2024-10-26 14:15:00,3.942759209,6.3918686
2024-10-26 14:30:00,4.440166133,6.3441615
2024-10-26 14:45:00,2.083340334,6.3113694
2024-10-26 15:00:00,1.132444347,6.309583
2024-10-26 15:15:00,6.473161404,6.281876
2024-10-26 15:30:00,8.918309162,6.2255282
2024-10-26 15:45:00,3.558964354,6.207287
2024-10-26 16:00:00,8.51232921,6.296437
2024-10-26 16:15:00,8.673839111,6.2605567
2024-10-26 16:30:00,5.594684345,6.278271
2024-10-26 16:45:00,6.634065215,6.354421
2024-10-26 17:00:00,4.353111814,6.3548737
2024-10-26 17:15:00,5.043737582,6.3843555
2024-10-26 17:30:00,7.050608187,6.362815
2024-10-26 17:45:00,4.863275485,6.326974
2024-10-26 18:00:00,6.395494085000001,6.3517995
2024-10-26 18:15:00,8.965629678,6.3319025
2024-10-26 18:30:00,11.03436693,6.302345
2024-10-26 18:45:00,10.98890972,6.290001
2024-10-26 19:00:00,10.5753198,6.3277817
2024-10-26 19:15:00,10.19503002,6.3819566
2024-10-26 19:30:00,3.7461192270000003,6.428611
2024-10-26 19:45:00,11.089810339999998,6.574971
2024-10-26 20:00:00,3.46885645,6.430088
2024-10-26 20:15:00,9.992602053,6.539011
2024-10-26 20:30:00,7.225482746000001,6.4151077
2024-10-26 20:45:00,10.17647269,6.4410186
2024-10-26 21:00:00,11.365640899999999,6.3935056
